{"results": {"factor.TimeDiscreteFactor.time_factor_define": {"result": [2.392324944630432e-05], "stats": [{"ci_99": [2.367140176233416e-05, 2.507288741824427e-05], "q_25": 2.3805694260590023e-05, "q_75": 2.4073347681555094e-05, "min": 2.367140176233416e-05, "max": 2.507288741824427e-05, "mean": 2.4032787857842547e-05, "std": 3.826940398971637e-07, "repeat": 10, "number": 453}]}, "factor.TimeDiscreteFactor.time_factor_marginalize": {"result": [3.2572137223084186e-05], "stats": [{"ci_99": [3.23090504765678e-05, 3.436042271382418e-05], "q_25": 3.232969242856968e-05, "q_75": 3.277809306003834e-05, "min": 3.23090504765678e-05, "max": 3.436042271382418e-05, "mean": 3.274636372236835e-05, "std": 5.980180085887916e-07, "repeat": 10, "number": 317}]}, "factor.TimeDiscreteFactor.time_factor_marginalize_large": {"result": [9.314285345116615e-05], "stats": [{"ci_99": [9.18543103517581e-05, 9.394408620021844e-05], "q_25": 9.235493965614547e-05, "q_75": 9.356709052036454e-05, "min": 9.18543103517581e-05, "max": 9.394408620021844e-05, "mean": 9.299297844963489e-05, "std": 7.440644656197264e-07, "repeat": 10, "number": 116}]}, "factor.TimeDiscreteFactor.time_factor_multiply": {"result": [4.440012025760579e-05], "stats": [{"ci_99": [4.380330801531299e-05, 4.576470042739254e-05], "q_25": 4.399775738005977e-05, "q_75": 4.48655548543185e-05, "min": 4.380330801531299e-05, "max": 4.576470042739254e-05, "mean": 4.45167113935849e-05, "std": 6.113240103110708e-07, "repeat": 10, "number": 237}]}, "factor.TimeDiscreteFactor.time_factor_multiply_large": {"result": [8.076833835087412e-05], "stats": [{"ci_99": [8.036559397863273e-05, 8.463603008113525e-05], "q_25": 8.046552631257278e-05, "q_75": 8.176910902116481e-05, "min": 8.036559397863273e-05, "max": 8.463603008113525e-05, "mean": 8.147802781921993e-05, "std": 1.4012441194498792e-06, "repeat": 10, "number": 133}]}, "factor.TimeDiscreteFactor.time_factor_reduce": {"result": [3.13008877237517e-05], "stats": [{"ci_99": [3.061123951776532e-05, 3.2132781434810824e-05], "q_25": 3.100963847223583e-05, "q_75": 3.171359880272172e-05, "min": 3.061123951776532e-05, "max": 3.2132781434810824e-05, "mean": 3.13462574846351e-05, "std": 5.115899428176888e-07, "repeat": 10, "number": 334}]}, "factor.TimeDiscreteFactor.time_factor_reduce_large": {"result": [4.8193188340193285e-05], "stats": [{"ci_99": [4.7812071747176304e-05, 5.073788341202913e-05], "q_25": 4.7936597536947714e-05, "q_75": 4.8596793723209385e-05, "min": 4.7812071747176304e-05, "max": 5.073788341202913e-05, "mean": 4.848671121135951e-05, "std": 8.4787540967534e-07, "repeat": 10, "number": 223}]}, "readwrite.TimeRead.time_alarm_read": {"result": [0.3647493084990856], "stats": [{"ci_99": [0.3486810909998894, 0.805330523999146], "q_25": 0.3556716802504525, "q_75": 0.3762335299998085, "min": 0.3486810909998894, "max": 0.805330523999146, "mean": 0.4095814663998681, "std": 0.13261321809121646, "repeat": 10, "number": 1}]}, "readwrite.TimeRead.time_asia_read": {"result": [0.26074706350027554], "stats": [{"ci_99": [0.2338279430005059, 0.44338946800053236], "q_25": 0.2555088319991228, "q_75": 0.27137288975018237, "min": 0.2338279430005059, "max": 0.44338946800053236, "mean": 0.2893754323002213, "std": 0.06498713442271735, "repeat": 10, "number": 1}]}, "readwrite.TimeRead.time_munin_read": {"result": [8.01488991899987], "stats": [{"ci_99": [-3.9941007310198984, 20.023880569019628], "q_25": 7.8948000124996724, "q_75": 8.134979825500068, "min": 7.774710105999475, "max": 8.255069732000266, "mean": 8.01488991899987, "std": 0.24017981300039537, "repeat": 2, "number": 1}]}, "readwrite.TimeRead.time_pathfinder_read": {"result": [8.84113945899935], "stats": [{"ci_99": [8.228623458952825, 9.453655459045876], "q_25": 8.835014298998885, "q_75": 8.847264618999816, "min": 8.82888913899842, "max": 8.853389779000281, "mean": 8.84113945899935, "std": 0.012250320000930515, "repeat": 2, "number": 1}]}, "structure_learning.TimePC.time_pc_orig": {"result": [53.47708120799962], "stats": [{"ci_99": [17.939725358034593, 89.01443705796461], "q_25": 53.12170764949997, "q_75": 53.83245476649927, "min": 52.76633409100032, "max": 54.18782832499892, "mean": 53.47708120799962, "std": 0.7107471169993005, "repeat": 2, "number": 1}]}, "structure_learning.TimePC.time_pc_stable": {"result": [56.0244490974992], "stats": [{"ci_99": [41.9892986224977, 70.05959957250069], "q_25": 55.884097592749185, "q_75": 56.164800602249215, "min": 55.74374608799917, "max": 56.30515210699923, "mean": 56.0244490974992, "std": 0.28070300950003, "repeat": 2, "number": 1}]}, "structure_learning.TimePC.time_samples": {"result": [8.66071724250014], "stats": [{"ci_99": [7.797624967460251, 9.52380951754003], "q_25": 8.652086319749742, "q_75": 8.66934816525054, "min": 8.643455396999343, "max": 8.677979088000939, "mean": 8.66071724250014, "std": 0.01726184550079779, "repeat": 2, "number": 1}]}, "readwrite.MemSuite.mem_list": 2112}, "params": {"arch": "x86_64", "cpu": "Intel(R) Core(TM) i7-6500U CPU @ 2.50GHz", "machine": "ankur-ux305", "num_cpu": "4", "os": "Linux 5.4.0-26-generic", "ram": "8046716", "python": "3.6"}, "requirements": {}, "commit_hash": "1499f2cfe7e416364b671d3650599edf9f556138", "date": 1598098943000, "env_name": "conda-py3.6", "python": "3.6", "profiles": {}, "started_at": {"factor.TimeDiscreteFactor.time_factor_define": 1598137920684, "factor.TimeDiscreteFactor.time_factor_marginalize": 1598137920889, "factor.TimeDiscreteFactor.time_factor_marginalize_large": 1598137921095, "factor.TimeDiscreteFactor.time_factor_multiply": 1598137921300, "factor.TimeDiscreteFactor.time_factor_multiply_large": 1598137921505, "factor.TimeDiscreteFactor.time_factor_reduce": 1598137921711, "factor.TimeDiscreteFactor.time_factor_reduce_large": 1598137921916, "readwrite.TimeRead.time_alarm_read": 1598137922176, "readwrite.TimeRead.time_asia_read": 1598137924493, "readwrite.TimeRead.time_munin_read": 1598137926109, "readwrite.TimeRead.time_pathfinder_read": 1598137944203, "structure_learning.TimePC.time_pc_orig": 1598137962952, "structure_learning.TimePC.time_pc_stable": 1598138086046, "structure_learning.TimePC.time_samples": 1598138216254, "readwrite.MemSuite.mem_list": 1598137922122}, "ended_at": {"factor.TimeDiscreteFactor.time_factor_define": 1598137920889, "factor.TimeDiscreteFactor.time_factor_marginalize": 1598137921094, "factor.TimeDiscreteFactor.time_factor_marginalize_large": 1598137921300, "factor.TimeDiscreteFactor.time_factor_multiply": 1598137921505, "factor.TimeDiscreteFactor.time_factor_multiply_large": 1598137921710, "factor.TimeDiscreteFactor.time_factor_reduce": 1598137921915, "factor.TimeDiscreteFactor.time_factor_reduce_large": 1598137922122, "readwrite.TimeRead.time_alarm_read": 1598137924492, "readwrite.TimeRead.time_asia_read": 1598137926108, "readwrite.TimeRead.time_munin_read": 1598137944203, "readwrite.TimeRead.time_pathfinder_read": 1598137962952, "structure_learning.TimePC.time_pc_orig": 1598138086043, "structure_learning.TimePC.time_pc_stable": 1598138216252, "structure_learning.TimePC.time_samples": 1598138236146, "readwrite.MemSuite.mem_list": 1598137922176}, "benchmark_version": {"factor.TimeDiscreteFactor.time_factor_define": "47f6e70c4e7e8b3fd3c7637ea3ae9398bcd0602e47f2463aef751f5d75d59132", "factor.TimeDiscreteFactor.time_factor_marginalize": "1751edaf413761a8d2d33c37d0386a5acbcb614103c7ffd86ad968d971494f55", "factor.TimeDiscreteFactor.time_factor_marginalize_large": "d191da79cb414cd21a1d1709f86146cd8bc661e8c126b8397e3319d2a088d503", "factor.TimeDiscreteFactor.time_factor_multiply": "ed4892b8d8d967847c9c8a32925ed3db57fcccbd7c8f3dbd6b179b8c68eb1ba0", "factor.TimeDiscreteFactor.time_factor_multiply_large": "78237cc6cf21ae654638e61e776b5f46d1a0200fa0b3b25cbd10a7b39500eca2", "factor.TimeDiscreteFactor.time_factor_reduce": "647c78f5d66c964ef591c1ae96b48152136fd2fda68075f73f41e1397f0ae829", "factor.TimeDiscreteFactor.time_factor_reduce_large": "035bee7b46b483d4df49a392d773d6b0764547c5c0b6b1548539987db2e6e424",