{"results": {"benchmarks.TimeSuite.time_iterkeys": null, "benchmarks.TimeSuite.time_keys": {"result": [5.853766253008618e-06], "stats": [{"ci_99": [5.319566784491108e-06, 9.824664303470798e-06], "q_25": 5.42856959280462e-06, "q_75": 6.177086288839391e-06, "min": 5.319566784491108e-06, "max": 9.824664303470798e-06, "mean": 6.372849350019666e-06, "std": 1.4332686574403998e-06, "repeat": 10, "number": 1692}]}, "benchmarks.TimeSuite.time_range": {"result": [2.1261396587837533e-05], "stats": [{"ci_99": [2.0898588350594154e-05, 2.332206626320898e-05], "q_25": 2.0959237450501475e-05, "q_75": 2.1714317269751736e-05, "min": 2.0898588350594154e-05, "max": 2.332206626320898e-05, "mean": 2.1489457831413315e-05, "std": 7.149536830073236e-07, "repeat": 10, "number": 498}]}, "benchmarks.TimeSuite.time_xrange": null, "benchmarks.MemSuite.mem_list": 2104, "benchmarks.TimeRead.time_alarm_read": {"result": [0.25630201999956626], "stats": [{"ci_99": [0.20656679600142525, 0.35501687999931164], "q_25": 0.23958049099928758, "q_75": 0.2842478590009705, "min": 0.20656679600142525, "max": 0.35501687999931164, "mean": 0.265332093899633, "std": 0.03994466535436952, "repeat": 10, "number": 1}]}, "benchmarks.TimeRead.time_asia_read": {"result": [0.15431688950047828], "stats": [{"ci_99": [0.12555548999807797, 0.3658784579965868], "q_25": 0.13850980274855829, "q_75": 0.1727688795008362, "min": 0.12555548999807797, "max": 0.3658784579965868, "mean": 0.17432874769947376, "std": 0.06629054799120346, "repeat": 10, "number": 1}]}, "benchmarks.TimeRead.time_munin_read": {"result": [7.159252268000273], "stats": [{"ci_99": [2.822882118060079, 11.495622417940464], "q_25": 7.115888566500871, "q_75": 7.202615969499675, "min": 7.072524865001469, "max": 7.245979670999077, "mean": 7.159252268000273, "std": 0.08672740299880388, "repeat": 2, "number": 1}]}, "benchmarks.TimeRead.time_pathfinder_read": {"result": [8.470626568501757], "stats": [{"ci_99": [-5.683529506481136, 22.624782643484636], "q_25": 8.329085007751928, "q_75": 8.612168129251586, "min": 8.1875434470021, "max": 8.753709690001415, "mean": 8.470626568501757, "std": 0.28308312149965786, "repeat": 2, "number": 1}]}, "readwrite.TimeRead.time_alarm_read": null, "readwrite.TimeRead.time_asia_read": null, "readwrite.TimeRead.time_munin_read": null, "readwrite.TimeRead.time_pathfinder_read": null, "readwrite.MemSuite.mem_list": 2104, "factor.TimeDiscreteFactor.time_factor_define": {"result": [2.2066902924876606e-05], "stats": [{"ci_99": [2.168963465674723e-05, 2.4626304799304896e-05], "q_25": 2.1893626304738217e-05, "q_75": 2.259229436248174e-05, "min": 2.168963465674723e-05, "max": 2.4626304799304896e-05, "mean": 2.2425242380284886e-05, "std": 8.450064025836062e-07, "repeat": 10, "number": 479}]}, "factor.TimeDiscreteFactor.time_factor_marginalize": {"result": [3.10208833346251e-05], "stats": [{"ci_99": [3.0499339393855102e-05, 3.2562348485843167e-05], "q_25": 3.0752066665875395e-05, "q_75": 3.144926060871733e-05, "min": 3.0499339393855102e-05, "max": 3.2562348485843167e-05, "mean": 3.1194151515867845e-05, "std": 6.180157653206192e-07, "repeat": 10, "number": 330}]}, "factor.TimeDiscreteFactor.time_factor_marginalize_large": {"result": [8.694249172850122e-05], "stats": [{"ci_99": [8.638728098402161e-05, 9.03684380138341e-05], "q_25": 8.661990082409153e-05, "q_75": 8.743643595589073e-05, "min": 8.638728098402161e-05, "max": 9.03684380138341e-05, "mean": 8.727176694167212e-05, "std": 1.0995371912817225e-06, "repeat": 10, "number": 121}]}, "factor.TimeDiscreteFactor.time_factor_multiply": {"result": [4.0093986935564534e-05], "stats": [{"ci_99": [3.958913059739019e-05, 4.1611138059844093e-05], "q_25": 3.985523227441521e-05, "q_75": 4.0791846080496926e-05, "min": 3.958913059739019e-05, "max": 4.1611138059844093e-05, "mean": 4.0368241416081906e-05, "std": 6.747474349764195e-07, "repeat": 10, "number": 268}]}, "factor.TimeDiscreteFactor.time_factor_multiply_large": {"result": [7.202423972084445e-05], "stats": [{"ci_99": [7.114976711843517e-05, 7.410805479494602e-05], "q_25": 7.158664726525225e-05, "q_75": 7.220623116179373e-05, "min": 7.114976711843517e-05, "max": 7.410805479494602e-05, "mean": 7.204601164481224e-05, "std": 7.764389582192371e-07, "repeat": 10, "number": 146}]}, "factor.TimeDiscreteFactor.time_factor_reduce": {"result": [2.8601695768364675e-05], "stats": [{"ci_99": [2.8231682538009612e-05, 2.9945711642939526e-05], "q_25": 2.8434888226382093e-05, "q_75": 2.8768324736596523e-05, "min": 2.8231682538009612e-05, "max": 2.9945711642939526e-05, "mean": 2.869457354487774e-05, "std": 4.6051529003851264e-07, "repeat": 10, "number": 378}]}, "factor.TimeDiscreteFactor.time_factor_reduce_large": {"result": [4.2947775420420305e-05], "stats": [{"ci_99": [4.276687712078101e-05, 4.377300847100757e-05], "q_25": 4.2832100637312224e-05, "q_75": 4.304539936198372e-05, "min": 4.276687712078101e-05, "max": 4.377300847100757e-05, "mean": 4.306593474535413e-05, "std": 3.469643934575287e-07, "repeat": 10, "number": 236}]}, "structure_learning.TimePC.time_pc_orig": null, "structure_learning.TimePC.time_pc_stable": null, "structure_learning.TimePC.time_samples": null}, "params": {"arch": "x86_64", "cpu": "Intel(R) Core(TM) i7-6500U CPU @ 2.50GHz", "machine": "ankur-ux305", "num_cpu": "4", "os": "Linux 5.4.0-26-generic", "ram": "8046716", "python": "3.8"}, "requirements": {}, "commit_hash": "1499f2cfe7e416364b671d3650599edf9f556138", "date": 1598098943000, "env_name": "conda-py3.8", "python": "3.8", "profiles": {}, "started_at": {"benchmarks.TimeSuite.time_iterkeys": 1598103325345, "benchmarks.TimeSuite.time_keys": 1598103326062, "benchmarks.TimeSuite.time_range": 1598103326266, "benchmarks.TimeSuite.time_xrange": 1598103325803, "benchmarks.MemSuite.mem_list": 1598103779852, "benchmarks.TimeRead.time_alarm_read": 1598103780010, "benchmarks.TimeRead.time_asia_read": 1598103783084, "benchmarks.TimeRead.time_munin_read": 1598103785140, "benchmarks.TimeRead.time_pathfinder_read": 1598103803233, "readwrite.TimeRead.time_alarm_read": 1598139076776, "readwrite.TimeRead.time_asia_read": 1598139077084, "readwrite.TimeRead.time_munin_read": 1598139077294, "readwrite.TimeRead.time_pathfinder_read": 1598139082564, "readwrite.MemSuite.mem_list": 1598139085137, "factor.TimeDiscreteFactor.time_factor_define": 1598139083701, "factor.TimeDiscreteFactor.time_factor_marginalize": 1598139083907, "factor.TimeDiscreteFactor.time_factor_marginalize_large": 1598139084112, "factor.TimeDiscreteFactor.time_factor_multiply": 1598139084317, "factor.TimeDiscreteFactor.time_factor_multiply_large": 1598139084522, "factor.TimeDiscreteFactor.time_factor_reduce": 1598139084727, "factor.TimeDiscreteFactor.time_factor_reduce_large": 1598139084932, "structure_learning.TimePC.time_pc_orig": 1598139082873, "structure_learning.TimePC.time_pc_stable": 1598139083133, "structure_learning.TimePC.time_samples": 1598139083442}, "ended_at": {"benchmarks.TimeSuite.time_iterkeys": 1598103325398, "benchmarks.TimeSuite.time_keys": 1598103326265, "benchmarks.TimeSuite.time_range": 1598103326468, "benchmarks.TimeSuite.time_xrange": 1598103325856, "benchmarks.MemSuite.mem_list": 1598103780010, "benchmarks.TimeRead.time_alarm_read": 1598103783083, "benchmarks.TimeRead.time_asia_read": 1598103785140, "benchmarks.TimeRead.time_munin_read": 1598103803233, "benchmarks.TimeRead.time_pathfinder_read": 1598103822341, "readwrite.TimeRead.time_alarm_read": 1598139077084, "readwrite.TimeRead.time_asia_read": 1598139077294, "readwrite.TimeRead.time_munin_read": 1598139082564, "readwrite.TimeRead.time_pathfinder_read": 1598139082872, "readwrite.MemSuite.mem_list": 1598139085192, "factor.TimeDiscreteFactor.time_factor_define": 1598139083907, "factor.TimeDiscreteFactor.time_factor_marginalize": 1598139084112, "factor.TimeDiscreteFactor.time_factor_marginalize_large": 1598139084317, "factor.TimeDiscreteFactor.time_factor_multiply": 1598139084522, "factor.TimeDiscreteFactor.time_factor_multiply_large": 1598139084727,