{"results": {"factor.TimeDiscreteFactor.time_factor_define": {"result": [2.311513961032759e-05], "stats": [{"ci_99": [2.2863398272495263e-05, 2.3972865802805884e-05], "q_25": 2.3060137982217472e-05, "q_75": 2.3200724027364316e-05, "min": 2.2863398272495263e-05, "max": 2.3972865802805884e-05, "mean": 2.318541363627336e-05, "std": 2.799663177142212e-07, "repeat": 10, "number": 462}]}, "factor.TimeDiscreteFactor.time_factor_marginalize": {"result": [3.2121478327645145e-05], "stats": [{"ci_99": [3.18169102165794e-05, 3.447492260079695e-05], "q_25": 3.2085823526521894e-05, "q_75": 3.227509520261109e-05, "min": 3.18169102165794e-05, "max": 3.447492260079695e-05, "mean": 3.236200804837464e-05, "std": 7.192657229811916e-07, "repeat": 10, "number": 323}]}, "factor.TimeDiscreteFactor.time_factor_marginalize_large": {"result": [8.942310620290927e-05], "stats": [{"ci_99": [8.86278672479155e-05, 9.160801771264812e-05], "q_25": 8.894311724715753e-05, "q_75": 9.020209292220816e-05, "min": 8.86278672479155e-05, "max": 9.160801771264812e-05, "mean": 8.965428849768236e-05, "std": 9.358932030785278e-07, "repeat": 10, "number": 113}]}, "factor.TimeDiscreteFactor.time_factor_multiply": {"result": [4.2074822581819335e-05], "stats": [{"ci_99": [4.1668701610873425e-05, 4.342981047821306e-05], "q_25": 4.188882157464949e-05, "q_75": 4.240041129187669e-05, "min": 4.1668701610873425e-05, "max": 4.342981047821306e-05, "mean": 4.221668628933032e-05, "std": 4.917825747561505e-07, "repeat": 10, "number": 248}]}, "factor.TimeDiscreteFactor.time_factor_multiply_large": {"result": [7.524137328975285e-05], "stats": [{"ci_99": [7.484313698101961e-05, 7.966204793774523e-05], "q_25": 7.499440753173538e-05, "q_75": 7.61915650637342e-05, "min": 7.484313698101961e-05, "max": 7.966204793774523e-05, "mean": 7.586441780491342e-05, "std": 1.4146933760090824e-06, "repeat": 10, "number": 146}]}, "factor.TimeDiscreteFactor.time_factor_reduce": {"result": [3.0139440479528968e-05], "stats": [{"ci_99": [2.9800601190626842e-05, 3.151857142603105e-05], "q_25": 2.9935355654299113e-05, "q_75": 3.0276375003354808e-05, "min": 2.9800601190626842e-05, "max": 3.151857142603105e-05, "mean": 3.023563452491847e-05, "std": 4.669831155823365e-07, "repeat": 10, "number": 336}]}, "factor.TimeDiscreteFactor.time_factor_reduce_large": {"result": [4.543637131271542e-05], "stats": [{"ci_99": [4.5194012656739624e-05, 4.703951476719957e-05], "q_25": 4.5293938820435754e-05, "q_75": 4.570813607182273e-05, "min": 4.5194012656739624e-05, "max": 4.703951476719957e-05, "mean": 4.560916371364049e-05, "std": 5.15651816462894e-07, "repeat": 10, "number": 237}]}, "readwrite.TimeRead.time_alarm_read": {"result": [0.34843234450090677], "stats": [{"ci_99": [0.3288361669983715, 0.4502063090003503], "q_25": 0.3385904687506809, "q_75": 0.39389542099979735, "min": 0.3288361669983715, "max": 0.4502063090003503, "mean": 0.3702208476004671, "std": 0.04260864176486089, "repeat": 10, "number": 1}]}, "readwrite.TimeRead.time_asia_read": {"result": [0.25670261200048117], "stats": [{"ci_99": [0.23953007499949308, 0.433995199000492], "q_25": 0.25096654174967625, "q_75": 0.2612381282497154, "min": 0.23953007499949308, "max": 0.433995199000492, "mean": 0.2749061410999275, "std": 0.05477357087519529, "repeat": 10, "number": 1}]}, "readwrite.TimeRead.time_munin_read": {"result": [7.373273369499657], "stats": [{"ci_99": [6.33559819446964, 8.410948544529674], "q_25": 7.362896617749357, "q_75": 7.383650121249957, "min": 7.3525198659990565, "max": 7.394026873000257, "mean": 7.373273369499657, "std": 0.020753503500600345, "repeat": 2, "number": 1}]}, "readwrite.TimeRead.time_pathfinder_read": {"result": [8.278829128000325], "stats": [{"ci_99": [7.52722772791185, 9.0304305280888], "q_25": 8.27131311399944, "q_75": 8.28634514200121, "min": 8.263797099998555, "max": 8.293861156002095, "mean": 8.278829128000325, "std": 0.015032028001769504, "repeat": 2, "number": 1}]}, "structure_learning.TimePC.time_pc_orig": {"result": [48.26569792599912], "stats": [{"ci_99": [46.31999602603173, 50.21139982596651], "q_25": 48.24624090699945, "q_75": 48.285154944998794, "min": 48.22678388799977, "max": 48.30461196399847, "mean": 48.26569792599912, "std": 0.038914037999347784, "repeat": 2, "number": 1}]}, "structure_learning.TimePC.time_pc_stable": {"result": [59.23873082550017], "stats": [{"ci_99": [58.07447835052699, 60.40298330047335], "q_25": 59.22708830075044, "q_75": 59.2503733502499, "min": 59.215445776000706, "max": 59.26201587499963, "mean": 59.23873082550017, "std": 0.02328504949946364, "repeat": 2, "number": 1}]}, "structure_learning.TimePC.time_samples": {"result": [8.469250269999975], "stats": [{"ci_99": [7.435879320028107, 9.502621219971843], "q_25": 8.458916560500256, "q_75": 8.479583979499694, "min": 8.448582851000538, "max": 8.489917688999412, "mean": 8.469250269999975, "std": 0.02066741899943736, "repeat": 2, "number": 1}]}, "readwrite.MemSuite.mem_list": 2120}, "params": {"arch": "x86_64", "cpu": "Intel(R) Core(TM) i7-6500U CPU @ 2.50GHz", "machine": "ankur-ux305", "num_cpu": "4", "os": "Linux 5.4.0-26-generic", "ram": "8046716", "python": "3.7"}, "requirements": {}, "commit_hash": "160312e627d1b9aaf43d9bccb7af62cedfffa0c6", "date": 1598017624000, "env_name": "conda-py3.7", "python": "3.7", "profiles": {}, "started_at": {"factor.TimeDiscreteFactor.time_factor_define": 1598140028322, "factor.TimeDiscreteFactor.time_factor_marginalize": 1598140028527, "factor.TimeDiscreteFactor.time_factor_marginalize_large": 1598140028733, "factor.TimeDiscreteFactor.time_factor_multiply": 1598140028938, "factor.TimeDiscreteFactor.time_factor_multiply_large": 1598140029143, "factor.TimeDiscreteFactor.time_factor_reduce": 1598140029349, "factor.TimeDiscreteFactor.time_factor_reduce_large": 1598140029554, "readwrite.TimeRead.time_alarm_read": 1598140029814, "readwrite.TimeRead.time_asia_read": 1598140032235, "readwrite.TimeRead.time_munin_read": 1598140034054, "readwrite.TimeRead.time_pathfinder_read": 1598140051549, "structure_learning.TimePC.time_pc_orig": 1598140069394, "structure_learning.TimePC.time_pc_stable": 1598140173840, "structure_learning.TimePC.time_samples": 1598140299710, "readwrite.MemSuite.mem_list": 1598140029759}, "ended_at": {"factor.TimeDiscreteFactor.time_factor_define": 1598140028527, "factor.TimeDiscreteFactor.time_factor_marginalize": 1598140028732, "factor.TimeDiscreteFactor.time_factor_marginalize_large": 1598140028938, "factor.TimeDiscreteFactor.time_factor_multiply": 1598140029143, "factor.TimeDiscreteFactor.time_factor_multiply_large": 1598140029348, "factor.TimeDiscreteFactor.time_factor_reduce": 1598140029554, "factor.TimeDiscreteFactor.time_factor_reduce_large": 1598140029759, "readwrite.TimeRead.time_alarm_read": 1598140032234, "readwrite.TimeRead.time_asia_read": 1598140034054, "readwrite.TimeRead.time_munin_read": 1598140051549, "readwrite.TimeRead.time_pathfinder_read": 1598140069393, "structure_learning.TimePC.time_pc_orig": 1598140173838, "structure_learning.TimePC.time_pc_stable": 1598140299706, "structure_learning.TimePC.time_samples": 1598140319152, "readwrite.MemSuite.mem_list": 1598140029814}, "benchmark_version": {"factor.TimeDiscreteFactor.time_factor_define": "47f6e70c4e7e8b3fd3c7637ea3ae9398bcd0602e47f2463aef751f5d75d59132", "factor.TimeDiscreteFactor.time_factor_marginalize": "1751edaf413761a8d2d33c37d0386a5acbcb614103c7ffd86ad968d971494f55", "factor.TimeDiscreteFactor.time_factor_marginalize_large": "d191da79cb414cd21a1d1709f86146cd8bc661e8c126b8397e3319d2a088d503", "factor.TimeDiscreteFactor.time_factor_multiply": "ed4892b8d8d967847c9c8a32925ed3db57fcccbd7c8f3dbd6b179b8c68eb1ba0", "factor.TimeDiscreteFactor.time_factor_multiply_large": "78237cc6cf21ae654638e61e776b5f46d1a0200fa0b3b25cbd10a7b39500eca2", "factor.TimeDiscreteFactor.time_factor_reduce": "647c78f5d66c964ef591c1ae96b48152136fd2fda68075f73f41e1397f0ae829",