{"results": {"factor.TimeDiscreteFactor.time_factor_define": {"result": [2.392252626117111e-05], "stats": [{"ci_99": [2.349052297266524e-05, 2.4436835882738458e-05], "q_25": 2.3710637314146906e-05, "q_75": 2.4189112145924703e-05, "min": 2.349052297266524e-05, "max": 2.4436835882738458e-05, "mean": 2.394253304302061e-05, "std": 3.053412310086614e-07, "repeat": 10, "number": 457}]}, "factor.TimeDiscreteFactor.time_factor_marginalize": {"result": [3.2313412022812746e-05], "stats": [{"ci_99": [3.183850440696152e-05, 3.3360941354250205e-05], "q_25": 3.211795748000206e-05, "q_75": 3.266782917779948e-05, "min": 3.183850440696152e-05, "max": 3.3360941354250205e-05, "mean": 3.247159266958076e-05, "std": 5.087940544143556e-07, "repeat": 10, "number": 341}]}, "factor.TimeDiscreteFactor.time_factor_marginalize_large": {"result": [9.208851724906708e-05], "stats": [{"ci_99": [9.157193964146527e-05, 9.273698278461937e-05], "q_25": 9.171167888435494e-05, "q_75": 9.24314612159927e-05, "min": 9.157193964146527e-05, "max": 9.273698278461937e-05, "mean": 9.208760776691006e-05, "std": 3.8554155571905095e-07, "repeat": 10, "number": 116}]}, "factor.TimeDiscreteFactor.time_factor_multiply": {"result": [4.251113445084726e-05], "stats": [{"ci_99": [4.2330974785360594e-05, 4.3286176472012064e-05], "q_25": 4.2422237389213736e-05, "q_75": 4.277128045712652e-05, "min": 4.2330974785360594e-05, "max": 4.3286176472012064e-05, "mean": 4.266144453385011e-05, "std": 3.1987678181452303e-07, "repeat": 10, "number": 238}]}, "factor.TimeDiscreteFactor.time_factor_multiply_large": {"result": [7.975873723562406e-05], "stats": [{"ci_99": [7.916803649234938e-05, 8.045470071820556e-05], "q_25": 7.942185036709104e-05, "q_75": 7.985670619254829e-05, "min": 7.916803649234938e-05, "max": 8.045470071820556e-05, "mean": 7.969066861540633e-05, "std": 3.57660086354304e-07, "repeat": 10, "number": 137}]}, "factor.TimeDiscreteFactor.time_factor_reduce": {"result": [3.037457812318032e-05], "stats": [{"ci_99": [3.0026877838777594e-05, 3.059803976735896e-05], "q_25": 3.026917187815508e-05, "q_75": 3.0423316763455496e-05, "min": 3.0026877838777594e-05, "max": 3.059803976735896e-05, "mean": 3.035734090934222e-05, "std": 1.5715439440130548e-07, "repeat": 10, "number": 352}]}, "factor.TimeDiscreteFactor.time_factor_reduce_large": {"result": [4.819397429932098e-05], "stats": [{"ci_99": [4.776159347163918e-05, 4.8464378506591476e-05], "q_25": 4.800719392240302e-05, "q_75": 4.825785280419916e-05, "min": 4.776159347163918e-05, "max": 4.8464378506591476e-05, "mean": 4.8152435517303586e-05, "std": 1.9765492934839102e-07, "repeat": 10, "number": 214}]}, "readwrite.TimeRead.time_alarm_read": {"result": [0.36415315399972314], "stats": [{"ci_99": [0.3370708639995428, 0.5724532160020317], "q_25": 0.3447737482492812, "q_75": 0.3813783549994696, "min": 0.3370708639995428, "max": 0.5724532160020317, "mean": 0.3830496663998929, "std": 0.06595809433106532, "repeat": 10, "number": 1}]}, "readwrite.TimeRead.time_asia_read": {"result": [0.2654727480003203], "stats": [{"ci_99": [0.23721166199902655, 0.2801530200013076], "q_25": 0.2577431127492673, "q_75": 0.27806975724888616, "min": 0.23721166199902655, "max": 0.2801530200013076, "mean": 0.2647456989998318, "std": 0.014053525423568965, "repeat": 10, "number": 1}]}, "readwrite.TimeRead.time_munin_read": {"result": [7.930464799499532], "stats": [{"ci_99": [7.922448824518142, 7.938480774480922], "q_25": 7.930384639749718, "q_75": 7.930544959249346, "min": 7.930304479999904, "max": 7.93062511899916, "mean": 7.930464799499532, "std": 0.00016031949962780345, "repeat": 2, "number": 1}]}, "readwrite.TimeRead.time_pathfinder_read": {"result": [8.969293474499864], "stats": [{"ci_99": [8.704073399483605, 9.234513549516123], "q_25": 8.966641273749701, "q_75": 8.971945675250026, "min": 8.963989072999539, "max": 8.974597876000189, "mean": 8.969293474499864, "std": 0.005304401500325184, "repeat": 2, "number": 1}]}, "structure_learning.TimePC.time_pc_orig": null, "structure_learning.TimePC.time_pc_stable": null, "structure_learning.TimePC.time_samples": {"result": [80.39921538300041], "stats": [{"ci_99": [62.522617182981776, 98.27581358301903], "q_25": 80.22044940100022, "q_75": 80.5779813650006, "min": 80.04168341900004, "max": 80.75674734700078, "mean": 80.39921538300041, "std": 0.3575319640003727, "repeat": 2, "number": 1}]}, "readwrite.MemSuite.mem_list": 2112}, "params": {"arch": "x86_64", "cpu": "Intel(R) Core(TM) i7-6500U CPU @ 2.50GHz", "machine": "ankur-ux305", "num_cpu": "4", "os": "Linux 5.4.0-26-generic", "ram": "8046716", "python": "3.6"}, "requirements": {}, "commit_hash": "2095285b351240c0f8e5c0d7e3a84bc49a7c5583", "date": 1597838341000, "env_name": "conda-py3.6", "python": "3.6", "profiles": {}, "started_at": {"factor.TimeDiscreteFactor.time_factor_define": 1598148350398, "factor.TimeDiscreteFactor.time_factor_marginalize": 1598148350604, "factor.TimeDiscreteFactor.time_factor_marginalize_large": 1598148350809, "factor.TimeDiscreteFactor.time_factor_multiply": 1598148351014, "factor.TimeDiscreteFactor.time_factor_multiply_large": 1598148351219, "factor.TimeDiscreteFactor.time_factor_reduce": 1598148351424, "factor.TimeDiscreteFactor.time_factor_reduce_large": 1598148351629, "readwrite.TimeRead.time_alarm_read": 1598148351890, "readwrite.TimeRead.time_asia_read": 1598148354363, "readwrite.TimeRead.time_munin_read": 1598148355981, "readwrite.TimeRead.time_pathfinder_read": 1598148374384, "structure_learning.TimePC.time_pc_orig": 1598148150892, "structure_learning.TimePC.time_pc_stable": 1598148161822, "structure_learning.TimePC.time_samples": 1598148393441, "readwrite.MemSuite.mem_list": 1598148351835}, "ended_at": {"factor.TimeDiscreteFactor.time_factor_define": 1598148350604, "factor.TimeDiscreteFactor.time_factor_marginalize": 1598148350809, "factor.TimeDiscreteFactor.time_factor_marginalize_large": 1598148351014, "factor.TimeDiscreteFactor.time_factor_multiply": 1598148351219, "factor.TimeDiscreteFactor.time_factor_multiply_large": 1598148351424, "factor.TimeDiscreteFactor.time_factor_reduce": 1598148351629, "factor.TimeDiscreteFactor.time_factor_reduce_large": 1598148351834, "readwrite.TimeRead.time_alarm_read": 1598148354363, "readwrite.TimeRead.time_asia_read": 1598148355981, "readwrite.TimeRead.time_munin_read": 1598148374384, "readwrite.TimeRead.time_pathfinder_read": 1598148393438, "structure_learning.TimePC.time_pc_orig": 1598148161822, "structure_learning.TimePC.time_pc_stable": 1598148172799, "structure_learning.TimePC.time_samples": 1598148570092, "readwrite.MemSuite.mem_list": 1598148351890}, "benchmark_version": {"factor.TimeDiscreteFactor.time_factor_define": "47f6e70c4e7e8b3fd3c7637ea3ae9398bcd0602e47f2463aef751f5d75d59132", "factor.TimeDiscreteFactor.time_factor_marginalize": "1751edaf413761a8d2d33c37d0386a5acbcb614103c7ffd86ad968d971494f55", "factor.TimeDiscreteFactor.time_factor_marginalize_large": "d191da79cb414cd21a1d1709f86146cd8bc661e8c126b8397e3319d2a088d503", "factor.TimeDiscreteFactor.time_factor_multiply": "ed4892b8d8d967847c9c8a32925ed3db57fcccbd7c8f3dbd6b179b8c68eb1ba0", "factor.TimeDiscreteFactor.time_factor_multiply_large": "78237cc6cf21ae654638e61e776b5f46d1a0200fa0b3b25cbd10a7b39500eca2", "factor.TimeDiscreteFactor.time_factor_reduce": "647c78f5d66c964ef591c1ae96b48152136fd2fda68075f73f41e1397f0ae829", "factor.TimeDiscreteFactor.time_factor_reduce_large": "035bee7b46b483d4df49a392d773d6b0764547c5c0b6b1548539987db2e6e424", "readwrite.TimeRead.time_alarm_read": "ed22ba0629363f937a7050136f648eb524be528e791d857ec2c97d60f49402e0", "readwrite.TimeRead.time_asia_read": "9f07825719f3e3699c69094581028f691151fbe06c37c25e4cff3d7f7e4c0e34", "readwrite.TimeRead.time_munin_read": "61f15f73fcc39dbbd470a13db44736faecaf86cc73f312b94be90a495cada76d", "readwrite.TimeRead.time_pathfinder_read": "e55338c1772a5f031f8cef873495f419e932fdd8c720b605f5d4f908f381d3bd",