{"results": {"factor.TimeDiscreteFactor.time_factor_define": {"result": [2.3700777160582243e-05], "stats": [{"ci_99": [2.3498776052074874e-05, 2.3910044345275773e-05], "q_25": 2.358702937663252e-05, "q_75": 2.3823605315435056e-05, "min": 2.3498776052074874e-05, "max": 2.3910044345275773e-05, "mean": 2.3697126384317556e-05, "std": 1.3962435412391983e-07, "repeat": 10, "number": 451}]}, "factor.TimeDiscreteFactor.time_factor_marginalize": {"result": [3.2835460523640726e-05], "stats": [{"ci_99": [3.1900961988207974e-05, 3.425976022921723e-05], "q_25": 3.23875116961775e-05, "q_75": 3.305604166183784e-05, "min": 3.1900961988207974e-05, "max": 3.425976022921723e-05, "mean": 3.28875312834232e-05, "std": 7.062298062798565e-07, "repeat": 10, "number": 342}]}, "factor.TimeDiscreteFactor.time_factor_marginalize_large": {"result": [9.180833771288714e-05], "stats": [{"ci_99": [9.069949999429172e-05, 9.658995613311785e-05], "q_25": 9.124607676743548e-05, "q_75": 9.223353728821007e-05, "min": 9.069949999429172e-05, "max": 9.658995613311785e-05, "mean": 9.213596052799595e-05, "std": 1.5774793913468062e-06, "repeat": 10, "number": 114}]}, "factor.TimeDiscreteFactor.time_factor_multiply": {"result": [4.3557546219943547e-05], "stats": [{"ci_99": [4.316995798318134e-05, 4.6872659658518145e-05], "q_25": 4.334171218270516e-05, "q_75": 4.417649789815676e-05, "min": 4.316995798318134e-05, "max": 4.6872659658518145e-05, "mean": 4.403280378303426e-05, "std": 1.101229992922554e-06, "repeat": 10, "number": 238}]}, "factor.TimeDiscreteFactor.time_factor_multiply_large": {"result": [8.070175794100145e-05], "stats": [{"ci_99": [8.041556348972436e-05, 8.590826984713896e-05], "q_25": 8.059232937190996e-05, "q_75": 8.252297220678884e-05, "min": 8.041556348972436e-05, "max": 8.590826984713896e-05, "mean": 8.164856586979964e-05, "std": 1.74338457313418e-06, "repeat": 10, "number": 126}]}, "factor.TimeDiscreteFactor.time_factor_reduce": {"result": [3.077702393466738e-05], "stats": [{"ci_99": [3.0494118306103727e-05, 3.252467605806756e-05], "q_25": 3.062367675636164e-05, "q_75": 3.118959296149166e-05, "min": 3.0494118306103727e-05, "max": 3.252467605806756e-05, "mean": 3.1092225350144415e-05, "std": 6.836097115853304e-07, "repeat": 10, "number": 355}]}, "factor.TimeDiscreteFactor.time_factor_reduce_large": {"result": [4.801490697921741e-05], "stats": [{"ci_99": [4.781315348186898e-05, 5.016765581933933e-05], "q_25": 4.787738604178695e-05, "q_75": 4.8168998833970426e-05, "min": 4.781315348186898e-05, "max": 5.016765581933933e-05, "mean": 4.8409090231871234e-05, "std": 8.857593603965708e-07, "repeat": 10, "number": 215}]}, "readwrite.TimeRead.time_alarm_read": {"result": [0.3617358689989487], "stats": [{"ci_99": [0.34407475799889653, 0.3961555310015683], "q_25": 0.35330998599874874, "q_75": 0.3810937410016777, "min": 0.34407475799889653, "max": 0.3961555310015683, "mean": 0.3661386728996149, "std": 0.017374013358858856, "repeat": 10, "number": 1}]}, "readwrite.TimeRead.time_asia_read": {"result": [0.2611803654999676], "stats": [{"ci_99": [0.24155644599886728, 0.2883963210006186], "q_25": 0.2571360449992426, "q_75": 0.2768832834999557, "min": 0.24155644599886728, "max": 0.2883963210006186, "mean": 0.2643554288002633, "std": 0.015267169043633245, "repeat": 10, "number": 1}]}, "readwrite.TimeRead.time_munin_read": {"result": [8.18048376599836], "stats": [{"ci_99": [-3.180275134083786, 19.5412426660805], "q_25": 8.066876176997539, "q_75": 8.294091354999182, "min": 7.9532685879967175, "max": 8.407698944000003, "mean": 8.18048376599836, "std": 0.22721517800164293, "repeat": 2, "number": 1}]}, "readwrite.TimeRead.time_pathfinder_read": {"result": [9.01001940649985], "stats": [{"ci_99": [8.381744481479473, 9.638294331520228], "q_25": 9.003736657249647, "q_75": 9.016302155750054, "min": 8.997453907999443, "max": 9.022584905000258, "mean": 9.01001940649985, "std": 0.012565498500407557, "repeat": 2, "number": 1}]}, "structure_learning.TimePC.time_pc_orig": {"result": [52.37049168749945], "stats": [{"ci_99": [45.82481326247216, 58.916170112526736], "q_25": 52.30503490324918, "q_75": 52.435948471749725, "min": 52.23957811899891, "max": 52.501405256, "mean": 52.37049168749945, "std": 0.1309135685005458, "repeat": 2, "number": 1}]}, "structure_learning.TimePC.time_pc_stable": {"result": [61.15814489500008], "stats": [{"ci_99": [59.641991644968584, 62.67429814503157], "q_25": 61.14298336249976, "q_75": 61.17330642750039, "min": 61.12782182999945, "max": 61.18846796000071, "mean": 61.15814489500008, "std": 0.030323065000629867, "repeat": 2, "number": 1}]}, "structure_learning.TimePC.time_samples": {"result": [81.33934563550065], "stats": [{"ci_99": [70.43281096041392, 92.24588031058737], "q_25": 81.23028028874978, "q_75": 81.44841098225152, "min": 81.12121494199891, "max": 81.55747632900238, "mean": 81.33934563550065, "std": 0.21813069350173464, "repeat": 2, "number": 1}]}, "readwrite.MemSuite.mem_list": 2112}, "params": {"arch": "x86_64", "cpu": "Intel(R) Core(TM) i7-6500U CPU @ 2.50GHz", "machine": "ankur-ux305", "num_cpu": "4", "os": "Linux 5.4.0-26-generic", "ram": "8046716", "python": "3.6"}, "requirements": {}, "commit_hash": "251f19e8d76fa53335ecb28a3853a771d3688c75", "date": 1597954842000, "env_name": "conda-py3.6", "python": "3.6", "profiles": {}, "started_at": {"factor.TimeDiscreteFactor.time_factor_define": 1598142771688, "factor.TimeDiscreteFactor.time_factor_marginalize": 1598142771894, "factor.TimeDiscreteFactor.time_factor_marginalize_large": 1598142772099, "factor.TimeDiscreteFactor.time_factor_multiply": 1598142772304, "factor.TimeDiscreteFactor.time_factor_multiply_large": 1598142772509, "factor.TimeDiscreteFactor.time_factor_reduce": 1598142772714, "factor.TimeDiscreteFactor.time_factor_reduce_large": 1598142772920, "readwrite.TimeRead.time_alarm_read": 1598142773180, "readwrite.TimeRead.time_asia_read": 1598142775603, "readwrite.TimeRead.time_munin_read": 1598142777321, "readwrite.TimeRead.time_pathfinder_read": 1598142796227, "structure_learning.TimePC.time_pc_orig": 1598142815367, "structure_learning.TimePC.time_pc_stable": 1598142937344, "structure_learning.TimePC.time_samples": 1598143081994, "readwrite.MemSuite.mem_list": 1598142773125}, "ended_at": {"factor.TimeDiscreteFactor.time_factor_define": 1598142771894, "factor.TimeDiscreteFactor.time_factor_marginalize": 1598142772099, "factor.TimeDiscreteFactor.time_factor_marginalize_large": 1598142772304, "factor.TimeDiscreteFactor.time_factor_multiply": 1598142772509, "factor.TimeDiscreteFactor.time_factor_multiply_large": 1598142772714, "factor.TimeDiscreteFactor.time_factor_reduce": 1598142772919, "factor.TimeDiscreteFactor.time_factor_reduce_large": 1598142773125, "readwrite.TimeRead.time_alarm_read": 1598142775602, "readwrite.TimeRead.time_asia_read": 1598142777321, "readwrite.TimeRead.time_munin_read": 1598142796226, "readwrite.TimeRead.time_pathfinder_read": 1598142815366, "structure_learning.TimePC.time_pc_orig": 1598142937339, "structure_learning.TimePC.time_pc_stable": 1598143081989, "structure_learning.TimePC.time_samples": 1598143261347, "readwrite.MemSuite.mem_list": 1598142773180}, "benchmark_version": {"factor.TimeDiscreteFactor.time_factor_define": "47f6e70c4e7e8b3fd3c7637ea3ae9398bcd0602e47f2463aef751f5d75d59132", "factor.TimeDiscreteFactor.time_factor_marginalize": "1751edaf413761a8d2d33c37d0386a5acbcb614103c7ffd86ad968d971494f55", "factor.TimeDiscreteFactor.time_factor_marginalize_large": "d191da79cb414cd21a1d1709f86146cd8bc661e8c126b8397e3319d2a088d503", "factor.TimeDiscreteFactor.time_factor_multiply": "ed4892b8d8d967847c9c8a32925ed3db57fcccbd7c8f3dbd6b179b8c68eb1ba0", "factor.TimeDiscreteFactor.time_factor_multiply_large": "78237cc6cf21ae654638e61e776b5f46d1a0200fa0b3b25cbd10a7b39500eca2", "factor.TimeDiscreteFactor.time_factor_reduce": "647c78f5d66c964ef591c1ae96b48152136fd2fda68075f73f41e1397f0ae829",