{"results": {"benchmarks.TimeRead.time_alarm_read": null, "benchmarks.TimeRead.time_asia_read": null, "benchmarks.TimeRead.time_munin_read": null, "benchmarks.TimeRead.time_pathfinder_read": null, "benchmarks.MemSuite.mem_list": null, "readwrite.TimeRead.time_alarm_read": null, "readwrite.TimeRead.time_asia_read": null, "readwrite.TimeRead.time_munin_read": null, "readwrite.TimeRead.time_pathfinder_read": null, "readwrite.MemSuite.mem_list": 2104, "factor.TimeDiscreteFactor.time_factor_define": {"result": [2.2223764206405338e-05], "stats": [{"ci_99": [2.1880176837409012e-05, 2.3587837893405537e-05], "q_25": 2.205432157528489e-05, "q_75": 2.2547988944432675e-05, "min": 2.1880176837409012e-05, "max": 2.3587837893405537e-05, "mean": 2.23732341018101e-05, "std": 4.830945404049836e-07, "repeat": 10, "number": 475}]}, "factor.TimeDiscreteFactor.time_factor_marginalize": {"result": [3.186892960085928e-05], "stats": [{"ci_99": [3.165997126437095e-05, 3.247656035058042e-05], "q_25": 3.1710128595655445e-05, "q_75": 3.21067090534671e-05, "min": 3.165997126437095e-05, "max": 3.247656035058042e-05, "mean": 3.192755977224074e-05, "std": 2.5670663729357305e-07, "repeat": 10, "number": 348}]}, "factor.TimeDiscreteFactor.time_factor_marginalize_large": {"result": [8.750540163433828e-05], "stats": [{"ci_99": [8.728173768341534e-05, 8.878909015873462e-05], "q_25": 8.7431702878184e-05, "q_75": 8.782143031119809e-05, "min": 8.728173768341534e-05, "max": 8.878909015873462e-05, "mean": 8.772185163431206e-05, "std": 4.6426512512980945e-07, "repeat": 10, "number": 122}]}, "factor.TimeDiscreteFactor.time_factor_multiply": {"result": [3.9752511070202266e-05], "stats": [{"ci_99": [3.9662686346280924e-05, 4.0295608850742426e-05], "q_25": 3.967728597809848e-05, "q_75": 4.012650369181202e-05, "min": 3.9662686346280924e-05, "max": 4.0295608850742426e-05, "mean": 3.989038044308412e-05, "std": 2.4592182463303263e-07, "repeat": 10, "number": 271}]}, "factor.TimeDiscreteFactor.time_factor_multiply_large": {"result": [7.186473839891619e-05], "stats": [{"ci_99": [7.122423177849446e-05, 7.354550992908876e-05], "q_25": 7.157176489441035e-05, "q_75": 7.209129801034674e-05, "min": 7.122423177849446e-05, "max": 7.354550992908876e-05, "mean": 7.205762449543635e-05, "std": 7.78137563703296e-07, "repeat": 10, "number": 151}]}, "factor.TimeDiscreteFactor.time_factor_reduce": {"result": [2.9268037465817675e-05], "stats": [{"ci_99": [2.898804034305715e-05, 2.948077233390472e-05], "q_25": 2.9213581407644488e-05, "q_75": 2.9315182997714943e-05, "min": 2.898804034305715e-05, "max": 2.948077233390472e-05, "mean": 2.925926685981252e-05, "std": 1.1832664262226151e-07, "repeat": 10, "number": 347}]}, "factor.TimeDiscreteFactor.time_factor_reduce_large": {"result": [4.400559524008682e-05], "stats": [{"ci_99": [4.335084849239319e-05, 4.436782252187619e-05], "q_25": 4.384703138246991e-05, "q_75": 4.4144901512009266e-05, "min": 4.335084849239319e-05, "max": 4.436782252187619e-05, "mean": 4.396897965429343e-05, "std": 2.80700144516603e-07, "repeat": 10, "number": 231}]}, "structure_learning.TimePC.time_pc_orig": null, "structure_learning.TimePC.time_pc_stable": null, "structure_learning.TimePC.time_samples": null}, "params": {"arch": "x86_64", "cpu": "Intel(R) Core(TM) i7-6500U CPU @ 2.50GHz", "machine": "ankur-ux305", "num_cpu": "4", "os": "Linux 5.4.0-26-generic", "ram": "8046716", "python": "3.8"}, "requirements": {}, "commit_hash": "251f19e8d76fa53335ecb28a3853a771d3688c75", "date": 1597954842000, "env_name": "conda-py3.8", "python": "3.8", "profiles": {}, "started_at": {"benchmarks.TimeRead.time_alarm_read": 1598103831907, "benchmarks.TimeRead.time_asia_read": 1598103831960, "benchmarks.TimeRead.time_munin_read": 1598103832014, "benchmarks.TimeRead.time_pathfinder_read": 1598103832068, "benchmarks.MemSuite.mem_list": 1598103832122, "readwrite.TimeRead.time_alarm_read": 1598144235605, "readwrite.TimeRead.time_asia_read": 1598144235812, "readwrite.TimeRead.time_munin_read": 1598144236072, "readwrite.TimeRead.time_pathfinder_read": 1598144236331, "readwrite.MemSuite.mem_list": 1598144238659, "factor.TimeDiscreteFactor.time_factor_define": 1598144237220, "factor.TimeDiscreteFactor.time_factor_marginalize": 1598144237428, "factor.TimeDiscreteFactor.time_factor_marginalize_large": 1598144237633, "factor.TimeDiscreteFactor.time_factor_multiply": 1598144237838, "factor.TimeDiscreteFactor.time_factor_multiply_large": 1598144238043, "factor.TimeDiscreteFactor.time_factor_reduce": 1598144238248, "factor.TimeDiscreteFactor.time_factor_reduce_large": 1598144238453, "structure_learning.TimePC.time_pc_orig": 1598144236541, "structure_learning.TimePC.time_pc_stable": 1598144236801, "structure_learning.TimePC.time_samples": 1598144237010}, "ended_at": {"benchmarks.TimeRead.time_alarm_read": 1598103831960, "benchmarks.TimeRead.time_asia_read": 1598103832014, "benchmarks.TimeRead.time_munin_read": 1598103832068, "benchmarks.TimeRead.time_pathfinder_read": 1598103832122, "benchmarks.MemSuite.mem_list": 1598103832177, "readwrite.TimeRead.time_alarm_read": 1598144235811, "readwrite.TimeRead.time_asia_read": 1598144236071, "readwrite.TimeRead.time_munin_read": 1598144236331, "readwrite.TimeRead.time_pathfinder_read": 1598144236541, "readwrite.MemSuite.mem_list": 1598144238714, "factor.TimeDiscreteFactor.time_factor_define": 1598144237428, "factor.TimeDiscreteFactor.time_factor_marginalize": 1598144237632, "factor.TimeDiscreteFactor.time_factor_marginalize_large": 1598144237838, "factor.TimeDiscreteFactor.time_factor_multiply": 1598144238043, "factor.TimeDiscreteFactor.time_factor_multiply_large": 1598144238248, "factor.TimeDiscreteFactor.time_factor_reduce": 1598144238453, "factor.TimeDiscreteFactor.time_factor_reduce_large": 1598144238658, "structure_learning.TimePC.time_pc_orig": 1598144236800, "structure_learning.TimePC.time_pc_stable": 1598144237010, "structure_learning.TimePC.time_samples": 1598144237220}, "benchmark_version": {"benchmarks.TimeRead.time_alarm_read": "ed22ba0629363f937a7050136f648eb524be528e791d857ec2c97d60f49402e0", "benchmarks.TimeRead.time_asia_read": "9f07825719f3e3699c69094581028f691151fbe06c37c25e4cff3d7f7e4c0e34", "benchmarks.TimeRead.time_munin_read": "61f15f73fcc39dbbd470a13db44736faecaf86cc73f312b94be90a495cada76d", "benchmarks.TimeRead.time_pathfinder_read": "e55338c1772a5f031f8cef873495f419e932fdd8c720b605f5d4f908f381d3bd", "benchmarks.MemSuite.mem_list": "abe86bab484550a681c61d7bb6eb081fbd37eb6d5009eba1df85c935530577b9", "readwrite.TimeRead.time_alarm_read": "ed22ba0629363f937a7050136f648eb524be528e791d857ec2c97d60f49402e0", "readwrite.TimeRead.time_asia_read": "9f07825719f3e3699c69094581028f691151fbe06c37c25e4cff3d7f7e4c0e34", "readwrite.TimeRead.time_munin_read": "61f15f73fcc39dbbd470a13db44736faecaf86cc73f312b94be90a495cada76d", "readwrite.TimeRead.time_pathfinder_read": "e55338c1772a5f031f8cef873495f419e932fdd8c720b605f5d4f908f381d3bd", "readwrite.MemSuite.mem_list": "abe86bab484550a681c61d7bb6eb081fbd37eb6d5009eba1df85c935530577b9", "factor.TimeDiscreteFactor.time_factor_define": "47f6e70c4e7e8b3fd3c7637ea3ae9398bcd0602e47f2463aef751f5d75d59132", "factor.TimeDiscreteFactor.time_factor_marginalize": "1751edaf413761a8d2d33c37d0386a5acbcb614103c7ffd86ad968d971494f55", "factor.TimeDiscreteFactor.time_factor_marginalize_large": "d191da79cb414cd21a1d1709f86146cd8bc661e8c126b8397e3319d2a088d503", "factor.TimeDiscreteFactor.time_factor_multiply": "ed4892b8d8d967847c9c8a32925ed3db57fcccbd7c8f3dbd6b179b8c68eb1ba0", "factor.TimeDiscreteFactor.time_factor_multiply_large": "78237cc6cf21ae654638e61e776b5f46d1a0200fa0b3b25cbd10a7b39500eca2", "factor.TimeDiscreteFactor.time_factor_reduce": "647c78f5d66c964ef591c1ae96b48152136fd2fda68075f73f41e1397f0ae829", "factor.TimeDiscreteFactor.time_factor_reduce_large": "035bee7b46b483d4df49a392d773d6b0764547c5c0b6b1548539987db2e6e424", "structure_learning.TimePC.time_pc_orig": "d9de7bbd7c35a34e7b84a5fd2c2e6da9b5300987ed40c008d7515e11cd38a6c2",