{"results": {"benchmarks.TimeRead.time_alarm_read": null, "benchmarks.TimeRead.time_asia_read": null, "benchmarks.TimeRead.time_munin_read": null, "benchmarks.TimeRead.time_pathfinder_read": null, "benchmarks.MemSuite.mem_list": null, "factor.TimeDiscreteFactor.time_factor_define": {"result": [2.2296005333619896e-05], "stats": [{"ci_99": [2.168869296529902e-05, 2.3832646051376087e-05], "q_25": 2.2173464287667902e-05, "q_75": 2.244027718664087e-05, "min": 2.168869296529902e-05, "max": 2.3832646051376087e-05, "mean": 2.2380637527289077e-05, "std": 5.39756175235654e-07, "repeat": 10, "number": 469}]}, "factor.TimeDiscreteFactor.time_factor_marginalize": {"result": [3.156267741461704e-05], "stats": [{"ci_99": [3.135845748459459e-05, 3.28835747794479e-05], "q_25": 3.148984897825758e-05, "q_75": 3.197137390152767e-05, "min": 3.135845748459459e-05, "max": 3.28835747794479e-05, "mean": 3.176646334336951e-05, "std": 4.374846024291998e-07, "repeat": 10, "number": 341}]}, "factor.TimeDiscreteFactor.time_factor_marginalize_large": {"result": [8.7539823772338e-05], "stats": [{"ci_99": [8.716575408828651e-05, 9.237377868929962e-05], "q_25": 8.742626229578775e-05, "q_75": 8.778661268464571e-05, "min": 8.716575408828651e-05, "max": 9.237377868929962e-05, "mean": 8.809298360276563e-05, "std": 1.4869595631766088e-06, "repeat": 10, "number": 122}]}, "factor.TimeDiscreteFactor.time_factor_multiply": {"result": [4.039111580395376e-05], "stats": [{"ci_99": [3.9711669120044785e-05, 4.103976469677411e-05], "q_25": 3.999858180283328e-05, "q_75": 4.063165716709537e-05, "min": 3.9711669120044785e-05, "max": 4.103976469677411e-05, "mean": 4.034708088056505e-05, "std": 3.97505390801609e-07, "repeat": 10, "number": 272}]}, "factor.TimeDiscreteFactor.time_factor_multiply_large": {"result": [7.164332192301055e-05], "stats": [{"ci_99": [7.035286301425626e-05, 7.48334589108509e-05], "q_25": 7.131301368669844e-05, "q_75": 7.187220717864813e-05, "min": 7.035286301425626e-05, "max": 7.48334589108509e-05, "mean": 7.177128219117462e-05, "std": 1.1333233795953725e-06, "repeat": 10, "number": 146}]}, "factor.TimeDiscreteFactor.time_factor_reduce": {"result": [2.9281164805771325e-05], "stats": [{"ci_99": [2.8971301673166195e-05, 2.9564567038551357e-05], "q_25": 2.9197503487550583e-05, "q_75": 2.9412444830248905e-05, "min": 2.8971301673166195e-05, "max": 2.9564567038551357e-05, "mean": 2.929264748428835e-05, "std": 1.6012022369225557e-07, "repeat": 10, "number": 358}]}, "factor.TimeDiscreteFactor.time_factor_reduce_large": {"result": [4.368132352688352e-05], "stats": [{"ci_99": [4.303499580211272e-05, 4.4109873952879176e-05], "q_25": 4.3314148111492904e-05, "q_75": 4.403567016029343e-05, "min": 4.303499580211272e-05, "max": 4.4109873952879176e-05, "mean": 4.363772730953735e-05, "std": 3.933393505747383e-07, "repeat": 10, "number": 238}]}, "readwrite.TimeRead.time_alarm_read": null, "readwrite.TimeRead.time_asia_read": null, "readwrite.TimeRead.time_munin_read": null, "readwrite.TimeRead.time_pathfinder_read": null, "structure_learning.TimePC.time_pc_orig": null, "structure_learning.TimePC.time_pc_stable": null, "structure_learning.TimePC.time_samples": null, "readwrite.MemSuite.mem_list": 2104}, "params": {"arch": "x86_64", "cpu": "Intel(R) Core(TM) i7-6500U CPU @ 2.50GHz", "machine": "ankur-ux305", "num_cpu": "4", "os": "Linux 5.4.0-26-generic", "ram": "8046716", "python": "3.8"}, "requirements": {}, "commit_hash": "421e224017a8ad05eec371497a88347db084c070", "date": 1597834316000, "env_name": "conda-py3.8", "python": "3.8", "profiles": {}, "started_at": {"benchmarks.TimeRead.time_alarm_read": 1598103844801, "benchmarks.TimeRead.time_asia_read": 1598103844854, "benchmarks.TimeRead.time_munin_read": 1598103844907, "benchmarks.TimeRead.time_pathfinder_read": 1598103844961, "benchmarks.MemSuite.mem_list": 1598103845016, "factor.TimeDiscreteFactor.time_factor_define": 1598149956184, "factor.TimeDiscreteFactor.time_factor_marginalize": 1598149956395, "factor.TimeDiscreteFactor.time_factor_marginalize_large": 1598149956600, "factor.TimeDiscreteFactor.time_factor_multiply": 1598149956805, "factor.TimeDiscreteFactor.time_factor_multiply_large": 1598149957010, "factor.TimeDiscreteFactor.time_factor_reduce": 1598149957215, "factor.TimeDiscreteFactor.time_factor_reduce_large": 1598149957420, "readwrite.TimeRead.time_alarm_read": 1598149954572, "readwrite.TimeRead.time_asia_read": 1598149954829, "readwrite.TimeRead.time_munin_read": 1598149955089, "readwrite.TimeRead.time_pathfinder_read": 1598149955297, "structure_learning.TimePC.time_pc_orig": 1598149955506, "structure_learning.TimePC.time_pc_stable": 1598149955765, "structure_learning.TimePC.time_samples": 1598149955975, "readwrite.MemSuite.mem_list": 1598149957626}, "ended_at": {"benchmarks.TimeRead.time_alarm_read": 1598103844854, "benchmarks.TimeRead.time_asia_read": 1598103844907, "benchmarks.TimeRead.time_munin_read": 1598103844961, "benchmarks.TimeRead.time_pathfinder_read": 1598103845015, "benchmarks.MemSuite.mem_list": 1598103845070, "factor.TimeDiscreteFactor.time_factor_define": 1598149956395, "factor.TimeDiscreteFactor.time_factor_marginalize": 1598149956600, "factor.TimeDiscreteFactor.time_factor_marginalize_large": 1598149956805, "factor.TimeDiscreteFactor.time_factor_multiply": 1598149957010, "factor.TimeDiscreteFactor.time_factor_multiply_large": 1598149957215, "factor.TimeDiscreteFactor.time_factor_reduce": 1598149957420, "factor.TimeDiscreteFactor.time_factor_reduce_large": 1598149957625, "readwrite.TimeRead.time_alarm_read": 1598149954829, "readwrite.TimeRead.time_asia_read": 1598149955089, "readwrite.TimeRead.time_munin_read": 1598149955297, "readwrite.TimeRead.time_pathfinder_read": 1598149955506, "structure_learning.TimePC.time_pc_orig": 1598149955765, "structure_learning.TimePC.time_pc_stable": 1598149955975, "structure_learning.TimePC.time_samples": 1598149956184, "readwrite.MemSuite.mem_list": 1598149957680}, "benchmark_version": {"benchmarks.TimeRead.time_alarm_read": "ed22ba0629363f937a7050136f648eb524be528e791d857ec2c97d60f49402e0", "benchmarks.TimeRead.time_asia_read": "9f07825719f3e3699c69094581028f691151fbe06c37c25e4cff3d7f7e4c0e34", "benchmarks.TimeRead.time_munin_read": "61f15f73fcc39dbbd470a13db44736faecaf86cc73f312b94be90a495cada76d", "benchmarks.TimeRead.time_pathfinder_read": "e55338c1772a5f031f8cef873495f419e932fdd8c720b605f5d4f908f381d3bd", "benchmarks.MemSuite.mem_list": "abe86bab484550a681c61d7bb6eb081fbd37eb6d5009eba1df85c935530577b9", "factor.TimeDiscreteFactor.time_factor_define": "47f6e70c4e7e8b3fd3c7637ea3ae9398bcd0602e47f2463aef751f5d75d59132", "factor.TimeDiscreteFactor.time_factor_marginalize": "1751edaf413761a8d2d33c37d0386a5acbcb614103c7ffd86ad968d971494f55", "factor.TimeDiscreteFactor.time_factor_marginalize_large": "d191da79cb414cd21a1d1709f86146cd8bc661e8c126b8397e3319d2a088d503", "factor.TimeDiscreteFactor.time_factor_multiply": "ed4892b8d8d967847c9c8a32925ed3db57fcccbd7c8f3dbd6b179b8c68eb1ba0", "factor.TimeDiscreteFactor.time_factor_multiply_large": "78237cc6cf21ae654638e61e776b5f46d1a0200fa0b3b25cbd10a7b39500eca2", "factor.TimeDiscreteFactor.time_factor_reduce": "647c78f5d66c964ef591c1ae96b48152136fd2fda68075f73f41e1397f0ae829", "factor.TimeDiscreteFactor.time_factor_reduce_large": "035bee7b46b483d4df49a392d773d6b0764547c5c0b6b1548539987db2e6e424", "readwrite.TimeRead.time_alarm_read": "ed22ba0629363f937a7050136f648eb524be528e791d857ec2c97d60f49402e0", "readwrite.TimeRead.time_asia_read": "9f07825719f3e3699c69094581028f691151fbe06c37c25e4cff3d7f7e4c0e34", "readwrite.TimeRead.time_munin_read": "61f15f73fcc39dbbd470a13db44736faecaf86cc73f312b94be90a495cada76d", "readwrite.TimeRead.time_pathfinder_read": "e55338c1772a5f031f8cef873495f419e932fdd8c720b605f5d4f908f381d3bd", "structure_learning.TimePC.time_pc_orig": "d9de7bbd7c35a34e7b84a5fd2c2e6da9b5300987ed40c008d7515e11cd38a6c2", "structure_learning.TimePC.time_pc_stable": "e241d1e8b9c0c9daf2eaa78b9808996236e0aa980f7d6cdc9de17f76c10a7d06",