{"results": {"factor.TimeDiscreteFactor.time_factor_define": {"result": [2.262206183705997e-05], "stats": [{"ci_99": [2.2312445623583213e-05, 2.280547761289812e-05], "q_25": 2.2545222812607115e-05, "q_75": 2.276042590532062e-05, "min": 2.2312445623583213e-05, "max": 2.280547761289812e-05, "mean": 2.2614055010279132e-05, "std": 1.6045826664055628e-07, "repeat": 10, "number": 469}]}, "factor.TimeDiscreteFactor.time_factor_marginalize": {"result": [3.180235321437712e-05], "stats": [{"ci_99": [3.1582428139224306e-05, 3.2504917434288545e-05], "q_25": 3.1614438069479494e-05, "q_75": 3.195195107213745e-05, "min": 3.1582428139224306e-05, "max": 3.2504917434288545e-05, "mean": 3.184549877747953e-05, "std": 2.761274227431104e-07, "repeat": 10, "number": 327}]}, "factor.TimeDiscreteFactor.time_factor_marginalize_large": {"result": [8.938418442517477e-05], "stats": [{"ci_99": [8.878151639378974e-05, 9.089573770742405e-05], "q_25": 8.90298422179557e-05, "q_75": 8.985301228974884e-05, "min": 8.878151639378974e-05, "max": 9.089573770742405e-05, "mean": 8.951833770864694e-05, "std": 6.276134503316684e-07, "repeat": 10, "number": 122}]}, "factor.TimeDiscreteFactor.time_factor_multiply": {"result": [4.196314800356049e-05], "stats": [{"ci_99": [4.1360168004757726e-05, 4.2277739994460716e-05], "q_25": 4.154527700302424e-05, "q_75": 4.2163414000242484e-05, "min": 4.1360168004757726e-05, "max": 4.2277739994460716e-05, "mean": 4.187186760100304e-05, "std": 3.306586026156731e-07, "repeat": 10, "number": 250}]}, "factor.TimeDiscreteFactor.time_factor_multiply_large": {"result": [7.569268613237545e-05], "stats": [{"ci_99": [7.514016787533438e-05, 7.87661240918793e-05], "q_25": 7.534507480105827e-05, "q_75": 7.682261861669347e-05, "min": 7.514016787533438e-05, "max": 7.87661240918793e-05, "mean": 7.625702627506243e-05, "std": 1.1874625485551638e-06, "repeat": 10, "number": 137}]}, "factor.TimeDiscreteFactor.time_factor_reduce": {"result": [3.011811095243253e-05], "stats": [{"ci_99": [2.9748507203522167e-05, 3.10815821360845e-05], "q_25": 2.9956507205497473e-05, "q_75": 3.0285940201085307e-05, "min": 2.9748507203522167e-05, "max": 3.10815821360845e-05, "mean": 3.016971671659069e-05, "std": 3.545632927641445e-07, "repeat": 10, "number": 347}]}, "factor.TimeDiscreteFactor.time_factor_reduce_large": {"result": [4.568036123128128e-05], "stats": [{"ci_99": [4.5065881064780144e-05, 4.777577533878977e-05], "q_25": 4.539782708680764e-05, "q_75": 4.586513435518977e-05, "min": 4.5065881064780144e-05, "max": 4.777577533878977e-05, "mean": 4.584738722320806e-05, "std": 7.298499577170531e-07, "repeat": 10, "number": 227}]}, "readwrite.TimeRead.time_alarm_read": {"result": [0.34158352150006976], "stats": [{"ci_99": [0.3303440589988895, 0.37619101900054375], "q_25": 0.338784520498848, "q_75": 0.34800428100061254, "min": 0.3303440589988895, "max": 0.37619101900054375, "mean": 0.3446724203997292, "std": 0.011914200549694437, "repeat": 10, "number": 1}]}, "readwrite.TimeRead.time_asia_read": {"result": [0.2542012784997496], "stats": [{"ci_99": [0.24282887300068978, 0.41056983299858985], "q_25": 0.2522675779991914, "q_75": 0.26635036674906587, "min": 0.24282887300068978, "max": 0.41056983299858985, "mean": 0.27175926299969433, "std": 0.04691747618072025, "repeat": 10, "number": 1}]}, "readwrite.TimeRead.time_munin_read": {"result": [7.5431534349991125], "stats": [{"ci_99": [7.0855213349932455, 8.00078553500498], "q_25": 7.538577113999054, "q_75": 7.547729755999171, "min": 7.534000792998995, "max": 7.55230607699923, "mean": 7.5431534349991125, "std": 0.00915264200011734, "repeat": 2, "number": 1}]}, "readwrite.TimeRead.time_pathfinder_read": {"result": [8.362221811999916], "stats": [{"ci_99": [7.3514099619715125, 9.37303366202832], "q_25": 8.352113693499632, "q_75": 8.3723299305002, "min": 8.342005574999348, "max": 8.382438049000484, "mean": 8.362221811999916, "std": 0.02021623700056807, "repeat": 2, "number": 1}]}, "structure_learning.TimePC.time_pc_orig": null, "structure_learning.TimePC.time_pc_stable": null, "structure_learning.TimePC.time_samples": {"result": [77.23300257949995], "stats": [{"ci_99": [72.18379510442355, 82.28221005457635], "q_25": 77.18251050474919, "q_75": 77.28349465425072, "min": 77.13201842999842, "max": 77.33398672900148, "mean": 77.23300257949995, "std": 0.10098414950152801, "repeat": 2, "number": 1}]}, "readwrite.MemSuite.mem_list": 2120}, "params": {"arch": "x86_64", "cpu": "Intel(R) Core(TM) i7-6500U CPU @ 2.50GHz", "machine": "ankur-ux305", "num_cpu": "4", "os": "Linux 5.4.0-26-generic", "ram": "8046716", "python": "3.7"}, "requirements": {}, "commit_hash": "421e224017a8ad05eec371497a88347db084c070", "date": 1597834316000, "env_name": "conda-py3.7", "python": "3.7", "profiles": {}, "started_at": {"factor.TimeDiscreteFactor.time_factor_define": 1598149736644, "factor.TimeDiscreteFactor.time_factor_marginalize": 1598149736852, "factor.TimeDiscreteFactor.time_factor_marginalize_large": 1598149737058, "factor.TimeDiscreteFactor.time_factor_multiply": 1598149737263, "factor.TimeDiscreteFactor.time_factor_multiply_large": 1598149737468, "factor.TimeDiscreteFactor.time_factor_reduce": 1598149737673, "factor.TimeDiscreteFactor.time_factor_reduce_large": 1598149737878, "readwrite.TimeRead.time_alarm_read": 1598149738138, "readwrite.TimeRead.time_asia_read": 1598149740406, "readwrite.TimeRead.time_munin_read": 1598149742122, "readwrite.TimeRead.time_pathfinder_read": 1598149759714, "structure_learning.TimePC.time_pc_orig": 1598149544272, "structure_learning.TimePC.time_pc_stable": 1598149554752, "structure_learning.TimePC.time_samples": 1598149777617, "readwrite.MemSuite.mem_list": 1598149738083}, "ended_at": {"factor.TimeDiscreteFactor.time_factor_define": 1598149736852, "factor.TimeDiscreteFactor.time_factor_marginalize": 1598149737057, "factor.TimeDiscreteFactor.time_factor_marginalize_large": 1598149737263, "factor.TimeDiscreteFactor.time_factor_multiply": 1598149737468, "factor.TimeDiscreteFactor.time_factor_multiply_large": 1598149737672, "factor.TimeDiscreteFactor.time_factor_reduce": 1598149737878, "factor.TimeDiscreteFactor.time_factor_reduce_large": 1598149738083, "readwrite.TimeRead.time_alarm_read": 1598149740406, "readwrite.TimeRead.time_asia_read": 1598149742122, "readwrite.TimeRead.time_munin_read": 1598149759714, "readwrite.TimeRead.time_pathfinder_read": 1598149777614, "structure_learning.TimePC.time_pc_orig": 1598149554752, "structure_learning.TimePC.time_pc_stable": 1598149565182, "structure_learning.TimePC.time_samples": 1598149949058, "readwrite.MemSuite.mem_list": 1598149738138}, "benchmark_version": {"factor.TimeDiscreteFactor.time_factor_define": "47f6e70c4e7e8b3fd3c7637ea3ae9398bcd0602e47f2463aef751f5d75d59132", "factor.TimeDiscreteFactor.time_factor_marginalize": "1751edaf413761a8d2d33c37d0386a5acbcb614103c7ffd86ad968d971494f55", "factor.TimeDiscreteFactor.time_factor_marginalize_large": "d191da79cb414cd21a1d1709f86146cd8bc661e8c126b8397e3319d2a088d503", "factor.TimeDiscreteFactor.time_factor_multiply": "ed4892b8d8d967847c9c8a32925ed3db57fcccbd7c8f3dbd6b179b8c68eb1ba0", "factor.TimeDiscreteFactor.time_factor_multiply_large": "78237cc6cf21ae654638e61e776b5f46d1a0200fa0b3b25cbd10a7b39500eca2", "factor.TimeDiscreteFactor.time_factor_reduce": "647c78f5d66c964ef591c1ae96b48152136fd2fda68075f73f41e1397f0ae829", "factor.TimeDiscreteFactor.time_factor_reduce_large": "035bee7b46b483d4df49a392d773d6b0764547c5c0b6b1548539987db2e6e424", "readwrite.TimeRead.time_alarm_read": "ed22ba0629363f937a7050136f648eb524be528e791d857ec2c97d60f49402e0", "readwrite.TimeRead.time_asia_read": "9f07825719f3e3699c69094581028f691151fbe06c37c25e4cff3d7f7e4c0e34", "readwrite.TimeRead.time_munin_read": "61f15f73fcc39dbbd470a13db44736faecaf86cc73f312b94be90a495cada76d", "readwrite.TimeRead.time_pathfinder_read": "e55338c1772a5f031f8cef873495f419e932fdd8c720b605f5d4f908f381d3bd",