{"results": {"factor.TimeDiscreteFactor.time_factor_define": {"result": [2.3651144712885285e-05], "stats": [{"ci_99": [2.2352999997135156e-05, 2.7061332616294768e-05], "q_25": 2.3040352048047872e-05, "q_75": 2.4146987579907008e-05, "min": 2.2352999997135156e-05, "max": 2.7061332616294768e-05, "mean": 2.404827840150898e-05, "std": 1.5283876298852608e-06, "repeat": 10, "number": 463}]}, "factor.TimeDiscreteFactor.time_factor_marginalize": {"result": [3.556462970185461e-05], "stats": [{"ci_99": [3.178962029587159e-05, 4.506531579118429e-05], "q_25": 3.461841447631714e-05, "q_75": 3.660517105393075e-05, "min": 3.178962029587159e-05, "max": 4.506531579118429e-05, "mean": 3.647344962420656e-05, "std": 3.915812277011972e-06, "repeat": 10, "number": 266}]}, "factor.TimeDiscreteFactor.time_factor_marginalize_large": {"result": [9.132445495754484e-05], "stats": [{"ci_99": [8.784127026415631e-05, 9.809753153292747e-05], "q_25": 8.95472815311944e-05, "q_75": 9.595660810134119e-05, "min": 8.784127026415631e-05, "max": 9.809753153292747e-05, "mean": 9.2596418917392e-05, "std": 3.709155548479269e-06, "repeat": 10, "number": 111}]}, "factor.TimeDiscreteFactor.time_factor_multiply": {"result": [4.532731097382995e-05], "stats": [{"ci_99": [4.0208731720704825e-05, 5.952415446470666e-05], "q_25": 4.0881061988507206e-05, "q_75": 5.608328150835989e-05, "min": 4.0208731720704825e-05, "max": 5.952415446470666e-05, "mean": 4.799219268312388e-05, "std": 7.715420044814731e-06, "repeat": 10, "number": 246}]}, "factor.TimeDiscreteFactor.time_factor_multiply_large": {"result": [7.867916438916749e-05], "stats": [{"ci_99": [7.251353425289542e-05, 8.450604111377998e-05], "q_25": 7.323941952264462e-05, "q_75": 8.069062499226389e-05, "min": 7.251353425289542e-05, "max": 8.450604111377998e-05, "mean": 7.780178561728936e-05, "std": 4.3708191089828776e-06, "repeat": 10, "number": 146}]}, "factor.TimeDiscreteFactor.time_factor_reduce": {"result": [3.025930681649863e-05], "stats": [{"ci_99": [2.9686295451111537e-05, 3.577872159481062e-05], "q_25": 2.998770312697988e-05, "q_75": 3.176939204184815e-05, "min": 2.9686295451111537e-05, "max": 3.577872159481062e-05, "mean": 3.1140231249082725e-05, "std": 1.7786606413385695e-06, "repeat": 10, "number": 352}]}, "factor.TimeDiscreteFactor.time_factor_reduce_large": {"result": [4.8723717694074405e-05], "stats": [{"ci_99": [4.340173683503006e-05, 8.508770813793389e-05], "q_25": 4.350889354430943e-05, "q_75": 5.719742104841417e-05, "min": 4.340173683503006e-05, "max": 8.508770813793389e-05, "mean": 5.281241052590742e-05, "std": 1.2383069594161761e-05, "repeat": 10, "number": 209}]}, "readwrite.TimeRead.time_alarm_read": {"result": [0.26303543299945886], "stats": [{"ci_99": [0.23610517800261732, 0.7251693879989034], "q_25": 0.254262356248546, "q_75": 0.27088848575021984, "min": 0.23610517800261732, "max": 0.7251693879989034, "mean": 0.3118633908998163, "std": 0.13972367401444657, "repeat": 10, "number": 1}]}, "readwrite.TimeRead.time_asia_read": {"result": [0.1702129289988079], "stats": [{"ci_99": [0.13509298300050432, 0.23260934700010694], "q_25": 0.15576341249925463, "q_75": 0.2010294325009454, "min": 0.13509298300050432, "max": 0.23260934700010694, "mean": 0.1773299007996684, "std": 0.028723939365123213, "repeat": 10, "number": 1}]}, "readwrite.TimeRead.time_munin_read": {"result": [7.725948212499134], "stats": [{"ci_99": [6.3255768874460045, 9.126319537552261], "q_25": 7.711944499248602, "q_75": 7.739951925749665, "min": 7.697940785998071, "max": 7.753955639000196, "mean": 7.725948212499134, "std": 0.028007426501062582, "repeat": 2, "number": 1}]}, "readwrite.TimeRead.time_pathfinder_read": {"result": [9.418621098500807], "stats": [{"ci_99": [-13.591461376456209, 32.4287035734578], "q_25": 9.188520273751237, "q_75": 9.648721923250378, "min": 8.958419449001667, "max": 9.878822747999948, "mean": 9.418621098500807, "std": 0.46020164949914033, "repeat": 2, "number": 1}]}, "structure_learning.TimePC.time_pc_orig": null, "structure_learning.TimePC.time_pc_stable": null, "structure_learning.TimePC.time_samples": null, "readwrite.MemSuite.mem_list": 2104}, "params": {"arch": "x86_64", "cpu": "Intel(R) Core(TM) i7-6500U CPU @ 2.50GHz", "machine": "ankur-ux305", "num_cpu": "4", "os": "Linux 5.4.0-26-generic", "ram": "8046716", "python": "3.8"}, "requirements": {}, "commit_hash": "45a769eb8338eec6740781ab46e74376d680c515", "date": 1597142757000, "env_name": "conda-py3.8", "python": "3.8", "profiles": {}, "started_at": {"factor.TimeDiscreteFactor.time_factor_define": 1598109442201, "factor.TimeDiscreteFactor.time_factor_marginalize": 1598109442406, "factor.TimeDiscreteFactor.time_factor_marginalize_large": 1598109442611, "factor.TimeDiscreteFactor.time_factor_multiply": 1598109442817, "factor.TimeDiscreteFactor.time_factor_multiply_large": 1598109443025, "factor.TimeDiscreteFactor.time_factor_reduce": 1598109443232, "factor.TimeDiscreteFactor.time_factor_reduce_large": 1598109443442, "readwrite.TimeRead.time_alarm_read": 1598109443703, "readwrite.TimeRead.time_asia_read": 1598109445975, "readwrite.TimeRead.time_munin_read": 1598109447089, "readwrite.TimeRead.time_pathfinder_read": 1598109465384, "structure_learning.TimePC.time_pc_orig": 1598109356449, "structure_learning.TimePC.time_pc_stable": 1598109369580, "structure_learning.TimePC.time_samples": 1598109382114, "readwrite.MemSuite.mem_list": 1598109443647}, "ended_at": {"factor.TimeDiscreteFactor.time_factor_define": 1598109442406, "factor.TimeDiscreteFactor.time_factor_marginalize": 1598109442611, "factor.TimeDiscreteFactor.time_factor_marginalize_large": 1598109442817, "factor.TimeDiscreteFactor.time_factor_multiply": 1598109443025, "factor.TimeDiscreteFactor.time_factor_multiply_large": 1598109443231, "factor.TimeDiscreteFactor.time_factor_reduce": 1598109443442, "factor.TimeDiscreteFactor.time_factor_reduce_large": 1598109443647, "readwrite.TimeRead.time_alarm_read": 1598109445975, "readwrite.TimeRead.time_asia_read": 1598109447088, "readwrite.TimeRead.time_munin_read": 1598109465383, "readwrite.TimeRead.time_pathfinder_read": 1598109484781, "structure_learning.TimePC.time_pc_orig": 1598109369580, "structure_learning.TimePC.time_pc_stable": 1598109382113, "structure_learning.TimePC.time_samples": 1598109442201, "readwrite.MemSuite.mem_list": 1598109443703}, "benchmark_version": {"factor.TimeDiscreteFactor.time_factor_define": "47f6e70c4e7e8b3fd3c7637ea3ae9398bcd0602e47f2463aef751f5d75d59132", "factor.TimeDiscreteFactor.time_factor_marginalize": "1751edaf413761a8d2d33c37d0386a5acbcb614103c7ffd86ad968d971494f55", "factor.TimeDiscreteFactor.time_factor_marginalize_large": "d191da79cb414cd21a1d1709f86146cd8bc661e8c126b8397e3319d2a088d503", "factor.TimeDiscreteFactor.time_factor_multiply": "ed4892b8d8d967847c9c8a32925ed3db57fcccbd7c8f3dbd6b179b8c68eb1ba0", "factor.TimeDiscreteFactor.time_factor_multiply_large": "78237cc6cf21ae654638e61e776b5f46d1a0200fa0b3b25cbd10a7b39500eca2", "factor.TimeDiscreteFactor.time_factor_reduce": "647c78f5d66c964ef591c1ae96b48152136fd2fda68075f73f41e1397f0ae829", "factor.TimeDiscreteFactor.time_factor_reduce_large": "035bee7b46b483d4df49a392d773d6b0764547c5c0b6b1548539987db2e6e424", "readwrite.TimeRead.time_alarm_read": "ed22ba0629363f937a7050136f648eb524be528e791d857ec2c97d60f49402e0", "readwrite.TimeRead.time_asia_read": "9f07825719f3e3699c69094581028f691151fbe06c37c25e4cff3d7f7e4c0e34", "readwrite.TimeRead.time_munin_read": "61f15f73fcc39dbbd470a13db44736faecaf86cc73f312b94be90a495cada76d", "readwrite.TimeRead.time_pathfinder_read": "e55338c1772a5f031f8cef873495f419e932fdd8c720b605f5d4f908f381d3bd", "structure_learning.TimePC.time_pc_orig": "d9de7bbd7c35a34e7b84a5fd2c2e6da9b5300987ed40c008d7515e11cd38a6c2", "structure_learning.TimePC.time_pc_stable": "e241d1e8b9c0c9daf2eaa78b9808996236e0aa980f7d6cdc9de17f76c10a7d06", "structure_learning.TimePC.time_samples": "591022ca780b0733dc90c61961b65e0c3ef0fef00ac115f93ae051b1f79fec72",