{"results": {"factor.TimeDiscreteFactor.time_factor_define": {"result": [2.2625174998487954e-05], "stats": [{"ci_99": [2.2267373906683846e-05, 2.3113330430730812e-05], "q_25": 2.251976304409175e-05, "q_75": 2.2854611415823456e-05, "min": 2.2267373906683846e-05, "max": 2.3113330430730812e-05, "mean": 2.267572043385134e-05, "std": 2.481053874478786e-07, "repeat": 10, "number": 460}]}, "factor.TimeDiscreteFactor.time_factor_marginalize": {"result": [3.1817256717998256e-05], "stats": [{"ci_99": [3.144458506852319e-05, 3.20271044794067e-05], "q_25": 3.1725979102132566e-05, "q_75": 3.195078134827347e-05, "min": 3.144458506852319e-05, "max": 3.20271044794067e-05, "mean": 3.179933612018566e-05, "std": 1.8408024528708899e-07, "repeat": 10, "number": 335}]}, "factor.TimeDiscreteFactor.time_factor_marginalize_large": {"result": [8.841712705823918e-05], "stats": [{"ci_99": [8.791109015516265e-05, 9.217363117013669e-05], "q_25": 8.804560859628464e-05, "q_75": 8.931870491428302e-05, "min": 8.791109015516265e-05, "max": 9.217363117013669e-05, "mean": 8.895266229479066e-05, "std": 1.293170917488947e-06, "repeat": 10, "number": 122}]}, "factor.TimeDiscreteFactor.time_factor_multiply": {"result": [4.148558240531236e-05], "stats": [{"ci_99": [4.0883232198685255e-05, 4.5616187266756916e-05], "q_25": 4.132336797557853e-05, "q_75": 4.1955379212717916e-05, "min": 4.0883232198685255e-05, "max": 4.5616187266756916e-05, "mean": 4.189388052240356e-05, "std": 1.295005309501905e-06, "repeat": 10, "number": 267}]}, "factor.TimeDiscreteFactor.time_factor_multiply_large": {"result": [8.667578513569041e-05], "stats": [{"ci_99": [8.590026446045684e-05, 8.739168595278266e-05], "q_25": 8.61838388652156e-05, "q_75": 8.707608677385988e-05, "min": 8.590026446045684e-05, "max": 8.739168595278266e-05, "mean": 8.666227934682407e-05, "std": 5.218606028430173e-07, "repeat": 10, "number": 121}]}, "factor.TimeDiscreteFactor.time_factor_reduce": {"result": [2.9075146650237955e-05], "stats": [{"ci_99": [2.875915921911696e-05, 2.936904748521912e-05], "q_25": 2.8919087991355977e-05, "q_75": 2.9248532824343954e-05, "min": 2.875915921911696e-05, "max": 2.936904748521912e-05, "mean": 2.907931927474334e-05, "std": 1.9660391138396948e-07, "repeat": 10, "number": 358}]}, "factor.TimeDiscreteFactor.time_factor_reduce_large": {"result": [4.435401890933623e-05], "stats": [{"ci_99": [4.381816806391511e-05, 4.6673974793520756e-05], "q_25": 4.4117882363262206e-05, "q_75": 4.484288656156331e-05, "min": 4.381816806391511e-05, "max": 4.6673974793520756e-05, "mean": 4.4611617649475914e-05, "std": 7.985514768981297e-07, "repeat": 10, "number": 238}]}, "readwrite.TimeRead.time_alarm_read": null, "readwrite.TimeRead.time_asia_read": null, "readwrite.TimeRead.time_munin_read": null, "readwrite.TimeRead.time_pathfinder_read": null, "structure_learning.TimePC.time_pc_orig": null, "structure_learning.TimePC.time_pc_stable": null, "structure_learning.TimePC.time_samples": null, "readwrite.MemSuite.mem_list": 2104}, "params": {"arch": "x86_64", "cpu": "Intel(R) Core(TM) i7-6500U CPU @ 2.50GHz", "machine": "ankur-ux305", "num_cpu": "4", "os": "Linux 5.4.0-26-generic", "ram": "8046716", "python": "3.8"}, "requirements": {}, "commit_hash": "45a769eb8338eec6740781ab46e74376d680c515", "date": 1597142757000, "env_name": "conda-py3.8", "python": "3.8", "profiles": {}, "started_at": {"factor.TimeDiscreteFactor.time_factor_define": 1598153675263, "factor.TimeDiscreteFactor.time_factor_marginalize": 1598153675471, "factor.TimeDiscreteFactor.time_factor_marginalize_large": 1598153675676, "factor.TimeDiscreteFactor.time_factor_multiply": 1598153675881, "factor.TimeDiscreteFactor.time_factor_multiply_large": 1598153676086, "factor.TimeDiscreteFactor.time_factor_reduce": 1598153676291, "factor.TimeDiscreteFactor.time_factor_reduce_large": 1598153676497, "readwrite.TimeRead.time_alarm_read": 1598153673599, "readwrite.TimeRead.time_asia_read": 1598153673806, "readwrite.TimeRead.time_munin_read": 1598153674015, "readwrite.TimeRead.time_pathfinder_read": 1598153674274, "structure_learning.TimePC.time_pc_orig": 1598153674534, "structure_learning.TimePC.time_pc_stable": 1598153674794, "structure_learning.TimePC.time_samples": 1598153675053, "readwrite.MemSuite.mem_list": 1598153676702}, "ended_at": {"factor.TimeDiscreteFactor.time_factor_define": 1598153675471, "factor.TimeDiscreteFactor.time_factor_marginalize": 1598153675676, "factor.TimeDiscreteFactor.time_factor_marginalize_large": 1598153675881, "factor.TimeDiscreteFactor.time_factor_multiply": 1598153676086, "factor.TimeDiscreteFactor.time_factor_multiply_large": 1598153676291, "factor.TimeDiscreteFactor.time_factor_reduce": 1598153676496, "factor.TimeDiscreteFactor.time_factor_reduce_large": 1598153676702, "readwrite.TimeRead.time_alarm_read": 1598153673806, "readwrite.TimeRead.time_asia_read": 1598153674015, "readwrite.TimeRead.time_munin_read": 1598153674274, "readwrite.TimeRead.time_pathfinder_read": 1598153674534, "structure_learning.TimePC.time_pc_orig": 1598153674794, "structure_learning.TimePC.time_pc_stable": 1598153675053, "structure_learning.TimePC.time_samples": 1598153675263, "readwrite.MemSuite.mem_list": 1598153676756}, "benchmark_version": {"factor.TimeDiscreteFactor.time_factor_define": "47f6e70c4e7e8b3fd3c7637ea3ae9398bcd0602e47f2463aef751f5d75d59132", "factor.TimeDiscreteFactor.time_factor_marginalize": "1751edaf413761a8d2d33c37d0386a5acbcb614103c7ffd86ad968d971494f55", "factor.TimeDiscreteFactor.time_factor_marginalize_large": "d191da79cb414cd21a1d1709f86146cd8bc661e8c126b8397e3319d2a088d503", "factor.TimeDiscreteFactor.time_factor_multiply": "ed4892b8d8d967847c9c8a32925ed3db57fcccbd7c8f3dbd6b179b8c68eb1ba0", "factor.TimeDiscreteFactor.time_factor_multiply_large": "78237cc6cf21ae654638e61e776b5f46d1a0200fa0b3b25cbd10a7b39500eca2", "factor.TimeDiscreteFactor.time_factor_reduce": "647c78f5d66c964ef591c1ae96b48152136fd2fda68075f73f41e1397f0ae829", "factor.TimeDiscreteFactor.time_factor_reduce_large": "035bee7b46b483d4df49a392d773d6b0764547c5c0b6b1548539987db2e6e424", "readwrite.TimeRead.time_alarm_read": "ed22ba0629363f937a7050136f648eb524be528e791d857ec2c97d60f49402e0", "readwrite.TimeRead.time_asia_read": "9f07825719f3e3699c69094581028f691151fbe06c37c25e4cff3d7f7e4c0e34", "readwrite.TimeRead.time_munin_read": "61f15f73fcc39dbbd470a13db44736faecaf86cc73f312b94be90a495cada76d", "readwrite.TimeRead.time_pathfinder_read": "e55338c1772a5f031f8cef873495f419e932fdd8c720b605f5d4f908f381d3bd", "structure_learning.TimePC.time_pc_orig": "d9de7bbd7c35a34e7b84a5fd2c2e6da9b5300987ed40c008d7515e11cd38a6c2", "structure_learning.TimePC.time_pc_stable": "e241d1e8b9c0c9daf2eaa78b9808996236e0aa980f7d6cdc9de17f76c10a7d06", "structure_learning.TimePC.time_samples": "591022ca780b0733dc90c61961b65e0c3ef0fef00ac115f93ae051b1f79fec72", "readwrite.MemSuite.mem_list": "abe86bab484550a681c61d7bb6eb081fbd37eb6d5009eba1df85c935530577b9"}, "version": 1}