{"results": {"factor.TimeDiscreteFactor.time_factor_define": {"result": [2.234144093052981e-05], "stats": [{"ci_99": [2.2087483124056918e-05, 2.347419198301821e-05], "q_25": 2.2218233120435763e-05, "q_75": 2.2617696734180408e-05, "min": 2.2087483124056918e-05, "max": 2.347419198301821e-05, "mean": 2.2541588608075796e-05, "std": 4.770105158775072e-07, "repeat": 10, "number": 474}]}, "factor.TimeDiscreteFactor.time_factor_marginalize": {"result": [3.19933621708288e-05], "stats": [{"ci_99": [3.1741363630282535e-05, 3.3193589442923716e-05], "q_25": 3.186932550744076e-05, "q_75": 3.2378305723339996e-05, "min": 3.1741363630282535e-05, "max": 3.3193589442923716e-05, "mean": 3.2201660702903235e-05, "std": 4.643110773244781e-07, "repeat": 10, "number": 341}]}, "factor.TimeDiscreteFactor.time_factor_marginalize_large": {"result": [9.089303419651149e-05], "stats": [{"ci_99": [8.934291454507675e-05, 9.627386325752386e-05], "q_25": 8.993132479757999e-05, "q_75": 9.2243760691495e-05, "min": 8.934291454507675e-05, "max": 9.627386325752386e-05, "mean": 9.139669658845035e-05, "std": 1.9283483248789248e-06, "repeat": 10, "number": 117}]}, "factor.TimeDiscreteFactor.time_factor_multiply": {"result": [4.2378755052975065e-05], "stats": [{"ci_99": [4.151127125178501e-05, 4.429020647898407e-05], "q_25": 4.1886030355275624e-05, "q_75": 4.323695749387302e-05, "min": 4.151127125178501e-05, "max": 4.429020647898407e-05, "mean": 4.259102793350563e-05, "std": 8.411461288416437e-07, "repeat": 10, "number": 247}]}, "factor.TimeDiscreteFactor.time_factor_multiply_large": {"result": [7.662165554831046e-05], "stats": [{"ci_99": [7.56496222392242e-05, 7.970326666879744e-05], "q_25": 7.636613520137163e-05, "q_75": 7.671322961228994e-05, "min": 7.56496222392242e-05, "max": 7.970326666879744e-05, "mean": 7.697303999857805e-05, "std": 1.1776539846058237e-06, "repeat": 10, "number": 135}]}, "factor.TimeDiscreteFactor.time_factor_reduce": {"result": [3.011443089439974e-05], "stats": [{"ci_99": [2.9503333334669693e-05, 3.111963414895944e-05], "q_25": 3.0024003387914833e-05, "q_75": 3.040123103006423e-05, "min": 2.9503333334669693e-05, "max": 3.111963414895944e-05, "mean": 3.0245666938652796e-05, "std": 4.485268975222667e-07, "repeat": 10, "number": 369}]}, "factor.TimeDiscreteFactor.time_factor_reduce_large": {"result": [4.573293829688485e-05], "stats": [{"ci_99": [4.536245105555281e-05, 4.792981276392659e-05], "q_25": 4.559816276169124e-05, "q_75": 4.596335318328396e-05, "min": 4.536245105555281e-05, "max": 4.792981276392659e-05, "mean": 4.602892510252361e-05, "std": 7.532141433338986e-07, "repeat": 10, "number": 235}]}, "readwrite.TimeRead.time_alarm_read": {"result": [0.3412484709988348], "stats": [{"ci_99": [0.30329393700230867, 0.48165573200094514], "q_25": 0.3329586179997932, "q_75": 0.35410992699871713, "min": 0.30329393700230867, "max": 0.48165573200094514, "mean": 0.3634251909996237, "std": 0.05702825437823866, "repeat": 10, "number": 1}]}, "readwrite.TimeRead.time_asia_read": {"result": [0.27160700499916857], "stats": [{"ci_99": [0.24602434099870152, 0.30193723299817066], "q_25": 0.251991311751226, "q_75": 0.2820751700010078, "min": 0.24602434099870152, "max": 0.30193723299817066, "mean": 0.2703815353001119, "std": 0.019660239303907878, "repeat": 10, "number": 1}]}, "readwrite.TimeRead.time_munin_read": {"result": [7.246192303999123], "stats": [{"ci_99": [6.228169553967746, 8.264215054030501], "q_25": 7.23601207649881, "q_75": 7.256372531499437, "min": 7.225831848998496, "max": 7.266552758999751, "mean": 7.246192303999123, "std": 0.020360455000627553, "repeat": 2, "number": 1}]}, "readwrite.TimeRead.time_pathfinder_read": {"result": [8.125521984999068], "stats": [{"ci_99": [6.95024148504308, 9.300802484955055], "q_25": 8.113769179999508, "q_75": 8.137274789998628, "min": 8.102016374999948, "max": 8.149027594998188, "mean": 8.125521984999068, "std": 0.02350560999911977, "repeat": 2, "number": 1}]}, "structure_learning.TimePC.time_pc_orig": null, "structure_learning.TimePC.time_pc_stable": null, "structure_learning.TimePC.time_samples": {"result": [77.67455251150022], "stats": [{"ci_99": [71.69664088641366, 83.65246413658679], "q_25": 77.61477339524936, "q_75": 77.73433162775109, "min": 77.55499427899849, "max": 77.79411074400196, "mean": 77.67455251150022, "std": 0.11955823250173125, "repeat": 2, "number": 1}]}, "readwrite.MemSuite.mem_list": 2120}, "params": {"arch": "x86_64", "cpu": "Intel(R) Core(TM) i7-6500U CPU @ 2.50GHz", "machine": "ankur-ux305", "num_cpu": "4", "os": "Linux 5.4.0-26-generic", "ram": "8046716", "python": "3.7"}, "requirements": {}, "commit_hash": "46169c1251234b0631c41cd9d86a2c49f0dfa359", "date": 1597225962000, "env_name": "conda-py3.7", "python": "3.7", "profiles": {}, "started_at": {"factor.TimeDiscreteFactor.time_factor_define": 1598152523508, "factor.TimeDiscreteFactor.time_factor_marginalize": 1598152523713, "factor.TimeDiscreteFactor.time_factor_marginalize_large": 1598152523918, "factor.TimeDiscreteFactor.time_factor_multiply": 1598152524123, "factor.TimeDiscreteFactor.time_factor_multiply_large": 1598152524328, "factor.TimeDiscreteFactor.time_factor_reduce": 1598152524533, "factor.TimeDiscreteFactor.time_factor_reduce_large": 1598152524738, "readwrite.TimeRead.time_alarm_read": 1598152524998, "readwrite.TimeRead.time_asia_read": 1598152527371, "readwrite.TimeRead.time_munin_read": 1598152528987, "readwrite.TimeRead.time_pathfinder_read": 1598152546478, "structure_learning.TimePC.time_pc_orig": 1598152328079, "structure_learning.TimePC.time_pc_stable": 1598152340615, "structure_learning.TimePC.time_samples": 1598152564069, "readwrite.MemSuite.mem_list": 1598152524943}, "ended_at": {"factor.TimeDiscreteFactor.time_factor_define": 1598152523713, "factor.TimeDiscreteFactor.time_factor_marginalize": 1598152523918, "factor.TimeDiscreteFactor.time_factor_marginalize_large": 1598152524123, "factor.TimeDiscreteFactor.time_factor_multiply": 1598152524328, "factor.TimeDiscreteFactor.time_factor_multiply_large": 1598152524532, "factor.TimeDiscreteFactor.time_factor_reduce": 1598152524738, "factor.TimeDiscreteFactor.time_factor_reduce_large": 1598152524943, "readwrite.TimeRead.time_alarm_read": 1598152527371, "readwrite.TimeRead.time_asia_read": 1598152528987, "readwrite.TimeRead.time_munin_read": 1598152546478, "readwrite.TimeRead.time_pathfinder_read": 1598152564066, "structure_learning.TimePC.time_pc_orig": 1598152340615, "structure_learning.TimePC.time_pc_stable": 1598152351748, "structure_learning.TimePC.time_samples": 1598152735936, "readwrite.MemSuite.mem_list": 1598152524998}, "benchmark_version": {"factor.TimeDiscreteFactor.time_factor_define": "47f6e70c4e7e8b3fd3c7637ea3ae9398bcd0602e47f2463aef751f5d75d59132", "factor.TimeDiscreteFactor.time_factor_marginalize": "1751edaf413761a8d2d33c37d0386a5acbcb614103c7ffd86ad968d971494f55", "factor.TimeDiscreteFactor.time_factor_marginalize_large": "d191da79cb414cd21a1d1709f86146cd8bc661e8c126b8397e3319d2a088d503", "factor.TimeDiscreteFactor.time_factor_multiply": "ed4892b8d8d967847c9c8a32925ed3db57fcccbd7c8f3dbd6b179b8c68eb1ba0", "factor.TimeDiscreteFactor.time_factor_multiply_large": "78237cc6cf21ae654638e61e776b5f46d1a0200fa0b3b25cbd10a7b39500eca2", "factor.TimeDiscreteFactor.time_factor_reduce": "647c78f5d66c964ef591c1ae96b48152136fd2fda68075f73f41e1397f0ae829", "factor.TimeDiscreteFactor.time_factor_reduce_large": "035bee7b46b483d4df49a392d773d6b0764547c5c0b6b1548539987db2e6e424", "readwrite.TimeRead.time_alarm_read": "ed22ba0629363f937a7050136f648eb524be528e791d857ec2c97d60f49402e0", "readwrite.TimeRead.time_asia_read": "9f07825719f3e3699c69094581028f691151fbe06c37c25e4cff3d7f7e4c0e34", "readwrite.TimeRead.time_munin_read": "61f15f73fcc39dbbd470a13db44736faecaf86cc73f312b94be90a495cada76d", "readwrite.TimeRead.time_pathfinder_read": "e55338c1772a5f031f8cef873495f419e932fdd8c720b605f5d4f908f381d3bd", "structure_learning.TimePC.time_pc_orig": "d9de7bbd7c35a34e7b84a5fd2c2e6da9b5300987ed40c008d7515e11cd38a6c2",