{"results": {"factor.TimeDiscreteFactor.time_factor_define": {"result": [2.2472326181663596e-05], "stats": [{"ci_99": [2.2159023595126465e-05, 2.343734334906975e-05], "q_25": 2.2403697963735807e-05, "q_75": 2.309654989946072e-05, "min": 2.2159023595126465e-05, "max": 2.343734334906975e-05, "mean": 2.2690438412446152e-05, "std": 4.4335148481800687e-07, "repeat": 10, "number": 466}]}, "factor.TimeDiscreteFactor.time_factor_marginalize": {"result": [3.191512690829284e-05], "stats": [{"ci_99": [3.169070949670446e-05, 3.281715596578901e-05], "q_25": 3.177357799242199e-05, "q_75": 3.221415442570158e-05, "min": 3.169070949670446e-05, "max": 3.281715596578901e-05, "mean": 3.204317309089797e-05, "std": 3.563682585864805e-07, "repeat": 10, "number": 327}]}, "factor.TimeDiscreteFactor.time_factor_marginalize_large": {"result": [8.945498274411436e-05], "stats": [{"ci_99": [8.907804313539287e-05, 9.253181896979343e-05], "q_25": 8.9273366390036e-05, "q_75": 8.985690084077291e-05, "min": 8.907804313539287e-05, "max": 9.253181896979343e-05, "mean": 8.979912758589088e-05, "std": 9.709978186060527e-07, "repeat": 10, "number": 116}]}, "factor.TimeDiscreteFactor.time_factor_multiply": {"result": [4.2210355373258196e-05], "stats": [{"ci_99": [4.1764892580243565e-05, 4.400087604424262e-05], "q_25": 4.2091723139304473e-05, "q_75": 4.260489048429309e-05, "min": 4.1764892580243565e-05, "max": 4.400087604424262e-05, "mean": 4.241111157231094e-05, "std": 6.085526553990914e-07, "repeat": 10, "number": 242}]}, "factor.TimeDiscreteFactor.time_factor_multiply_large": {"result": [7.652713535016549e-05], "stats": [{"ci_99": [7.59482105162793e-05, 8.006105261821566e-05], "q_25": 7.638988723843603e-05, "q_75": 7.686954887688451e-05, "min": 7.59482105162793e-05, "max": 8.006105261821566e-05, "mean": 7.690392181087334e-05, "std": 1.1079457592476463e-06, "repeat": 10, "number": 133}]}, "factor.TimeDiscreteFactor.time_factor_reduce": {"result": [2.9881450822249263e-05], "stats": [{"ci_99": [2.9304374316789952e-05, 3.178830054503372e-05], "q_25": 2.9689958342923556e-05, "q_75": 3.0029255465139657e-05, "min": 2.9304374316789952e-05, "max": 3.178830054503372e-05, "mean": 3.0003057651160047e-05, "std": 6.359488293777851e-07, "repeat": 10, "number": 366}]}, "factor.TimeDiscreteFactor.time_factor_reduce_large": {"result": [4.4850588473395555e-05], "stats": [{"ci_99": [4.463310288423442e-05, 4.732214812540982e-05], "q_25": 4.4748051434387876e-05, "q_75": 4.5341967082023815e-05, "min": 4.463310288423442e-05, "max": 4.732214812540982e-05, "mean": 4.518450658618464e-05, "std": 7.616661189323545e-07, "repeat": 10, "number": 243}]}, "readwrite.TimeRead.time_alarm_read": {"result": [0.3676315484990482], "stats": [{"ci_99": [0.326315947000694, 0.6454669289960293], "q_25": 0.35225983100281155, "q_75": 0.5723455207516963, "min": 0.326315947000694, "max": 0.6454669289960293, "mean": 0.44921271540006275, "std": 0.11992622173591681, "repeat": 10, "number": 1}]}, "readwrite.TimeRead.time_asia_read": {"result": [0.2563223194993043], "stats": [{"ci_99": [0.24272380000184057, 0.27452148999873316], "q_25": 0.25227747924873256, "q_75": 0.26982807824606425, "min": 0.24272380000184057, "max": 0.27452148999873316, "mean": 0.2593953510993742, "std": 0.010268704696052183, "repeat": 10, "number": 1}]}, "readwrite.TimeRead.time_munin_read": {"result": [7.296165108502464], "stats": [{"ci_99": [6.850289483529195, 7.742040733475733], "q_25": 7.2917063522527314, "q_75": 7.300623864752197, "min": 7.287247596002999, "max": 7.3050826210019295, "mean": 7.296165108502464, "std": 0.008917512499465374, "repeat": 2, "number": 1}]}, "readwrite.TimeRead.time_pathfinder_read": {"result": [8.303226913500112], "stats": [{"ci_99": [8.185229738461203, 8.42122408853902], "q_25": 8.302046941749722, "q_75": 8.3044068852505, "min": 8.300866969999333, "max": 8.30558685700089, "mean": 8.303226913500112, "std": 0.002359943500778172, "repeat": 2, "number": 1}]}, "structure_learning.TimePC.time_pc_orig": {"result": [53.20371435400375], "stats": [{"ci_99": [36.86535475399069, 69.5420739540168], "q_25": 53.04033075800362, "q_75": 53.36709795000388, "min": 52.87694716200349, "max": 53.53048154600401, "mean": 53.20371435400375, "std": 0.3267671920002613, "repeat": 2, "number": 1}]}, "structure_learning.TimePC.time_pc_stable": {"result": [61.0884676004971], "stats": [{"ci_99": [51.230527825431636, 70.94640737556254], "q_25": 60.98988820274644, "q_75": 61.18704699824775, "min": 60.89130880499579, "max": 61.285626395998406, "mean": 61.0884676004971, "std": 0.19715879550130921, "repeat": 2, "number": 1}]}, "structure_learning.TimePC.time_samples": {"result": [78.4250902169988], "stats": [{"ci_99": [68.98478776708725, 87.86539266691032], "q_25": 78.33068719249968, "q_75": 78.51949324149791, "min": 78.23628416800057, "max": 78.61389626599703, "mean": 78.4250902169988, "std": 0.18880604899823084, "repeat": 2, "number": 1}]}, "readwrite.MemSuite.mem_list": 2120}, "params": {"arch": "x86_64", "cpu": "Intel(R) Core(TM) i7-6500U CPU @ 2.50GHz", "machine": "ankur-ux305", "num_cpu": "4", "os": "Linux 5.4.0-26-generic", "ram": "8046716", "python": "3.7"}, "requirements": {}, "commit_hash": "5ef14685cfce100cca733acf0c7b0f2ebd8c7397", "date": 1596876555000, "env_name": "conda-py3.7", "python": "3.7", "profiles": {}, "started_at": {"factor.TimeDiscreteFactor.time_factor_define": 1598159043532, "factor.TimeDiscreteFactor.time_factor_marginalize": 1598159043738, "factor.TimeDiscreteFactor.time_factor_marginalize_large": 1598159043944, "factor.TimeDiscreteFactor.time_factor_multiply": 1598159044149, "factor.TimeDiscreteFactor.time_factor_multiply_large": 1598159044354, "factor.TimeDiscreteFactor.time_factor_reduce": 1598159044559, "factor.TimeDiscreteFactor.time_factor_reduce_large": 1598159044764, "readwrite.TimeRead.time_alarm_read": 1598159045024, "readwrite.TimeRead.time_asia_read": 1598159047800, "readwrite.TimeRead.time_munin_read": 1598159049416, "readwrite.TimeRead.time_pathfinder_read": 1598159066616, "structure_learning.TimePC.time_pc_orig": 1598159084464, "structure_learning.TimePC.time_pc_stable": 1598159205986, "structure_learning.TimePC.time_samples": 1598159340578, "readwrite.MemSuite.mem_list": 1598159044970}, "ended_at": {"factor.TimeDiscreteFactor.time_factor_define": 1598159043738, "factor.TimeDiscreteFactor.time_factor_marginalize": 1598159043943, "factor.TimeDiscreteFactor.time_factor_marginalize_large": 1598159044148, "factor.TimeDiscreteFactor.time_factor_multiply": 1598159044354, "factor.TimeDiscreteFactor.time_factor_multiply_large": 1598159044559, "factor.TimeDiscreteFactor.time_factor_reduce": 1598159044764, "factor.TimeDiscreteFactor.time_factor_reduce_large": 1598159044969, "readwrite.TimeRead.time_alarm_read": 1598159047800, "readwrite.TimeRead.time_asia_read": 1598159049416, "readwrite.TimeRead.time_munin_read": 1598159066615, "readwrite.TimeRead.time_pathfinder_read": 1598159084464, "structure_learning.TimePC.time_pc_orig": 1598159205983, "structure_learning.TimePC.time_pc_stable": 1598159340574, "structure_learning.TimePC.time_samples": 1598159514261, "readwrite.MemSuite.mem_list": 1598159045024}, "benchmark_version": {"factor.TimeDiscreteFactor.time_factor_define": "47f6e70c4e7e8b3fd3c7637ea3ae9398bcd0602e47f2463aef751f5d75d59132", "factor.TimeDiscreteFactor.time_factor_marginalize": "1751edaf413761a8d2d33c37d0386a5acbcb614103c7ffd86ad968d971494f55", "factor.TimeDiscreteFactor.time_factor_marginalize_large": "d191da79cb414cd21a1d1709f86146cd8bc661e8c126b8397e3319d2a088d503", "factor.TimeDiscreteFactor.time_factor_multiply": "ed4892b8d8d967847c9c8a32925ed3db57fcccbd7c8f3dbd6b179b8c68eb1ba0", "factor.TimeDiscreteFactor.time_factor_multiply_large": "78237cc6cf21ae654638e61e776b5f46d1a0200fa0b3b25cbd10a7b39500eca2", "factor.TimeDiscreteFactor.time_factor_reduce": "647c78f5d66c964ef591c1ae96b48152136fd2fda68075f73f41e1397f0ae829",