{"results": {"factor.TimeDiscreteFactor.time_factor_define": {"result": [2.4083651003523644e-05], "stats": [{"ci_99": [2.3666107381867992e-05, 2.4388322141281926e-05], "q_25": 2.3944399889327543e-05, "q_75": 2.41656241618232e-05, "min": 2.3666107381867992e-05, "max": 2.4388322141281926e-05, "mean": 2.405431252587545e-05, "std": 1.8973519504732147e-07, "repeat": 10, "number": 447}]}, "factor.TimeDiscreteFactor.time_factor_marginalize": {"result": [3.312761075708122e-05], "stats": [{"ci_99": [3.260432911218554e-05, 3.343431328889719e-05], "q_25": 3.2873890038991945e-05, "q_75": 3.3347374212582184e-05, "min": 3.260432911218554e-05, "max": 3.343431328889719e-05, "mean": 3.30982939885871e-05, "std": 2.761326963537903e-07, "repeat": 10, "number": 316}]}, "factor.TimeDiscreteFactor.time_factor_marginalize_large": {"result": [9.230551293136347e-05], "stats": [{"ci_99": [9.174276724009141e-05, 9.364224999820902e-05], "q_25": 9.214570905928196e-05, "q_75": 9.244403447061406e-05, "min": 9.174276724009141e-05, "max": 9.364224999820902e-05, "mean": 9.240848706620704e-05, "std": 4.950044577033304e-07, "repeat": 10, "number": 116}]}, "factor.TimeDiscreteFactor.time_factor_multiply": {"result": [4.329373868554304e-05], "stats": [{"ci_99": [4.2795637863091244e-05, 4.376799177841682e-05], "q_25": 4.30227294230092e-05, "q_75": 4.333881276014473e-05, "min": 4.2795637863091244e-05, "max": 4.376799177841682e-05, "mean": 4.323696708158157e-05, "std": 3.028868971344303e-07, "repeat": 10, "number": 243}]}, "factor.TimeDiscreteFactor.time_factor_multiply_large": {"result": [8.049395487740499e-05], "stats": [{"ci_99": [7.946651128161859e-05, 8.1548210541119e-05], "q_25": 8.004172932282414e-05, "q_75": 8.08842255640031e-05, "min": 7.946651128161859e-05, "max": 8.1548210541119e-05, "mean": 8.04446992483839e-05, "std": 6.286572063014344e-07, "repeat": 10, "number": 133}]}, "factor.TimeDiscreteFactor.time_factor_reduce": {"result": [3.091279386194002e-05], "stats": [{"ci_99": [3.039798830499347e-05, 3.134553802025379e-05], "q_25": 3.071695613875313e-05, "q_75": 3.1043289470146286e-05, "min": 3.039798830499347e-05, "max": 3.134553802025379e-05, "mean": 3.0892331579968006e-05, "std": 2.605669902133541e-07, "repeat": 10, "number": 342}]}, "factor.TimeDiscreteFactor.time_factor_reduce_large": {"result": [4.80026129115757e-05], "stats": [{"ci_99": [4.7607834087169734e-05, 4.835917049356895e-05], "q_25": 4.771098962588389e-05, "q_75": 4.8177244243225996e-05, "min": 4.7607834087169734e-05, "max": 4.835917049356895e-05, "mean": 4.796105391916728e-05, "std": 2.593928118507177e-07, "repeat": 10, "number": 217}]}, "readwrite.TimeRead.time_alarm_read": {"result": [0.37188314300146885], "stats": [{"ci_99": [0.33415678000164917, 0.7289010729982692], "q_25": 0.35120833874862, "q_75": 0.4001959902498129, "min": 0.33415678000164917, "max": 0.7289010729982692, "mean": 0.40605820259988834, "std": 0.11061896792661499, "repeat": 10, "number": 1}]}, "readwrite.TimeRead.time_asia_read": {"result": [0.2591291270018701], "stats": [{"ci_99": [0.23776450000150362, 0.31488195700148935], "q_25": 0.25647040700005164, "q_75": 0.2625166022507983, "min": 0.23776450000150362, "max": 0.31488195700148935, "mean": 0.26322693590045676, "std": 0.01921417740829411, "repeat": 10, "number": 1}]}, "readwrite.TimeRead.time_munin_read": {"result": [7.860821871998269], "stats": [{"ci_99": [7.3083627720170625, 8.413280971979475], "q_25": 7.855297280998457, "q_75": 7.866346462998081, "min": 7.849772689998645, "max": 7.871871053997893, "mean": 7.860821871998269, "std": 0.011049181999624125, "repeat": 2, "number": 1}]}, "readwrite.TimeRead.time_pathfinder_read": {"result": [8.892944399001863], "stats": [{"ci_99": [7.697670698933507, 10.088218099070216], "q_25": 8.880991662001179, "q_75": 8.904897136002546, "min": 8.869038925000496, "max": 8.91684987300323, "mean": 8.892944399001863, "std": 0.02390547400136711, "repeat": 2, "number": 1}]}, "structure_learning.TimePC.time_pc_orig": {"result": [53.9614955800007], "stats": [{"ci_99": [44.185335980086165, 63.73765517991523], "q_25": 53.863733984001556, "q_75": 54.059257175999846, "min": 53.76597238800241, "max": 54.15701877199899, "mean": 53.9614955800007, "std": 0.1955231919982907, "repeat": 2, "number": 1}]}, "structure_learning.TimePC.time_pc_stable": {"result": [66.31941381599972], "stats": [{"ci_99": [60.79599851598687, 71.84282911601258], "q_25": 66.2641796629996, "q_75": 66.37464796899985, "min": 66.20894550999947, "max": 66.42988212199998, "mean": 66.31941381599972, "std": 0.11046830600025714, "repeat": 2, "number": 1}]}, "structure_learning.TimePC.time_samples": {"result": [80.96713924699907], "stats": [{"ci_99": [60.36255084703407, 101.57172764696405], "q_25": 80.76109336299942, "q_75": 81.17318513099872, "min": 80.55504747899977, "max": 81.37923101499837, "mean": 80.96713924699907, "std": 0.4120917679992999, "repeat": 2, "number": 1}]}, "readwrite.MemSuite.mem_list": 2112}, "params": {"arch": "x86_64", "cpu": "Intel(R) Core(TM) i7-6500U CPU @ 2.50GHz", "machine": "ankur-ux305", "num_cpu": "4", "os": "Linux 5.4.0-26-generic", "ram": "8046716", "python": "3.6"}, "requirements": {}, "commit_hash": "604f1f90f0baf230af884555f0e70ea2d36b04bb", "date": 1596874853000, "env_name": "conda-py3.6", "python": "3.6", "profiles": {}, "started_at": {"factor.TimeDiscreteFactor.time_factor_define": 1598156168658, "factor.TimeDiscreteFactor.time_factor_marginalize": 1598156168866, "factor.TimeDiscreteFactor.time_factor_marginalize_large": 1598156169071, "factor.TimeDiscreteFactor.time_factor_multiply": 1598156169276, "factor.TimeDiscreteFactor.time_factor_multiply_large": 1598156169481, "factor.TimeDiscreteFactor.time_factor_reduce": 1598156169686, "factor.TimeDiscreteFactor.time_factor_reduce_large": 1598156169891, "readwrite.TimeRead.time_alarm_read": 1598156170151, "readwrite.TimeRead.time_asia_read": 1598156172924, "readwrite.TimeRead.time_munin_read": 1598156174541, "readwrite.TimeRead.time_pathfinder_read": 1598156192779, "structure_learning.TimePC.time_pc_orig": 1598156211729, "structure_learning.TimePC.time_pc_stable": 1598156334094, "structure_learning.TimePC.time_samples": 1598156479161, "readwrite.MemSuite.mem_list": 1598156170096}, "ended_at": {"factor.TimeDiscreteFactor.time_factor_define": 1598156168865, "factor.TimeDiscreteFactor.time_factor_marginalize": 1598156169071, "factor.TimeDiscreteFactor.time_factor_marginalize_large": 1598156169276, "factor.TimeDiscreteFactor.time_factor_multiply": 1598156169480, "factor.TimeDiscreteFactor.time_factor_multiply_large": 1598156169685, "factor.TimeDiscreteFactor.time_factor_reduce": 1598156169891, "factor.TimeDiscreteFactor.time_factor_reduce_large": 1598156170096, "readwrite.TimeRead.time_alarm_read": 1598156172924, "readwrite.TimeRead.time_asia_read": 1598156174540, "readwrite.TimeRead.time_munin_read": 1598156192779, "readwrite.TimeRead.time_pathfinder_read": 1598156211729, "structure_learning.TimePC.time_pc_orig": 1598156334091, "structure_learning.TimePC.time_pc_stable": 1598156479156, "structure_learning.TimePC.time_samples": 1598156657271, "readwrite.MemSuite.mem_list": 1598156170151}, "benchmark_version": {"factor.TimeDiscreteFactor.time_factor_define": "47f6e70c4e7e8b3fd3c7637ea3ae9398bcd0602e47f2463aef751f5d75d59132", "factor.TimeDiscreteFactor.time_factor_marginalize": "1751edaf413761a8d2d33c37d0386a5acbcb614103c7ffd86ad968d971494f55", "factor.TimeDiscreteFactor.time_factor_marginalize_large": "d191da79cb414cd21a1d1709f86146cd8bc661e8c126b8397e3319d2a088d503", "factor.TimeDiscreteFactor.time_factor_multiply": "ed4892b8d8d967847c9c8a32925ed3db57fcccbd7c8f3dbd6b179b8c68eb1ba0", "factor.TimeDiscreteFactor.time_factor_multiply_large": "78237cc6cf21ae654638e61e776b5f46d1a0200fa0b3b25cbd10a7b39500eca2", "factor.TimeDiscreteFactor.time_factor_reduce": "647c78f5d66c964ef591c1ae96b48152136fd2fda68075f73f41e1397f0ae829",