{"results": {"factor.TimeDiscreteFactor.time_factor_define": {"result": [2.279671820073609e-05], "stats": [{"ci_99": [2.264300877741015e-05, 2.322871052073376e-05], "q_25": 2.2697789470265362e-05, "q_75": 2.2901154053263445e-05, "min": 2.264300877741015e-05, "max": 2.322871052073376e-05, "mean": 2.2827221054237605e-05, "std": 1.695025319360831e-07, "repeat": 10, "number": 456}]}, "factor.TimeDiscreteFactor.time_factor_marginalize": {"result": [3.190700156210368e-05], "stats": [{"ci_99": [3.178970312092133e-05, 3.329971250423114e-05], "q_25": 3.1831689835826185e-05, "q_75": 3.2122823444069586e-05, "min": 3.178970312092133e-05, "max": 3.329971250423114e-05, "mean": 3.215894437516909e-05, "std": 5.150913460391985e-07, "repeat": 10, "number": 320}]}, "factor.TimeDiscreteFactor.time_factor_marginalize_large": {"result": [8.75718677671403e-05], "stats": [{"ci_99": [8.710376855297676e-05, 9.030777683687465e-05], "q_25": 8.739844830896732e-05, "q_75": 8.787349998625764e-05, "min": 8.710376855297676e-05, "max": 9.030777683687465e-05, "mean": 8.788112559873411e-05, "std": 8.945479494416325e-07, "repeat": 10, "number": 121}]}, "factor.TimeDiscreteFactor.time_factor_multiply": {"result": [4.138133852336744e-05], "stats": [{"ci_99": [4.079419065670904e-05, 4.200641635342425e-05], "q_25": 4.130407587970708e-05, "q_75": 4.1516021403707366e-05, "min": 4.079419065670904e-05, "max": 4.200641635342425e-05, "mean": 4.140900078278075e-05, "std": 2.884171817547344e-07, "repeat": 10, "number": 257}]}, "factor.TimeDiscreteFactor.time_factor_multiply_large": {"result": [7.274774316724626e-05], "stats": [{"ci_99": [7.212279454768279e-05, 7.331208216284771e-05], "q_25": 7.259411814966246e-05, "q_75": 7.2851121567759e-05, "min": 7.212279454768279e-05, "max": 7.331208216284771e-05, "mean": 7.273256301294617e-05, "std": 3.0059834120140193e-07, "repeat": 10, "number": 146}]}, "factor.TimeDiscreteFactor.time_factor_reduce": {"result": [2.919421102330577e-05], "stats": [{"ci_99": [2.8774733867174545e-05, 2.9633677406055023e-05], "q_25": 2.8903194228777102e-05, "q_75": 2.932720899577841e-05, "min": 2.8774733867174545e-05, "max": 2.9633677406055023e-05, "mean": 2.915063118033226e-05, "std": 2.6715642490923504e-07, "repeat": 10, "number": 372}]}, "factor.TimeDiscreteFactor.time_factor_reduce_large": {"result": [4.392765235875797e-05], "stats": [{"ci_99": [4.361668668958147e-05, 4.428608153518009e-05], "q_25": 4.3743380901936834e-05, "q_75": 4.412219206540987e-05, "min": 4.361668668958147e-05, "max": 4.428608153518009e-05, "mean": 4.3941792704603664e-05, "std": 2.2039067696474418e-07, "repeat": 10, "number": 233}]}, "readwrite.TimeRead.time_alarm_read": null, "readwrite.TimeRead.time_asia_read": null, "readwrite.TimeRead.time_munin_read": null, "readwrite.TimeRead.time_pathfinder_read": null, "structure_learning.TimePC.time_pc_orig": null, "structure_learning.TimePC.time_pc_stable": null, "structure_learning.TimePC.time_samples": null, "readwrite.MemSuite.mem_list": 2104}, "params": {"arch": "x86_64", "cpu": "Intel(R) Core(TM) i7-6500U CPU @ 2.50GHz", "machine": "ankur-ux305", "num_cpu": "4", "os": "Linux 5.4.0-26-generic", "ram": "8046716", "python": "3.8"}, "requirements": {}, "commit_hash": "604f1f90f0baf230af884555f0e70ea2d36b04bb", "date": 1596874853000, "env_name": "conda-py3.8", "python": "3.8", "profiles": {}, "started_at": {"factor.TimeDiscreteFactor.time_factor_define": 1598157576548, "factor.TimeDiscreteFactor.time_factor_marginalize": 1598157576757, "factor.TimeDiscreteFactor.time_factor_marginalize_large": 1598157576962, "factor.TimeDiscreteFactor.time_factor_multiply": 1598157577167, "factor.TimeDiscreteFactor.time_factor_multiply_large": 1598157577372, "factor.TimeDiscreteFactor.time_factor_reduce": 1598157577580, "factor.TimeDiscreteFactor.time_factor_reduce_large": 1598157577785, "readwrite.TimeRead.time_alarm_read": 1598157574280, "readwrite.TimeRead.time_asia_read": 1598157574486, "readwrite.TimeRead.time_munin_read": 1598157575000, "readwrite.TimeRead.time_pathfinder_read": 1598157575309, "structure_learning.TimePC.time_pc_orig": 1598157575569, "structure_learning.TimePC.time_pc_stable": 1598157575776, "structure_learning.TimePC.time_samples": 1598157576340, "readwrite.MemSuite.mem_list": 1598157577990}, "ended_at": {"factor.TimeDiscreteFactor.time_factor_define": 1598157576757, "factor.TimeDiscreteFactor.time_factor_marginalize": 1598157576962, "factor.TimeDiscreteFactor.time_factor_marginalize_large": 1598157577167, "factor.TimeDiscreteFactor.time_factor_multiply": 1598157577372, "factor.TimeDiscreteFactor.time_factor_multiply_large": 1598157577580, "factor.TimeDiscreteFactor.time_factor_reduce": 1598157577784, "factor.TimeDiscreteFactor.time_factor_reduce_large": 1598157577989, "readwrite.TimeRead.time_alarm_read": 1598157574486, "readwrite.TimeRead.time_asia_read": 1598157575000, "readwrite.TimeRead.time_munin_read": 1598157575309, "readwrite.TimeRead.time_pathfinder_read": 1598157575568, "structure_learning.TimePC.time_pc_orig": 1598157575776, "structure_learning.TimePC.time_pc_stable": 1598157576340, "structure_learning.TimePC.time_samples": 1598157576548, "readwrite.MemSuite.mem_list": 1598157578044}, "benchmark_version": {"factor.TimeDiscreteFactor.time_factor_define": "47f6e70c4e7e8b3fd3c7637ea3ae9398bcd0602e47f2463aef751f5d75d59132", "factor.TimeDiscreteFactor.time_factor_marginalize": "1751edaf413761a8d2d33c37d0386a5acbcb614103c7ffd86ad968d971494f55", "factor.TimeDiscreteFactor.time_factor_marginalize_large": "d191da79cb414cd21a1d1709f86146cd8bc661e8c126b8397e3319d2a088d503", "factor.TimeDiscreteFactor.time_factor_multiply": "ed4892b8d8d967847c9c8a32925ed3db57fcccbd7c8f3dbd6b179b8c68eb1ba0", "factor.TimeDiscreteFactor.time_factor_multiply_large": "78237cc6cf21ae654638e61e776b5f46d1a0200fa0b3b25cbd10a7b39500eca2", "factor.TimeDiscreteFactor.time_factor_reduce": "647c78f5d66c964ef591c1ae96b48152136fd2fda68075f73f41e1397f0ae829", "factor.TimeDiscreteFactor.time_factor_reduce_large": "035bee7b46b483d4df49a392d773d6b0764547c5c0b6b1548539987db2e6e424", "readwrite.TimeRead.time_alarm_read": "ed22ba0629363f937a7050136f648eb524be528e791d857ec2c97d60f49402e0", "readwrite.TimeRead.time_asia_read": "9f07825719f3e3699c69094581028f691151fbe06c37c25e4cff3d7f7e4c0e34", "readwrite.TimeRead.time_munin_read": "61f15f73fcc39dbbd470a13db44736faecaf86cc73f312b94be90a495cada76d", "readwrite.TimeRead.time_pathfinder_read": "e55338c1772a5f031f8cef873495f419e932fdd8c720b605f5d4f908f381d3bd", "structure_learning.TimePC.time_pc_orig": "d9de7bbd7c35a34e7b84a5fd2c2e6da9b5300987ed40c008d7515e11cd38a6c2", "structure_learning.TimePC.time_pc_stable": "e241d1e8b9c0c9daf2eaa78b9808996236e0aa980f7d6cdc9de17f76c10a7d06", "structure_learning.TimePC.time_samples": "591022ca780b0733dc90c61961b65e0c3ef0fef00ac115f93ae051b1f79fec72", "readwrite.MemSuite.mem_list": "abe86bab484550a681c61d7bb6eb081fbd37eb6d5009eba1df85c935530577b9"}, "version": 1}