{"results": {"factor.TimeDiscreteFactor.time_factor_define": {"result": [2.4754212501482638e-05], "stats": [{"ci_99": [2.3436850005964517e-05, 2.5123463638010433e-05], "q_25": 2.382129147545956e-05, "q_75": 2.4970581818127937e-05, "min": 2.3436850005964517e-05, "max": 2.5123463638010433e-05, "mean": 2.4430145227928406e-05, "std": 6.473112029630456e-07, "repeat": 10, "number": 440}]}, "factor.TimeDiscreteFactor.time_factor_marginalize": {"result": [3.2227033629786417e-05], "stats": [{"ci_99": [3.186963450171091e-05, 3.262222222017113e-05], "q_25": 3.214751388324062e-05, "q_75": 3.2377027772574305e-05, "min": 3.186963450171091e-05, "max": 3.262222222017113e-05, "mean": 3.2253405846625076e-05, "std": 2.00162855703172e-07, "repeat": 10, "number": 342}]}, "factor.TimeDiscreteFactor.time_factor_marginalize_large": {"result": [9.024352543053545e-05], "stats": [{"ci_99": [8.948268641996931e-05, 9.146064405933307e-05], "q_25": 8.99235699346148e-05, "q_75": 9.077794065579852e-05, "min": 8.948268641996931e-05, "max": 9.146064405933307e-05, "mean": 9.03837254230955e-05, "std": 5.800848257609438e-07, "repeat": 10, "number": 118}]}, "factor.TimeDiscreteFactor.time_factor_multiply": {"result": [4.2204668665158445e-05], "stats": [{"ci_99": [4.1869024087017566e-05, 4.243199597463483e-05], "q_25": 4.204645482600591e-05, "q_75": 4.234826706325187e-05, "min": 4.1869024087017566e-05, "max": 4.243199597463483e-05, "mean": 4.2192936944705156e-05, "std": 1.812714677191236e-07, "repeat": 10, "number": 249}]}, "factor.TimeDiscreteFactor.time_factor_multiply_large": {"result": [7.65200905901282e-05], "stats": [{"ci_99": [7.601847101941003e-05, 8.063127535169242e-05], "q_25": 7.625730254205891e-05, "q_75": 7.682505074099289e-05, "min": 7.601847101941003e-05, "max": 8.063127535169242e-05, "mean": 7.692197174512094e-05, "std": 1.2810060333377835e-06, "repeat": 10, "number": 138}]}, "factor.TimeDiscreteFactor.time_factor_reduce": {"result": [3.014033333710147e-05], "stats": [{"ci_99": [2.9795773108705033e-05, 3.0329568623480354e-05], "q_25": 2.9997104348524156e-05, "q_75": 3.0201303222590372e-05, "min": 2.9795773108705033e-05, "max": 3.0329568623480354e-05, "mean": 3.0091436136255027e-05, "std": 1.6725393331845624e-07, "repeat": 10, "number": 357}]}, "factor.TimeDiscreteFactor.time_factor_reduce_large": {"result": [4.6047424770769585e-05], "stats": [{"ci_99": [4.5803800895933755e-05, 4.705155309649242e-05], "q_25": 4.596497123669245e-05, "q_75": 4.609649999819122e-05, "min": 4.5803800895933755e-05, "max": 4.705155309649242e-05, "mean": 4.610657787476656e-05, "std": 3.31349791476769e-07, "repeat": 10, "number": 226}]}, "readwrite.TimeRead.time_alarm_read": {"result": [0.36200890749933023], "stats": [{"ci_99": [0.322590042000229, 0.7260836490022484], "q_25": 0.33836141525353014, "q_75": 0.5613712420008596, "min": 0.322590042000229, "max": 0.7260836490022484, "mean": 0.4449529348010401, "std": 0.14567203508336646, "repeat": 10, "number": 1}]}, "readwrite.TimeRead.time_asia_read": {"result": [0.2543410025009507], "stats": [{"ci_99": [0.24128095700143604, 0.6239875629980816], "q_25": 0.2470655250017444, "q_75": 0.2672719137499371, "min": 0.24128095700143604, "max": 0.6239875629980816, "mean": 0.29218594760022826, "std": 0.11104499791548865, "repeat": 10, "number": 1}]}, "readwrite.TimeRead.time_munin_read": {"result": [7.2999835855007404], "stats": [{"ci_99": [6.070645510437316, 8.529321660564163], "q_25": 7.287690204750106, "q_75": 7.312276966251375, "min": 7.275396823999472, "max": 7.324570347002009, "mean": 7.2999835855007404, "std": 0.024586761501268484, "repeat": 2, "number": 1}]}, "readwrite.TimeRead.time_pathfinder_read": {"result": [8.230743981501291], "stats": [{"ci_99": [7.952781556476111, 8.508706406526471], "q_25": 8.22796435725104, "q_75": 8.233523605751543, "min": 8.225184733000788, "max": 8.236303230001795, "mean": 8.230743981501291, "std": 0.0055592485005036, "repeat": 2, "number": 1}]}, "structure_learning.TimePC.time_pc_orig": {"result": [47.953434789498715], "stats": [{"ci_99": [44.78197416451803, 51.1248954144794], "q_25": 47.92172018324891, "q_75": 47.98514939574852, "min": 47.8900055769991, "max": 48.01686400199833, "mean": 47.953434789498715, "std": 0.06342921249961364, "repeat": 2, "number": 1}]}, "structure_learning.TimePC.time_pc_stable": {"result": [55.35781806549858], "stats": [{"ci_99": [46.7522332405897, 63.963402890407444], "q_25": 55.27176221724949, "q_75": 55.443873913747666, "min": 55.1857063690004, "max": 55.529929761996755, "mean": 55.35781806549858, "std": 0.17211169649817748, "repeat": 2, "number": 1}]}, "structure_learning.TimePC.time_samples": {"result": [78.91866252449836], "stats": [{"ci_99": [67.90329319957527, 89.93403184942143], "q_25": 78.80850883124913, "q_75": 79.02881621774759, "min": 78.6983551379999, "max": 79.13896991099682, "mean": 78.91866252449836, "std": 0.2203073864984617, "repeat": 2, "number": 1}]}, "readwrite.MemSuite.mem_list": 2120}, "params": {"arch": "x86_64", "cpu": "Intel(R) Core(TM) i7-6500U CPU @ 2.50GHz", "machine": "ankur-ux305", "num_cpu": "4", "os": "Linux 5.4.0-26-generic", "ram": "8046716", "python": "3.7"}, "requirements": {}, "commit_hash": "ca09dcecea454e6552a7f30e57aef1dc4f2f295e", "date": 1597142606000, "env_name": "conda-py3.7", "python": "3.7", "profiles": {}, "started_at": {"factor.TimeDiscreteFactor.time_factor_define": 1598155176834, "factor.TimeDiscreteFactor.time_factor_marginalize": 1598155177039, "factor.TimeDiscreteFactor.time_factor_marginalize_large": 1598155177245, "factor.TimeDiscreteFactor.time_factor_multiply": 1598155177450, "factor.TimeDiscreteFactor.time_factor_multiply_large": 1598155177656, "factor.TimeDiscreteFactor.time_factor_reduce": 1598155177861, "factor.TimeDiscreteFactor.time_factor_reduce_large": 1598155178067, "readwrite.TimeRead.time_alarm_read": 1598155178328, "readwrite.TimeRead.time_asia_read": 1598155181406, "readwrite.TimeRead.time_munin_read": 1598155183022, "readwrite.TimeRead.time_pathfinder_read": 1598155200271, "structure_learning.TimePC.time_pc_orig": 1598155217971, "structure_learning.TimePC.time_pc_stable": 1598155347522, "structure_learning.TimePC.time_samples": 1598155490108, "readwrite.MemSuite.mem_list": 1598155178272}, "ended_at": {"factor.TimeDiscreteFactor.time_factor_define": 1598155177039, "factor.TimeDiscreteFactor.time_factor_marginalize": 1598155177245, "factor.TimeDiscreteFactor.time_factor_marginalize_large": 1598155177450, "factor.TimeDiscreteFactor.time_factor_multiply": 1598155177655, "factor.TimeDiscreteFactor.time_factor_multiply_large": 1598155177861, "factor.TimeDiscreteFactor.time_factor_reduce": 1598155178066, "factor.TimeDiscreteFactor.time_factor_reduce_large": 1598155178272, "readwrite.TimeRead.time_alarm_read": 1598155181406, "readwrite.TimeRead.time_asia_read": 1598155183021, "readwrite.TimeRead.time_munin_read": 1598155200271, "readwrite.TimeRead.time_pathfinder_read": 1598155217970, "structure_learning.TimePC.time_pc_orig": 1598155347519, "structure_learning.TimePC.time_pc_stable": 1598155490101, "structure_learning.TimePC.time_samples": 1598155665519, "readwrite.MemSuite.mem_list": 1598155178328}, "benchmark_version": {"factor.TimeDiscreteFactor.time_factor_define": "47f6e70c4e7e8b3fd3c7637ea3ae9398bcd0602e47f2463aef751f5d75d59132", "factor.TimeDiscreteFactor.time_factor_marginalize": "1751edaf413761a8d2d33c37d0386a5acbcb614103c7ffd86ad968d971494f55", "factor.TimeDiscreteFactor.time_factor_marginalize_large": "d191da79cb414cd21a1d1709f86146cd8bc661e8c126b8397e3319d2a088d503", "factor.TimeDiscreteFactor.time_factor_multiply": "ed4892b8d8d967847c9c8a32925ed3db57fcccbd7c8f3dbd6b179b8c68eb1ba0", "factor.TimeDiscreteFactor.time_factor_multiply_large": "78237cc6cf21ae654638e61e776b5f46d1a0200fa0b3b25cbd10a7b39500eca2", "factor.TimeDiscreteFactor.time_factor_reduce": "647c78f5d66c964ef591c1ae96b48152136fd2fda68075f73f41e1397f0ae829",