{"results": {"factor.TimeDiscreteFactor.time_factor_define": {"result": [2.245379833925323e-05], "stats": [{"ci_99": [2.2120284820687057e-05, 2.306389396911218e-05], "q_25": 2.2349196988669936e-05, "q_75": 2.2673451665869607e-05, "min": 2.2120284820687057e-05, "max": 2.306389396911218e-05, "mean": 2.2515404990237944e-05, "std": 2.581784005235865e-07, "repeat": 10, "number": 481}]}, "factor.TimeDiscreteFactor.time_factor_marginalize": {"result": [3.146948776580251e-05], "stats": [{"ci_99": [3.106658715332519e-05, 3.281351375936129e-05], "q_25": 3.131175229180995e-05, "q_75": 3.165381269288087e-05, "min": 3.106658715332519e-05, "max": 3.281351375936129e-05, "mean": 3.1573859019210674e-05, "std": 4.528143729606253e-07, "repeat": 10, "number": 327}]}, "factor.TimeDiscreteFactor.time_factor_marginalize_large": {"result": [8.927916114921836e-05], "stats": [{"ci_99": [8.877442974341295e-05, 9.364038842325175e-05], "q_25": 8.914286984292616e-05, "q_75": 8.990722725992639e-05, "min": 8.877442974341295e-05, "max": 9.364038842325175e-05, "mean": 9.012496528398028e-05, "std": 1.7608972707562842e-06, "repeat": 10, "number": 121}]}, "factor.TimeDiscreteFactor.time_factor_multiply": {"result": [4.176452631853815e-05], "stats": [{"ci_99": [4.1254331972963755e-05, 4.2994514168739725e-05], "q_25": 4.144073481945347e-05, "q_75": 4.23356427174867e-05, "min": 4.1254331972963755e-05, "max": 4.2994514168739725e-05, "mean": 4.1905895547388945e-05, "std": 5.73623782318658e-07, "repeat": 10, "number": 247}]}, "factor.TimeDiscreteFactor.time_factor_multiply_large": {"result": [7.665389474501914e-05], "stats": [{"ci_99": [7.537477443505016e-05, 7.919372931206809e-05], "q_25": 7.594386841761538e-05, "q_75": 7.747170677344242e-05, "min": 7.537477443505016e-05, "max": 7.919372931206809e-05, "mean": 7.680891278579294e-05, "std": 1.0899862258309828e-06, "repeat": 10, "number": 133}]}, "factor.TimeDiscreteFactor.time_factor_reduce": {"result": [2.92484972917088e-05], "stats": [{"ci_99": [2.8816298098962117e-05, 3.0248292675983227e-05], "q_25": 2.897206775195058e-05, "q_75": 2.9850968156166236e-05, "min": 2.8816298098962117e-05, "max": 3.0248292675983227e-05, "mean": 2.938599728871589e-05, "std": 5.122598046362574e-07, "repeat": 10, "number": 369}]}, "factor.TimeDiscreteFactor.time_factor_reduce_large": {"result": [4.5101015018888796e-05], "stats": [{"ci_99": [4.46138798356378e-05, 4.6278939907421065e-05], "q_25": 4.490291201738743e-05, "q_75": 4.5271189916764526e-05, "min": 4.46138798356378e-05, "max": 4.6278939907421065e-05, "mean": 4.516586480782639e-05, "std": 4.2732880413195583e-07, "repeat": 10, "number": 233}]}, "readwrite.TimeRead.time_alarm_read": {"result": [0.35020993249963794], "stats": [{"ci_99": [0.32945815900166053, 0.36986998899737955], "q_25": 0.34237712750109495, "q_75": 0.3557771012501689, "min": 0.32945815900166053, "max": 0.36986998899737955, "mean": 0.34958760680019624, "std": 0.010642210219698063, "repeat": 10, "number": 1}]}, "readwrite.TimeRead.time_asia_read": {"result": [0.25416840450088785], "stats": [{"ci_99": [0.24147555599847692, 0.4652935689991864], "q_25": 0.24916382749870536, "q_75": 0.2582878827497552, "min": 0.24147555599847692, "max": 0.4652935689991864, "mean": 0.2746227308998641, "std": 0.06393716812923816, "repeat": 10, "number": 1}]}, "readwrite.TimeRead.time_munin_read": {"result": [7.561567678998472], "stats": [{"ci_99": [-4.359570220936803, 19.482705578933736], "q_25": 7.442356299999119, "q_75": 7.680779057997825, "min": 7.323144920999766, "max": 7.799990436997177, "mean": 7.561567678998472, "std": 0.2384227579987055, "repeat": 2, "number": 1}]}, "readwrite.TimeRead.time_pathfinder_read": {"result": [8.260136296499695], "stats": [{"ci_99": [8.157698321534554, 8.362574271464837], "q_25": 8.259111916750044, "q_75": 8.261160676249347, "min": 8.258087537000392, "max": 8.262185055998998, "mean": 8.260136296499695, "std": 0.0020487594993028324, "repeat": 2, "number": 1}]}, "structure_learning.TimePC.time_pc_orig": {"result": [48.978845987998284], "stats": [{"ci_99": [44.09757173794242, 53.860120238054144], "q_25": 48.930033245497725, "q_75": 49.02765873049884, "min": 48.88122050299717, "max": 49.0764714729994, "mean": 48.978845987998284, "std": 0.09762548500111734, "repeat": 2, "number": 1}]}, "structure_learning.TimePC.time_pc_stable": {"result": [55.49492549450042], "stats": [{"ci_99": [53.268834669566786, 57.72101631943406], "q_25": 55.472664586251085, "q_75": 55.51718640274976, "min": 55.45040367800175, "max": 55.539447310999094, "mean": 55.49492549450042, "std": 0.044521816498672706, "repeat": 2, "number": 1}]}, "structure_learning.TimePC.time_samples": {"result": [78.90837055300108], "stats": [{"ci_99": [68.52813910298391, 89.28860200301823], "q_25": 78.8045682385009, "q_75": 79.01217286750125, "min": 78.70076592400073, "max": 79.11597518200142, "mean": 78.90837055300108, "std": 0.20760462900034327, "repeat": 2, "number": 1}]}, "readwrite.MemSuite.mem_list": 2120}, "params": {"arch": "x86_64", "cpu": "Intel(R) Core(TM) i7-6500U CPU @ 2.50GHz", "machine": "ankur-ux305", "num_cpu": "4", "os": "Linux 5.4.0-26-generic", "ram": "8046716", "python": "3.7"}, "requirements": {}, "commit_hash": "dfff426ae64d9d3cb4d43f420331611f6109553d", "date": 1597933480000, "env_name": "conda-py3.7", "python": "3.7", "profiles": {}, "started_at": {"factor.TimeDiscreteFactor.time_factor_define": 1598147627500, "factor.TimeDiscreteFactor.time_factor_marginalize": 1598147627705, "factor.TimeDiscreteFactor.time_factor_marginalize_large": 1598147627911, "factor.TimeDiscreteFactor.time_factor_multiply": 1598147628116, "factor.TimeDiscreteFactor.time_factor_multiply_large": 1598147628321, "factor.TimeDiscreteFactor.time_factor_reduce": 1598147628526, "factor.TimeDiscreteFactor.time_factor_reduce_large": 1598147628731, "readwrite.TimeRead.time_alarm_read": 1598147628992, "readwrite.TimeRead.time_asia_read": 1598147631467, "readwrite.TimeRead.time_munin_read": 1598147633287, "readwrite.TimeRead.time_pathfinder_read": 1598147650588, "structure_learning.TimePC.time_pc_orig": 1598147668380, "structure_learning.TimePC.time_pc_stable": 1598147786018, "structure_learning.TimePC.time_samples": 1598147919700, "readwrite.MemSuite.mem_list": 1598147628937}, "ended_at": {"factor.TimeDiscreteFactor.time_factor_define": 1598147627705, "factor.TimeDiscreteFactor.time_factor_marginalize": 1598147627910, "factor.TimeDiscreteFactor.time_factor_marginalize_large": 1598147628116, "factor.TimeDiscreteFactor.time_factor_multiply": 1598147628321, "factor.TimeDiscreteFactor.time_factor_multiply_large": 1598147628526, "factor.TimeDiscreteFactor.time_factor_reduce": 1598147628731, "factor.TimeDiscreteFactor.time_factor_reduce_large": 1598147628937, "readwrite.TimeRead.time_alarm_read": 1598147631467, "readwrite.TimeRead.time_asia_read": 1598147633287, "readwrite.TimeRead.time_munin_read": 1598147650587, "readwrite.TimeRead.time_pathfinder_read": 1598147668380, "structure_learning.TimePC.time_pc_orig": 1598147786012, "structure_learning.TimePC.time_pc_stable": 1598147919697, "structure_learning.TimePC.time_samples": 1598148094765, "readwrite.MemSuite.mem_list": 1598147628992}, "benchmark_version": {"factor.TimeDiscreteFactor.time_factor_define": "47f6e70c4e7e8b3fd3c7637ea3ae9398bcd0602e47f2463aef751f5d75d59132", "factor.TimeDiscreteFactor.time_factor_marginalize": "1751edaf413761a8d2d33c37d0386a5acbcb614103c7ffd86ad968d971494f55", "factor.TimeDiscreteFactor.time_factor_marginalize_large": "d191da79cb414cd21a1d1709f86146cd8bc661e8c126b8397e3319d2a088d503", "factor.TimeDiscreteFactor.time_factor_multiply": "ed4892b8d8d967847c9c8a32925ed3db57fcccbd7c8f3dbd6b179b8c68eb1ba0", "factor.TimeDiscreteFactor.time_factor_multiply_large": "78237cc6cf21ae654638e61e776b5f46d1a0200fa0b3b25cbd10a7b39500eca2", "factor.TimeDiscreteFactor.time_factor_reduce": "647c78f5d66c964ef591c1ae96b48152136fd2fda68075f73f41e1397f0ae829",