{"results": {"factor.TimeDiscreteFactor.time_factor_marginalize": {"result": [6.161489408839955e-05], "stats": [{"ci_99": [6.065916353732012e-05, 6.297461981518885e-05], "q_25": 6.077123617523172e-05, "q_75": 6.263179631296838e-05, "min": 6.065916353732012e-05, "max": 6.297461981518885e-05, "mean": 6.17085537465101e-05, "std": 9.506591905827922e-07, "repeat": 10, "number": 178}]}, "factor.TimeDiscreteFactor.time_factor_multiply_large": {"result": [5.0273885268090975e-05], "stats": [{"ci_99": [4.973820419889865e-05, 5.098266324194351e-05], "q_25": 4.9986427022826556e-05, "q_75": 5.0481713127971876e-05, "min": 4.973820419889865e-05, "max": 5.098266324194351e-05, "mean": 5.02973610516822e-05, "std": 3.795166986574441e-07, "repeat": 10, "number": 202}]}, "factor.TimeDiscreteFactor.time_factor_reduce": {"result": [2.95342975541165e-05], "stats": [{"ci_99": [2.9397467951034906e-05, 2.9760688914816794e-05], "q_25": 2.9464133620427255e-05, "q_75": 2.9600497562221545e-05, "min": 2.9397467951034906e-05, "max": 2.9760688914816794e-05, "mean": 2.9543499330734605e-05, "std": 1.0687648608845038e-07, "repeat": 10, "number": 361}]}, "import.TimeImport.time_import": {"result": [1.3416998521196742e-07], "stats": [{"ci_99": [1.3226439174514122e-07, 1.3666964573954375e-07], "q_25": 1.3349851421787268e-07, "q_75": 1.3542420156556045e-07, "min": 1.3226439174514122e-07, "max": 1.3666964573954375e-07, "mean": 1.3444798915843481e-07, "std": 1.2828119729778497e-09, "repeat": 10, "number": 81643}]}, "inference.TimeVariableElimination.time_query_alarm": {"result": [0.06759175937622786], "stats": [{"ci_99": [0.06628195174475643, 0.0689173128784683], "q_25": 0.06720948033034801, "q_75": 0.06798191135749221, "min": 0.06705773435533047, "max": 0.06815727613866329, "mean": 0.06759963231161237, "std": 0.00045408971322671285, "repeat": 4, "number": 1}]}, "inference.TimeVariableElimination.time_query_munin": {"result": [0.4955667918547988], "stats": [{"ci_99": [0.47780307681409634, 0.5111385628476927], "q_25": 0.4903097073547542, "q_75": 0.49972790433093905, "min": 0.4862878564745188, "max": 0.5004618391394615, "mean": 0.49447081983089447, "std": 0.005829514280473734, "repeat": 4, "number": 1}]}, "readwrite.TimeRead.time_asia_read": {"result": [0.00861493218690157], "stats": [{"ci_99": [0.0054199835285544395, 0.011809880845248696], "q_25": 0.008582982700318098, "q_75": 0.00864688167348504, "min": 0.008551033213734627, "max": 0.008678831160068512, "mean": 0.00861493218690157, "std": 6.38989731669426e-05, "repeat": 2, "number": 2}]}, "readwrite.TimeRead.time_asia_write": {"result": [0.0005895064907594466], "stats": [{"ci_99": [-0.00021331455611007253, 0.001392327537628965], "q_25": 0.0005814782802907514, "q_75": 0.0005975347012281418, "min": 0.0005734500698220562, "max": 0.000605562911696837, "mean": 0.0005895064907594466, "std": 1.6056420937390382e-05, "repeat": 2, "number": 71}]}, "readwrite.TimeRead.time_munin_read": {"result": [5.193060243502259], "stats": [{"ci_99": [4.773840567097068, 5.612279919907451], "q_25": 5.188868046738207, "q_75": 5.197252440266311, "min": 5.184675849974155, "max": 5.201444637030363, "mean": 5.193060243502259, "std": 0.008384393528103828, "repeat": 2, "number": 1}]}, "readwrite.TimeRead.time_munin_write": {"result": [0.04066580347716808], "stats": [{"ci_99": [0.011491751298308372, 0.06983985565602777], "q_25": 0.040374062955379486, "q_75": 0.04095754399895668, "min": 0.04008232243359089, "max": 0.04124928452074528, "mean": 0.04066580347716808, "std": 0.0005834810435771942, "repeat": 2, "number": 1}]}, "readwrite.TimeRead.time_pathfinder_read": {"result": [5.756664209999144], "stats": [{"ci_99": [3.391068688593805, 8.122259731404482], "q_25": 5.733008254785091, "q_75": 5.7803201652131975, "min": 5.709352299571037, "max": 5.803976120427251, "mean": 5.756664209999144, "std": 0.047311910428106785, "repeat": 2, "number": 1}]}, "readwrite.TimeRead.time_pathfinder_write": {"result": [0.025966037064790726], "stats": [{"ci_99": [0.012599602341651917, 0.03933247178792952], "q_25": 0.025832372717559338, "q_75": 0.026099701412022114, "min": 0.02569870837032795, "max": 0.026233365759253502, "mean": 0.025966037064790726, "std": 0.0002673286944627762, "repeat": 2, "number": 1}]}, "sampling.TimeSampling.time_forward_sample": {"result": [0.1980932243168354], "stats": [{"ci_99": [0.19617134518921375, 0.19997471012175083], "q_25": 0.1965700718574226, "q_75": 0.19933023303747177, "min": 0.19617134518921375, "max": 0.19997471012175083, "mean": 0.1979914704337716, "std": 0.0014041443858772028, "repeat": 10, "number": 1}]}, "sampling.TimeSampling.time_gibbs_sampling": null, "sampling.TimeSampling.time_likelihood_sample": {"result": [0.20873098075389862], "stats": [{"ci_99": [0.20762449502944946, 0.23948009125888348], "q_25": 0.2082083523273468, "q_75": 0.2092799204401672, "min": 0.20762449502944946, "max": 0.23948009125888348, "mean": 0.2117805929854512, "std": 0.009260093509424855, "repeat": 10, "number": 1}]}, "sampling.TimeSampling.time_rejection_sample": {"result": [37.320999381132424], "stats": [{"ci_99": [29.153108223341405, 45.488890538923435], "q_25": 37.239320469554514, "q_75": 37.402678292710334, "min": 37.1576415579766, "max": 37.484357204288244, "mean": 37.320999381132424, "std": 0.16335782315582037, "repeat": 2, "number": 1}]}, "structure_learning.TimeHillClimb.time_hillclimb": null, "structure_learning.TimePC.time_pc_orig": {"result": [32.01484744809568], "stats": [{"ci_99": [26.752657251432538, 37.27703764475881], "q_25": 31.962225546129048, "q_75": 32.06746935006231, "min": 31.909603644162416, "max": 32.12009125202894, "mean": 32.01484744809568, "std": 0.10524380393326283, "repeat": 2, "number": 1}]}, "structure_learning.TimePC.time_pc_stable": {"result": [32.23527141753584], "stats": [{"ci_99": [14.005129392258823, 50.465413442812846], "q_25": 32.05296999728307, "q_75": 32.41757283778861, "min": 31.8706685770303, "max": 32.59987425804138, "mean": 32.23527141753584, "std": 0.36460284050554037, "repeat": 2, "number": 1}]}}, "params": {"arch": "x86_64", "cpu": "Intel(R) Core(TM) i9-9820X CPU @ 3.30GHz", "machine": "graveyard", "num_cpu": "20", "os": "Linux 4.15.0-112-generic", "ram": "131688676", "python": "3.8"}, "requirements": {}, "commit_hash": "08881b61b240a7681911a3c7139dad7243dc7798", "date": 1624470707000, "env_name": "conda-py3.8", "python": "3.8", "profiles": {}, "started_at": {"factor.TimeDiscreteFactor.time_factor_marginalize": 1625064832386, "factor.TimeDiscreteFactor.time_factor_multiply_large": 1625064832594, "factor.TimeDiscreteFactor.time_factor_reduce": 1625064832801, "import.TimeImport.time_import": 1625064833007, "inference.TimeVariableElimination.time_query_alarm": 1625064833214, "inference.TimeVariableElimination.time_query_munin": 1625064851269, "readwrite.TimeRead.time_asia_read": 1625064870478, "readwrite.TimeRead.time_asia_write": 1625064894500, "readwrite.TimeRead.time_munin_read": 1625064918372, "readwrite.TimeRead.time_munin_write": 1625064954326, "readwrite.TimeRead.time_pathfinder_read": 1625064980454, "readwrite.TimeRead.time_pathfinder_write": 1625065016608, "sampling.TimeSampling.time_forward_sample": 1625065041432, "sampling.TimeSampling.time_gibbs_sampling": 1625064032694, "sampling.TimeSampling.time_likelihood_sample": 1625065043246, "sampling.TimeSampling.time_rejection_sample": 1625065045159, "structure_learning.TimeHillClimb.time_hillclimb": 1625064705021, "structure_learning.TimePC.time_pc_orig": 1625065115772, "structure_learning.TimePC.time_pc_stable": 1625065179401}, "ended_at": {"factor.TimeDiscreteFactor.time_factor_marginalize": 1625064832593, "factor.TimeDiscreteFactor.time_factor_multiply_large": 1625064832800, "factor.TimeDiscreteFactor.time_factor_reduce": 1625064833007, "import.TimeImport.time_import": 1625064833214, "inference.TimeVariableElimination.time_query_alarm": 1625064851269, "inference.TimeVariableElimination.time_query_munin": 1625064870478, "readwrite.TimeRead.time_asia_read": 1625064894500,