{"results": {"factor.TimeDiscreteFactor.time_factor_marginalize": {"result": [6.179789250547235e-05], "stats": [{"ci_99": [6.093539749131058e-05, 6.309783819949988e-05], "q_25": 6.107266597224004e-05, "q_75": 6.26432088514169e-05, "min": 6.093539749131058e-05, "max": 6.309783819949988e-05, "mean": 6.189298110477852e-05, "std": 8.559944356267057e-07, "repeat": 10, "number": 165}]}, "factor.TimeDiscreteFactor.time_factor_multiply_large": {"result": [5.1259027873452805e-05], "stats": [{"ci_99": [5.043493981045004e-05, 5.193083807472934e-05], "q_25": 5.052977360749697e-05, "q_75": 5.18750602388269e-05, "min": 5.043493981045004e-05, "max": 5.193083807472934e-05, "mean": 5.1208127342976674e-05, "std": 6.592736310511241e-07, "repeat": 10, "number": 211}]}, "factor.TimeDiscreteFactor.time_factor_reduce": {"result": [3.029825695028359e-05], "stats": [{"ci_99": [2.9829261951487172e-05, 3.084443001584573e-05], "q_25": 2.992698467675258e-05, "q_75": 3.05863981008191e-05, "min": 2.9829261951487172e-05, "max": 3.084443001584573e-05, "mean": 3.0287171565842902e-05, "std": 3.617154173563824e-07, "repeat": 10, "number": 352}]}, "import.TimeImport.time_import": {"result": [1.2584389372796495e-07], "stats": [{"ci_99": [1.2332463554858745e-07, 1.2674382261145604e-07], "q_25": 1.2355805312802988e-07, "q_75": 1.265792151423041e-07, "min": 1.2332463554858745e-07, "max": 1.2674382261145604e-07, "mean": 1.2522641840204093e-07, "std": 1.4760310433054706e-09, "repeat": 10, "number": 78941}]}, "inference.TimeVariableElimination.time_query_alarm": {"result": [0.05725973937660456], "stats": [{"ci_99": [0.05596213273306675, 0.0586140542517107], "q_25": 0.056839835830032825, "q_75": 0.05770799703896046, "min": 0.05682970769703388, "max": 0.057803187519311905, "mean": 0.057288093492388725, "std": 0.0004538825910853318, "repeat": 4, "number": 1}]}, "inference.TimeVariableElimination.time_query_munin": {"result": [0.492732091806829], "stats": [{"ci_99": [0.49204326271759224, 0.49350617602719116], "q_25": 0.49262378830462694, "q_75": 0.49288302287459373, "min": 0.49243808165192604, "max": 0.4931966122239828, "mean": 0.4927747193723917, "std": 0.00027352280992047644, "repeat": 4, "number": 1}]}, "readwrite.TimeRead.time_asia_read": {"result": [0.008532844949513674], "stats": [{"ci_99": [0.00380966579541564, 0.013256024103611704], "q_25": 0.008485613157972693, "q_75": 0.008580076741054654, "min": 0.008438381366431713, "max": 0.008627308532595634, "mean": 0.008532844949513674, "std": 9.446358308196068e-05, "repeat": 2, "number": 2}]}, "readwrite.TimeRead.time_asia_write": {"result": [0.0005094355437904596], "stats": [{"ci_99": [-0.004096659242778141, 0.005115530330359056], "q_25": 0.0004633745959247736, "q_75": 0.0005554964916561456, "min": 0.0004173136480590876, "max": 0.0006015574395218317, "mean": 0.0005094355437904596, "std": 9.212189573137202e-05, "repeat": 2, "number": 68}]}, "readwrite.TimeRead.time_munin_read": {"result": [5.222300857305527], "stats": [{"ci_99": [5.021236415952444, 5.423365298658609], "q_25": 5.220290212891996, "q_75": 5.224311501719058, "min": 5.218279568478465, "max": 5.226322146132588, "mean": 5.222300857305527, "std": 0.004021288827061653, "repeat": 2, "number": 1}]}, "readwrite.TimeRead.time_munin_write": {"result": [0.04069140553474426], "stats": [{"ci_99": [0.03417792171239853, 0.04720488935708999], "q_25": 0.040626270696520805, "q_75": 0.04075654037296772, "min": 0.04056113585829735, "max": 0.04082167521119118, "mean": 0.04069140553474426, "std": 0.00013026967644691467, "repeat": 2, "number": 1}]}, "readwrite.TimeRead.time_pathfinder_read": {"result": [5.85480023920536], "stats": [{"ci_99": [5.3322930708527565, 6.377307407557964], "q_25": 5.849575167521834, "q_75": 5.8600253108888865, "min": 5.844350095838308, "max": 5.8652503825724125, "mean": 5.85480023920536, "std": 0.010450143367052078, "repeat": 2, "number": 1}]}, "readwrite.TimeRead.time_pathfinder_write": {"result": [0.024966314435005188], "stats": [{"ci_99": [0.01947914808988571, 0.03045348078012466], "q_25": 0.024911442771553993, "q_75": 0.025021186098456383, "min": 0.0248565711081028, "max": 0.025076057761907578, "mean": 0.024966314435005188, "std": 0.00010974332690238953, "repeat": 2, "number": 1}]}, "sampling.TimeSampling.time_forward_sample": {"result": [0.20494887419044971], "stats": [{"ci_99": [0.20418674871325493, 0.2054725792258978], "q_25": 0.20482155587524176, "q_75": 0.2053162301890552, "min": 0.20418674871325493, "max": 0.2054725792258978, "mean": 0.20495857391506433, "std": 0.000399455393886546, "repeat": 10, "number": 1}]}, "sampling.TimeSampling.time_gibbs_sampling": null, "sampling.TimeSampling.time_likelihood_sample": {"result": [0.2137786140665412], "stats": [{"ci_99": [0.2129831798374653, 0.21428785473108292], "q_25": 0.21314457524567842, "q_75": 0.2139943833462894, "min": 0.2129831798374653, "max": 0.21428785473108292, "mean": 0.21363119035959244, "std": 0.0004541465224140483, "repeat": 10, "number": 1}]}, "sampling.TimeSampling.time_rejection_sample": {"result": [38.40911459643394], "stats": [{"ci_99": [36.06400817167014, 40.754221021197736], "q_25": 38.3856635321863, "q_75": 38.432565660681576, "min": 38.36221246793866, "max": 38.45601672492921, "mean": 38.40911459643394, "std": 0.046902128495275974, "repeat": 2, "number": 1}]}, "structure_learning.TimeHillClimb.time_hillclimb": null, "structure_learning.TimePC.time_pc_orig": {"result": [36.04296081699431], "stats": [{"ci_99": [34.71187845803797, 37.374043175950646], "q_25": 36.029649993404746, "q_75": 36.05627164058387, "min": 36.01633916981518, "max": 36.069582464173436, "mean": 36.04296081699431, "std": 0.02662164717912674, "repeat": 2, "number": 1}]}, "structure_learning.TimePC.time_pc_stable": {"result": [36.04840006027371], "stats": [{"ci_99": [35.10377144720405, 36.99302867334336], "q_25": 36.03895377414301, "q_75": 36.0578463464044, "min": 36.029507488012314, "max": 36.0672926325351, "mean": 36.04840006027371, "std": 0.01889257226139307, "repeat": 2, "number": 1}]}}, "params": {"arch": "x86_64", "cpu": "Intel(R) Core(TM) i9-9820X CPU @ 3.30GHz", "machine": "graveyard", "num_cpu": "20", "os": "Linux 4.15.0-112-generic", "ram": "131688676", "python": "3.7"}, "requirements": {}, "commit_hash": "09ab026cf8300e81155fa99ae382132bda81ea94", "date": 1625296597000, "env_name": "conda-py3.7", "python": "3.7", "profiles": {}, "started_at": {"factor.TimeDiscreteFactor.time_factor_marginalize": 1625697583516, "factor.TimeDiscreteFactor.time_factor_multiply_large": 1625697583723, "factor.TimeDiscreteFactor.time_factor_reduce": 1625697583930, "import.TimeImport.time_import": 1625697584137, "inference.TimeVariableElimination.time_query_alarm": 1625697584344, "inference.TimeVariableElimination.time_query_munin": 1625697602197, "readwrite.TimeRead.time_asia_read": 1625697621206, "readwrite.TimeRead.time_asia_write": 1625697646632, "readwrite.TimeRead.time_munin_read": 1625697670803, "readwrite.TimeRead.time_munin_write": 1625697706907, "readwrite.TimeRead.time_pathfinder_read": 1625697730880, "readwrite.TimeRead.time_pathfinder_write": 1625697767385, "sampling.TimeSampling.time_forward_sample": 1625697791405, "sampling.TimeSampling.time_gibbs_sampling": 1625696766434, "sampling.TimeSampling.time_likelihood_sample": 1625697793172, "sampling.TimeSampling.time_rejection_sample": 1625697795035, "structure_learning.TimeHillClimb.time_hillclimb": 1625697443325, "structure_learning.TimePC.time_pc_orig": 1625697870111, "structure_learning.TimePC.time_pc_stable": 1625697940006}, "ended_at": {"factor.TimeDiscreteFactor.time_factor_marginalize": 1625697583723, "factor.TimeDiscreteFactor.time_factor_multiply_large": 1625697583930, "factor.TimeDiscreteFactor.time_factor_reduce": 1625697584137, "import.TimeImport.time_import": 1625697584343, "inference.TimeVariableElimination.time_query_alarm": 1625697602197, "inference.TimeVariableElimination.time_query_munin": 1625697621206, "readwrite.TimeRead.time_asia_read": 1625697646631,