{"results": {"factor.TimeDiscreteFactor.time_factor_marginalize": {"result": [6.119442828507586e-05], "stats": [{"ci_99": [6.10632970082489e-05, 6.165573458102617e-05], "q_25": 6.115094451657073e-05, "q_75": 6.129648748107931e-05, "min": 6.10632970082489e-05, "max": 6.165573458102617e-05, "mean": 6.125094792382284e-05, "std": 1.6573526221241555e-07, "repeat": 10, "number": 176}]}, "factor.TimeDiscreteFactor.time_factor_multiply_large": {"result": [5.150610642834297e-05], "stats": [{"ci_99": [5.110948218553552e-05, 5.2268939066272214e-05], "q_25": 5.1356525429617175e-05, "q_75": 5.172797085902702e-05, "min": 5.110948218553552e-05, "max": 5.2268939066272214e-05, "mean": 5.156579758459922e-05, "std": 3.375583287816905e-07, "repeat": 10, "number": 211}]}, "factor.TimeDiscreteFactor.time_factor_reduce": {"result": [2.9970093497208185e-05], "stats": [{"ci_99": [2.9783711287674013e-05, 3.0277537407128365e-05], "q_25": 2.9915154420330632e-05, "q_75": 3.0097668059170246e-05, "min": 2.9783711287674013e-05, "max": 3.0277537407128365e-05, "mean": 3.0005257576704027e-05, "std": 1.4337614388220013e-07, "repeat": 10, "number": 364}]}, "import.TimeImport.time_import": {"result": [1.2280774455352988e-07], "stats": [{"ci_99": [1.2206900921428447e-07, 1.238083776385184e-07], "q_25": 1.2268963700617884e-07, "q_75": 1.2304320331592375e-07, "min": 1.2206900921428447e-07, "max": 1.238083776385184e-07, "mean": 1.228576755448462e-07, "std": 4.371367240896666e-10, "repeat": 10, "number": 85580}]}, "inference.TimeVariableElimination.time_query_alarm": {"result": [0.10051967576146126], "stats": [{"ci_99": [0.07769513809814019, 0.13604146586970522], "q_25": 0.09963785530999303, "q_75": 0.10775012243539095, "min": 0.09841798804700375, "max": 0.12801586836576462, "mean": 0.10686830198392272, "std": 0.012244275250788384, "repeat": 4, "number": 1}]}, "inference.TimeVariableElimination.time_query_munin": {"result": [0.49565143790096045], "stats": [{"ci_99": [0.49226977167352987, 0.4989926046349113], "q_25": 0.4951568669639528, "q_75": 0.49612575909122825, "min": 0.49382785335183144, "max": 0.49739402346313, "mean": 0.4956311881542206, "std": 0.0012615212074588871, "repeat": 4, "number": 1}]}, "readwrite.TimeRead.time_asia_read": {"result": [0.008631767705082893], "stats": [{"ci_99": [0.0075386278331279755, 0.009724907577037811], "q_25": 0.008620836306363344, "q_75": 0.008642699103802443, "min": 0.008609904907643795, "max": 0.008653630502521992, "mean": 0.008631767705082893, "std": 2.1862797439098358e-05, "repeat": 2, "number": 2}]}, "readwrite.TimeRead.time_asia_write": {"result": [0.0006062585230478469], "stats": [{"ci_99": [0.000579460400759297, 0.0006330566453363966], "q_25": 0.0006059905418249614, "q_75": 0.0006065265042707324, "min": 0.0006057225606020759, "max": 0.0006067944854936179, "mean": 0.0006062585230478469, "std": 5.359624457709961e-07, "repeat": 2, "number": 68}]}, "readwrite.TimeRead.time_munin_read": {"result": [5.182164158672094], "stats": [{"ci_99": [5.034647133201361, 5.329681184142828], "q_25": 5.180688988417387, "q_75": 5.183639328926802, "min": 5.17921381816268, "max": 5.185114499181509, "mean": 5.182164158672094, "std": 0.002950340509414673, "repeat": 2, "number": 1}]}, "readwrite.TimeRead.time_munin_write": {"result": [0.04008915834128857], "stats": [{"ci_99": [0.026011938229203224, 0.054166378453373895], "q_25": 0.03994838614016771, "q_75": 0.04022993054240942, "min": 0.03980761393904686, "max": 0.04037070274353027, "mean": 0.04008915834128857, "std": 0.00028154440224170685, "repeat": 2, "number": 1}]}, "readwrite.TimeRead.time_pathfinder_read": {"result": [5.803979684598744], "stats": [{"ci_99": [5.689396600238979, 5.918562768958509], "q_25": 5.802833853755146, "q_75": 5.805125515442342, "min": 5.801688022911549, "max": 5.806271346285939, "mean": 5.803979684598744, "std": 0.002291661687195301, "repeat": 2, "number": 1}]}, "readwrite.TimeRead.time_pathfinder_write": {"result": [0.025116820819675922], "stats": [{"ci_99": [0.010351213626563549, 0.03988242801278828], "q_25": 0.0249691647477448, "q_75": 0.025264476891607046, "min": 0.024821508675813675, "max": 0.02541213296353817, "mean": 0.025116820819675922, "std": 0.00029531214386224747, "repeat": 2, "number": 1}]}, "sampling.TimeSampling.time_forward_sample": null, "sampling.TimeSampling.time_gibbs_sampling": null, "sampling.TimeSampling.time_likelihood_sample": {"result": [0.21120697166770697], "stats": [{"ci_99": [0.21047730185091496, 0.21235316433012486], "q_25": 0.2109677684493363, "q_75": 0.21157461497932673, "min": 0.21047730185091496, "max": 0.21235316433012486, "mean": 0.21132613960653543, "std": 0.0005436907463575113, "repeat": 10, "number": 1}]}, "sampling.TimeSampling.time_rejection_sample": null, "structure_learning.TimeHillClimb.time_hillclimb": null, "structure_learning.TimePC.time_pc_orig": {"result": [36.04296081699431], "stats": [{"ci_99": [34.71187845803797, 37.374043175950646], "q_25": 36.029649993404746, "q_75": 36.05627164058387, "min": 36.01633916981518, "max": 36.069582464173436, "mean": 36.04296081699431, "std": 0.02662164717912674, "repeat": 2, "number": 1}]}, "structure_learning.TimePC.time_pc_stable": {"result": [36.04840006027371], "stats": [{"ci_99": [35.10377144720405, 36.99302867334336], "q_25": 36.03895377414301, "q_75": 36.0578463464044, "min": 36.029507488012314, "max": 36.0672926325351, "mean": 36.04840006027371, "std": 0.01889257226139307, "repeat": 2, "number": 1}]}, "factor.TimeDiscreteFactor.time_factor_compare": {"result": [6.379990028382758e-05], "stats": [{"ci_99": [6.35065998022373e-05, 6.456751398433595e-05], "q_25": 6.358191293813068e-05, "q_75": 6.398250012708132e-05, "min": 6.35065998022373e-05, "max": 6.456751398433595e-05, "mean": 6.38420445591035e-05, "std": 3.051913972226241e-07, "repeat": 10, "number": 169}]}, "inference.TimeBeliefPropagation.time_query_alarm": {"result": [51.24423473607749], "stats": [{"ci_99": [49.46059475187212, 53.02787472028285], "q_25": 51.226398336235434, "q_75": 51.26207113591954, "min": 51.20856193639338, "max": 51.279907535761595, "mean": 51.24423473607749, "std": 0.035672799684107304, "repeat": 2, "number": 1}]}, "parameter_learning.TimeBayesianEstimator.time_alarm_bayesian_estimator": null, "parameter_learning.TimeBayesianEstimator.time_munin_bayesian_estimator": null, "parameter_learning.TimeExpectationMaximization.time_alarm_em": null, "parameter_learning.TimeExpectationMaximization.time_munin_em": null, "parameter_learning.TimeMLE.time_alarm_mle": null, "parameter_learning.TimeMLE.time_munin_mle": null, "structure_learning.TimeHillClimbAlarmModel.time_hillclimb": null, "structure_learning.TimeMmhcAlarmModel.time_mmhc": null, "structure_learning.TimePCAlarmModel.time_pc_orig": null, "structure_learning.TimePCAlarmModel.time_pc_stable": null, "structure_learning.TimeTreeSearchAlarmModel.time_tan": null}, "params": {"arch": "x86_64", "cpu": "Intel(R) Core(TM) i9-9820X CPU @ 3.30GHz", "machine": "graveyard", "num_cpu": "20", "os": "Linux 4.15.0-112-generic", "ram": "131688676", "python": "3.7"}, "requirements": {}, "commit_hash": "09ab026cf8300e81155fa99ae382132bda81ea94", "date": 1625296597000, "env_name": "conda-py3.7", "python": "3.7", "profiles": {}, "started_at": {"factor.TimeDiscreteFactor.time_factor_marginalize": 1653944401832, "factor.TimeDiscreteFactor.time_factor_multiply_large": 1653944402039, "factor.TimeDiscreteFactor.time_factor_reduce": 1653944402245, "import.TimeImport.time_import": 1653944402452, "inference.TimeVariableElimination.time_query_alarm": 1653944505367, "inference.TimeVariableElimination.time_query_munin": 1653944523625, "readwrite.TimeRead.time_asia_read": 1653944543040, "readwrite.TimeRead.time_asia_write": 1653944566811, "readwrite.TimeRead.time_munin_read": 1653944590633, "readwrite.TimeRead.time_munin_write": 1653944626638, "readwrite.TimeRead.time_pathfinder_read": 1653944650411, "readwrite.TimeRead.time_pathfinder_write": 1653944686566,