{"results": {"factor.TimeDiscreteFactor.time_factor_marginalize": {"result": [6.153773558273744e-05], "stats": [{"ci_99": [6.133721869313315e-05, 6.211124193132594e-05], "q_25": 6.143334635606642e-05, "q_75": 6.161935711174868e-05, "min": 6.133721869313315e-05, "max": 6.211124193132594e-05, "mean": 6.15832270280029e-05, "std": 2.2101979869082283e-07, "repeat": 10, "number": 178}]}, "factor.TimeDiscreteFactor.time_factor_multiply_large": {"result": [5.177550351704067e-05], "stats": [{"ci_99": [5.1057625140221614e-05, 5.2167673788543016e-05], "q_25": 5.1479960159170175e-05, "q_75": 5.189714654577228e-05, "min": 5.1057625140221614e-05, "max": 5.2167673788543016e-05, "mean": 5.166780748316702e-05, "std": 3.531002704493786e-07, "repeat": 10, "number": 212}]}, "factor.TimeDiscreteFactor.time_factor_reduce": {"result": [3.0074109309825345e-05], "stats": [{"ci_99": [2.9932291827340058e-05, 3.0389109599417534e-05], "q_25": 3.0040526357681853e-05, "q_75": 3.012603391771731e-05, "min": 2.9932291827340058e-05, "max": 3.0389109599417534e-05, "mean": 3.0103230282016424e-05, "std": 1.2170809787678302e-07, "repeat": 10, "number": 345}]}, "import.TimeImport.time_import": {"result": [1.2650114150779714e-07], "stats": [{"ci_99": [1.2541880119743161e-07, 1.2795356226005898e-07], "q_25": 1.2613430974070272e-07, "q_75": 1.2685009750891546e-07, "min": 1.2541880119743161e-07, "max": 1.2795356226005898e-07, "mean": 1.2657226654408821e-07, "std": 7.096263259292088e-10, "repeat": 10, "number": 86720}]}, "inference.TimeVariableElimination.time_query_alarm": {"result": [0.07864483818411827], "stats": [{"ci_99": [0.06856602352656611, 0.09411370086870906], "q_25": 0.078359704464674, "q_75": 0.08162499591708183, "min": 0.07750578410923481, "max": 0.09056398831307888, "mean": 0.08133986219763756, "std": 0.00534581534323137, "repeat": 4, "number": 1}]}, "inference.TimeVariableElimination.time_query_munin": {"result": [0.5037378296256065], "stats": [{"ci_99": [0.5010406716417376, 0.5064674078796204], "q_25": 0.5031510824337602, "q_75": 0.5043407869525254, "min": 0.5024339016526937, "max": 0.5051065981388092, "mean": 0.503754039760679, "std": 0.0009765342712908667, "repeat": 4, "number": 1}]}, "readwrite.TimeRead.time_asia_read": {"result": [0.0085502490401268], "stats": [{"ci_99": [0.00823909416794777, 0.008861403912305832], "q_25": 0.00854713749140501, "q_75": 0.00855336058884859, "min": 0.00854402594268322, "max": 0.008556472137570381, "mean": 0.0085502490401268, "std": 6.2230974435806274e-06, "repeat": 2, "number": 2}]}, "readwrite.TimeRead.time_asia_write": {"result": [0.0006198381532484026], "stats": [{"ci_99": [0.00039161964138942004, 0.000848056665107385], "q_25": 0.0006175559681298127, "q_75": 0.0006221203383669925, "min": 0.000615273783011223, "max": 0.0006244025234855823, "mean": 0.0006198381532484026, "std": 4.564370237179652e-06, "repeat": 2, "number": 67}]}, "readwrite.TimeRead.time_munin_read": {"result": [5.157262030057609], "stats": [{"ci_99": [4.767148186452687, 5.547375873662531], "q_25": 5.15336089162156, "q_75": 5.161163168493658, "min": 5.149459753185511, "max": 5.1650643069297075, "mean": 5.157262030057609, "std": 0.007802276872098446, "repeat": 2, "number": 1}]}, "readwrite.TimeRead.time_munin_write": {"result": [0.04151792638003826], "stats": [{"ci_99": [0.030583826825022697, 0.05245202593505382], "q_25": 0.041408585384488106, "q_75": 0.04162726737558842, "min": 0.04129924438893795, "max": 0.04173660837113857, "mean": 0.04151792638003826, "std": 0.00021868199110031128, "repeat": 2, "number": 1}]}, "readwrite.TimeRead.time_pathfinder_read": {"result": [5.776626863516867], "stats": [{"ci_99": [5.451329252682626, 6.101924474351108], "q_25": 5.773373887408525, "q_75": 5.77987983962521, "min": 5.770120911300182, "max": 5.783132815733552, "mean": 5.776626863516867, "std": 0.006505952216684818, "repeat": 2, "number": 1}]}, "readwrite.TimeRead.time_pathfinder_write": {"result": [0.033575210720300674], "stats": [{"ci_99": [-0.33908746391534805, 0.40623788535594907], "q_25": 0.029848583973944187, "q_75": 0.03730183746665716, "min": 0.0261219572275877, "max": 0.04102846421301365, "mean": 0.033575210720300674, "std": 0.0074532534927129745, "repeat": 2, "number": 1}]}, "sampling.TimeSampling.time_forward_sample": {"result": [0.20781349670141935], "stats": [{"ci_99": [0.20704983174800873, 0.21013209968805313], "q_25": 0.20759649574756622, "q_75": 0.20819670567288995, "min": 0.20704983174800873, "max": 0.21013209968805313, "mean": 0.2080038394778967, "std": 0.0008036379639284586, "repeat": 10, "number": 1}]}, "sampling.TimeSampling.time_gibbs_sampling": null, "sampling.TimeSampling.time_likelihood_sample": {"result": [0.2100923852995038], "stats": [{"ci_99": [0.20932527258992195, 0.2307200487703085], "q_25": 0.20966652547940612, "q_75": 0.2102771122008562, "min": 0.20932527258992195, "max": 0.2307200487703085, "mean": 0.21202706154435874, "std": 0.006240460154656776, "repeat": 10, "number": 1}]}, "sampling.TimeSampling.time_rejection_sample": {"result": [38.474303408525884], "stats": [{"ci_99": [36.13812026474625, 40.81048655230552], "q_25": 38.45094157708809, "q_75": 38.49766523996368, "min": 38.42757974565029, "max": 38.52102707140148, "mean": 38.474303408525884, "std": 0.04672366287559271, "repeat": 2, "number": 1}]}, "structure_learning.TimeHillClimb.time_hillclimb": null, "structure_learning.TimePC.time_pc_orig": {"result": [39.29979548603296], "stats": [{"ci_99": [29.321978695690632, 49.27761227637529], "q_25": 39.20001731812954, "q_75": 39.399573653936386, "min": 39.100239150226116, "max": 39.49935182183981, "mean": 39.29979548603296, "std": 0.19955633580684662, "repeat": 2, "number": 1}]}, "structure_learning.TimePC.time_pc_stable": {"result": [39.096202531829476], "stats": [{"ci_99": [37.2136258687824, 40.97877919487655], "q_25": 39.077376765199006, "q_75": 39.11502829845995, "min": 39.058550998568535, "max": 39.13385406509042, "mean": 39.096202531829476, "std": 0.037651533260941505, "repeat": 2, "number": 1}]}, "factor.TimeDiscreteFactor.time_factor_compare": {"result": [6.401049491216445e-05], "stats": [{"ci_99": [6.380378538687554e-05, 6.433375752889193e-05], "q_25": 6.39380170748784e-05, "q_75": 6.414651484972627e-05, "min": 6.380378538687554e-05, "max": 6.433375752889193e-05, "mean": 6.404088578633303e-05, "std": 1.748979110672839e-07, "repeat": 10, "number": 169}]}, "inference.TimeBeliefPropagation.time_query_alarm": null, "parameter_learning.TimeBayesianEstimator.time_alarm_bayesian_estimator": {"result": [1.6447187075391412], "stats": [{"ci_99": [1.459557066564972, 1.8440464102797556], "q_25": 1.5878394865430892, "q_75": 1.708680959418416, "min": 1.5847122892737389, "max": 1.7330572493374348, "mean": 1.651801738422364, "std": 0.06602895625274041, "repeat": 4, "number": 1}]}, "parameter_learning.TimeBayesianEstimator.time_munin_bayesian_estimator": {"result": [18.667896365746856], "stats": [{"ci_99": [14.000469906255603, 23.335322825238105], "q_25": 18.621222101151943, "q_75": 18.71457063034177, "min": 18.57454783655703, "max": 18.76124489493668, "mean": 18.667896365746856, "std": 0.09334852918982506, "repeat": 2, "number": 1}]}, "parameter_learning.TimeExpectationMaximization.time_alarm_em": {"result": [19.267918408848345], "stats": [{"ci_99": [18.684901303611696, 19.850935514084995], "q_25": 19.26208823779598, "q_75": 19.27374857990071, "min": 19.256258066743612, "max": 19.27957875095308, "mean": 19.267918408848345, "std": 0.01166034210473299, "repeat": 2, "number": 1}]}, "parameter_learning.TimeExpectationMaximization.time_munin_em": {"result": [112.01460895873606], "stats": [{"ci_99": [105.73585903085768, 118.29335888661444], "q_25": 111.95182145945728, "q_75": 112.07739645801485, "min": 111.8890339601785, "max": 112.14018395729363, "mean": 112.01460895873606, "std": 0.1255749985575676, "repeat": 2, "number": 1}]}, "parameter_learning.TimeMLE.time_alarm_mle": {"result": [1.7417130274698138], "stats": [{"ci_99": [1.585235313434719, 1.8930194211037754],