{"results": {"factor.TimeDiscreteFactor.time_factor_compare": {"result": [6.103600338522324e-05], "stats": [{"ci_99": [6.083597950005935e-05, 6.16735173652401e-05], "q_25": 6.0921505956494876e-05, "q_75": 6.117740656528095e-05, "min": 6.083597950005935e-05, "max": 6.16735173652401e-05, "mean": 6.110004365107434e-05, "std": 2.426642799152314e-07, "repeat": 10, "number": 177}]}, "factor.TimeDiscreteFactor.time_factor_marginalize": {"result": [6.381111654514324e-05], "stats": [{"ci_99": [6.35102101250323e-05, 6.413565736687825e-05], "q_25": 6.366396200157212e-05, "q_75": 6.389552671573834e-05, "min": 6.35102101250323e-05, "max": 6.413565736687825e-05, "mean": 6.378764275483744e-05, "std": 1.776403853115855e-07, "repeat": 10, "number": 167}]}, "factor.TimeDiscreteFactor.time_factor_multiply_large": {"result": [4.7245342284441e-05], "stats": [{"ci_99": [4.632199521769177e-05, 4.888707771897316e-05], "q_25": 4.6841522932729936e-05, "q_75": 4.8101297579705715e-05, "min": 4.632199521769177e-05, "max": 4.888707771897316e-05, "mean": 4.745080474425446e-05, "std": 8.792018444841097e-07, "repeat": 10, "number": 220}]}, "factor.TimeDiscreteFactor.time_factor_reduce": {"result": [2.5632195965439644e-05], "stats": [{"ci_99": [2.539598049139077e-05, 2.5883576182543107e-05], "q_25": 2.5508743007930945e-05, "q_75": 2.568641585245166e-05, "min": 2.539598049139077e-05, "max": 2.5883576182543107e-05, "mean": 2.5613072222836737e-05, "std": 1.4393560196489703e-07, "repeat": 10, "number": 424}]}, "import.TimeImport.time_import": {"result": [1.1735260972651446e-07], "stats": [{"ci_99": [1.1561850479806596e-07, 1.176289897488458e-07], "q_25": 1.1728256979340579e-07, "q_75": 1.1743076550930127e-07, "min": 1.1561850479806596e-07, "max": 1.176289897488458e-07, "mean": 1.172196461420779e-07, "std": 5.508201283406153e-10, "repeat": 10, "number": 92893}]}, "inference.TimeBeliefPropagation.time_query_alarm": {"result": [75.80270803440362], "stats": [{"ci_99": [70.13653855677694, 81.4688775120303], "q_25": 75.74604633962736, "q_75": 75.85936972917989, "min": 75.68938464485109, "max": 75.91603142395616, "mean": 75.80270803440362, "std": 0.11332338955253363, "repeat": 2, "number": 1}]}, "inference.TimeVariableElimination.time_query_alarm": {"result": [0.04978037253022194], "stats": [{"ci_99": [0.048702637711309976, 0.05084234378323595], "q_25": 0.04945832025259733, "q_75": 0.050094543024897575, "min": 0.04932406730949879, "max": 0.05020515061914921, "mean": 0.04977249074727297, "std": 0.0003681692570900746, "repeat": 4, "number": 1}]}, "inference.TimeVariableElimination.time_query_munin": {"result": [0.45711784157902], "stats": [{"ci_99": [0.44716734066411906, 0.46763946581825566], "q_25": 0.4539580633863807, "q_75": 0.4605631814338267, "min": 0.4538602940738201, "max": 0.4615176357328892, "mean": 0.45740340324118733, "std": 0.003507215325017806, "repeat": 4, "number": 1}]}, "parameter_learning.TimeBayesianEstimator.time_alarm_bayesian_estimator": {"result": [2.112401396036148], "stats": [{"ci_99": [1.9554498672933278, 2.2633480567037156], "q_25": 2.072403167374432, "q_75": 2.1493971906602383, "min": 2.034815240651369, "max": 2.177977815270424, "mean": 2.1093989619985223, "std": 0.05429756654603843, "repeat": 4, "number": 1}]}, "parameter_learning.TimeBayesianEstimator.time_munin_bayesian_estimator": {"result": [35.266425403766334], "stats": [{"ci_99": [27.791046247817576, 42.741804559715085], "q_25": 35.19167161220685, "q_75": 35.34117919532582, "min": 35.11691782064736, "max": 35.41593298688531, "mean": 35.266425403766334, "std": 0.14950758311897516, "repeat": 2, "number": 1}]}, "parameter_learning.TimeExpectationMaximization.time_alarm_em": {"result": [16.320508987642825], "stats": [{"ci_99": [12.18149013724178, 20.459527838043865], "q_25": 16.279118799138814, "q_75": 16.361899176146835, "min": 16.237728610634804, "max": 16.403289364650846, "mean": 16.320508987642825, "std": 0.08278037700802088, "repeat": 2, "number": 1}]}, "parameter_learning.TimeExpectationMaximization.time_munin_em": {"result": [131.61491362378], "stats": [{"ci_99": [126.11763283610344, 137.11219441145658], "q_25": 131.55994081590325, "q_75": 131.66988643165678, "min": 131.50496800802648, "max": 131.72485923953354, "mean": 131.61491362378, "std": 0.10994561575353146, "repeat": 2, "number": 1}]}, "parameter_learning.TimeMLE.time_alarm_mle": {"result": [2.208326630294323], "stats": [{"ci_99": [2.116310887999171, 2.3379526175267156], "q_25": 2.195592840667814, "q_75": 2.2398655423894525, "min": 2.1916998084634542, "max": 2.300173941999674, "mean": 2.2271317527629435, "std": 0.0434724587328121, "repeat": 4, "number": 1}]}, "parameter_learning.TimeMLE.time_munin_mle": {"result": [35.88128855265677], "stats": [{"ci_99": [34.919018222019076, 36.84355888329446], "q_25": 35.87166584935039, "q_75": 35.89091125596315, "min": 35.862043146044016, "max": 35.900533959269524, "mean": 35.88128855265677, "std": 0.019245406612753868, "repeat": 2, "number": 1}]}, "readwrite.TimeRead.time_asia_read": {"result": [0.008695133496075869], "stats": [{"ci_99": [0.006555396597832441, 0.010834870394319294], "q_25": 0.008673736127093434, "q_75": 0.008716530865058303, "min": 0.008652338758111, "max": 0.008737928234040737, "mean": 0.008695133496075869, "std": 4.2794737964868546e-05, "repeat": 2, "number": 2}]}, "readwrite.TimeRead.time_asia_write": {"result": [0.0005098210907057871], "stats": [{"ci_99": [-0.0003102284773618358, 0.0013298706587734094], "q_25": 0.0005016205950251109, "q_75": 0.0005180215863864633, "min": 0.0004934200993444346, "max": 0.0005262220820671396, "mean": 0.0005098210907057871, "std": 1.6400991361352458e-05, "repeat": 2, "number": 79}]}, "readwrite.TimeRead.time_munin_read": {"result": [4.7325986148789525], "stats": [{"ci_99": [4.220052174292505, 5.2451450554654], "q_25": 4.727473150473088, "q_75": 4.737724079284817, "min": 4.7223476860672235, "max": 4.7428495436906815, "mean": 4.7325986148789525, "std": 0.010250928811728954, "repeat": 2, "number": 1}]}, "readwrite.TimeRead.time_munin_write": {"result": [0.03472704906016588], "stats": [{"ci_99": [0.02645061817020178, 0.04300347995012998], "q_25": 0.03464428475126624, "q_75": 0.03480981336906552, "min": 0.0345615204423666, "max": 0.034892577677965164, "mean": 0.03472704906016588, "std": 0.00016552861779928207, "repeat": 2, "number": 1}]}, "readwrite.TimeRead.time_pathfinder_read": {"result": [5.261206484399736], "stats": [{"ci_99": [5.036631037481129, 5.485781931318343], "q_25": 5.25896072993055, "q_75": 5.263452238868922, "min": 5.256714975461364, "max": 5.265697993338108, "mean": 5.261206484399736, "std": 0.004491508938372135, "repeat": 2, "number": 1}]}, "readwrite.TimeRead.time_pathfinder_write": {"result": [0.020930997096002102], "stats": [{"ci_99": [0.017797143198549747, 0.024064850993454453], "q_25": 0.02089965855702758, "q_75": 0.020962335634976625, "min": 0.020868320018053055, "max": 0.02099367417395115, "mean": 0.020930997096002102, "std": 6.267707794904709e-05, "repeat": 2, "number": 1}]}, "sampling.TimeSampling.time_forward_sample": {"result": [0.2291053794324398], "stats": [{"ci_99": [0.22803377173841, 0.2305676005780697], "q_25": 0.22890632785856724, "q_75": 0.22966653434559703, "min": 0.22803377173841, "max": 0.2305676005780697, "mean": 0.22921730615198613, "std": 0.0007631397039540574, "repeat": 10, "number": 1}]}, "sampling.TimeSampling.time_gibbs_sampling": null, "sampling.TimeSampling.time_likelihood_sample": {"result": [0.22479986492544413], "stats": [{"ci_99": [0.22412819415330887, 0.2268986850976944], "q_25": 0.22440828289836645, "q_75": 0.2251299750059843, "min": 0.22412819415330887, "max": 0.2268986850976944, "mean": 0.22499764002859593, "std": 0.0008139590038655433, "repeat": 10, "number": 1}]}, "sampling.TimeSampling.time_rejection_sample": {"result": [43.46295591723174], "stats": [{"ci_99": [42.941132293082774, 43.9847795413807], "q_25": 43.45773768099025, "q_75": 43.46817415347323, "min": 43.45251944474876, "max": 43.47339238971472,