{"results": {"factor.TimeDiscreteFactor.time_factor_marginalize": {"result": [6.426714293389436e-05], "stats": [{"ci_99": [6.410700594445309e-05, 6.515373397304351e-05], "q_25": 6.419265395905597e-05, "q_75": 6.473695870533765e-05, "min": 6.410700594445309e-05, "max": 6.515373397304351e-05, "mean": 6.445660311953131e-05, "std": 3.6676737500324266e-07, "repeat": 10, "number": 166}]}, "factor.TimeDiscreteFactor.time_factor_multiply_large": {"result": [5.6597106542783914e-05], "stats": [{"ci_99": [5.582714280516831e-05, 5.72328062094364e-05], "q_25": 5.5997658847379925e-05, "q_75": 5.678405514774249e-05, "min": 5.582714280516831e-05, "max": 5.72328062094364e-05, "mean": 5.646705070568114e-05, "std": 4.4949709503637916e-07, "repeat": 10, "number": 194}]}, "factor.TimeDiscreteFactor.time_factor_reduce": {"result": [3.303789376917452e-05], "stats": [{"ci_99": [3.280271791388886e-05, 3.313625434247574e-05], "q_25": 3.292493171768613e-05, "q_75": 3.3097378540747235e-05, "min": 3.280271791388886e-05, "max": 3.313625434247574e-05, "mean": 3.300246785674551e-05, "std": 1.1366592672490701e-07, "repeat": 10, "number": 303}]}, "import.TimeImport.time_import": {"result": [1.2371959952665473e-07], "stats": [{"ci_99": [1.232519193931862e-07, 1.2452517682611464e-07], "q_25": 1.2339119670575073e-07, "q_75": 1.2416724693807662e-07, "min": 1.232519193931862e-07, "max": 1.2452517682611464e-07, "mean": 1.2379274174624565e-07, "std": 4.323752085640256e-10, "repeat": 10, "number": 80730}]}, "inference.TimeVariableElimination.time_query_alarm": {"result": [0.06843022909015417], "stats": [{"ci_99": [0.06753667351621172, 0.0694030402151964], "q_25": 0.06815844587981701, "q_75": 0.06874164007604122, "min": 0.06814773939549923, "max": 0.06887122988700867, "mean": 0.06846985686570406, "std": 0.0003208888427881919, "repeat": 4, "number": 1}]}, "inference.TimeVariableElimination.time_query_munin": {"result": [0.5140602616593242], "stats": [{"ci_99": [0.5099365096710841, 0.5181052367962679], "q_25": 0.512965471483767, "q_75": 0.5151156634092331, "min": 0.5121364034712315, "max": 0.515826566144824, "mean": 0.514020873233676, "std": 0.0014278064519437231, "repeat": 4, "number": 1}]}, "readwrite.TimeRead.time_asia_read": {"result": [0.009138904511928558], "stats": [{"ci_99": [0.008655129000544548, 0.009622680023312569], "q_25": 0.009134066756814718, "q_75": 0.009143742267042398, "min": 0.009129229001700878, "max": 0.009148580022156239, "mean": 0.009138904511928558, "std": 9.675510227680206e-06, "repeat": 2, "number": 2}]}, "readwrite.TimeRead.time_asia_write": {"result": [0.0006340606923913583], "stats": [{"ci_99": [0.00031517948082182556, 0.0009529419039608909], "q_25": 0.000630871880275663, "q_75": 0.0006372495045070536, "min": 0.0006276830681599677, "max": 0.000640438316622749, "mean": 0.0006340606923913583, "std": 6.377624231390655e-06, "repeat": 2, "number": 64}]}, "readwrite.TimeRead.time_munin_read": {"result": [5.596446353942156], "stats": [{"ci_99": [5.105531416833401, 6.087361291050911], "q_25": 5.591537204571068, "q_75": 5.601355503313243, "min": 5.586628055199981, "max": 5.606264652684331, "mean": 5.596446353942156, "std": 0.009818298742175102, "repeat": 2, "number": 1}]}, "readwrite.TimeRead.time_munin_write": {"result": [0.04301106929779053], "stats": [{"ci_99": [0.03439624235033989, 0.05162589624524116], "q_25": 0.04292492102831602, "q_75": 0.043097217567265034, "min": 0.042838772758841515, "max": 0.04318336583673954, "mean": 0.04301106929779053, "std": 0.00017229653894901276, "repeat": 2, "number": 1}]}, "readwrite.TimeRead.time_pathfinder_read": {"result": [6.236041883006692], "stats": [{"ci_99": [5.947611654177308, 6.524472111836076], "q_25": 6.233157580718398, "q_75": 6.238926185294986, "min": 6.230273278430104, "max": 6.24181048758328, "mean": 6.236041883006692, "std": 0.005768604576587677, "repeat": 2, "number": 1}]}, "readwrite.TimeRead.time_pathfinder_write": {"result": [0.02603972051292658], "stats": [{"ci_99": [0.022611754946410656, 0.029467686079442498], "q_25": 0.02600544085726142, "q_75": 0.026074000168591738, "min": 0.02597116120159626, "max": 0.026108279824256897, "mean": 0.02603972051292658, "std": 6.855931133031845e-05, "repeat": 2, "number": 1}]}, "sampling.TimeSampling.time_forward_sample": null, "sampling.TimeSampling.time_gibbs_sampling": null, "sampling.TimeSampling.time_likelihood_sample": {"result": [0.20906671974807978], "stats": [{"ci_99": [0.20824015699326992, 0.21017948351800442], "q_25": 0.20897566387429833, "q_75": 0.20944932429119945, "min": 0.20824015699326992, "max": 0.21017948351800442, "mean": 0.20920003950595856, "std": 0.0005294021773660391, "repeat": 10, "number": 1}]}, "sampling.TimeSampling.time_rejection_sample": null, "structure_learning.TimeHillClimb.time_hillclimb": null, "structure_learning.TimePC.time_pc_orig": {"result": [40.60040748305619], "stats": [{"ci_99": [33.9013892095536, 47.29942575655877], "q_25": 40.53341730032116, "q_75": 40.66739766579121, "min": 40.466427117586136, "max": 40.73438784852624, "mean": 40.60040748305619, "std": 0.13398036547005177, "repeat": 2, "number": 1}]}, "structure_learning.TimePC.time_pc_stable": {"result": [40.55266319215298], "stats": [{"ci_99": [40.21027809381485, 40.895048290491104], "q_25": 40.549239341169596, "q_75": 40.55608704313636, "min": 40.545815490186214, "max": 40.55951089411974, "mean": 40.55266319215298, "std": 0.006847701966762543, "repeat": 2, "number": 1}]}, "factor.TimeDiscreteFactor.time_factor_compare": {"result": [6.775669284961509e-05], "stats": [{"ci_99": [6.7452331946331e-05, 6.947036153115566e-05], "q_25": 6.757836214870027e-05, "q_75": 6.792137879620559e-05, "min": 6.7452331946331e-05, "max": 6.947036153115566e-05, "mean": 6.789286041034842e-05, "std": 5.517850943843328e-07, "repeat": 10, "number": 159}]}, "inference.TimeBeliefPropagation.time_query_alarm": {"result": [167.98622757010162], "stats": [{"ci_99": [165.37148542515934, 170.6009697150439], "q_25": 167.9600801486522, "q_75": 168.01237499155104, "min": 167.93393272720277, "max": 168.03852241300046, "mean": 167.98622757010162, "std": 0.05229484289884567, "repeat": 2, "number": 1}]}, "parameter_learning.TimeBayesianEstimator.time_alarm_bayesian_estimator": null, "parameter_learning.TimeBayesianEstimator.time_munin_bayesian_estimator": null, "parameter_learning.TimeExpectationMaximization.time_alarm_em": null, "parameter_learning.TimeExpectationMaximization.time_munin_em": null, "parameter_learning.TimeMLE.time_alarm_mle": null, "parameter_learning.TimeMLE.time_munin_mle": null, "structure_learning.TimeHillClimbAlarmModel.time_hillclimb": null, "structure_learning.TimeMmhcAlarmModel.time_mmhc": null, "structure_learning.TimePCAlarmModel.time_pc_orig": null, "structure_learning.TimePCAlarmModel.time_pc_stable": null, "structure_learning.TimeTreeSearchAlarmModel.time_tan": null}, "params": {"arch": "x86_64", "cpu": "Intel(R) Core(TM) i9-9820X CPU @ 3.30GHz", "machine": "graveyard", "num_cpu": "20", "os": "Linux 4.15.0-112-generic", "ram": "131688676", "python": "3.6"}, "requirements": {}, "commit_hash": "0c44c99508fa8abb7233fe719f2f6e45fdbe64d4", "date": 1629102412000, "env_name": "conda-py3.6", "python": "3.6", "profiles": {}, "started_at": {"factor.TimeDiscreteFactor.time_factor_marginalize": 1653793451807, "factor.TimeDiscreteFactor.time_factor_multiply_large": 1653793452014, "factor.TimeDiscreteFactor.time_factor_reduce": 1653793452221, "import.TimeImport.time_import": 1653793452427, "inference.TimeVariableElimination.time_query_alarm": 1653793788921, "inference.TimeVariableElimination.time_query_munin": 1653793808134, "readwrite.TimeRead.time_asia_read": 1653793828602, "readwrite.TimeRead.time_asia_write": 1653793853927, "readwrite.TimeRead.time_munin_read": 1653793879203, "readwrite.TimeRead.time_munin_write": 1653793917312, "readwrite.TimeRead.time_pathfinder_read": 1653793942587, "readwrite.TimeRead.time_pathfinder_write": 1653793981049, "sampling.TimeSampling.time_forward_sample": 1653792848377,