{"results": {"factor.TimeDiscreteFactor.time_factor_marginalize": {"result": [6.14692886056525e-05], "stats": [{"ci_99": [6.111438145463387e-05, 6.218041094501367e-05], "q_25": 6.12380433032352e-05, "q_75": 6.1795377078351e-05, "min": 6.111438145463387e-05, "max": 6.218041094501367e-05, "mean": 6.154171934121111e-05, "std": 3.3757336581252673e-07, "repeat": 10, "number": 178}]}, "factor.TimeDiscreteFactor.time_factor_multiply_large": {"result": [5.1462498666653085e-05], "stats": [{"ci_99": [5.128424633387944e-05, 5.261085216124453e-05], "q_25": 5.142382303973538e-05, "q_75": 5.17420475394582e-05, "min": 5.128424633387944e-05, "max": 5.261085216124453e-05, "mean": 5.165240984765729e-05, "std": 3.8386181412981083e-07, "repeat": 10, "number": 199}]}, "factor.TimeDiscreteFactor.time_factor_reduce": {"result": [2.9770560519543687e-05], "stats": [{"ci_99": [2.9569362543221844e-05, 3.018314718683331e-05], "q_25": 2.9615570678014976e-05, "q_75": 2.9928552934286223e-05, "min": 2.9569362543221844e-05, "max": 3.018314718683331e-05, "mean": 2.9808751743480646e-05, "std": 2.1311160215004113e-07, "repeat": 10, "number": 346}]}, "import.TimeImport.time_import": {"result": [1.2719860780556598e-07], "stats": [{"ci_99": [1.2647184754957766e-07, 1.280667445692912e-07], "q_25": 1.2712782832027365e-07, "q_75": 1.2735904631434603e-07, "min": 1.2647184754957766e-07, "max": 1.280667445692912e-07, "mean": 1.2728036618774296e-07, "std": 4.507813431317226e-10, "repeat": 10, "number": 86771}]}, "inference.TimeVariableElimination.time_query_alarm": {"result": [0.05741086881607771], "stats": [{"ci_99": [0.03375335571415185, 0.09554398084931623], "q_25": 0.05715674441307783, "q_75": 0.06490279268473387, "min": 0.05643279664218426, "max": 0.08734013885259628, "mean": 0.06464866828173399, "std": 0.013107013330563367, "repeat": 4, "number": 1}]}, "inference.TimeVariableElimination.time_query_munin": {"result": [0.49877224769443274], "stats": [{"ci_99": [0.4706605933033462, 0.5409813775322801], "q_25": 0.4972492908127606, "q_75": 0.5073439422994852, "min": 0.49484898895025253, "max": 0.5308904573321342, "mean": 0.5058209854178131, "std": 0.014571183701751629, "repeat": 4, "number": 1}]}, "readwrite.TimeRead.time_asia_read": {"result": [0.008536900393664837], "stats": [{"ci_99": [0.006622753106057644, 0.010451047681272028], "q_25": 0.008517758920788765, "q_75": 0.008556041866540909, "min": 0.008498617447912693, "max": 0.00857518333941698, "mean": 0.008536900393664837, "std": 3.828294575214386e-05, "repeat": 2, "number": 2}]}, "readwrite.TimeRead.time_asia_write": {"result": [0.000582798823182072], "stats": [{"ci_99": [4.747926390596957e-05, 0.0011181183824581738], "q_25": 0.000577445627589311, "q_75": 0.000588152018774833, "min": 0.0005720924319965499, "max": 0.000593505214367594, "mean": 0.000582798823182072, "std": 1.0706391185522047e-05, "repeat": 2, "number": 70}]}, "readwrite.TimeRead.time_munin_read": {"result": [5.1305434526875615], "stats": [{"ci_99": [4.845069660805166, 5.416017244569957], "q_25": 5.1276887147687376, "q_75": 5.1333981906063855, "min": 5.124833976849914, "max": 5.136252928525209, "mean": 5.1305434526875615, "std": 0.005709475837647915, "repeat": 2, "number": 1}]}, "readwrite.TimeRead.time_munin_write": {"result": [0.04138419218361378], "stats": [{"ci_99": [-0.0351236779242754, 0.11789206229150288], "q_25": 0.040619113482534885, "q_75": 0.04214927088469267, "min": 0.039854034781455994, "max": 0.04291434958577156, "mean": 0.04138419218361378, "std": 0.0015301574021577835, "repeat": 2, "number": 1}]}, "readwrite.TimeRead.time_pathfinder_read": {"result": [5.721658526919782], "stats": [{"ci_99": [5.689238210208714, 5.75407884363085], "q_25": 5.7213343237526715, "q_75": 5.721982730086893, "min": 5.721010120585561, "max": 5.7223069332540035, "mean": 5.721658526919782, "std": 0.0006484063342213631, "repeat": 2, "number": 1}]}, "readwrite.TimeRead.time_pathfinder_write": {"result": [0.024347539991140366], "stats": [{"ci_99": [0.020448464900255203, 0.028246615082025524], "q_25": 0.024308549240231514, "q_75": 0.024386530742049217, "min": 0.024269558489322662, "max": 0.02442552149295807, "mean": 0.024347539991140366, "std": 7.798150181770325e-05, "repeat": 2, "number": 1}]}, "sampling.TimeSampling.time_forward_sample": null, "sampling.TimeSampling.time_gibbs_sampling": null, "sampling.TimeSampling.time_likelihood_sample": {"result": [0.2096414528787136], "stats": [{"ci_99": [0.20922188460826874, 0.23971335962414742], "q_25": 0.2094706459902227, "q_75": 0.21019321354106069, "min": 0.20922188460826874, "max": 0.23971335962414742, "mean": 0.21272702384740114, "std": 0.009003052674018687, "repeat": 10, "number": 1}]}, "sampling.TimeSampling.time_rejection_sample": null, "structure_learning.TimeHillClimb.time_hillclimb": null, "structure_learning.TimePC.time_pc_orig": {"result": [41.78745912946761], "stats": [{"ci_99": [32.50998899899423, 51.064929259940975], "q_25": 41.69468442816287, "q_75": 41.88023383077234, "min": 41.60190972685814, "max": 41.973008532077074, "mean": 41.78745912946761, "std": 0.1855494026094675, "repeat": 2, "number": 1}]}, "structure_learning.TimePC.time_pc_stable": {"result": [41.97708895429969], "stats": [{"ci_99": [40.51414305344224, 43.44003485515714], "q_25": 41.962459495291114, "q_75": 41.99171841330826, "min": 41.94783003628254, "max": 42.00634787231684, "mean": 41.97708895429969, "std": 0.02925891801714897, "repeat": 2, "number": 1}]}, "factor.TimeDiscreteFactor.time_factor_compare": {"result": [6.339573901306632e-05], "stats": [{"ci_99": [6.300092109141905e-05, 6.426283461184589e-05], "q_25": 6.323498302350747e-05, "q_75": 6.376717673854593e-05, "min": 6.300092109141905e-05, "max": 6.426283461184589e-05, "mean": 6.351606817516081e-05, "std": 4.0887661059477344e-07, "repeat": 10, "number": 163}]}, "inference.TimeBeliefPropagation.time_query_alarm": {"result": [135.58888566307724], "stats": [{"ci_99": [128.28288153372705, 142.89488979242742], "q_25": 135.51582562178373, "q_75": 135.66194570437074, "min": 135.44276558049023, "max": 135.73500574566424, "mean": 135.58888566307724, "std": 0.1461200825870037, "repeat": 2, "number": 1}]}, "parameter_learning.TimeBayesianEstimator.time_alarm_bayesian_estimator": null, "parameter_learning.TimeBayesianEstimator.time_munin_bayesian_estimator": null, "parameter_learning.TimeExpectationMaximization.time_alarm_em": null, "parameter_learning.TimeExpectationMaximization.time_munin_em": null, "parameter_learning.TimeMLE.time_alarm_mle": null, "parameter_learning.TimeMLE.time_munin_mle": null, "structure_learning.TimeHillClimbAlarmModel.time_hillclimb": null, "structure_learning.TimeMmhcAlarmModel.time_mmhc": null, "structure_learning.TimePCAlarmModel.time_pc_orig": null, "structure_learning.TimePCAlarmModel.time_pc_stable": null, "structure_learning.TimeTreeSearchAlarmModel.time_tan": null}, "params": {"arch": "x86_64", "cpu": "Intel(R) Core(TM) i9-9820X CPU @ 3.30GHz", "machine": "graveyard", "num_cpu": "20", "os": "Linux 4.15.0-112-generic", "ram": "131688676", "python": "3.7"}, "requirements": {}, "commit_hash": "0c44c99508fa8abb7233fe719f2f6e45fdbe64d4", "date": 1629102412000, "env_name": "conda-py3.7", "python": "3.7", "profiles": {}, "started_at": {"factor.TimeDiscreteFactor.time_factor_marginalize": 1653795091560, "factor.TimeDiscreteFactor.time_factor_multiply_large": 1653795091767, "factor.TimeDiscreteFactor.time_factor_reduce": 1653795091973, "import.TimeImport.time_import": 1653795092179, "inference.TimeVariableElimination.time_query_alarm": 1653795362998, "inference.TimeVariableElimination.time_query_munin": 1653795380909, "readwrite.TimeRead.time_asia_read": 1653795400123, "readwrite.TimeRead.time_asia_write": 1653795423693, "readwrite.TimeRead.time_munin_read": 1653795447265, "readwrite.TimeRead.time_munin_write": 1653795482870, "readwrite.TimeRead.time_pathfinder_read": 1653795506392, "readwrite.TimeRead.time_pathfinder_write": 1653795542198,