{"results": {"factor.TimeDiscreteFactor.time_factor_compare": {"result": [7.062651837865512e-05], "stats": [{"ci_99": [7.008845607439677e-05, 7.099802295366923e-05], "q_25": 7.053365310033163e-05, "q_75": 7.083509738246599e-05, "min": 7.008845607439677e-05, "max": 7.099802295366923e-05, "mean": 7.062354311347008e-05, "std": 2.6440801052988995e-07, "repeat": 10, "number": 150}]}, "factor.TimeDiscreteFactor.time_factor_marginalize": {"result": [6.591251903128895e-05], "stats": [{"ci_99": [6.570138926194473e-05, 6.647228093987161e-05], "q_25": 6.59020601729439e-05, "q_75": 6.603070704097098e-05, "min": 6.570138926194473e-05, "max": 6.647228093987161e-05, "mean": 6.598125275393779e-05, "std": 1.9131238006704164e-07, "repeat": 10, "number": 176}]}, "factor.TimeDiscreteFactor.time_factor_multiply_large": {"result": [5.146523956985523e-05], "stats": [{"ci_99": [4.8500155874838434e-05, 5.443795816972852e-05], "q_25": 4.885469388682395e-05, "q_75": 5.3970012231729925e-05, "min": 4.8500155874838434e-05, "max": 5.443795816972852e-05, "mean": 5.146148905623704e-05, "std": 2.6288633147919144e-06, "repeat": 10, "number": 192}]}, "factor.TimeDiscreteFactor.time_factor_reduce": {"result": [2.9071326023095273e-05], "stats": [{"ci_99": [2.890966628512291e-05, 2.9254143368707946e-05], "q_25": 2.8951325747248245e-05, "q_75": 2.911545923107291e-05, "min": 2.890966628512291e-05, "max": 2.9254143368707946e-05, "mean": 2.9056931603444765e-05, "std": 1.0970050881849162e-07, "repeat": 10, "number": 365}]}, "import.TimeImport.time_import": {"result": [1.2940964981595059e-07], "stats": [{"ci_99": [1.2824322580604596e-07, 1.2990973654285246e-07], "q_25": 1.2863707405289842e-07, "q_75": 1.2946785598684331e-07, "min": 1.2824322580604596e-07, "max": 1.2990973654285246e-07, "mean": 1.2912637660556178e-07, "std": 5.424660424791796e-10, "repeat": 10, "number": 78130}]}, "inference.TimeBeliefPropagation.time_query_alarm": null, "inference.TimeVariableElimination.time_query_alarm": null, "inference.TimeVariableElimination.time_query_munin": null, "parameter_learning.TimeBayesianEstimator.time_alarm_bayesian_estimator": null, "parameter_learning.TimeBayesianEstimator.time_munin_bayesian_estimator": null, "parameter_learning.TimeExpectationMaximization.time_alarm_em": null, "parameter_learning.TimeExpectationMaximization.time_munin_em": null, "parameter_learning.TimeMLE.time_alarm_mle": null, "parameter_learning.TimeMLE.time_munin_mle": null, "readwrite.TimeRead.time_asia_read": null, "readwrite.TimeRead.time_asia_write": null, "readwrite.TimeRead.time_munin_read": null, "readwrite.TimeRead.time_munin_write": null, "readwrite.TimeRead.time_pathfinder_read": null, "readwrite.TimeRead.time_pathfinder_write": null, "sampling.TimeSampling.time_forward_sample": null, "sampling.TimeSampling.time_gibbs_sampling": null, "sampling.TimeSampling.time_likelihood_sample": null, "sampling.TimeSampling.time_rejection_sample": null, "structure_learning.TimeHillClimbAlarmModel.time_hillclimb": null, "structure_learning.TimeMmhcAlarmModel.time_mmhc": null, "structure_learning.TimePCAlarmModel.time_pc_orig": null, "structure_learning.TimePCAlarmModel.time_pc_stable": null, "structure_learning.TimeTreeSearchAlarmModel.time_tan": null}, "params": {"arch": "x86_64", "cpu": "Intel(R) Core(TM) i9-9820X CPU @ 3.30GHz", "machine": "graveyard", "num_cpu": "20", "os": "Linux 4.15.0-112-generic", "ram": "131688676", "python": "3.8"}, "requirements": {}, "commit_hash": "0f17f806d4e5c157c61992003a21a3c7917c15e7", "date": 1590577333000, "env_name": "conda-py3.8", "python": "3.8", "profiles": {}, "started_at": {"factor.TimeDiscreteFactor.time_factor_compare": 1654470979038, "factor.TimeDiscreteFactor.time_factor_marginalize": 1654470979245, "factor.TimeDiscreteFactor.time_factor_multiply_large": 1654470979451, "factor.TimeDiscreteFactor.time_factor_reduce": 1654470979657, "import.TimeImport.time_import": 1654470979863, "inference.TimeBeliefPropagation.time_query_alarm": 1654470977698, "inference.TimeVariableElimination.time_query_alarm": 1654470977754, "inference.TimeVariableElimination.time_query_munin": 1654470977809, "parameter_learning.TimeBayesianEstimator.time_alarm_bayesian_estimator": 1654470977865, "parameter_learning.TimeBayesianEstimator.time_munin_bayesian_estimator": 1654470977921, "parameter_learning.TimeExpectationMaximization.time_alarm_em": 1654470977977, "parameter_learning.TimeExpectationMaximization.time_munin_em": 1654470978032, "parameter_learning.TimeMLE.time_alarm_mle": 1654470978088, "parameter_learning.TimeMLE.time_munin_mle": 1654470978144, "readwrite.TimeRead.time_asia_read": 1654470978200, "readwrite.TimeRead.time_asia_write": 1654470978256, "readwrite.TimeRead.time_munin_read": 1654470978312, "readwrite.TimeRead.time_munin_write": 1654470978368, "readwrite.TimeRead.time_pathfinder_read": 1654470978424, "readwrite.TimeRead.time_pathfinder_write": 1654470978480, "sampling.TimeSampling.time_forward_sample": 1654470978536, "sampling.TimeSampling.time_gibbs_sampling": 1654470978592, "sampling.TimeSampling.time_likelihood_sample": 1654470978648, "sampling.TimeSampling.time_rejection_sample": 1654470978704, "structure_learning.TimeHillClimbAlarmModel.time_hillclimb": 1654470978759, "structure_learning.TimeMmhcAlarmModel.time_mmhc": 1654470978815, "structure_learning.TimePCAlarmModel.time_pc_orig": 1654470978871, "structure_learning.TimePCAlarmModel.time_pc_stable": 1654470978927, "structure_learning.TimeTreeSearchAlarmModel.time_tan": 1654470978982}, "ended_at": {"factor.TimeDiscreteFactor.time_factor_compare": 1654470979244, "factor.TimeDiscreteFactor.time_factor_marginalize": 1654470979451, "factor.TimeDiscreteFactor.time_factor_multiply_large": 1654470979657, "factor.TimeDiscreteFactor.time_factor_reduce": 1654470979863, "import.TimeImport.time_import": 1654470980069, "inference.TimeBeliefPropagation.time_query_alarm": 1654470977754, "inference.TimeVariableElimination.time_query_alarm": 1654470977809, "inference.TimeVariableElimination.time_query_munin": 1654470977865, "parameter_learning.TimeBayesianEstimator.time_alarm_bayesian_estimator": 1654470977920, "parameter_learning.TimeBayesianEstimator.time_munin_bayesian_estimator": 1654470977976, "parameter_learning.TimeExpectationMaximization.time_alarm_em": 1654470978032, "parameter_learning.TimeExpectationMaximization.time_munin_em": 1654470978088, "parameter_learning.TimeMLE.time_alarm_mle": 1654470978144, "parameter_learning.TimeMLE.time_munin_mle": 1654470978200, "readwrite.TimeRead.time_asia_read": 1654470978256, "readwrite.TimeRead.time_asia_write": 1654470978312, "readwrite.TimeRead.time_munin_read": 1654470978368, "readwrite.TimeRead.time_munin_write": 1654470978424, "readwrite.TimeRead.time_pathfinder_read": 1654470978480, "readwrite.TimeRead.time_pathfinder_write": 1654470978536, "sampling.TimeSampling.time_forward_sample": 1654470978592, "sampling.TimeSampling.time_gibbs_sampling": 1654470978648, "sampling.TimeSampling.time_likelihood_sample": 1654470978703, "sampling.TimeSampling.time_rejection_sample": 1654470978759, "structure_learning.TimeHillClimbAlarmModel.time_hillclimb": 1654470978815, "structure_learning.TimeMmhcAlarmModel.time_mmhc": 1654470978871, "structure_learning.TimePCAlarmModel.time_pc_orig": 1654470978927, "structure_learning.TimePCAlarmModel.time_pc_stable": 1654470978982, "structure_learning.TimeTreeSearchAlarmModel.time_tan": 1654470979038}, "benchmark_version": {"factor.TimeDiscreteFactor.time_factor_compare": "95feb42df85ffe5cf519cf4af677309a5cdb891db99ad54b655196c3e1f2e13a", "factor.TimeDiscreteFactor.time_factor_marginalize": "a3ae79cdcf3bcd4bc49df94b3b3d5f93c4126249a9b3cf2481ac381ee836f851", "factor.TimeDiscreteFactor.time_factor_multiply_large": "cfb6b66fddb2953948ffb6566ae101535dd1e8d0fd9af855331f39ef905f4450", "factor.TimeDiscreteFactor.time_factor_reduce": "cb3858b638914f7572792153a60efb4aecbde56d5abf039791451adb0f26c263",