{"results": {"factor.TimeDiscreteFactor.time_factor_compare": {"result": [6.780353127212464e-05], "stats": [{"ci_99": [6.72401459533957e-05, 0.00013715315232925776], "q_25": 6.759771782480463e-05, "q_75": 6.824414705551123e-05, "min": 6.72401459533957e-05, "max": 0.00013715315232925776, "mean": 7.744849411935747e-05, "std": 2.153205970971066e-05, "repeat": 10, "number": 158}]}, "factor.TimeDiscreteFactor.time_factor_marginalize": {"result": [6.250575920957291e-05], "stats": [{"ci_99": [6.189559792687079e-05, 6.283257535831657e-05], "q_25": 6.234424166425973e-05, "q_75": 6.25774236451723e-05, "min": 6.189559792687079e-05, "max": 6.283257535831657e-05, "mean": 6.243020831467863e-05, "std": 2.7335809274815664e-07, "repeat": 10, "number": 167}]}, "factor.TimeDiscreteFactor.time_factor_multiply_large": {"result": [4.533333061584111e-05], "stats": [{"ci_99": [4.495416992697222e-05, 4.6887402904444725e-05], "q_25": 4.5192973880932255e-05, "q_75": 4.5667846028789365e-05, "min": 4.495416992697222e-05, "max": 4.6887402904444725e-05, "mean": 4.5563331965742436e-05, "std": 5.969280853827266e-07, "repeat": 10, "number": 232}]}, "factor.TimeDiscreteFactor.time_factor_reduce": {"result": [2.393350088118445e-05], "stats": [{"ci_99": [2.3704831112997568e-05, 2.4022497153760066e-05], "q_25": 2.3857156283539494e-05, "q_75": 2.397282281371958e-05, "min": 2.3704831112997568e-05, "max": 2.4022497153760066e-05, "mean": 2.390260627713129e-05, "std": 1.0741307453195399e-07, "repeat": 10, "number": 449}]}, "import.TimeImport.time_import": {"result": [1.19672983057219e-07], "stats": [{"ci_99": [1.1880675788648656e-07, 1.2195841998194698e-07], "q_25": 1.1908411961202248e-07, "q_75": 1.2055974443085748e-07, "min": 1.1880675788648656e-07, "max": 1.2195841998194698e-07, "mean": 1.1990784975169142e-07, "std": 9.6406016723773e-10, "repeat": 10, "number": 92764}]}, "inference.TimeBeliefPropagation.time_query_alarm": null, "inference.TimeVariableElimination.time_query_alarm": null, "inference.TimeVariableElimination.time_query_munin": null, "parameter_learning.TimeBayesianEstimator.time_alarm_bayesian_estimator": null, "parameter_learning.TimeBayesianEstimator.time_munin_bayesian_estimator": null, "parameter_learning.TimeExpectationMaximization.time_alarm_em": null, "parameter_learning.TimeExpectationMaximization.time_munin_em": null, "parameter_learning.TimeMLE.time_alarm_mle": null, "parameter_learning.TimeMLE.time_munin_mle": null, "readwrite.TimeRead.time_asia_read": null, "readwrite.TimeRead.time_asia_write": null, "readwrite.TimeRead.time_munin_read": null, "readwrite.TimeRead.time_munin_write": null, "readwrite.TimeRead.time_pathfinder_read": null, "readwrite.TimeRead.time_pathfinder_write": null, "sampling.TimeSampling.time_forward_sample": null, "sampling.TimeSampling.time_gibbs_sampling": null, "sampling.TimeSampling.time_likelihood_sample": null, "sampling.TimeSampling.time_rejection_sample": null, "structure_learning.TimeHillClimbAlarmModel.time_hillclimb": null, "structure_learning.TimeMmhcAlarmModel.time_mmhc": null, "structure_learning.TimePCAlarmModel.time_pc_orig": null, "structure_learning.TimePCAlarmModel.time_pc_stable": null, "structure_learning.TimeTreeSearchAlarmModel.time_tan": null}, "params": {"arch": "x86_64", "cpu": "Intel(R) Core(TM) i9-9820X CPU @ 3.30GHz", "machine": "graveyard", "num_cpu": "20", "os": "Linux 4.15.0-112-generic", "ram": "131688676", "python": "3.9"}, "requirements": {}, "commit_hash": "113a56b21e99cf5a9206e2f1c4dac21129631c98", "date": 1577054798000, "env_name": "conda-py3.9", "python": "3.9", "profiles": {}, "started_at": {"factor.TimeDiscreteFactor.time_factor_compare": 1654472343470, "factor.TimeDiscreteFactor.time_factor_marginalize": 1654472343678, "factor.TimeDiscreteFactor.time_factor_multiply_large": 1654472343884, "factor.TimeDiscreteFactor.time_factor_reduce": 1654472344091, "import.TimeImport.time_import": 1654472344297, "inference.TimeBeliefPropagation.time_query_alarm": 1654472342123, "inference.TimeVariableElimination.time_query_alarm": 1654472342178, "inference.TimeVariableElimination.time_query_munin": 1654472342234, "parameter_learning.TimeBayesianEstimator.time_alarm_bayesian_estimator": 1654472342290, "parameter_learning.TimeBayesianEstimator.time_munin_bayesian_estimator": 1654472342346, "parameter_learning.TimeExpectationMaximization.time_alarm_em": 1654472342402, "parameter_learning.TimeExpectationMaximization.time_munin_em": 1654472342458, "parameter_learning.TimeMLE.time_alarm_mle": 1654472342514, "parameter_learning.TimeMLE.time_munin_mle": 1654472342572, "readwrite.TimeRead.time_asia_read": 1654472342628, "readwrite.TimeRead.time_asia_write": 1654472342684, "readwrite.TimeRead.time_munin_read": 1654472342741, "readwrite.TimeRead.time_munin_write": 1654472342797, "readwrite.TimeRead.time_pathfinder_read": 1654472342853, "readwrite.TimeRead.time_pathfinder_write": 1654472342909, "sampling.TimeSampling.time_forward_sample": 1654472342965, "sampling.TimeSampling.time_gibbs_sampling": 1654472343021, "sampling.TimeSampling.time_likelihood_sample": 1654472343078, "sampling.TimeSampling.time_rejection_sample": 1654472343133, "structure_learning.TimeHillClimbAlarmModel.time_hillclimb": 1654472343190, "structure_learning.TimeMmhcAlarmModel.time_mmhc": 1654472343246, "structure_learning.TimePCAlarmModel.time_pc_orig": 1654472343302, "structure_learning.TimePCAlarmModel.time_pc_stable": 1654472343358, "structure_learning.TimeTreeSearchAlarmModel.time_tan": 1654472343414}, "ended_at": {"factor.TimeDiscreteFactor.time_factor_compare": 1654472343677, "factor.TimeDiscreteFactor.time_factor_marginalize": 1654472343884, "factor.TimeDiscreteFactor.time_factor_multiply_large": 1654472344090, "factor.TimeDiscreteFactor.time_factor_reduce": 1654472344297, "import.TimeImport.time_import": 1654472344503, "inference.TimeBeliefPropagation.time_query_alarm": 1654472342178, "inference.TimeVariableElimination.time_query_alarm": 1654472342234, "inference.TimeVariableElimination.time_query_munin": 1654472342290, "parameter_learning.TimeBayesianEstimator.time_alarm_bayesian_estimator": 1654472342346, "parameter_learning.TimeBayesianEstimator.time_munin_bayesian_estimator": 1654472342402, "parameter_learning.TimeExpectationMaximization.time_alarm_em": 1654472342458, "parameter_learning.TimeExpectationMaximization.time_munin_em": 1654472342514, "parameter_learning.TimeMLE.time_alarm_mle": 1654472342572, "parameter_learning.TimeMLE.time_munin_mle": 1654472342628, "readwrite.TimeRead.time_asia_read": 1654472342684, "readwrite.TimeRead.time_asia_write": 1654472342741, "readwrite.TimeRead.time_munin_read": 1654472342797, "readwrite.TimeRead.time_munin_write": 1654472342853, "readwrite.TimeRead.time_pathfinder_read": 1654472342909, "readwrite.TimeRead.time_pathfinder_write": 1654472342965, "sampling.TimeSampling.time_forward_sample": 1654472343021, "sampling.TimeSampling.time_gibbs_sampling": 1654472343077, "sampling.TimeSampling.time_likelihood_sample": 1654472343133, "sampling.TimeSampling.time_rejection_sample": 1654472343190, "structure_learning.TimeHillClimbAlarmModel.time_hillclimb": 1654472343246, "structure_learning.TimeMmhcAlarmModel.time_mmhc": 1654472343302, "structure_learning.TimePCAlarmModel.time_pc_orig": 1654472343358, "structure_learning.TimePCAlarmModel.time_pc_stable": 1654472343414, "structure_learning.TimeTreeSearchAlarmModel.time_tan": 1654472343470}, "benchmark_version": {"factor.TimeDiscreteFactor.time_factor_compare": "95feb42df85ffe5cf519cf4af677309a5cdb891db99ad54b655196c3e1f2e13a", "factor.TimeDiscreteFactor.time_factor_marginalize": "a3ae79cdcf3bcd4bc49df94b3b3d5f93c4126249a9b3cf2481ac381ee836f851", "factor.TimeDiscreteFactor.time_factor_multiply_large": "cfb6b66fddb2953948ffb6566ae101535dd1e8d0fd9af855331f39ef905f4450", "factor.TimeDiscreteFactor.time_factor_reduce": "cb3858b638914f7572792153a60efb4aecbde56d5abf039791451adb0f26c263",