{"results": {"factor.TimeDiscreteFactor.time_factor_compare": {"result": [7.544553145430142e-05], "stats": [{"ci_99": [7.522080961922954e-05, 7.580981162705816e-05], "q_25": 7.532642720113123e-05, "q_75": 7.566323335793681e-05, "min": 7.522080961922954e-05, "max": 7.580981162705816e-05, "mean": 7.548642841945016e-05, "std": 2.024892336559403e-07, "repeat": 10, "number": 133}]}, "factor.TimeDiscreteFactor.time_factor_marginalize": {"result": [6.438541674503573e-05], "stats": [{"ci_99": [6.404720292783078e-05, 6.789641661776436e-05], "q_25": 6.429810237921315e-05, "q_75": 6.478414353397157e-05, "min": 6.404720292783078e-05, "max": 6.789641661776436e-05, "mean": 6.48478241522371e-05, "std": 1.0978974836250938e-06, "repeat": 10, "number": 162}]}, "factor.TimeDiscreteFactor.time_factor_multiply_large": {"result": [5.693860972921054e-05], "stats": [{"ci_99": [5.631888699200418e-05, 5.718206779824363e-05], "q_25": 5.6837982912030486e-05, "q_75": 5.700562873648273e-05, "min": 5.631888699200418e-05, "max": 5.718206779824363e-05, "mean": 5.6851115077734e-05, "std": 2.7572775756838014e-07, "repeat": 10, "number": 180}]}, "factor.TimeDiscreteFactor.time_factor_reduce": {"result": [3.257600545156293e-05], "stats": [{"ci_99": [3.2145961573938046e-05, 3.585925825485369e-05], "q_25": 3.247677558669593e-05, "q_75": 3.2688705420984724e-05, "min": 3.2145961573938046e-05, "max": 3.585925825485369e-05, "mean": 3.3084366743157555e-05, "std": 1.217413678764448e-06, "repeat": 10, "number": 328}]}, "import.TimeImport.time_import": {"result": [1.353825271214401e-07], "stats": [{"ci_99": [1.3401211462199505e-07, 1.3660712834922521e-07], "q_25": 1.3422373479209178e-07, "q_75": 1.3569650101399136e-07, "min": 1.3401211462199505e-07, "max": 1.3660712834922521e-07, "mean": 1.3511436736107303e-07, "std": 8.597324363403039e-10, "repeat": 10, "number": 75918}]}, "inference.TimeBeliefPropagation.time_query_alarm": null, "inference.TimeVariableElimination.time_query_alarm": null, "inference.TimeVariableElimination.time_query_munin": null, "parameter_learning.TimeBayesianEstimator.time_alarm_bayesian_estimator": null, "parameter_learning.TimeBayesianEstimator.time_munin_bayesian_estimator": null, "parameter_learning.TimeExpectationMaximization.time_alarm_em": null, "parameter_learning.TimeExpectationMaximization.time_munin_em": null, "parameter_learning.TimeMLE.time_alarm_mle": null, "parameter_learning.TimeMLE.time_munin_mle": null, "readwrite.TimeRead.time_asia_read": null, "readwrite.TimeRead.time_asia_write": null, "readwrite.TimeRead.time_munin_read": null, "readwrite.TimeRead.time_munin_write": null, "readwrite.TimeRead.time_pathfinder_read": null, "readwrite.TimeRead.time_pathfinder_write": null, "sampling.TimeSampling.time_forward_sample": null, "sampling.TimeSampling.time_gibbs_sampling": null, "sampling.TimeSampling.time_likelihood_sample": null, "sampling.TimeSampling.time_rejection_sample": null, "structure_learning.TimeHillClimbAlarmModel.time_hillclimb": null, "structure_learning.TimeMmhcAlarmModel.time_mmhc": null, "structure_learning.TimePCAlarmModel.time_pc_orig": null, "structure_learning.TimePCAlarmModel.time_pc_stable": null, "structure_learning.TimeTreeSearchAlarmModel.time_tan": null}, "params": {"arch": "x86_64", "cpu": "Intel(R) Core(TM) i9-9820X CPU @ 3.30GHz", "machine": "graveyard", "num_cpu": "20", "os": "Linux 4.15.0-112-generic", "ram": "131688676", "python": "3.6"}, "requirements": {}, "commit_hash": "14147fd530d0587bc1aa95d360a1b5cfb65d77ec", "date": 1581588696000, "env_name": "conda-py3.6", "python": "3.6", "profiles": {}, "started_at": {"factor.TimeDiscreteFactor.time_factor_compare": 1654471471286, "factor.TimeDiscreteFactor.time_factor_marginalize": 1654471471493, "factor.TimeDiscreteFactor.time_factor_multiply_large": 1654471471699, "factor.TimeDiscreteFactor.time_factor_reduce": 1654471471905, "import.TimeImport.time_import": 1654471472112, "inference.TimeBeliefPropagation.time_query_alarm": 1654471469948, "inference.TimeVariableElimination.time_query_alarm": 1654471470003, "inference.TimeVariableElimination.time_query_munin": 1654471470059, "parameter_learning.TimeBayesianEstimator.time_alarm_bayesian_estimator": 1654471470114, "parameter_learning.TimeBayesianEstimator.time_munin_bayesian_estimator": 1654471470170, "parameter_learning.TimeExpectationMaximization.time_alarm_em": 1654471470225, "parameter_learning.TimeExpectationMaximization.time_munin_em": 1654471470281, "parameter_learning.TimeMLE.time_alarm_mle": 1654471470337, "parameter_learning.TimeMLE.time_munin_mle": 1654471470393, "readwrite.TimeRead.time_asia_read": 1654471470449, "readwrite.TimeRead.time_asia_write": 1654471470505, "readwrite.TimeRead.time_munin_read": 1654471470561, "readwrite.TimeRead.time_munin_write": 1654471470617, "readwrite.TimeRead.time_pathfinder_read": 1654471470672, "readwrite.TimeRead.time_pathfinder_write": 1654471470728, "sampling.TimeSampling.time_forward_sample": 1654471470784, "sampling.TimeSampling.time_gibbs_sampling": 1654471470840, "sampling.TimeSampling.time_likelihood_sample": 1654471470896, "sampling.TimeSampling.time_rejection_sample": 1654471470952, "structure_learning.TimeHillClimbAlarmModel.time_hillclimb": 1654471471007, "structure_learning.TimeMmhcAlarmModel.time_mmhc": 1654471471063, "structure_learning.TimePCAlarmModel.time_pc_orig": 1654471471119, "structure_learning.TimePCAlarmModel.time_pc_stable": 1654471471175, "structure_learning.TimeTreeSearchAlarmModel.time_tan": 1654471471230}, "ended_at": {"factor.TimeDiscreteFactor.time_factor_compare": 1654471471493, "factor.TimeDiscreteFactor.time_factor_marginalize": 1654471471699, "factor.TimeDiscreteFactor.time_factor_multiply_large": 1654471471905, "factor.TimeDiscreteFactor.time_factor_reduce": 1654471472111, "import.TimeImport.time_import": 1654471472318, "inference.TimeBeliefPropagation.time_query_alarm": 1654471470003, "inference.TimeVariableElimination.time_query_alarm": 1654471470059, "inference.TimeVariableElimination.time_query_munin": 1654471470114, "parameter_learning.TimeBayesianEstimator.time_alarm_bayesian_estimator": 1654471470170, "parameter_learning.TimeBayesianEstimator.time_munin_bayesian_estimator": 1654471470225, "parameter_learning.TimeExpectationMaximization.time_alarm_em": 1654471470281, "parameter_learning.TimeExpectationMaximization.time_munin_em": 1654471470337, "parameter_learning.TimeMLE.time_alarm_mle": 1654471470393, "parameter_learning.TimeMLE.time_munin_mle": 1654471470449, "readwrite.TimeRead.time_asia_read": 1654471470505, "readwrite.TimeRead.time_asia_write": 1654471470560, "readwrite.TimeRead.time_munin_read": 1654471470616, "readwrite.TimeRead.time_munin_write": 1654471470672, "readwrite.TimeRead.time_pathfinder_read": 1654471470728, "readwrite.TimeRead.time_pathfinder_write": 1654471470784, "sampling.TimeSampling.time_forward_sample": 1654471470840, "sampling.TimeSampling.time_gibbs_sampling": 1654471470896, "sampling.TimeSampling.time_likelihood_sample": 1654471470951, "sampling.TimeSampling.time_rejection_sample": 1654471471007, "structure_learning.TimeHillClimbAlarmModel.time_hillclimb": 1654471471063, "structure_learning.TimeMmhcAlarmModel.time_mmhc": 1654471471119, "structure_learning.TimePCAlarmModel.time_pc_orig": 1654471471174, "structure_learning.TimePCAlarmModel.time_pc_stable": 1654471471230, "structure_learning.TimeTreeSearchAlarmModel.time_tan": 1654471471286}, "benchmark_version": {"factor.TimeDiscreteFactor.time_factor_compare": "95feb42df85ffe5cf519cf4af677309a5cdb891db99ad54b655196c3e1f2e13a", "factor.TimeDiscreteFactor.time_factor_marginalize": "a3ae79cdcf3bcd4bc49df94b3b3d5f93c4126249a9b3cf2481ac381ee836f851", "factor.TimeDiscreteFactor.time_factor_multiply_large": "cfb6b66fddb2953948ffb6566ae101535dd1e8d0fd9af855331f39ef905f4450", "factor.TimeDiscreteFactor.time_factor_reduce": "cb3858b638914f7572792153a60efb4aecbde56d5abf039791451adb0f26c263",