{"results": {"factor.TimeDiscreteFactor.time_factor_compare": {"result": [7.474242703064339e-05], "stats": [{"ci_99": [7.442998458872308e-05, 7.486050310251596e-05], "q_25": 7.459963183407183e-05, "q_75": 7.482481325839783e-05, "min": 7.442998458872308e-05, "max": 7.486050310251596e-05, "mean": 7.470293113818536e-05, "std": 1.480922913883821e-07, "repeat": 10, "number": 143}]}, "factor.TimeDiscreteFactor.time_factor_marginalize": {"result": [6.245837771687014e-05], "stats": [{"ci_99": [6.220473683085935e-05, 6.269080157595119e-05], "q_25": 6.242331663339302e-05, "q_75": 6.252664794353233e-05, "min": 6.220473683085935e-05, "max": 6.269080157595119e-05, "mean": 6.245880162921444e-05, "std": 1.212779262290423e-07, "repeat": 10, "number": 174}]}, "factor.TimeDiscreteFactor.time_factor_multiply_large": {"result": [5.504512613978834e-05], "stats": [{"ci_99": [5.475028279077941e-05, 5.5843542293949025e-05], "q_25": 5.499405776104216e-05, "q_75": 5.520724830377168e-05, "min": 5.475028279077941e-05, "max": 5.5843542293949025e-05, "mean": 5.513254285517318e-05, "std": 2.991402793841931e-07, "repeat": 10, "number": 181}]}, "factor.TimeDiscreteFactor.time_factor_reduce": {"result": [3.069366461464337e-05], "stats": [{"ci_99": [3.0448857162679943e-05, 3.086665379149573e-05], "q_25": 3.05873661168984e-05, "q_75": 3.076804535729545e-05, "min": 3.0448857162679943e-05, "max": 3.086665379149573e-05, "mean": 3.068256750702858e-05, "std": 1.2974015519808088e-07, "repeat": 10, "number": 350}]}, "import.TimeImport.time_import": {"result": [1.265808868126803e-07], "stats": [{"ci_99": [1.2598680985330236e-07, 1.271549306670451e-07], "q_25": 1.2616438685179824e-07, "q_75": 1.2669370853368913e-07, "min": 1.2598680985330236e-07, "max": 1.271549306670451e-07, "mean": 1.2653787200711098e-07, "std": 3.9029321319777477e-10, "repeat": 10, "number": 85912}]}, "inference.TimeBeliefPropagation.time_query_alarm": null, "inference.TimeVariableElimination.time_query_alarm": null, "inference.TimeVariableElimination.time_query_munin": null, "parameter_learning.TimeBayesianEstimator.time_alarm_bayesian_estimator": null, "parameter_learning.TimeBayesianEstimator.time_munin_bayesian_estimator": null, "parameter_learning.TimeExpectationMaximization.time_alarm_em": null, "parameter_learning.TimeExpectationMaximization.time_munin_em": null, "parameter_learning.TimeMLE.time_alarm_mle": null, "parameter_learning.TimeMLE.time_munin_mle": null, "readwrite.TimeRead.time_asia_read": null, "readwrite.TimeRead.time_asia_write": null, "readwrite.TimeRead.time_munin_read": null, "readwrite.TimeRead.time_munin_write": null, "readwrite.TimeRead.time_pathfinder_read": null, "readwrite.TimeRead.time_pathfinder_write": null, "sampling.TimeSampling.time_forward_sample": null, "sampling.TimeSampling.time_gibbs_sampling": null, "sampling.TimeSampling.time_likelihood_sample": null, "sampling.TimeSampling.time_rejection_sample": null, "structure_learning.TimeHillClimbAlarmModel.time_hillclimb": null, "structure_learning.TimeMmhcAlarmModel.time_mmhc": null, "structure_learning.TimePCAlarmModel.time_pc_orig": null, "structure_learning.TimePCAlarmModel.time_pc_stable": null, "structure_learning.TimeTreeSearchAlarmModel.time_tan": null}, "params": {"arch": "x86_64", "cpu": "Intel(R) Core(TM) i9-9820X CPU @ 3.30GHz", "machine": "graveyard", "num_cpu": "20", "os": "Linux 4.15.0-112-generic", "ram": "131688676", "python": "3.6"}, "requirements": {}, "commit_hash": "142e5d3b7161853a0e46313cb3a735fbbcfa3251", "date": 1569336991000, "env_name": "conda-py3.6", "python": "3.6", "profiles": {}, "started_at": {"factor.TimeDiscreteFactor.time_factor_compare": 1654473137324, "factor.TimeDiscreteFactor.time_factor_marginalize": 1654473137531, "factor.TimeDiscreteFactor.time_factor_multiply_large": 1654473137738, "factor.TimeDiscreteFactor.time_factor_reduce": 1654473137944, "import.TimeImport.time_import": 1654473138150, "inference.TimeBeliefPropagation.time_query_alarm": 1654473135986, "inference.TimeVariableElimination.time_query_alarm": 1654473136041, "inference.TimeVariableElimination.time_query_munin": 1654473136097, "parameter_learning.TimeBayesianEstimator.time_alarm_bayesian_estimator": 1654473136152, "parameter_learning.TimeBayesianEstimator.time_munin_bayesian_estimator": 1654473136208, "parameter_learning.TimeExpectationMaximization.time_alarm_em": 1654473136264, "parameter_learning.TimeExpectationMaximization.time_munin_em": 1654473136319, "parameter_learning.TimeMLE.time_alarm_mle": 1654473136375, "parameter_learning.TimeMLE.time_munin_mle": 1654473136431, "readwrite.TimeRead.time_asia_read": 1654473136487, "readwrite.TimeRead.time_asia_write": 1654473136543, "readwrite.TimeRead.time_munin_read": 1654473136599, "readwrite.TimeRead.time_munin_write": 1654473136654, "readwrite.TimeRead.time_pathfinder_read": 1654473136710, "readwrite.TimeRead.time_pathfinder_write": 1654473136766, "sampling.TimeSampling.time_forward_sample": 1654473136821, "sampling.TimeSampling.time_gibbs_sampling": 1654473136877, "sampling.TimeSampling.time_likelihood_sample": 1654473136933, "sampling.TimeSampling.time_rejection_sample": 1654473136989, "structure_learning.TimeHillClimbAlarmModel.time_hillclimb": 1654473137045, "structure_learning.TimeMmhcAlarmModel.time_mmhc": 1654473137101, "structure_learning.TimePCAlarmModel.time_pc_orig": 1654473137157, "structure_learning.TimePCAlarmModel.time_pc_stable": 1654473137213, "structure_learning.TimeTreeSearchAlarmModel.time_tan": 1654473137269}, "ended_at": {"factor.TimeDiscreteFactor.time_factor_compare": 1654473137531, "factor.TimeDiscreteFactor.time_factor_marginalize": 1654473137737, "factor.TimeDiscreteFactor.time_factor_multiply_large": 1654473137944, "factor.TimeDiscreteFactor.time_factor_reduce": 1654473138150, "import.TimeImport.time_import": 1654473138356, "inference.TimeBeliefPropagation.time_query_alarm": 1654473136041, "inference.TimeVariableElimination.time_query_alarm": 1654473136096, "inference.TimeVariableElimination.time_query_munin": 1654473136152, "parameter_learning.TimeBayesianEstimator.time_alarm_bayesian_estimator": 1654473136208, "parameter_learning.TimeBayesianEstimator.time_munin_bayesian_estimator": 1654473136264, "parameter_learning.TimeExpectationMaximization.time_alarm_em": 1654473136319, "parameter_learning.TimeExpectationMaximization.time_munin_em": 1654473136375, "parameter_learning.TimeMLE.time_alarm_mle": 1654473136431, "parameter_learning.TimeMLE.time_munin_mle": 1654473136487, "readwrite.TimeRead.time_asia_read": 1654473136543, "readwrite.TimeRead.time_asia_write": 1654473136599, "readwrite.TimeRead.time_munin_read": 1654473136654, "readwrite.TimeRead.time_munin_write": 1654473136710, "readwrite.TimeRead.time_pathfinder_read": 1654473136766, "readwrite.TimeRead.time_pathfinder_write": 1654473136821, "sampling.TimeSampling.time_forward_sample": 1654473136877, "sampling.TimeSampling.time_gibbs_sampling": 1654473136933, "sampling.TimeSampling.time_likelihood_sample": 1654473136989, "sampling.TimeSampling.time_rejection_sample": 1654473137045, "structure_learning.TimeHillClimbAlarmModel.time_hillclimb": 1654473137101, "structure_learning.TimeMmhcAlarmModel.time_mmhc": 1654473137157, "structure_learning.TimePCAlarmModel.time_pc_orig": 1654473137213, "structure_learning.TimePCAlarmModel.time_pc_stable": 1654473137268, "structure_learning.TimeTreeSearchAlarmModel.time_tan": 1654473137324}, "benchmark_version": {"factor.TimeDiscreteFactor.time_factor_compare": "95feb42df85ffe5cf519cf4af677309a5cdb891db99ad54b655196c3e1f2e13a", "factor.TimeDiscreteFactor.time_factor_marginalize": "a3ae79cdcf3bcd4bc49df94b3b3d5f93c4126249a9b3cf2481ac381ee836f851", "factor.TimeDiscreteFactor.time_factor_multiply_large": "cfb6b66fddb2953948ffb6566ae101535dd1e8d0fd9af855331f39ef905f4450", "factor.TimeDiscreteFactor.time_factor_reduce": "cb3858b638914f7572792153a60efb4aecbde56d5abf039791451adb0f26c263",