{"results": {"factor.TimeDiscreteFactor.time_factor_compare": {"result": [6.697044478027852e-05], "stats": [{"ci_99": [6.651147812991947e-05, 6.792547979525157e-05], "q_25": 6.688874239077817e-05, "q_75": 6.712616614803865e-05, "min": 6.651147812991947e-05, "max": 6.792547979525157e-05, "mean": 6.702591290141081e-05, "std": 3.7710755588941005e-07, "repeat": 10, "number": 154}]}, "factor.TimeDiscreteFactor.time_factor_marginalize": {"result": [6.28282375246114e-05], "stats": [{"ci_99": [6.254162703979911e-05, 6.307706753642573e-05], "q_25": 6.267863643393351e-05, "q_75": 6.287119141376087e-05, "min": 6.254162703979911e-05, "max": 6.307706753642573e-05, "mean": 6.27993794448803e-05, "std": 1.5492713516657417e-07, "repeat": 10, "number": 173}]}, "factor.TimeDiscreteFactor.time_factor_multiply_large": {"result": [4.8997562745927086e-05], "stats": [{"ci_99": [4.640869586400583e-05, 4.9600500106251854e-05], "q_25": 4.714434013260362e-05, "q_75": 4.9109614406113335e-05, "min": 4.640869586400583e-05, "max": 4.9600500106251854e-05, "mean": 4.8325000934197864e-05, "std": 1.2228885063383443e-06, "repeat": 10, "number": 213}]}, "factor.TimeDiscreteFactor.time_factor_reduce": {"result": [2.5529742595695316e-05], "stats": [{"ci_99": [2.532868335644404e-05, 2.5897455357369923e-05], "q_25": 2.5462300427967596e-05, "q_75": 2.5566798146991504e-05, "min": 2.532868335644404e-05, "max": 2.5897455357369923e-05, "mean": 2.554084440427167e-05, "std": 1.4899498847462112e-07, "repeat": 10, "number": 420}]}, "import.TimeImport.time_import": {"result": [1.2553982349069142e-07], "stats": [{"ci_99": [1.2438508837535406e-07, 1.2706814518406678e-07], "q_25": 1.250620673187215e-07, "q_75": 1.2624460147055233e-07, "min": 1.2438508837535406e-07, "max": 1.2706814518406678e-07, "mean": 1.2560516548799308e-07, "std": 8.451746336173031e-10, "repeat": 10, "number": 84894}]}, "inference.TimeBeliefPropagation.time_query_alarm": {"result": [48.84300605393946], "stats": [{"ci_99": [41.840466214343905, 55.84554589353501], "q_25": 48.772980655543506, "q_75": 48.91303145233542, "min": 48.70295525714755, "max": 48.98305685073137, "mean": 48.84300605393946, "std": 0.14005079679191113, "repeat": 2, "number": 1}]}, "inference.TimeVariableElimination.time_query_alarm": {"result": [0.3541854126378894], "stats": [{"ci_99": [0.3454312076589071, 0.36256908534262544], "q_25": 0.3513059285469353, "q_75": 0.35687963059172034, "min": 0.35063907131552696, "max": 0.3569906894117594, "mean": 0.3540001465007663, "std": 0.0029338637706384134, "repeat": 4, "number": 1}]}, "inference.TimeVariableElimination.time_query_munin": null, "parameter_learning.TimeBayesianEstimator.time_alarm_bayesian_estimator": null, "parameter_learning.TimeBayesianEstimator.time_munin_bayesian_estimator": null, "parameter_learning.TimeExpectationMaximization.time_alarm_em": null, "parameter_learning.TimeExpectationMaximization.time_munin_em": null, "parameter_learning.TimeMLE.time_alarm_mle": null, "parameter_learning.TimeMLE.time_munin_mle": null, "readwrite.TimeRead.time_asia_read": {"result": [0.14852441381663084], "stats": [{"ci_99": [-0.1390010816976428, 0.43604990933090426], "q_25": 0.1456491588614881, "q_75": 0.15139966877177358, "min": 0.14277390390634537, "max": 0.1542749237269163, "mean": 0.14852441381663084, "std": 0.005750509910285473, "repeat": 2, "number": 1}]}, "readwrite.TimeRead.time_asia_write": {"result": [0.0003494669635517475], "stats": [{"ci_99": [-0.007956087457923556, 0.008655021385027042], "q_25": 0.0002664114193369945, "q_75": 0.0004325225077665005, "min": 0.00018335587512224147, "max": 0.0005155780519812535, "mean": 0.0003494669635517475, "std": 0.00016611108842950602, "repeat": 2, "number": 78}]}, "readwrite.TimeRead.time_munin_read": {"result": [4.89031015150249], "stats": [{"ci_99": [4.556295594200492, 5.224324708804488], "q_25": 4.88697000592947, "q_75": 4.89365029707551, "min": 4.88362986035645, "max": 4.89699044264853, "mean": 4.89031015150249, "std": 0.006680291146039963, "repeat": 2, "number": 1}]}, "readwrite.TimeRead.time_munin_write": {"result": [0.04203043784946203], "stats": [{"ci_99": [-0.3439626758918166, 0.42802355159074035], "q_25": 0.038170506712049246, "q_75": 0.04589036898687482, "min": 0.03431057557463646, "max": 0.049750300124287605, "mean": 0.04203043784946203, "std": 0.007719862274825573, "repeat": 2, "number": 1}]}, "readwrite.TimeRead.time_pathfinder_read": {"result": [5.419658490456641], "stats": [{"ci_99": [5.34861324634403, 5.4907037345692515], "q_25": 5.418948038015515, "q_75": 5.420368942897767, "min": 5.4182375855743885, "max": 5.421079395338893, "mean": 5.419658490456641, "std": 0.0014209048822522163, "repeat": 2, "number": 1}]}, "readwrite.TimeRead.time_pathfinder_write": {"result": [0.02834088820964098], "stats": [{"ci_99": [-0.3501736121252179, 0.40685538854449954], "q_25": 0.02455574320629239, "q_75": 0.03212603321298957, "min": 0.020770598202943802, "max": 0.03591117821633816, "mean": 0.02834088820964098, "std": 0.007570290006697178, "repeat": 2, "number": 1}]}, "sampling.TimeSampling.time_forward_sample": null, "sampling.TimeSampling.time_gibbs_sampling": null, "sampling.TimeSampling.time_likelihood_sample": {"result": [0.5472517162561417], "stats": [{"ci_99": [0.5416677035391331, 0.5519417580217123], "q_25": 0.5443748221732676, "q_75": 0.5484720286913216, "min": 0.5416677035391331, "max": 0.5519417580217123, "mean": 0.5467266067862511, "std": 0.002864144683426813, "repeat": 10, "number": 1}]}, "sampling.TimeSampling.time_rejection_sample": null, "structure_learning.TimeHillClimbAlarmModel.time_hillclimb": null, "structure_learning.TimeMmhcAlarmModel.time_mmhc": null, "structure_learning.TimePCAlarmModel.time_pc_orig": null, "structure_learning.TimePCAlarmModel.time_pc_stable": null, "structure_learning.TimeTreeSearchAlarmModel.time_tan": null}, "params": {"arch": "x86_64", "cpu": "Intel(R) Core(TM) i9-9820X CPU @ 3.30GHz", "machine": "graveyard", "num_cpu": "20", "os": "Linux 4.15.0-112-generic", "ram": "131688676", "python": "3.9"}, "requirements": {}, "commit_hash": "1499f2cfe7e416364b671d3650599edf9f556138", "date": 1598098943000, "env_name": "conda-py3.9", "python": "3.9", "profiles": {}, "started_at": {"factor.TimeDiscreteFactor.time_factor_compare": 1654301931511, "factor.TimeDiscreteFactor.time_factor_marginalize": 1654301931719, "factor.TimeDiscreteFactor.time_factor_multiply_large": 1654301931927, "factor.TimeDiscreteFactor.time_factor_reduce": 1654301932134, "import.TimeImport.time_import": 1654301932341, "inference.TimeBeliefPropagation.time_query_alarm": 1654301932548, "inference.TimeVariableElimination.time_query_alarm": 1654302030738, "inference.TimeVariableElimination.time_query_munin": 1654301102618, "parameter_learning.TimeBayesianEstimator.time_alarm_bayesian_estimator": 1654301162693, "parameter_learning.TimeBayesianEstimator.time_munin_bayesian_estimator": 1654301162749, "parameter_learning.TimeExpectationMaximization.time_alarm_em": 1654301162805, "parameter_learning.TimeExpectationMaximization.time_munin_em": 1654301162861, "parameter_learning.TimeMLE.time_alarm_mle": 1654301162918, "parameter_learning.TimeMLE.time_munin_mle": 1654301162974, "readwrite.TimeRead.time_asia_read": 1654302049561, "readwrite.TimeRead.time_asia_write": 1654302072631, "readwrite.TimeRead.time_munin_read": 1654302095601, "readwrite.TimeRead.time_munin_write": 1654302130453, "readwrite.TimeRead.time_pathfinder_read": 1654302153374, "readwrite.TimeRead.time_pathfinder_write": 1654302188027, "sampling.TimeSampling.time_forward_sample": 1654301324768, "sampling.TimeSampling.time_gibbs_sampling": 1654301325026, "sampling.TimeSampling.time_likelihood_sample": 1654302211000, "sampling.TimeSampling.time_rejection_sample": 1654301929967, "structure_learning.TimeHillClimbAlarmModel.time_hillclimb": 1654301930225, "structure_learning.TimeMmhcAlarmModel.time_mmhc": 1654301930482, "structure_learning.TimePCAlarmModel.time_pc_orig": 1654301930739,