{"results": {"factor.TimeDiscreteFactor.time_factor_marginalize": {"result": [6.1120411538216e-05], "stats": [{"ci_99": [6.019693227058434e-05, 6.221396377287715e-05], "q_25": 6.0323942789291757e-05, "q_75": 6.19674718613366e-05, "min": 6.019693227058434e-05, "max": 6.221396377287715e-05, "mean": 6.116129547716623e-05, "std": 8.580662996223576e-07, "repeat": 10, "number": 166}]}, "factor.TimeDiscreteFactor.time_factor_multiply_large": {"result": [4.872248111361707e-05], "stats": [{"ci_99": [4.7931214794516563e-05, 4.9033581658645914e-05], "q_25": 4.821451148018241e-05, "q_75": 4.892628338118946e-05, "min": 4.7931214794516563e-05, "max": 4.9033581658645914e-05, "mean": 4.859464329287962e-05, "std": 3.924028001958722e-07, "repeat": 10, "number": 216}]}, "factor.TimeDiscreteFactor.time_factor_reduce": {"result": [2.8918771032284904e-05], "stats": [{"ci_99": [2.8488149477557823e-05, 2.9295002325223042e-05], "q_25": 2.8603380177538475e-05, "q_75": 2.9050819268757173e-05, "min": 2.8488149477557823e-05, "max": 2.9295002325223042e-05, "mean": 2.8855320844021473e-05, "std": 2.6521813370539913e-07, "repeat": 10, "number": 364}]}, "import.TimeImport.time_import": {"result": [1.3052800557699859e-07], "stats": [{"ci_99": [1.2763923931097826e-07, 1.3227905540915906e-07], "q_25": 1.28389915640759e-07, "q_75": 1.315206335898247e-07, "min": 1.2763923931097826e-07, "max": 1.3227905540915906e-07, "mean": 1.301020081158071e-07, "std": 1.718391470866631e-09, "repeat": 10, "number": 83447}]}, "inference.TimeVariableElimination.time_query_alarm": {"result": [0.0702893240377307], "stats": [{"ci_99": [0.06939695455349461, 0.07114837918215021], "q_25": 0.07002753438428044, "q_75": 0.07053445652127266, "min": 0.06988696567714214, "max": 0.0706250537186861, "mean": 0.07027266686782241, "std": 0.0003024440327949723, "repeat": 4, "number": 1}]}, "inference.TimeVariableElimination.time_query_munin": {"result": [0.5047906776890159], "stats": [{"ci_99": [0.4264610283654535, 0.6093869102541004], "q_25": 0.49292873591184616, "q_75": 0.5297859110869467, "min": 0.48581002466380596, "max": 0.5763044971972704, "mean": 0.517923969309777, "std": 0.035230107366163874, "repeat": 4, "number": 1}]}, "readwrite.TimeRead.time_asia_read": {"result": [0.008935203310102224], "stats": [{"ci_99": [-0.009207728784531355, 0.02707813540473579], "q_25": 0.008753773989155889, "q_75": 0.00911663263104856, "min": 0.008572344668209553, "max": 0.009298061951994896, "mean": 0.008935203310102224, "std": 0.0003628586418926716, "repeat": 2, "number": 2}]}, "readwrite.TimeRead.time_asia_write": {"result": [0.00038885720340268954], "stats": [{"ci_99": [-0.009520024500255074, 0.010297738907060445], "q_25": 0.0002897683863661119, "q_75": 0.00048794602043926715, "min": 0.00019067956932953425, "max": 0.0005870348374758448, "mean": 0.00038885720340268954, "std": 0.00019817763407315527, "repeat": 2, "number": 70}]}, "readwrite.TimeRead.time_munin_read": {"result": [5.187152118422091], "stats": [{"ci_99": [2.2371619259938598, 8.137142310850319], "q_25": 5.157652216497809, "q_75": 5.216652020346373, "min": 5.128152314573526, "max": 5.246151922270656, "mean": 5.187152118422091, "std": 0.058999803848564625, "repeat": 2, "number": 1}]}, "readwrite.TimeRead.time_munin_write": {"result": [0.04014382045716047], "stats": [{"ci_99": [0.025035020895302296, 0.055252620019018636], "q_25": 0.03999273246154189, "q_75": 0.040294908452779055, "min": 0.03984164446592331, "max": 0.040445996448397636, "mean": 0.04014382045716047, "std": 0.00030217599123716354, "repeat": 2, "number": 1}]}, "readwrite.TimeRead.time_pathfinder_read": {"result": [5.867233227938414], "stats": [{"ci_99": [5.849611207842827, 5.884855248034], "q_25": 5.867057007737458, "q_75": 5.8674094481393695, "min": 5.866880787536502, "max": 5.867585668340325, "mean": 5.867233227938414, "std": 0.00035244040191173553, "repeat": 2, "number": 1}]}, "readwrite.TimeRead.time_pathfinder_write": {"result": [0.025760979391634464], "stats": [{"ci_99": [0.012460156343877316, 0.0390618024393916], "q_25": 0.025627971161156893, "q_75": 0.025893987622112036, "min": 0.02549496293067932, "max": 0.026026995852589607, "mean": 0.025760979391634464, "std": 0.000266016460955143, "repeat": 2, "number": 1}]}, "sampling.TimeSampling.time_forward_sample": {"result": [0.1970248594880104], "stats": [{"ci_99": [0.19620312005281448, 0.19840098731219769], "q_25": 0.19668516889214516, "q_75": 0.19761432521045208, "min": 0.19620312005281448, "max": 0.19840098731219769, "mean": 0.1971671462059021, "std": 0.0006452673643126376, "repeat": 10, "number": 1}]}, "sampling.TimeSampling.time_gibbs_sampling": null, "sampling.TimeSampling.time_likelihood_sample": {"result": [0.2041121358051896], "stats": [{"ci_99": [0.20072653144598007, 0.23694773204624653], "q_25": 0.20211085164919496, "q_75": 0.20523394970223308, "min": 0.20072653144598007, "max": 0.23694773204624653, "mean": 0.20686304420232773, "std": 0.010186655492177442, "repeat": 10, "number": 1}]}, "sampling.TimeSampling.time_rejection_sample": {"result": [34.721389702521265], "stats": [{"ci_99": [-57.49071802850813, 126.93349743355057], "q_25": 33.79926862521097, "q_75": 35.64351077983156, "min": 32.87714754790068, "max": 36.56563185714185, "mean": 34.721389702521265, "std": 1.8442421546205878, "repeat": 2, "number": 1}]}, "structure_learning.TimeHillClimb.time_hillclimb": null, "structure_learning.TimePC.time_pc_orig": {"result": [33.47657082322985], "stats": [{"ci_99": [30.67415204551071, 36.27898960094899], "q_25": 33.44854663545266, "q_75": 33.50459501100704, "min": 33.42052244767547, "max": 33.53261919878423, "mean": 33.47657082322985, "std": 0.0560483755543828, "repeat": 2, "number": 1}]}, "structure_learning.TimePC.time_pc_stable": {"result": [33.470046372152865], "stats": [{"ci_99": [30.000093943439424, 36.939998800866306], "q_25": 33.43534684786573, "q_75": 33.50474589644, "min": 33.400647323578596, "max": 33.539445420727134, "mean": 33.470046372152865, "std": 0.06939904857426882, "repeat": 2, "number": 1}]}}, "params": {"arch": "x86_64", "cpu": "Intel(R) Core(TM) i9-9820X CPU @ 3.30GHz", "machine": "graveyard", "num_cpu": "20", "os": "Linux 4.15.0-112-generic", "ram": "131688676", "python": "3.8"}, "requirements": {}, "commit_hash": "14f5e1141610eb27de86859050f405d9c15c7bd8", "date": 1624806343000, "env_name": "conda-py3.8", "python": "3.8", "profiles": {}, "started_at": {"factor.TimeDiscreteFactor.time_factor_marginalize": 1625047074052, "factor.TimeDiscreteFactor.time_factor_multiply_large": 1625047074260, "factor.TimeDiscreteFactor.time_factor_reduce": 1625047074467, "import.TimeImport.time_import": 1625047074674, "inference.TimeVariableElimination.time_query_alarm": 1625047074880, "inference.TimeVariableElimination.time_query_munin": 1625047092735, "readwrite.TimeRead.time_asia_read": 1625047113197, "readwrite.TimeRead.time_asia_write": 1625047136869, "readwrite.TimeRead.time_munin_read": 1625047162796, "readwrite.TimeRead.time_munin_write": 1625047198550, "readwrite.TimeRead.time_pathfinder_read": 1625047222171, "readwrite.TimeRead.time_pathfinder_write": 1625047258778, "sampling.TimeSampling.time_forward_sample": 1625047282348, "sampling.TimeSampling.time_gibbs_sampling": 1625046252657, "sampling.TimeSampling.time_likelihood_sample": 1625047284162, "sampling.TimeSampling.time_rejection_sample": 1625047286075, "structure_learning.TimeHillClimb.time_hillclimb": 1625046927987, "structure_learning.TimePC.time_pc_orig": 1625047355387, "structure_learning.TimePC.time_pc_stable": 1625047427889}, "ended_at": {"factor.TimeDiscreteFactor.time_factor_marginalize": 1625047074259, "factor.TimeDiscreteFactor.time_factor_multiply_large": 1625047074466, "factor.TimeDiscreteFactor.time_factor_reduce": 1625047074673, "import.TimeImport.time_import": 1625047074880, "inference.TimeVariableElimination.time_query_alarm": 1625047092735, "inference.TimeVariableElimination.time_query_munin": 1625047113197, "readwrite.TimeRead.time_asia_read": 1625047136868,