{"results": {"factor.TimeDiscreteFactor.time_factor_marginalize": {"result": [6.056556628010739e-05], "stats": [{"ci_99": [6.037779238032198e-05, 6.129809965689977e-05], "q_25": 6.0470857732426164e-05, "q_75": 6.064305338880112e-05, "min": 6.037779238032198e-05, "max": 6.129809965689977e-05, "mean": 6.064490532909317e-05, "std": 2.8019434820903907e-07, "repeat": 10, "number": 174}]}, "factor.TimeDiscreteFactor.time_factor_multiply_large": {"result": [4.843325741523135e-05], "stats": [{"ci_99": [4.820716855800257e-05, 4.90184576637977e-05], "q_25": 4.837378463913909e-05, "q_75": 4.874740982741381e-05, "min": 4.820716855800257e-05, "max": 4.90184576637977e-05, "mean": 4.856206839327265e-05, "std": 2.671813574981591e-07, "repeat": 10, "number": 226}]}, "factor.TimeDiscreteFactor.time_factor_reduce": {"result": [2.9089700223671064e-05], "stats": [{"ci_99": [2.9008851076165835e-05, 2.9306294810440807e-05], "q_25": 2.906062743730015e-05, "q_75": 2.913074050512579e-05, "min": 2.9008851076165835e-05, "max": 2.9306294810440807e-05, "mean": 2.9109910958343076e-05, "std": 7.961669546900342e-08, "repeat": 10, "number": 360}]}, "import.TimeImport.time_import": {"result": [1.2963600148369394e-07], "stats": [{"ci_99": [1.2907320478247245e-07, 1.3047801945821034e-07], "q_25": 1.2920028611701643e-07, "q_75": 1.296864130418469e-07, "min": 1.2907320478247245e-07, "max": 1.3047801945821034e-07, "mean": 1.2959066940236008e-07, "std": 4.195937776200017e-10, "repeat": 10, "number": 83846}]}, "inference.TimeVariableElimination.time_query_alarm": {"result": [0.056567566469311714], "stats": [{"ci_99": [0.03293392595493033, 0.09483274097896358], "q_25": 0.05628676386550069, "q_75": 0.0641641360707581, "min": 0.055763980373740196, "max": 0.08663422055542469, "mean": 0.06388333346694708, "std": 0.013139542930112096, "repeat": 4, "number": 1}]}, "inference.TimeVariableElimination.time_query_munin": {"result": [0.511738401837647], "stats": [{"ci_99": [0.4816039308666369, 0.541689977818809], "q_25": 0.5023854188621044, "q_75": 0.5209999373182654, "min": 0.4996885024011135, "max": 0.5234225112944841, "mean": 0.5116469543427229, "std": 0.010303223253010451, "repeat": 4, "number": 1}]}, "readwrite.TimeRead.time_asia_read": {"result": [0.008459358476102352], "stats": [{"ci_99": [0.005937476642429829, 0.010981240309774874], "q_25": 0.008434139657765627, "q_75": 0.008484577294439077, "min": 0.008408920839428902, "max": 0.008509796112775803, "mean": 0.008459358476102352, "std": 5.043763667345047e-05, "repeat": 2, "number": 2}]}, "readwrite.TimeRead.time_asia_write": {"result": [0.0005589802875309377], "stats": [{"ci_99": [0.00032347523783509823, 0.0007944853372267769], "q_25": 0.0005566252370339793, "q_75": 0.0005613353380278961, "min": 0.0005542701865370209, "max": 0.0005636903885248545, "mean": 0.0005589802875309377, "std": 4.710100993916789e-06, "repeat": 2, "number": 74}]}, "readwrite.TimeRead.time_munin_read": {"result": [5.154383306391537], "stats": [{"ci_99": [1.136541630141437, 9.172224982641634], "q_25": 5.114204889629036, "q_75": 5.194561723154038, "min": 5.074026472866535, "max": 5.234740139916539, "mean": 5.154383306391537, "std": 0.080356833525002, "repeat": 2, "number": 1}]}, "readwrite.TimeRead.time_munin_write": {"result": [0.04084334708750248], "stats": [{"ci_99": [0.03690999932587147, 0.04477669484913349], "q_25": 0.04080401360988617, "q_75": 0.04088268056511879, "min": 0.04076468013226986, "max": 0.0409220140427351, "mean": 0.04084334708750248, "std": 7.866695523262024e-05, "repeat": 2, "number": 1}]}, "readwrite.TimeRead.time_pathfinder_read": {"result": [5.694570135325193], "stats": [{"ci_99": [5.073818866163492, 6.315321404486894], "q_25": 5.688362622633576, "q_75": 5.70077764801681, "min": 5.682155109941959, "max": 5.706985160708427, "mean": 5.694570135325193, "std": 0.012415025383234024, "repeat": 2, "number": 1}]}, "readwrite.TimeRead.time_pathfinder_write": {"result": [0.02739522233605385], "stats": [{"ci_99": [0.021552104502916336, 0.033238340169191354], "q_25": 0.027336791157722473, "q_75": 0.027453653514385223, "min": 0.027278359979391098, "max": 0.0275120846927166, "mean": 0.02739522233605385, "std": 0.00011686235666275024, "repeat": 2, "number": 1}]}, "sampling.TimeSampling.time_forward_sample": null, "sampling.TimeSampling.time_gibbs_sampling": null, "sampling.TimeSampling.time_likelihood_sample": {"result": [0.2030316572636366], "stats": [{"ci_99": [0.2021736316382885, 0.23220049031078815], "q_25": 0.20266920188441873, "q_75": 0.20335296588018537, "min": 0.2021736316382885, "max": 0.23220049031078815, "mean": 0.20585457980632782, "std": 0.00879339650840778, "repeat": 10, "number": 1}]}, "sampling.TimeSampling.time_rejection_sample": null, "structure_learning.TimeHillClimb.time_hillclimb": null, "structure_learning.TimePC.time_pc_orig": {"result": [33.47657082322985], "stats": [{"ci_99": [30.67415204551071, 36.27898960094899], "q_25": 33.44854663545266, "q_75": 33.50459501100704, "min": 33.42052244767547, "max": 33.53261919878423, "mean": 33.47657082322985, "std": 0.0560483755543828, "repeat": 2, "number": 1}]}, "structure_learning.TimePC.time_pc_stable": {"result": [33.470046372152865], "stats": [{"ci_99": [30.000093943439424, 36.939998800866306], "q_25": 33.43534684786573, "q_75": 33.50474589644, "min": 33.400647323578596, "max": 33.539445420727134, "mean": 33.470046372152865, "std": 0.06939904857426882, "repeat": 2, "number": 1}]}, "factor.TimeDiscreteFactor.time_factor_compare": {"result": [6.244621282919894e-05], "stats": [{"ci_99": [6.216577102625093e-05, 6.285295713432999e-05], "q_25": 6.227381256690553e-05, "q_75": 6.266703915803931e-05, "min": 6.216577102625093e-05, "max": 6.285295713432999e-05, "mean": 6.247577149161074e-05, "std": 2.228594963051776e-07, "repeat": 10, "number": 172}]}, "inference.TimeBeliefPropagation.time_query_alarm": {"result": [59.1814577691257], "stats": [{"ci_99": [56.62076325342059, 61.74215228483081], "q_25": 59.15585082396865, "q_75": 59.20706471428275, "min": 59.1302438788116, "max": 59.2326716594398, "mean": 59.1814577691257, "std": 0.05121389031410217, "repeat": 2, "number": 1}]}, "parameter_learning.TimeBayesianEstimator.time_alarm_bayesian_estimator": null, "parameter_learning.TimeBayesianEstimator.time_munin_bayesian_estimator": null, "parameter_learning.TimeExpectationMaximization.time_alarm_em": null, "parameter_learning.TimeExpectationMaximization.time_munin_em": null, "parameter_learning.TimeMLE.time_alarm_mle": null, "parameter_learning.TimeMLE.time_munin_mle": null, "structure_learning.TimeHillClimbAlarmModel.time_hillclimb": null, "structure_learning.TimeMmhcAlarmModel.time_mmhc": null, "structure_learning.TimePCAlarmModel.time_pc_orig": null, "structure_learning.TimePCAlarmModel.time_pc_stable": null, "structure_learning.TimeTreeSearchAlarmModel.time_tan": null}, "params": {"arch": "x86_64", "cpu": "Intel(R) Core(TM) i9-9820X CPU @ 3.30GHz", "machine": "graveyard", "num_cpu": "20", "os": "Linux 4.15.0-112-generic", "ram": "131688676", "python": "3.8"}, "requirements": {}, "commit_hash": "14f5e1141610eb27de86859050f405d9c15c7bd8", "date": 1624806343000, "env_name": "conda-py3.8", "python": "3.8", "profiles": {}, "started_at": {"factor.TimeDiscreteFactor.time_factor_marginalize": 1653974108887, "factor.TimeDiscreteFactor.time_factor_multiply_large": 1653974109093, "factor.TimeDiscreteFactor.time_factor_reduce": 1653974109300, "import.TimeImport.time_import": 1653974109506, "inference.TimeVariableElimination.time_query_alarm": 1653974228314, "inference.TimeVariableElimination.time_query_munin": 1653974246024, "readwrite.TimeRead.time_asia_read": 1653974265038, "readwrite.TimeRead.time_asia_write": 1653974288258, "readwrite.TimeRead.time_munin_read": 1653974311529, "readwrite.TimeRead.time_munin_write": 1653974346781, "readwrite.TimeRead.time_pathfinder_read": 1653974370052, "readwrite.TimeRead.time_pathfinder_write": 1653974405457, "sampling.TimeSampling.time_forward_sample": 1653973505098,