{"results": {"factor.TimeDiscreteFactor.time_factor_compare": {"result": [7.16550212756202e-05], "stats": [{"ci_99": [7.13486476121722e-05, 0.00010215513710234616], "q_25": 7.156842400798121e-05, "q_75": 7.213847208264711e-05, "min": 7.13486476121722e-05, "max": 0.00010215513710234616, "mean": 7.483595478776339e-05, "std": 9.116205260413549e-06, "repeat": 10, "number": 148}]}, "factor.TimeDiscreteFactor.time_factor_marginalize": {"result": [6.152026026564486e-05], "stats": [{"ci_99": [6.117540247300091e-05, 6.180931540096507e-05], "q_25": 6.14609377568259e-05, "q_75": 6.156231495825683e-05, "min": 6.117540247300091e-05, "max": 6.180931540096507e-05, "mean": 6.151092183940551e-05, "std": 1.759607861043269e-07, "repeat": 10, "number": 170}]}, "factor.TimeDiscreteFactor.time_factor_multiply_large": {"result": [4.9813500628238774e-05], "stats": [{"ci_99": [4.9500112853399135e-05, 5.052951959575095e-05], "q_25": 4.967815901448087e-05, "q_75": 5.0145155954651715e-05, "min": 4.9500112853399135e-05, "max": 5.052951959575095e-05, "mean": 4.989755135483858e-05, "std": 3.1429701887262296e-07, "repeat": 10, "number": 205}]}, "factor.TimeDiscreteFactor.time_factor_reduce": {"result": [2.9344422993867586e-05], "stats": [{"ci_99": [2.9204067972938666e-05, 2.9532751591687793e-05], "q_25": 2.9320638951207147e-05, "q_75": 2.9405653529036582e-05, "min": 2.9204067972938666e-05, "max": 2.9532751591687793e-05, "mean": 2.9362481233946397e-05, "std": 8.323859470148354e-08, "repeat": 10, "number": 356}]}, "import.TimeImport.time_import": {"result": [1.280638418627694e-07], "stats": [{"ci_99": [1.272602920939347e-07, 1.294304027813735e-07], "q_25": 1.2767149672758654e-07, "q_75": 1.2866859639648513e-07, "min": 1.272602920939347e-07, "max": 1.294304027813735e-07, "mean": 1.281832458401912e-07, "std": 6.770858388695155e-10, "repeat": 10, "number": 78567}]}, "inference.TimeBeliefPropagation.time_query_alarm": null, "inference.TimeVariableElimination.time_query_alarm": null, "inference.TimeVariableElimination.time_query_munin": null, "parameter_learning.TimeBayesianEstimator.time_alarm_bayesian_estimator": null, "parameter_learning.TimeBayesianEstimator.time_munin_bayesian_estimator": null, "parameter_learning.TimeExpectationMaximization.time_alarm_em": null, "parameter_learning.TimeExpectationMaximization.time_munin_em": null, "parameter_learning.TimeMLE.time_alarm_mle": null, "parameter_learning.TimeMLE.time_munin_mle": null, "readwrite.TimeRead.time_asia_read": null, "readwrite.TimeRead.time_asia_write": null, "readwrite.TimeRead.time_munin_read": null, "readwrite.TimeRead.time_munin_write": null, "readwrite.TimeRead.time_pathfinder_read": null, "readwrite.TimeRead.time_pathfinder_write": null, "sampling.TimeSampling.time_forward_sample": null, "sampling.TimeSampling.time_gibbs_sampling": null, "sampling.TimeSampling.time_likelihood_sample": null, "sampling.TimeSampling.time_rejection_sample": null, "structure_learning.TimeHillClimbAlarmModel.time_hillclimb": null, "structure_learning.TimeMmhcAlarmModel.time_mmhc": null, "structure_learning.TimePCAlarmModel.time_pc_orig": null, "structure_learning.TimePCAlarmModel.time_pc_stable": null, "structure_learning.TimeTreeSearchAlarmModel.time_tan": null}, "params": {"arch": "x86_64", "cpu": "Intel(R) Core(TM) i9-9820X CPU @ 3.30GHz", "machine": "graveyard", "num_cpu": "20", "os": "Linux 4.15.0-112-generic", "ram": "131688676", "python": "3.8"}, "requirements": {}, "commit_hash": "164b415df9bc74a34ddd807d0facfb41834a9133", "date": 1584615458000, "env_name": "conda-py3.8", "python": "3.8", "profiles": {}, "started_at": {"factor.TimeDiscreteFactor.time_factor_compare": 1654471246669, "factor.TimeDiscreteFactor.time_factor_marginalize": 1654471246876, "factor.TimeDiscreteFactor.time_factor_multiply_large": 1654471247082, "factor.TimeDiscreteFactor.time_factor_reduce": 1654471247289, "import.TimeImport.time_import": 1654471247495, "inference.TimeBeliefPropagation.time_query_alarm": 1654471245330, "inference.TimeVariableElimination.time_query_alarm": 1654471245385, "inference.TimeVariableElimination.time_query_munin": 1654471245441, "parameter_learning.TimeBayesianEstimator.time_alarm_bayesian_estimator": 1654471245496, "parameter_learning.TimeBayesianEstimator.time_munin_bayesian_estimator": 1654471245552, "parameter_learning.TimeExpectationMaximization.time_alarm_em": 1654471245608, "parameter_learning.TimeExpectationMaximization.time_munin_em": 1654471245664, "parameter_learning.TimeMLE.time_alarm_mle": 1654471245719, "parameter_learning.TimeMLE.time_munin_mle": 1654471245775, "readwrite.TimeRead.time_asia_read": 1654471245831, "readwrite.TimeRead.time_asia_write": 1654471245887, "readwrite.TimeRead.time_munin_read": 1654471245943, "readwrite.TimeRead.time_munin_write": 1654471245999, "readwrite.TimeRead.time_pathfinder_read": 1654471246055, "readwrite.TimeRead.time_pathfinder_write": 1654471246111, "sampling.TimeSampling.time_forward_sample": 1654471246166, "sampling.TimeSampling.time_gibbs_sampling": 1654471246222, "sampling.TimeSampling.time_likelihood_sample": 1654471246278, "sampling.TimeSampling.time_rejection_sample": 1654471246334, "structure_learning.TimeHillClimbAlarmModel.time_hillclimb": 1654471246390, "structure_learning.TimeMmhcAlarmModel.time_mmhc": 1654471246445, "structure_learning.TimePCAlarmModel.time_pc_orig": 1654471246501, "structure_learning.TimePCAlarmModel.time_pc_stable": 1654471246557, "structure_learning.TimeTreeSearchAlarmModel.time_tan": 1654471246613}, "ended_at": {"factor.TimeDiscreteFactor.time_factor_compare": 1654471246875, "factor.TimeDiscreteFactor.time_factor_marginalize": 1654471247082, "factor.TimeDiscreteFactor.time_factor_multiply_large": 1654471247288, "factor.TimeDiscreteFactor.time_factor_reduce": 1654471247495, "import.TimeImport.time_import": 1654471247701, "inference.TimeBeliefPropagation.time_query_alarm": 1654471245385, "inference.TimeVariableElimination.time_query_alarm": 1654471245441, "inference.TimeVariableElimination.time_query_munin": 1654471245496, "parameter_learning.TimeBayesianEstimator.time_alarm_bayesian_estimator": 1654471245552, "parameter_learning.TimeBayesianEstimator.time_munin_bayesian_estimator": 1654471245608, "parameter_learning.TimeExpectationMaximization.time_alarm_em": 1654471245663, "parameter_learning.TimeExpectationMaximization.time_munin_em": 1654471245719, "parameter_learning.TimeMLE.time_alarm_mle": 1654471245775, "parameter_learning.TimeMLE.time_munin_mle": 1654471245831, "readwrite.TimeRead.time_asia_read": 1654471245887, "readwrite.TimeRead.time_asia_write": 1654471245943, "readwrite.TimeRead.time_munin_read": 1654471245999, "readwrite.TimeRead.time_munin_write": 1654471246055, "readwrite.TimeRead.time_pathfinder_read": 1654471246110, "readwrite.TimeRead.time_pathfinder_write": 1654471246166, "sampling.TimeSampling.time_forward_sample": 1654471246222, "sampling.TimeSampling.time_gibbs_sampling": 1654471246278, "sampling.TimeSampling.time_likelihood_sample": 1654471246334, "sampling.TimeSampling.time_rejection_sample": 1654471246390, "structure_learning.TimeHillClimbAlarmModel.time_hillclimb": 1654471246445, "structure_learning.TimeMmhcAlarmModel.time_mmhc": 1654471246501, "structure_learning.TimePCAlarmModel.time_pc_orig": 1654471246557, "structure_learning.TimePCAlarmModel.time_pc_stable": 1654471246613, "structure_learning.TimeTreeSearchAlarmModel.time_tan": 1654471246669}, "benchmark_version": {"factor.TimeDiscreteFactor.time_factor_compare": "95feb42df85ffe5cf519cf4af677309a5cdb891db99ad54b655196c3e1f2e13a", "factor.TimeDiscreteFactor.time_factor_marginalize": "a3ae79cdcf3bcd4bc49df94b3b3d5f93c4126249a9b3cf2481ac381ee836f851", "factor.TimeDiscreteFactor.time_factor_multiply_large": "cfb6b66fddb2953948ffb6566ae101535dd1e8d0fd9af855331f39ef905f4450", "factor.TimeDiscreteFactor.time_factor_reduce": "cb3858b638914f7572792153a60efb4aecbde56d5abf039791451adb0f26c263",