{"results": {"factor.TimeDiscreteFactor.time_factor_marginalize": {"result": [6.195316254569772e-05], "stats": [{"ci_99": [6.15302930798447e-05, 6.258034566689653e-05], "q_25": 6.164020275947643e-05, "q_75": 6.212382876907873e-05, "min": 6.15302930798447e-05, "max": 6.258034566689653e-05, "mean": 6.193362002135716e-05, "std": 3.1288075986212536e-07, "repeat": 10, "number": 171}]}, "factor.TimeDiscreteFactor.time_factor_multiply_large": {"result": [5.23317790638779e-05], "stats": [{"ci_99": [5.19760623927365e-05, 5.34273013119449e-05], "q_25": 5.215937624822296e-05, "q_75": 5.2419027657870434e-05, "min": 5.19760623927365e-05, "max": 5.34273013119449e-05, "mean": 5.2441328198988855e-05, "std": 4.454804882579745e-07, "repeat": 10, "number": 211}]}, "factor.TimeDiscreteFactor.time_factor_reduce": {"result": [3.047335353171961e-05], "stats": [{"ci_99": [3.042032370682467e-05, 3.0719283544881776e-05], "q_25": 3.0452662031166255e-05, "q_75": 3.0616689896719023e-05, "min": 3.042032370682467e-05, "max": 3.0719283544881776e-05, "mean": 3.0523045411841434e-05, "std": 1.0550281859626435e-07, "repeat": 10, "number": 352}]}, "import.TimeImport.time_import": {"result": [1.2158865733640646e-07], "stats": [{"ci_99": [1.198270463466906e-07, 1.2343164214457083e-07], "q_25": 1.209365782501605e-07, "q_75": 1.223516896129994e-07, "min": 1.198270463466906e-07, "max": 1.2343164214457083e-07, "mean": 1.2157649014001982e-07, "std": 1.1511145709986552e-09, "repeat": 10, "number": 83846}]}, "readwrite.TimeRead.time_asia_read": {"result": [0.14139551855623722], "stats": [{"ci_99": [0.10064559243619442, 0.18214544467628], "q_25": 0.1409880192950368, "q_75": 0.14180301781743765, "min": 0.14058052003383636, "max": 0.14221051707863808, "mean": 0.14139551855623722, "std": 0.000814998522400856, "repeat": 2, "number": 1}]}, "readwrite.TimeRead.time_asia_write": {"result": [0.0005910228532941444], "stats": [{"ci_99": [-0.0005615111035497296, 0.0017435568101380173], "q_25": 0.0005794975137257056, "q_75": 0.0006025481928625832, "min": 0.000567972174157267, "max": 0.0006140735324310219, "mean": 0.0005910228532941444, "std": 2.3050679136877477e-05, "repeat": 2, "number": 69}]}, "readwrite.TimeRead.time_munin_read": {"result": [5.436242723837495], "stats": [{"ci_99": [4.8204205725342035, 6.052064875140785], "q_25": 5.430084502324462, "q_75": 5.442400945350528, "min": 5.423926280811429, "max": 5.448559166863561, "mean": 5.436242723837495, "std": 0.012316443026065826, "repeat": 2, "number": 1}]}, "readwrite.TimeRead.time_munin_write": {"result": [0.03981031198054552], "stats": [{"ci_99": [0.03794976230710745, 0.04167086165398359], "q_25": 0.03979170648381114, "q_75": 0.0398289174772799, "min": 0.03977310098707676, "max": 0.03984752297401428, "mean": 0.03981031198054552, "std": 3.7210993468761444e-05, "repeat": 2, "number": 1}]}, "readwrite.TimeRead.time_pathfinder_read": {"result": [6.07925817836076], "stats": [{"ci_99": [5.936392690055072, 6.222123666666448], "q_25": 6.077829523477703, "q_75": 6.080686833243817, "min": 6.0764008685946465, "max": 6.082115488126874, "mean": 6.07925817836076, "std": 0.002857309766113758, "repeat": 2, "number": 1}]}, "readwrite.TimeRead.time_pathfinder_write": {"result": [0.024313696660101414], "stats": [{"ci_99": [0.02183325868099928, 0.026794134639203545], "q_25": 0.024288892280310392, "q_75": 0.024338501039892435, "min": 0.02426408790051937, "max": 0.024363305419683456, "mean": 0.024313696660101414, "std": 4.9608759582042694e-05, "repeat": 2, "number": 1}]}, "sampling.TimeSampling.time_forward_sample": null, "sampling.TimeSampling.time_gibbs_sampling": null, "sampling.TimeSampling.time_likelihood_sample": {"result": [5.177943116985261], "stats": [{"ci_99": [4.802754555828869, 5.5531316781416535], "q_25": 5.1741912313736975, "q_75": 5.181695002596825, "min": 5.170439345762134, "max": 5.185446888208389, "mean": 5.177943116985261, "std": 0.007503771223127842, "repeat": 2, "number": 1}]}, "sampling.TimeSampling.time_rejection_sample": null, "structure_learning.TimeHillClimb.time_hillclimb": null, "structure_learning.TimePC.time_pc_orig": {"result": [33.41627333546057], "stats": [{"ci_99": [31.99319439707324, 34.83935227384791], "q_25": 33.4020425460767, "q_75": 33.43050412484445, "min": 33.38781175669283, "max": 33.44473491422832, "mean": 33.41627333546057, "std": 0.028461578767746687, "repeat": 2, "number": 1}]}, "structure_learning.TimePC.time_pc_stable": {"result": [40.276307589840144], "stats": [{"ci_99": [33.0922910948284, 47.460324084851884], "q_25": 40.20446742489003, "q_75": 40.34814775479026, "min": 40.13262725993991, "max": 40.41998791974038, "mean": 40.276307589840144, "std": 0.14368032990023494, "repeat": 2, "number": 1}]}, "factor.TimeDiscreteFactor.time_factor_compare": {"result": [7.162722093718392e-05], "stats": [{"ci_99": [7.125494532844647e-05, 7.220884772385059e-05], "q_25": 7.153258082412537e-05, "q_75": 7.188010986159448e-05, "min": 7.125494532844647e-05, "max": 7.220884772385059e-05, "mean": 7.170291528815316e-05, "std": 3.0226762082695553e-07, "repeat": 10, "number": 147}]}, "inference.TimeBeliefPropagation.time_query_alarm": {"result": [94.51519225630909], "stats": [{"ci_99": [82.85797245707363, 106.17241205554454], "q_25": 94.39862005831674, "q_75": 94.63176445430145, "min": 94.28204786032438, "max": 94.7483366522938, "mean": 94.51519225630909, "std": 0.23314439598470926, "repeat": 2, "number": 1}]}, "inference.TimeVariableElimination.time_query_alarm": {"result": [0.1066707456484437], "stats": [{"ci_99": [0.10318188793041612, 0.1100413589271078], "q_25": 0.10588311590254307, "q_75": 0.10739925317466259, "min": 0.10486867092549801, "max": 0.10823633149266243, "mean": 0.10661162342876196, "std": 0.0012337562248578076, "repeat": 4, "number": 1}]}, "inference.TimeVariableElimination.time_query_munin": null, "parameter_learning.TimeBayesianEstimator.time_alarm_bayesian_estimator": null, "parameter_learning.TimeBayesianEstimator.time_munin_bayesian_estimator": null, "parameter_learning.TimeExpectationMaximization.time_alarm_em": null, "parameter_learning.TimeExpectationMaximization.time_munin_em": null, "parameter_learning.TimeMLE.time_alarm_mle": null, "parameter_learning.TimeMLE.time_munin_mle": null, "structure_learning.TimeHillClimbAlarmModel.time_hillclimb": null, "structure_learning.TimeMmhcAlarmModel.time_mmhc": null, "structure_learning.TimePCAlarmModel.time_pc_orig": null, "structure_learning.TimePCAlarmModel.time_pc_stable": null, "structure_learning.TimeTreeSearchAlarmModel.time_tan": null}, "params": {"arch": "x86_64", "cpu": "Intel(R) Core(TM) i9-9820X CPU @ 3.30GHz", "machine": "graveyard", "num_cpu": "20", "os": "Linux 4.15.0-112-generic", "ram": "131688676", "python": "3.7"}, "requirements": {}, "commit_hash": "187fc9f999a533711023331c16328a49c39af474", "date": 1596100270000, "env_name": "conda-py3.7", "python": "3.7", "profiles": {}, "started_at": {"factor.TimeDiscreteFactor.time_factor_marginalize": 1654416268758, "factor.TimeDiscreteFactor.time_factor_multiply_large": 1654416268965, "factor.TimeDiscreteFactor.time_factor_reduce": 1654416269172, "import.TimeImport.time_import": 1654416269378, "readwrite.TimeRead.time_asia_read": 1654416478474, "readwrite.TimeRead.time_asia_write": 1654416503649, "readwrite.TimeRead.time_munin_read": 1654416528674, "readwrite.TimeRead.time_munin_write": 1654416566385, "readwrite.TimeRead.time_pathfinder_read": 1654416591409, "readwrite.TimeRead.time_pathfinder_write": 1654416629371, "sampling.TimeSampling.time_forward_sample": 1654415655584, "sampling.TimeSampling.time_gibbs_sampling": 1654415655841, "sampling.TimeSampling.time_likelihood_sample": 1654416654398, "sampling.TimeSampling.time_rejection_sample": 1654416266958, "structure_learning.TimeHillClimb.time_hillclimb": 1610472246703, "structure_learning.TimePC.time_pc_orig": 1610472626618, "structure_learning.TimePC.time_pc_stable": 1610472707041, "factor.TimeDiscreteFactor.time_factor_compare": 1654416268551,