{"results": {"factor.TimeDiscreteFactor.time_factor_compare": {"result": [6.8609948334454e-05], "stats": [{"ci_99": [6.812774582104114e-05, 6.937192249223121e-05], "q_25": 6.85226119492414e-05, "q_75": 6.872554948119996e-05, "min": 6.812774582104114e-05, "max": 6.937192249223121e-05, "mean": 6.869729350572862e-05, "std": 3.7087238815711674e-07, "repeat": 10, "number": 159}]}, "factor.TimeDiscreteFactor.time_factor_marginalize": {"result": [6.315683582301676e-05], "stats": [{"ci_99": [6.290171405620124e-05, 6.372844194166758e-05], "q_25": 6.304511844494639e-05, "q_75": 6.342248043276855e-05, "min": 6.290171405620124e-05, "max": 6.372844194166758e-05, "mean": 6.323171085154518e-05, "std": 2.515207387661663e-07, "repeat": 10, "number": 169}]}, "factor.TimeDiscreteFactor.time_factor_multiply_large": {"result": [4.755556667307476e-05], "stats": [{"ci_99": [4.674372607254767e-05, 4.9029141328893264e-05], "q_25": 4.708044532988523e-05, "q_75": 4.796081155471437e-05, "min": 4.674372607254767e-05, "max": 4.9029141328893264e-05, "mean": 4.763507896715456e-05, "std": 7.250522395658523e-07, "repeat": 10, "number": 222}]}, "factor.TimeDiscreteFactor.time_factor_reduce": {"result": [2.5999931564841132e-05], "stats": [{"ci_99": [2.582706600570908e-05, 2.647022931621625e-05], "q_25": 2.590019609600019e-05, "q_75": 2.619605220388621e-05, "min": 2.582706600570908e-05, "max": 2.647022931621625e-05, "mean": 2.6068110645820317e-05, "std": 2.2184914403523928e-07, "repeat": 10, "number": 416}]}, "import.TimeImport.time_import": {"result": [1.2091701876811842e-07], "stats": [{"ci_99": [1.1975740493980226e-07, 1.215656488558672e-07], "q_25": 1.2028594915347697e-07, "q_75": 1.2108719868579078e-07, "min": 1.1975740493980226e-07, "max": 1.215656488558672e-07, "mean": 1.2069923828175628e-07, "std": 5.592023887862391e-10, "repeat": 10, "number": 91247}]}, "inference.TimeBeliefPropagation.time_query_alarm": {"result": [112.66401911713183], "stats": [{"ci_99": [108.59749679081142, 116.73054144345224], "q_25": 112.62335389386863, "q_75": 112.70468434039503, "min": 112.58268867060542, "max": 112.74534956365824, "mean": 112.66401911713183, "std": 0.0813304465264082, "repeat": 2, "number": 1}]}, "inference.TimeVariableElimination.time_query_alarm": {"result": [0.059796164743602276], "stats": [{"ci_99": [0.03665264979325589, 0.09677114799298019], "q_25": 0.059468228835612535, "q_75": 0.06703983480110765, "min": 0.058516666293144226, "max": 0.08873859979212284, "mean": 0.0667118988931179, "std": 0.012727847211639814, "repeat": 4, "number": 1}]}, "inference.TimeVariableElimination.time_query_munin": null, "parameter_learning.TimeBayesianEstimator.time_alarm_bayesian_estimator": null, "parameter_learning.TimeBayesianEstimator.time_munin_bayesian_estimator": null, "parameter_learning.TimeExpectationMaximization.time_alarm_em": null, "parameter_learning.TimeExpectationMaximization.time_munin_em": null, "parameter_learning.TimeMLE.time_alarm_mle": null, "parameter_learning.TimeMLE.time_munin_mle": null, "readwrite.TimeRead.time_asia_read": {"result": [0.14569354243576527], "stats": [{"ci_99": [0.1320467796176672, 0.15934030525386333], "q_25": 0.14555707480758429, "q_75": 0.14583001006394625, "min": 0.1454206071794033, "max": 0.14596647769212723, "mean": 0.14569354243576527, "std": 0.00027293525636196136, "repeat": 2, "number": 1}]}, "readwrite.TimeRead.time_asia_write": {"result": [0.00025348059833049777], "stats": [{"ci_99": [-0.005039676353335381, 0.0055466375499963715], "q_25": 0.00020054902881383896, "q_75": 0.0003064121678471566, "min": 0.00014761745929718018, "max": 0.00035934373736381533, "mean": 0.00025348059833049777, "std": 0.00010586313903331757, "repeat": 2, "number": 75}]}, "readwrite.TimeRead.time_munin_read": {"result": [4.941089855507016], "stats": [{"ci_99": [2.693749902769923, 7.188429808244107], "q_25": 4.918616455979645, "q_75": 4.963563255034387, "min": 4.896143056452274, "max": 4.986036654561758, "mean": 4.941089855507016, "std": 0.04494679905474186, "repeat": 2, "number": 1}]}, "readwrite.TimeRead.time_munin_write": {"result": [0.04229340422898531], "stats": [{"ci_99": [-0.34285630378872156, 0.42744311224669185], "q_25": 0.03844190714880824, "q_75": 0.04614490130916238, "min": 0.03459041006863117, "max": 0.04999639838933945, "mean": 0.04229340422898531, "std": 0.007702994160354137, "repeat": 2, "number": 1}]}, "readwrite.TimeRead.time_pathfinder_read": {"result": [5.432745469734073], "stats": [{"ci_99": [5.327226994559169, 5.5382639449089766], "q_25": 5.431690284982324, "q_75": 5.433800654485822, "min": 5.430635100230575, "max": 5.434855839237571, "mean": 5.432745469734073, "std": 0.0021103695034980774, "repeat": 2, "number": 1}]}, "readwrite.TimeRead.time_pathfinder_write": {"result": [0.020933063700795174], "stats": [{"ci_99": [0.01989082060754299, 0.021975306794047356], "q_25": 0.020922641269862652, "q_75": 0.020943486131727695, "min": 0.02091221883893013, "max": 0.020953908562660217, "mean": 0.020933063700795174, "std": 2.084486186504364e-05, "repeat": 2, "number": 1}]}, "sampling.TimeSampling.time_forward_sample": null, "sampling.TimeSampling.time_gibbs_sampling": null, "sampling.TimeSampling.time_likelihood_sample": {"result": [0.5512027386575937], "stats": [{"ci_99": [0.5476517155766487, 0.5568817052990198], "q_25": 0.5485567022114992, "q_75": 0.5538560431450605, "min": 0.5476517155766487, "max": 0.5568817052990198, "mean": 0.5515788547694683, "std": 0.0031468640031582884, "repeat": 10, "number": 1}]}, "sampling.TimeSampling.time_rejection_sample": null, "structure_learning.TimeHillClimbAlarmModel.time_hillclimb": null, "structure_learning.TimeMmhcAlarmModel.time_mmhc": null, "structure_learning.TimePCAlarmModel.time_pc_orig": null, "structure_learning.TimePCAlarmModel.time_pc_stable": null, "structure_learning.TimeTreeSearchAlarmModel.time_tan": null}, "params": {"arch": "x86_64", "cpu": "Intel(R) Core(TM) i9-9820X CPU @ 3.30GHz", "machine": "graveyard", "num_cpu": "20", "os": "Linux 4.15.0-112-generic", "ram": "131688676", "python": "3.9"}, "requirements": {}, "commit_hash": "18aa4107109b26b1518bc3645713e3f74a071972", "date": 1603406373000, "env_name": "conda-py3.9", "python": "3.9", "profiles": {}, "started_at": {"factor.TimeDiscreteFactor.time_factor_compare": 1654273428075, "factor.TimeDiscreteFactor.time_factor_marginalize": 1654273428283, "factor.TimeDiscreteFactor.time_factor_multiply_large": 1654273428490, "factor.TimeDiscreteFactor.time_factor_reduce": 1654273428697, "import.TimeImport.time_import": 1654273428904, "inference.TimeBeliefPropagation.time_query_alarm": 1654273429111, "inference.TimeVariableElimination.time_query_alarm": 1654273655399, "inference.TimeVariableElimination.time_query_munin": 1654272597842, "parameter_learning.TimeBayesianEstimator.time_alarm_bayesian_estimator": 1654272657914, "parameter_learning.TimeBayesianEstimator.time_munin_bayesian_estimator": 1654272657971, "parameter_learning.TimeExpectationMaximization.time_alarm_em": 1654272658028, "parameter_learning.TimeExpectationMaximization.time_munin_em": 1654272658084, "parameter_learning.TimeMLE.time_alarm_mle": 1654272658141, "parameter_learning.TimeMLE.time_munin_mle": 1654272658197, "readwrite.TimeRead.time_asia_read": 1654273673514, "readwrite.TimeRead.time_asia_write": 1654273697236, "readwrite.TimeRead.time_munin_read": 1654273720307, "readwrite.TimeRead.time_munin_write": 1654273755411, "readwrite.TimeRead.time_pathfinder_read": 1654273778934, "readwrite.TimeRead.time_pathfinder_write": 1654273813837, "sampling.TimeSampling.time_forward_sample": 1654272821291, "sampling.TimeSampling.time_gibbs_sampling": 1654272821549, "sampling.TimeSampling.time_likelihood_sample": 1654273837411, "sampling.TimeSampling.time_rejection_sample": 1654273426480, "structure_learning.TimeHillClimbAlarmModel.time_hillclimb": 1654273426737, "structure_learning.TimeMmhcAlarmModel.time_mmhc": 1654273426995, "structure_learning.TimePCAlarmModel.time_pc_orig": 1654273427252,