{"results": {"factor.TimeDiscreteFactor.time_factor_marginalize": {"result": [6.445987065407363e-05], "stats": [{"ci_99": [6.353535661191652e-05, 6.53236737531243e-05], "q_25": 6.364919668571515e-05, "q_75": 6.525248049222159e-05, "min": 6.353535661191652e-05, "max": 6.53236737531243e-05, "mean": 6.444876308016704e-05, "std": 7.76864336106999e-07, "repeat": 10, "number": 165}]}, "factor.TimeDiscreteFactor.time_factor_multiply_large": {"result": [5.5174129759323414e-05], "stats": [{"ci_99": [5.305867275425807e-05, 0.00012345351230526834], "q_25": 5.378110281196592e-05, "q_75": 7.297283332852811e-05, "min": 5.305867275425807e-05, "max": 0.00012345351230526834, "mean": 7.057302351558456e-05, "std": 2.7336718265507022e-05, "repeat": 10, "number": 193}]}, "factor.TimeDiscreteFactor.time_factor_reduce": {"result": [3.1767690548924116e-05], "stats": [{"ci_99": [3.0667673166638456e-05, 6.118530065974056e-05], "q_25": 3.0826485013978875e-05, "q_75": 3.2564610467001496e-05, "min": 3.0667673166638456e-05, "max": 6.118530065974056e-05, "mean": 3.4561771285696155e-05, "std": 8.910319541377412e-06, "repeat": 10, "number": 349}]}, "import.TimeImport.time_import": {"result": [1.2803601429666457e-07], "stats": [{"ci_99": [1.2721108935729347e-07, 1.2926369952616406e-07], "q_25": 1.2763151668673554e-07, "q_75": 1.2851859921832061e-07, "min": 1.2721108935729347e-07, "max": 1.2926369952616406e-07, "mean": 1.2811080056535957e-07, "std": 6.671210973520449e-10, "repeat": 10, "number": 85972}]}, "readwrite.TimeRead.time_asia_read": {"result": [0.1640907498076558], "stats": [{"ci_99": [-0.05213755555450916, 0.38031905516982056], "q_25": 0.16192846675403416, "q_75": 0.16625303286127746, "min": 0.1597661837004125, "max": 0.1684153159148991, "mean": 0.1640907498076558, "std": 0.0043245661072432995, "repeat": 2, "number": 1}]}, "readwrite.TimeRead.time_asia_write": {"result": [0.0003231839805063027], "stats": [{"ci_99": [-0.005803127502049529, 0.006449495463062128], "q_25": 0.00026192086568074444, "q_75": 0.000384447095331861, "min": 0.0002006577508551861, "max": 0.00044571021015741934, "mean": 0.0003231839805063027, "std": 0.00012252622965111662, "repeat": 2, "number": 67}]}, "readwrite.TimeRead.time_munin_read": {"result": [5.722027166979387], "stats": [{"ci_99": [4.243863024516031, 7.200191309442742], "q_25": 5.707245525554754, "q_75": 5.736808808404021, "min": 5.69246388413012, "max": 5.7515904498286545, "mean": 5.722027166979387, "std": 0.029563282849267125, "repeat": 2, "number": 1}]}, "readwrite.TimeRead.time_munin_write": {"result": [0.04164994996972382], "stats": [{"ci_99": [0.02270660432986915, 0.060593295609578476], "q_25": 0.041460516513325274, "q_75": 0.04183938342612237, "min": 0.04127108305692673, "max": 0.042028816882520914, "mean": 0.04164994996972382, "std": 0.0003788669127970934, "repeat": 2, "number": 1}]}, "readwrite.TimeRead.time_pathfinder_read": {"result": [6.336750365560874], "stats": [{"ci_99": [5.801091443980113, 6.872409287141636], "q_25": 6.331393776345067, "q_75": 6.342106954776682, "min": 6.326037187129259, "max": 6.34746354399249, "mean": 6.336750365560874, "std": 0.010713178431615233, "repeat": 2, "number": 1}]}, "readwrite.TimeRead.time_pathfinder_write": {"result": [0.04004452470690012], "stats": [{"ci_99": [-0.31413307320326567, 0.39422212261706563], "q_25": 0.03650274872779846, "q_75": 0.04358630068600178, "min": 0.032960972748696804, "max": 0.047128076665103436, "mean": 0.04004452470690012, "std": 0.007083551958203316, "repeat": 2, "number": 1}]}, "sampling.TimeSampling.time_forward_sample": {"result": [0.6266815520357341], "stats": [{"ci_99": [0.5955392038449645, 0.6592186046764255], "q_25": 0.6025713266571984, "q_75": 0.6503962377319112, "min": 0.5955392038449645, "max": 0.6592186046764255, "mean": 0.6270747613627463, "std": 0.02534420623541876, "repeat": 10, "number": 1}]}, "sampling.TimeSampling.time_gibbs_sampling": null, "sampling.TimeSampling.time_likelihood_sample": {"result": [0.6688865022733808], "stats": [{"ci_99": [0.6218513948842883, 0.6773562328889966], "q_25": 0.6244993484579027, "q_75": 0.6753960608039051, "min": 0.6218513948842883, "max": 0.6773562328889966, "mean": 0.6537111578974872, "std": 0.02456997142545502, "repeat": 10, "number": 1}]}, "sampling.TimeSampling.time_rejection_sample": {"result": [96.95658034877852], "stats": [{"ci_99": [86.50034424616024, 107.41281645139678], "q_25": 96.85201798775233, "q_75": 97.0611427098047, "min": 96.74745562672615, "max": 97.16570507083088, "mean": 96.95658034877852, "std": 0.20912472205236554, "repeat": 2, "number": 1}]}, "structure_learning.TimeHillClimb.time_hillclimb": null, "structure_learning.TimePC.time_pc_orig": {"result": [35.91590762906708], "stats": [{"ci_99": [32.97131772222929, 38.86049753590487], "q_25": 35.8864617299987, "q_75": 35.945353528135456, "min": 35.85701583093032, "max": 35.974799427203834, "mean": 35.91590762906708, "std": 0.058891798136755824, "repeat": 2, "number": 1}]}, "structure_learning.TimePC.time_pc_stable": {"result": [46.72425326425582], "stats": [{"ci_99": [38.04605093318969, 55.402455595321946], "q_25": 46.63747124094516, "q_75": 46.81103528756648, "min": 46.5506892176345, "max": 46.897817310877144, "mean": 46.72425326425582, "std": 0.17356404662132263, "repeat": 2, "number": 1}]}}, "params": {"arch": "x86_64", "cpu": "Intel(R) Core(TM) i9-9820X CPU @ 3.30GHz", "machine": "graveyard", "num_cpu": "20", "os": "Linux 4.15.0-112-generic", "ram": "131688676", "python": "3.7"}, "requirements": {}, "commit_hash": "18aa4107109b26b1518bc3645713e3f74a071972", "date": 1603406373000, "env_name": "conda-py3.7", "python": "3.7", "profiles": {}, "started_at": {"factor.TimeDiscreteFactor.time_factor_marginalize": 1610332950835, "factor.TimeDiscreteFactor.time_factor_multiply_large": 1610332951043, "factor.TimeDiscreteFactor.time_factor_reduce": 1610332951250, "import.TimeImport.time_import": 1610332951457, "readwrite.TimeRead.time_asia_read": 1610332951664, "readwrite.TimeRead.time_asia_write": 1610332978083, "readwrite.TimeRead.time_munin_read": 1610333004103, "readwrite.TimeRead.time_munin_write": 1610333043608, "readwrite.TimeRead.time_pathfinder_read": 1610333069933, "readwrite.TimeRead.time_pathfinder_write": 1610333109742, "sampling.TimeSampling.time_forward_sample": 1610333135963, "sampling.TimeSampling.time_gibbs_sampling": 1610331994395, "sampling.TimeSampling.time_likelihood_sample": 1610333140984, "sampling.TimeSampling.time_rejection_sample": 1610333146255, "structure_learning.TimeHillClimb.time_hillclimb": 1610332785315, "structure_learning.TimePC.time_pc_orig": 1610333331455, "structure_learning.TimePC.time_pc_stable": 1610333404593}, "ended_at": {"factor.TimeDiscreteFactor.time_factor_marginalize": 1610332951042, "factor.TimeDiscreteFactor.time_factor_multiply_large": 1610332951249, "factor.TimeDiscreteFactor.time_factor_reduce": 1610332951457, "import.TimeImport.time_import": 1610332951664, "readwrite.TimeRead.time_asia_read": 1610332978082, "readwrite.TimeRead.time_asia_write": 1610333004103, "readwrite.TimeRead.time_munin_read": 1610333043608, "readwrite.TimeRead.time_munin_write": 1610333069933, "readwrite.TimeRead.time_pathfinder_read": 1610333109742, "readwrite.TimeRead.time_pathfinder_write": 1610333135963, "sampling.TimeSampling.time_forward_sample": 1610333140983, "sampling.TimeSampling.time_gibbs_sampling": 1610332594630, "sampling.TimeSampling.time_likelihood_sample": 1610333146254, "sampling.TimeSampling.time_rejection_sample": 1610333331454, "structure_learning.TimeHillClimb.time_hillclimb": 1610332786224, "structure_learning.TimePC.time_pc_orig": 1610333404593, "structure_learning.TimePC.time_pc_stable": 1610333495881}, "benchmark_version": {"factor.TimeDiscreteFactor.time_factor_marginalize": "a3ae79cdcf3bcd4bc49df94b3b3d5f93c4126249a9b3cf2481ac381ee836f851", "factor.TimeDiscreteFactor.time_factor_multiply_large": "cfb6b66fddb2953948ffb6566ae101535dd1e8d0fd9af855331f39ef905f4450",