{"results": {"factor.TimeDiscreteFactor.time_factor_compare": {"result": [6.134716001735337e-05], "stats": [{"ci_99": [6.10933478536277e-05, 6.210437879480165e-05], "q_25": 6.1258630848479e-05, "q_75": 6.143275070293196e-05, "min": 6.10933478536277e-05, "max": 6.210437879480165e-05, "mean": 6.139834529195709e-05, "std": 2.6942580388547037e-07, "repeat": 10, "number": 174}]}, "factor.TimeDiscreteFactor.time_factor_marginalize": {"result": [6.429251000473771e-05], "stats": [{"ci_99": [6.385658030645757e-05, 6.484610464753984e-05], "q_25": 6.393189365162124e-05, "q_75": 6.45982372704186e-05, "min": 6.385658030645757e-05, "max": 6.484610464753984e-05, "mean": 6.429879230600371e-05, "std": 3.653302768409606e-07, "repeat": 10, "number": 158}]}, "factor.TimeDiscreteFactor.time_factor_multiply_large": {"result": [4.7929722183783134e-05], "stats": [{"ci_99": [4.6536185046924015e-05, 4.925538918801716e-05], "q_25": 4.710220049933664e-05, "q_75": 4.877784522250295e-05, "min": 4.6536185046924015e-05, "max": 4.925538918801716e-05, "mean": 4.7940720937081746e-05, "std": 9.485904537452785e-07, "repeat": 10, "number": 224}]}, "factor.TimeDiscreteFactor.time_factor_reduce": {"result": [2.6293500985314208e-05], "stats": [{"ci_99": [2.6195446347318046e-05, 2.6713229897545604e-05], "q_25": 2.625848893530485e-05, "q_75": 2.6369758132027416e-05, "min": 2.6195446347318046e-05, "max": 2.6713229897545604e-05, "mean": 2.6342657553713498e-05, "std": 1.505052013270998e-07, "repeat": 10, "number": 410}]}, "import.TimeImport.time_import": {"result": [1.1697841346348223e-07], "stats": [{"ci_99": [1.1629647532882835e-07, 1.1807997534868254e-07], "q_25": 1.1663218820046996e-07, "q_75": 1.1766253631283658e-07, "min": 1.1629647532882835e-07, "max": 1.1807997534868254e-07, "mean": 1.171121120583508e-07, "std": 5.852998192098792e-10, "repeat": 10, "number": 93997}]}, "inference.TimeBeliefPropagation.time_query_alarm": {"result": [108.00900085829198], "stats": [{"ci_99": [106.1318647954613, 109.88613692112267], "q_25": 107.99022949766368, "q_75": 108.02777221892029, "min": 107.97145813703537, "max": 108.0465435795486, "mean": 108.00900085829198, "std": 0.03754272125661373, "repeat": 2, "number": 1}]}, "inference.TimeBeliefPropagation.time_query_munin": null, "inference.TimeVariableElimination.time_query_alarm": {"result": [0.016898564994335175], "stats": [{"ci_99": [-0.002098809527250955, 0.04803839565256532], "q_25": 0.01670508412644267, "q_75": 0.02316327393054962, "min": 0.016657205298542976, "max": 0.041424836963415146, "mean": 0.022969793062657118, "std": 0.010656219519231652, "repeat": 4, "number": 1}]}, "inference.TimeVariableElimination.time_query_munin": {"result": [0.5516231525689363], "stats": [{"ci_99": [0.5216826180748515, 0.5825399273254106], "q_25": 0.5424271826632321, "q_75": 0.5613072426058352, "min": 0.5406121890991926, "max": 0.5645865965634584, "mean": 0.5521112727001309, "std": 0.010439692922258275, "repeat": 4, "number": 1}]}, "parameter_learning.TimeBayesianEstimator.time_alarm_bayesian_estimator": {"result": [2.1871703984215856], "stats": [{"ci_99": [2.063558087581622, 2.279900073176397], "q_25": 2.155656985938549, "q_75": 2.2032424928620458, "min": 2.1045008450746536, "max": 2.2080746795982122, "mean": 2.1717290803790092, "std": 0.04103586539972377, "repeat": 4, "number": 1}]}, "parameter_learning.TimeBayesianEstimator.time_munin_bayesian_estimator": {"result": [35.51697322819382], "stats": [{"ci_99": [31.86652564164251, 39.16742081474513], "q_25": 35.480468752328306, "q_75": 35.55347770405933, "min": 35.44396427646279, "max": 35.589982179924846, "mean": 35.51697322819382, "std": 0.07300895173102617, "repeat": 2, "number": 1}]}, "parameter_learning.TimeExpectationMaximization.time_alarm_em": {"result": [16.35036730207503], "stats": [{"ci_99": [10.127792237326503, 22.572942366823547], "q_25": 16.288141551427543, "q_75": 16.412593052722514, "min": 16.225915800780058, "max": 16.47481880337, "mean": 16.35036730207503, "std": 0.12445150129497051, "repeat": 2, "number": 1}]}, "parameter_learning.TimeExpectationMaximization.time_munin_em": {"result": [131.87664239108562], "stats": [{"ci_99": [129.68801180273294, 134.0652729794383], "q_25": 131.8547560852021, "q_75": 131.89852869696915, "min": 131.83286977931857, "max": 131.92041500285268, "mean": 131.87664239108562, "std": 0.043772611767053604, "repeat": 2, "number": 1}]}, "parameter_learning.TimeMLE.time_alarm_mle": {"result": [2.1816654689610004], "stats": [{"ci_99": [1.9377528342116785, 2.4204153011854586], "q_25": 2.0993893584236503, "q_75": 2.2613601782359183, "min": 2.0911211390048265, "max": 2.261884193867445, "mean": 2.179084067698568, "std": 0.08254322758166509, "repeat": 4, "number": 1}]}, "parameter_learning.TimeMLE.time_munin_mle": {"result": [35.65090424288064], "stats": [{"ci_99": [31.610235198400915, 39.69157328736037], "q_25": 35.610497552435845, "q_75": 35.69131093332544, "min": 35.57009086199105, "max": 35.73171762377024, "mean": 35.65090424288064, "std": 0.08081338088959455, "repeat": 2, "number": 1}]}, "readwrite.TimeRead.time_asia_read": {"result": [0.008733081631362438], "stats": [{"ci_99": [0.008661742322146893, 0.008804420940577984], "q_25": 0.008732368238270283, "q_75": 0.008733795024454594, "min": 0.008731654845178127, "max": 0.008734508417546749, "mean": 0.008733081631362438, "std": 1.426786184310913e-06, "repeat": 2, "number": 2}]}, "readwrite.TimeRead.time_asia_write": {"result": [0.000991780856033651], "stats": [{"ci_99": [0.00013103208890775356, 0.0018525296231595475], "q_25": 0.0009831733683623918, "q_75": 0.0010003883437049099, "min": 0.0009745658806911329, "max": 0.0010089958313761688, "mean": 0.000991780856033651, "std": 1.7214975342517947e-05, "repeat": 2, "number": 41}]}, "readwrite.TimeRead.time_munin_read": {"result": [4.7278789123520255], "stats": [{"ci_99": [4.536980182863772, 4.918777641840279], "q_25": 4.725969925057143, "q_75": 4.729787899646908, "min": 4.72406093776226, "max": 4.731696886941791, "mean": 4.7278789123520255, "std": 0.003817974589765072, "repeat": 2, "number": 1}]}, "readwrite.TimeRead.time_munin_write": {"result": [0.11818575579673052], "stats": [{"ci_99": [0.10333418752998114, 0.1330373240634799], "q_25": 0.11803724011406302, "q_75": 0.11833427147939801, "min": 0.11788872443139553, "max": 0.1184827871620655, "mean": 0.11818575579673052, "std": 0.00029703136533498764, "repeat": 2, "number": 1}]}, "readwrite.TimeRead.time_pathfinder_read": {"result": [5.267186374403536], "stats": [{"ci_99": [4.668319649063051, 5.866053099744021], "q_25": 5.2611977071501315, "q_75": 5.273175041656941, "min": 5.255209039896727, "max": 5.279163708910346, "mean": 5.267186374403536, "std": 0.011977334506809711, "repeat": 2, "number": 1}]}, "readwrite.TimeRead.time_pathfinder_write": {"result": [0.11289147660136223], "stats": [{"ci_99": [0.10006185621023178, 0.12572109699249268], "q_25": 0.11276318039745092, "q_75": 0.11301977280527353, "min": 0.11263488419353962, "max": 0.11314806900918484, "mean": 0.11289147660136223, "std": 0.00025659240782260895, "repeat": 2, "number": 1}]}, "sampling.TimeSampling.time_forward_sample": {"result": [0.22523406613618135], "stats": [{"ci_99": [0.22420211881399155, 0.22737299837172031], "q_25": 0.22468583239242435, "q_75": 0.2257678392343223, "min": 0.22420211881399155, "max": 0.22737299837172031, "mean": 0.2253405934199691, "std": 0.0008796341015604558, "repeat": 10, "number": 1}]}, "sampling.TimeSampling.time_gibbs_sampling": null, "sampling.TimeSampling.time_likelihood_sample": {"result": [0.22468113899230957], "stats": [{"ci_99": [0.22405803576111794, 0.22623132541775703], "q_25": 0.22434281092137098, "q_75": 0.2253309115767479, "min": 0.22405803576111794, "max": 0.22623132541775703, "mean": 0.22488153278827666, "std": 0.0006766953665642935, "repeat": 10, "number": 1}]}, "sampling.TimeSampling.time_rejection_sample": {"result": [43.512945401482284], "stats": [{"ci_99": [43.30688371602446, 43.71900708694011], "q_25": 43.510884784627706,