{"results": {"factor.TimeDiscreteFactor.time_factor_marginalize": {"result": [6.137611007834054e-05], "stats": [{"ci_99": [6.120529654155294e-05, 6.268891584442323e-05], "q_25": 6.134790110300822e-05, "q_75": 6.162314619644578e-05, "min": 6.120529654155294e-05, "max": 6.268891584442323e-05, "mean": 6.156246548137032e-05, "std": 4.139358735779218e-07, "repeat": 10, "number": 166}]}, "factor.TimeDiscreteFactor.time_factor_multiply_large": {"result": [5.159292056738773e-05], "stats": [{"ci_99": [5.125366673569813e-05, 5.286763134960816e-05], "q_25": 5.141770136412059e-05, "q_75": 5.190662177993315e-05, "min": 5.125366673569813e-05, "max": 5.286763134960816e-05, "mean": 5.1766884661166465e-05, "std": 4.7199847044970345e-07, "repeat": 10, "number": 214}]}, "factor.TimeDiscreteFactor.time_factor_reduce": {"result": [3.010108302240847e-05], "stats": [{"ci_99": [2.9854039467674547e-05, 3.042680011991182e-05], "q_25": 2.9960169273912034e-05, "q_75": 3.0155152989185453e-05, "min": 2.9854039467674547e-05, "max": 3.042680011991182e-05, "mean": 3.0095105078562966e-05, "std": 1.647413185500732e-07, "repeat": 10, "number": 341}]}, "import.TimeImport.time_import": {"result": [1.2576837330393347e-07], "stats": [{"ci_99": [1.2532119029926994e-07, 1.2658846218406836e-07], "q_25": 1.2565474685384976e-07, "q_75": 1.2585677143822857e-07, "min": 1.2532119029926994e-07, "max": 1.2658846218406836e-07, "mean": 1.258094066537126e-07, "std": 3.1144568542632776e-10, "repeat": 10, "number": 86992}]}, "inference.TimeVariableElimination.time_query_alarm": {"result": [0.06993177253752947], "stats": [{"ci_99": [0.06777367747800168, 0.0720251034252185], "q_25": 0.06923803593963385, "q_75": 0.07059312704950571, "min": 0.06905615143477917, "max": 0.07067786529660225, "mean": 0.06989939045161009, "std": 0.0007281526093575534, "repeat": 4, "number": 1}]}, "inference.TimeVariableElimination.time_query_munin": {"result": [0.5929031008854508], "stats": [{"ci_99": [0.55985668133796, 0.633420117945962], "q_25": 0.5871232771314681, "q_75": 0.6024182233959436, "min": 0.5821243952959776, "max": 0.6186230015009642, "mean": 0.5966383996419609, "std": 0.013745237444574877, "repeat": 4, "number": 1}]}, "readwrite.TimeRead.time_asia_read": {"result": [0.008619096595793962], "stats": [{"ci_99": [0.006111533846706152, 0.011126659344881771], "q_25": 0.008594020968303084, "q_75": 0.00864417222328484, "min": 0.008568945340812206, "max": 0.008669247850775719, "mean": 0.008619096595793962, "std": 5.015125498175621e-05, "repeat": 2, "number": 2}]}, "readwrite.TimeRead.time_asia_write": {"result": [0.001057714148349053], "stats": [{"ci_99": [0.0009878561454447522, 0.001127572151253354], "q_25": 0.00105701556832001, "q_75": 0.0010584127283780962, "min": 0.0010563169882909671, "max": 0.0010591113084071392, "mean": 0.001057714148349053, "std": 1.397160058086021e-06, "repeat": 2, "number": 37}]}, "readwrite.TimeRead.time_munin_read": {"result": [5.185309776104987], "stats": [{"ci_99": [5.167863636277616, 5.202755915932357], "q_25": 5.185135314706713, "q_75": 5.18548423750326, "min": 5.184960853308439, "max": 5.185658698901534, "mean": 5.185309776104987, "std": 0.00034892279654741287, "repeat": 2, "number": 1}]}, "readwrite.TimeRead.time_munin_write": {"result": [0.1326617943122983], "stats": [{"ci_99": [0.11420209612697363, 0.15112149249762294], "q_25": 0.13247719733044505, "q_75": 0.13284639129415154, "min": 0.1322926003485918, "max": 0.1330309882760048, "mean": 0.1326617943122983, "std": 0.0003691939637064934, "repeat": 2, "number": 1}]}, "readwrite.TimeRead.time_pathfinder_read": {"result": [5.785304549150169], "stats": [{"ci_99": [5.441016991622746, 6.129592106677592], "q_25": 5.781861673574895, "q_75": 5.788747424725443, "min": 5.77841879799962, "max": 5.792190300300717, "mean": 5.785304549150169, "std": 0.006885751150548458, "repeat": 2, "number": 1}]}, "readwrite.TimeRead.time_pathfinder_write": {"result": [0.1375507265329361], "stats": [{"ci_99": [-0.3021859861910343, 0.5772874392569061], "q_25": 0.1331533594056964, "q_75": 0.1419480936601758, "min": 0.1287559922784567, "max": 0.1463454607874155, "mean": 0.1375507265329361, "std": 0.008794734254479408, "repeat": 2, "number": 1}]}, "sampling.TimeSampling.time_forward_sample": {"result": [0.2073896685615182], "stats": [{"ci_99": [0.20671052671968937, 0.21026796847581863], "q_25": 0.2068459722213447, "q_75": 0.20823759632185102, "min": 0.20671052671968937, "max": 0.21026796847581863, "mean": 0.20783653035759925, "std": 0.0011833117929276246, "repeat": 10, "number": 1}]}, "sampling.TimeSampling.time_gibbs_sampling": null, "sampling.TimeSampling.time_likelihood_sample": {"result": [0.21032995078712702], "stats": [{"ci_99": [0.20897254906594753, 0.215304397046566], "q_25": 0.21003283560276031, "q_75": 0.2116706850938499, "min": 0.20897254906594753, "max": 0.215304397046566, "mean": 0.21110651567578315, "std": 0.0018431340955676807, "repeat": 10, "number": 1}]}, "sampling.TimeSampling.time_rejection_sample": {"result": [38.54150534979999], "stats": [{"ci_99": [31.85092886351049, 45.232081836089485], "q_25": 38.474599584937096, "q_75": 38.608411114662886, "min": 38.4076938200742, "max": 38.67531687952578, "mean": 38.54150534979999, "std": 0.13381152972579002, "repeat": 2, "number": 1}]}, "structure_learning.TimeHillClimb.time_hillclimb": null, "structure_learning.TimePC.time_pc_orig": {"result": [41.78840091219172], "stats": [{"ci_99": [39.83031831914559, 43.74648350523785], "q_25": 41.76882008626126, "q_75": 41.80798173812218, "min": 41.749239260330796, "max": 41.82756256405264, "mean": 41.78840091219172, "std": 0.039161651860922575, "repeat": 2, "number": 1}]}, "structure_learning.TimePC.time_pc_stable": {"result": [41.917587633710355], "stats": [{"ci_99": [38.68095709802583, 45.15421816939488], "q_25": 41.88522132835351, "q_75": 41.9499539390672, "min": 41.852855022996664, "max": 41.982320244424045, "mean": 41.917587633710355, "std": 0.06473261071369052, "repeat": 2, "number": 1}]}, "factor.TimeDiscreteFactor.time_factor_compare": {"result": [6.358593985525488e-05], "stats": [{"ci_99": [6.324131237833124e-05, 6.424475526600553e-05], "q_25": 6.343372580077912e-05, "q_75": 6.374257360721193e-05, "min": 6.324131237833124e-05, "max": 6.424475526600553e-05, "mean": 6.363322381039112e-05, "std": 2.9304116628613634e-07, "repeat": 10, "number": 171}]}, "inference.TimeBeliefPropagation.time_query_alarm": {"result": [49.850340876728296], "stats": [{"ci_99": [49.650543965399265, 50.05013778805733], "q_25": 49.848342907615006, "q_75": 49.85233884584159, "min": 49.846344938501716, "max": 49.85433681495488, "mean": 49.850340876728296, "std": 0.00399593822658062, "repeat": 2, "number": 1}]}, "inference.TimeBeliefPropagation.time_query_munin": null, "parameter_learning.TimeBayesianEstimator.time_alarm_bayesian_estimator": {"result": [1.652236576192081], "stats": [{"ci_99": [1.5635148539349597, 1.7377627360492782], "q_25": 1.628877324052155, "q_75": 1.673998047132045, "min": 1.6093091648072004, "max": 1.688772862777114, "mean": 1.650638794992119, "std": 0.03055482332024658, "repeat": 4, "number": 1}]}, "parameter_learning.TimeBayesianEstimator.time_munin_bayesian_estimator": {"result": [18.208731221035123], "stats": [{"ci_99": [13.305098259821534, 23.112364182248708], "q_25": 18.159694891422987, "q_75": 18.25776755064726, "min": 18.11065856181085, "max": 18.306803880259395, "mean": 18.208731221035123, "std": 0.09807265922427177, "repeat": 2, "number": 1}]}, "parameter_learning.TimeExpectationMaximization.time_alarm_em": {"result": [19.41808293107897], "stats": [{"ci_99": [17.817000239156187, 21.019165623001754], "q_25": 19.402072104159743, "q_75": 19.4340937579982, "min": 19.386061277240515, "max": 19.450104584917426, "mean": 19.41808293107897, "std": 0.03202165383845568, "repeat": 2, "number": 1}]}, "parameter_learning.TimeExpectationMaximization.time_munin_em": {"result": [111.67612273525447], "stats": [{"ci_99": [103.73304791096598, 119.61919755954295],