{"results": {"factor.TimeDiscreteFactor.time_factor_marginalize": {"result": [6.399349132109256e-05], "stats": [{"ci_99": [6.380566351470493e-05, 6.436589839203017e-05], "q_25": 6.393467663742957e-05, "q_75": 6.417576445355302e-05, "min": 6.380566351470493e-05, "max": 6.436589839203017e-05, "mean": 6.404215902356165e-05, "std": 1.6417033889884474e-07, "repeat": 10, "number": 168}]}, "factor.TimeDiscreteFactor.time_factor_multiply_large": {"result": [5.2348923129148976e-05], "stats": [{"ci_99": [5.178532252709071e-05, 6.11941831616255e-05], "q_25": 5.204869458117546e-05, "q_75": 5.294205740285225e-05, "min": 5.178532252709071e-05, "max": 6.11941831616255e-05, "mean": 5.332467838739737e-05, "std": 2.680094154946216e-06, "repeat": 10, "number": 195}]}, "factor.TimeDiscreteFactor.time_factor_reduce": {"result": [3.0478860946059916e-05], "stats": [{"ci_99": [3.0356768863221813e-05, 3.067912221643966e-05], "q_25": 3.0383459599204144e-05, "q_75": 3.0518816299521164e-05, "min": 3.0356768863221813e-05, "max": 3.067912221643966e-05, "mean": 3.047492705027148e-05, "std": 9.679879246325453e-08, "repeat": 10, "number": 346}]}, "import.TimeImport.time_import": {"result": [1.319049770034557e-07], "stats": [{"ci_99": [1.315012648376109e-07, 1.3284733479668858e-07], "q_25": 1.3166606196987588e-07, "q_75": 1.3239346254621917e-07, "min": 1.315012648376109e-07, "max": 1.3284733479668858e-07, "mean": 1.3202678836014893e-07, "std": 4.4627043314998417e-10, "repeat": 10, "number": 82159}]}, "inference.TimeVariableElimination.time_query_alarm": {"result": [0.059783692471683025], "stats": [{"ci_99": [0.035492173027304424, 0.09956671800086116], "q_25": 0.05960447364486754, "q_75": 0.0677086643408984, "min": 0.05942936800420284, "max": 0.09112102910876274, "mean": 0.06752944551408291, "std": 0.013621643275857383, "repeat": 4, "number": 1}]}, "inference.TimeVariableElimination.time_query_munin": {"result": [0.6294293073005974], "stats": [{"ci_99": [0.5813611640642673, 0.6880346553352388], "q_25": 0.6223768717609346, "q_75": 0.6417503452394158, "min": 0.6125628547742963, "max": 0.6673701694235206, "mean": 0.6346979096997529, "std": 0.02025800419984005, "repeat": 4, "number": 1}]}, "readwrite.TimeRead.time_asia_read": {"result": [0.009337552357465029], "stats": [{"ci_99": [0.0075327190570533276, 0.011142385657876728], "q_25": 0.009319504024460912, "q_75": 0.009355600690469146, "min": 0.009301455691456795, "max": 0.009373649023473263, "mean": 0.009337552357465029, "std": 3.6096666008234024e-05, "repeat": 2, "number": 2}]}, "readwrite.TimeRead.time_asia_write": {"result": [0.0009001930672171954], "stats": [{"ci_99": [-0.007310222154734907, 0.009110608289169292], "q_25": 0.0008180889149976743, "q_75": 0.0009822972194367164, "min": 0.0007359847627781533, "max": 0.0010644013716562374, "mean": 0.0009001930672171954, "std": 0.00016420830443904206, "repeat": 2, "number": 37}]}, "readwrite.TimeRead.time_munin_read": {"result": [5.4718140391632915], "stats": [{"ci_99": [5.115417192690074, 5.8282108856365085], "q_25": 5.468250070698559, "q_75": 5.475378007628024, "min": 5.464686102233827, "max": 5.478941976092756, "mean": 5.4718140391632915, "std": 0.00712793692946434, "repeat": 2, "number": 1}]}, "readwrite.TimeRead.time_munin_write": {"result": [0.1339161191135645], "stats": [{"ci_99": [0.07274145074188709, 0.19509078748524183], "q_25": 0.13330437242984772, "q_75": 0.13452786579728127, "min": 0.13269262574613094, "max": 0.13513961248099804, "mean": 0.1339161191135645, "std": 0.001223493367433548, "repeat": 2, "number": 1}]}, "readwrite.TimeRead.time_pathfinder_read": {"result": [6.12422009697184], "stats": [{"ci_99": [5.494009593967348, 6.75443059997633], "q_25": 6.117917991941795, "q_75": 6.130522202001885, "min": 6.11161588691175, "max": 6.1368243070319295, "mean": 6.12422009697184, "std": 0.012604210060089827, "repeat": 2, "number": 1}]}, "readwrite.TimeRead.time_pathfinder_write": {"result": [0.12857914343476295], "stats": [{"ci_99": [0.0865172166377306, 0.17064107023179528], "q_25": 0.12815852416679263, "q_75": 0.12899976270273328, "min": 0.1277379048988223, "max": 0.1294203819707036, "mean": 0.12857914343476295, "std": 0.0008412385359406471, "repeat": 2, "number": 1}]}, "sampling.TimeSampling.time_forward_sample": {"result": [0.21697495179250836], "stats": [{"ci_99": [0.21407902613282204, 0.24222120083868504], "q_25": 0.21545681566931307, "q_75": 0.21836546109989285, "min": 0.21407902613282204, "max": 0.24222120083868504, "mean": 0.21915207495912908, "std": 0.007880261680272302, "repeat": 10, "number": 1}]}, "sampling.TimeSampling.time_gibbs_sampling": null, "sampling.TimeSampling.time_likelihood_sample": {"result": [0.22366787400096655], "stats": [{"ci_99": [0.21728822216391563, 0.23177762608975172], "q_25": 0.21878769365139306, "q_75": 0.2288459821138531, "min": 0.21728822216391563, "max": 0.23177762608975172, "mean": 0.22402313249185682, "std": 0.005456021248243731, "repeat": 10, "number": 1}]}, "sampling.TimeSampling.time_rejection_sample": {"result": [40.01334966812283], "stats": [{"ci_99": [-4.9993878630921245, 85.02608719933775], "q_25": 39.56322229281068, "q_75": 40.46347704343498, "min": 39.11309491749853, "max": 40.91360441874713, "mean": 40.01334966812283, "std": 0.900254750624299, "repeat": 2, "number": 1}]}, "structure_learning.TimeHillClimb.time_hillclimb": null, "structure_learning.TimePC.time_pc_orig": {"result": [37.335725113749504], "stats": [{"ci_99": [-7.422298626974225, 82.0937488544732], "q_25": 36.88814487634227, "q_75": 37.78330535115674, "min": 36.44056463893503, "max": 38.23088558856398, "mean": 37.335725113749504, "std": 0.8951604748144746, "repeat": 2, "number": 1}]}, "structure_learning.TimePC.time_pc_stable": {"result": [38.13850025180727], "stats": [{"ci_99": [34.74848598707467, 41.52851451653987], "q_25": 38.104600109159946, "q_75": 38.1724003944546, "min": 38.07069996651262, "max": 38.206300537101924, "mean": 38.13850025180727, "std": 0.06780028529465199, "repeat": 2, "number": 1}]}}, "params": {"arch": "x86_64", "cpu": "Intel(R) Core(TM) i9-9820X CPU @ 3.30GHz", "machine": "graveyard", "num_cpu": "20", "os": "Linux 4.15.0-112-generic", "ram": "131688676", "python": "3.8"}, "requirements": {}, "commit_hash": "19fe8105697bb874609fd34bda91123c8d94f5a7", "date": 1648663884000, "env_name": "conda-py3.8", "python": "3.8", "profiles": {}, "started_at": {"factor.TimeDiscreteFactor.time_factor_marginalize": 1648677884846, "factor.TimeDiscreteFactor.time_factor_multiply_large": 1648677885054, "factor.TimeDiscreteFactor.time_factor_reduce": 1648677885261, "import.TimeImport.time_import": 1648677885469, "inference.TimeVariableElimination.time_query_alarm": 1648677885677, "inference.TimeVariableElimination.time_query_munin": 1648677904928, "readwrite.TimeRead.time_asia_read": 1648677925885, "readwrite.TimeRead.time_asia_write": 1648677951202, "readwrite.TimeRead.time_munin_read": 1648677976622, "readwrite.TimeRead.time_munin_write": 1648678014714, "readwrite.TimeRead.time_pathfinder_read": 1648678040084, "readwrite.TimeRead.time_pathfinder_write": 1648678078282, "sampling.TimeSampling.time_forward_sample": 1648678103599, "sampling.TimeSampling.time_gibbs_sampling": 1648677057061, "sampling.TimeSampling.time_likelihood_sample": 1648678105562, "sampling.TimeSampling.time_rejection_sample": 1648678107624, "structure_learning.TimeHillClimb.time_hillclimb": 1648677738982, "structure_learning.TimePC.time_pc_orig": 1648678189527, "structure_learning.TimePC.time_pc_stable": 1648678264356}, "ended_at": {"factor.TimeDiscreteFactor.time_factor_marginalize": 1648677885053, "factor.TimeDiscreteFactor.time_factor_multiply_large": 1648677885261, "factor.TimeDiscreteFactor.time_factor_reduce": 1648677885468, "import.TimeImport.time_import": 1648677885676, "inference.TimeVariableElimination.time_query_alarm": 1648677904927, "inference.TimeVariableElimination.time_query_munin": 1648677925885, "readwrite.TimeRead.time_asia_read": 1648677951202,