{"results": {"factor.TimeDiscreteFactor.time_factor_compare": {"result": [3.895825577362647e-05], "stats": [{"ci_99": [3.7788284405340415e-05, 4.019000138459581e-05], "q_25": 3.8056550652123565e-05, "q_75": 3.977944334961948e-05, "min": 3.7788284405340415e-05, "max": 4.019000138459581e-05, "mean": 3.893727694781086e-05, "std": 8.974517469676664e-07, "repeat": 10, "number": 267}]}, "factor.TimeDiscreteFactor.time_factor_marginalize": {"result": [3.759299685282691e-05], "stats": [{"ci_99": [3.658397490590501e-05, 3.8986091073409084e-05], "q_25": 3.662652732437045e-05, "q_75": 3.8559981992397345e-05, "min": 3.658397490590501e-05, "max": 3.8986091073409084e-05, "mean": 3.765534261518696e-05, "std": 1.032928465585026e-06, "repeat": 10, "number": 289}]}, "factor.TimeDiscreteFactor.time_factor_multiply_large": {"result": [1.539094665813251e-05], "stats": [{"ci_99": [1.4841409163780784e-05, 1.576399788931317e-05], "q_25": 1.5024152949025492e-05, "q_75": 1.567370279871263e-05, "min": 1.4841409163780784e-05, "max": 1.576399788931317e-05, "mean": 1.5342332127962726e-05, "std": 3.550008510362849e-07, "repeat": 10, "number": 733}]}, "factor.TimeDiscreteFactor.time_factor_reduce": {"result": [7.51647087116614e-06], "stats": [{"ci_99": [7.276960110484614e-06, 7.796133826904873e-06], "q_25": 7.3851151308881e-06, "q_75": 7.75276540923478e-06, "min": 7.276960110484614e-06, "max": 7.796133826904873e-06, "mean": 7.553363884042763e-06, "std": 1.9201263612591467e-07, "repeat": 10, "number": 1459}]}, "import.TimeImport.time_import": {"result": [1.221248211636699e-07], "stats": [{"ci_99": [1.1909112655017482e-07, 1.2527710771865519e-07], "q_25": 1.195864460357333e-07, "q_75": 1.246988085978394e-07, "min": 1.1909112655017482e-07, "max": 1.2527710771865519e-07, "mean": 1.221723294304133e-07, "std": 2.6160322513486336e-09, "repeat": 10, "number": 91191}]}, "inference.TimeBeliefPropagation.time_query_alarm": {"result": [72.34650709107518], "stats": [{"ci_99": [68.43514319881797, 76.2578709833324], "q_25": 72.30739345215261, "q_75": 72.38562072999775, "min": 72.26827981323004, "max": 72.42473436892033, "mean": 72.34650709107518, "std": 0.07822727784514427, "repeat": 2, "number": 1}]}, "inference.TimeVariableElimination.time_query_alarm": {"result": [0.004378978473444779], "stats": [{"ci_99": [0.004319314318108483, 0.004448898352972742], "q_25": 0.004367410050084193, "q_75": 0.004395674758901198, "min": 0.004357467715938886, "max": 0.004421000679334004, "mean": 0.004384106335540612, "std": 2.3767971779611036e-05, "repeat": 4, "number": 3}]}, "inference.TimeVariableElimination.time_query_munin": {"result": [0.14591363444924355], "stats": [{"ci_99": [0.14231512845829558, 0.15021823848261995], "q_25": 0.1453188261948526, "q_75": 0.14686149172484875, "min": 0.14461886882781982, "max": 0.14862059615552425, "mean": 0.1462666834704578, "std": 0.001480441997626496, "repeat": 4, "number": 1}]}, "parameter_learning.TimeBayesianEstimator.time_alarm_bayesian_estimator": {"result": [2.177824040874839], "stats": [{"ci_99": [1.9948392616834916, 2.3988824389624908], "q_25": 2.13355206977576, "q_75": 2.2411328214220703, "min": 2.127044714987278, "max": 2.304750604555011, "mean": 2.1968608503229916, "std": 0.07208431258480032, "repeat": 4, "number": 1}]}, "parameter_learning.TimeBayesianEstimator.time_munin_bayesian_estimator": {"result": [36.220874059945345], "stats": [{"ci_99": [34.3896178342402, 38.05213028565049], "q_25": 36.20256149768829, "q_75": 36.239186622202396, "min": 36.18424893543124, "max": 36.25749918445945, "mean": 36.220874059945345, "std": 0.036625124514102936, "repeat": 2, "number": 1}]}, "parameter_learning.TimeExpectationMaximization.time_alarm_em": {"result": [7.124449057504535], "stats": [{"ci_99": [4.558822909370065, 9.690075205639003], "q_25": 7.09879279602319, "q_75": 7.150105318985879, "min": 7.073136534541845, "max": 7.175761580467224, "mean": 7.124449057504535, "std": 0.0513125229626894, "repeat": 2, "number": 1}]}, "parameter_learning.TimeExpectationMaximization.time_munin_em": {"result": [81.13504127971828], "stats": [{"ci_99": [61.966526521369815, 100.30355603806673], "q_25": 80.9433561321348, "q_75": 81.32672642730176, "min": 80.75167098455131, "max": 81.51841157488525, "mean": 81.13504127971828, "std": 0.3833702951669693, "repeat": 2, "number": 1}]}, "parameter_learning.TimeMLE.time_alarm_mle": {"result": [2.1169152352958918], "stats": [{"ci_99": [2.0138769180227594, 2.216368077072076], "q_25": 2.0982883013784885, "q_75": 2.133749431464821, "min": 2.060628639534116, "max": 2.166030880063772, "mean": 2.115122497547418, "std": 0.03755479921208355, "repeat": 4, "number": 1}]}, "parameter_learning.TimeMLE.time_munin_mle": {"result": [35.63612803630531], "stats": [{"ci_99": [32.07816986180842, 39.1940862108022], "q_25": 35.60054845456034, "q_75": 35.67170761805028, "min": 35.56496887281537, "max": 35.707287199795246, "mean": 35.63612803630531, "std": 0.07115916348993778, "repeat": 2, "number": 1}]}, "readwrite.TimeRead.time_asia_read": {"result": [0.008995161857455969], "stats": [{"ci_99": [0.008606357965618372, 0.009383965749293566], "q_25": 0.008991273818537593, "q_75": 0.008999049896374345, "min": 0.008987385779619217, "max": 0.00900293793529272, "mean": 0.008995161857455969, "std": 7.776077836751938e-06, "repeat": 2, "number": 2}]}, "readwrite.TimeRead.time_asia_write": {"result": [0.0008978508201173761], "stats": [{"ci_99": [-0.00012515940364788976, 0.001920861043882641], "q_25": 0.0008876207178797234, "q_75": 0.0009080809223550287, "min": 0.0008773906156420708, "max": 0.0009183110245926814, "mean": 0.0008978508201173761, "std": 2.0460204475305317e-05, "repeat": 2, "number": 44}]}, "readwrite.TimeRead.time_munin_read": {"result": [4.904832134954631], "stats": [{"ci_99": [4.738592871464789, 5.071071398444474], "q_25": 4.903169742319733, "q_75": 4.90649452758953, "min": 4.9015073496848345, "max": 4.908156920224428, "mean": 4.904832134954631, "std": 0.0033247852697968483, "repeat": 2, "number": 1}]}, "readwrite.TimeRead.time_munin_write": {"result": [0.10773907043039799], "stats": [{"ci_99": [0.08716829679906368, 0.12830984406173226], "q_25": 0.10753336269408464, "q_75": 0.10794477816671133, "min": 0.1073276549577713, "max": 0.10815048590302467, "mean": 0.10773907043039799, "std": 0.0004114154726266861, "repeat": 2, "number": 1}]}, "readwrite.TimeRead.time_pathfinder_read": {"result": [5.523397047072649], "stats": [{"ci_99": [5.006751995533705, 6.040042098611593], "q_25": 5.51823059655726, "q_75": 5.5285634975880384, "min": 5.51306414604187, "max": 5.533729948103428, "mean": 5.523397047072649, "std": 0.010332901030778885, "repeat": 2, "number": 1}]}, "readwrite.TimeRead.time_pathfinder_write": {"result": [0.10428788978606462], "stats": [{"ci_99": [0.09363854210823774, 0.11493723746389149], "q_25": 0.10418139630928636, "q_75": 0.1043943832628429, "min": 0.10407490283250809, "max": 0.10450087673962116, "mean": 0.10428788978606462, "std": 0.00021298695355653763, "repeat": 2, "number": 1}]}, "sampling.TimeSampling.time_forward_sample": {"result": [0.24243020545691252], "stats": [{"ci_99": [0.24154443480074406, 0.24494746141135693], "q_25": 0.24214153131470084, "q_75": 0.24338403344154358, "min": 0.24154443480074406, "max": 0.24494746141135693, "mean": 0.24274120274931194, "std": 0.0009902226021665768, "repeat": 10, "number": 1}]}, "sampling.TimeSampling.time_gibbs_sampling": null, "sampling.TimeSampling.time_likelihood_sample": {"result": [0.24681861232966185], "stats": [{"ci_99": [0.23863523453474045, 0.2638898082077503], "q_25": 0.2415205640718341, "q_75": 0.24938552314415574, "min": 0.23863523453474045, "max": 0.2638898082077503, "mean": 0.24686860647052528, "std": 0.00687737015232557, "repeat": 10, "number": 1}]}, "sampling.TimeSampling.time_rejection_sample": {"result": [45.09324001055211], "stats": [{"ci_99": [-7.125381353311241, 97.31186137441541], "q_25": 44.571053796913475, "q_75": 45.61542622419074, "min": 44.04886758327484, "max": 46.137612437829375,