{"results": {"factor.TimeDiscreteFactor.time_factor_compare": {"result": [3.925481118918379e-05], "stats": [{"ci_99": [3.9161000957434205e-05, 3.9997521316868136e-05], "q_25": 3.9209699136886564e-05, "q_75": 3.946891903763073e-05, "min": 3.9161000957434205e-05, "max": 3.9997521316868136e-05, "mean": 3.937466205650819e-05, "std": 2.5191297250066086e-07, "repeat": 10, "number": 261}]}, "factor.TimeDiscreteFactor.time_factor_marginalize": {"result": [3.793303223027216e-05], "stats": [{"ci_99": [3.758719568694388e-05, 3.876604817130349e-05], "q_25": 3.763701818831317e-05, "q_75": 3.836715554857588e-05, "min": 3.758719568694388e-05, "max": 3.876604817130349e-05, "mean": 3.802305334931487e-05, "std": 4.129111412278799e-07, "repeat": 10, "number": 286}]}, "factor.TimeDiscreteFactor.time_factor_multiply_large": {"result": [1.4686769984080142e-05], "stats": [{"ci_99": [1.4553559477117183e-05, 1.4832100236030281e-05], "q_25": 1.4655291406573311e-05, "q_75": 1.4757805295549634e-05, "min": 1.4553559477117183e-05, "max": 1.4832100236030281e-05, "mean": 1.4699434966973538e-05, "std": 8.339379370551206e-08, "repeat": 10, "number": 742}]}, "factor.TimeDiscreteFactor.time_factor_reduce": {"result": [7.609064808823693e-06], "stats": [{"ci_99": [7.5117409439154075e-06, 7.789166198230125e-06], "q_25": 7.5610436525353245e-06, "q_75": 7.6245506700705475e-06, "min": 7.5117409439154075e-06, "max": 7.789166198230125e-06, "mean": 7.618813263908239e-06, "std": 8.314148348433412e-08, "repeat": 10, "number": 1420}]}, "import.TimeImport.time_import": {"result": [1.1856724284596861e-07], "stats": [{"ci_99": [1.1700972890807587e-07, 1.2051289722691162e-07], "q_25": 1.1738671909270551e-07, "q_75": 1.1957550798646992e-07, "min": 1.1700972890807587e-07, "max": 1.2051289722691162e-07, "mean": 1.1853396765704876e-07, "std": 1.201653318549402e-09, "repeat": 10, "number": 88578}]}, "inference.TimeBeliefPropagation.time_query_alarm": {"result": [64.82816747017205], "stats": [{"ci_99": [64.73906485922635, 64.91727008111775], "q_25": 64.82727644406259, "q_75": 64.8290584962815, "min": 64.82638541795313, "max": 64.82994952239096, "mean": 64.82816747017205, "std": 0.001782052218914032, "repeat": 2, "number": 1}]}, "inference.TimeVariableElimination.time_query_alarm": {"result": [0.004418383973340194], "stats": [{"ci_99": [0.0042861025116672545, 0.004553358509458062], "q_25": 0.004396817336479823, "q_75": 0.004441297147423029, "min": 0.004351013029615085, "max": 0.004491141065955162, "mean": 0.004419730510562659, "std": 4.976075011929949e-05, "repeat": 4, "number": 3}]}, "inference.TimeVariableElimination.time_query_munin": {"result": [0.157895989716053], "stats": [{"ci_99": [0.1521185427652707, 0.16373148227762085], "q_25": 0.1562530854716897, "q_75": 0.15956791676580906, "min": 0.15547649934887886, "max": 0.16043157130479813, "mean": 0.15792501252144575, "std": 0.002006918283016952, "repeat": 4, "number": 1}]}, "parameter_learning.TimeBayesianEstimator.time_alarm_bayesian_estimator": {"result": [2.086496944539249], "stats": [{"ci_99": [1.9419475291823152, 2.2613137857089645], "q_25": 2.064745684619993, "q_75": 2.1233819173648953, "min": 2.0348467025905848, "max": 2.198682038113475, "mean": 2.1016306574456394, "std": 0.06044603982050553, "repeat": 4, "number": 1}]}, "parameter_learning.TimeBayesianEstimator.time_munin_bayesian_estimator": {"result": [35.63121640030295], "stats": [{"ci_99": [26.599344368092716, 44.66308843251317], "q_25": 35.540897679980844, "q_75": 35.72153512062505, "min": 35.45057895965874, "max": 35.81185384094715, "mean": 35.63121640030295, "std": 0.18063744064420462, "repeat": 2, "number": 1}]}, "parameter_learning.TimeExpectationMaximization.time_alarm_em": {"result": [7.133486653678119], "stats": [{"ci_99": [4.912271556444466, 9.35470175091177], "q_25": 7.111274502705783, "q_75": 7.155698804650456, "min": 7.089062351733446, "max": 7.177910955622792, "mean": 7.133486653678119, "std": 0.04442430194467306, "repeat": 2, "number": 1}]}, "parameter_learning.TimeExpectationMaximization.time_munin_em": {"result": [81.78081771358848], "stats": [{"ci_99": [79.60770780220628, 83.95392762497067], "q_25": 81.75908661447465, "q_75": 81.8025488127023, "min": 81.73735551536083, "max": 81.82427991181612, "mean": 81.78081771358848, "std": 0.04346219822764397, "repeat": 2, "number": 1}]}, "parameter_learning.TimeMLE.time_alarm_mle": {"result": [2.08935035392642], "stats": [{"ci_99": [1.8775412828753992, 2.281985204937001], "q_25": 2.026661029085517, "q_75": 2.142452568747103, "min": 1.9846261031925678, "max": 2.1557261645793915, "mean": 2.0797632439062, "std": 0.070257205747727, "repeat": 4, "number": 1}]}, "parameter_learning.TimeMLE.time_munin_mle": {"result": [35.50773248448968], "stats": [{"ci_99": [32.58795760944486, 38.4275073595345], "q_25": 35.47853473573923, "q_75": 35.53693023324013, "min": 35.44933698698878, "max": 35.566127981990576, "mean": 35.50773248448968, "std": 0.058395497500896454, "repeat": 2, "number": 1}]}, "readwrite.TimeRead.time_asia_read": {"result": [0.008848426397889853], "stats": [{"ci_99": [0.008525373879820108, 0.009171478915959597], "q_25": 0.008845195872709155, "q_75": 0.00885165692307055, "min": 0.008841965347528458, "max": 0.008854887448251247, "mean": 0.008848426397889853, "std": 6.461050361394882e-06, "repeat": 2, "number": 2}]}, "readwrite.TimeRead.time_asia_write": {"result": [0.0009345136405456634], "stats": [{"ci_99": [0.0006406880205585835, 0.001228339260532743], "q_25": 0.0009315753843457926, "q_75": 0.0009374518967455342, "min": 0.0009286371281459218, "max": 0.000940390152945405, "mean": 0.0009345136405456634, "std": 5.876512399741597e-06, "repeat": 2, "number": 42}]}, "readwrite.TimeRead.time_munin_read": {"result": [4.8031973000615835], "stats": [{"ci_99": [4.6165398601442575, 4.9898547399789095], "q_25": 4.80133072566241, "q_75": 4.805063874460757, "min": 4.799464151263237, "max": 4.80693044885993, "mean": 4.8031973000615835, "std": 0.0037331487983465195, "repeat": 2, "number": 1}]}, "readwrite.TimeRead.time_munin_write": {"result": [0.11378100328147411], "stats": [{"ci_99": [0.08525682799518108, 0.14230517856776712], "q_25": 0.11349576152861118, "q_75": 0.11406624503433704, "min": 0.11321051977574825, "max": 0.11435148678719997, "mean": 0.11378100328147411, "std": 0.0005704835057258606, "repeat": 2, "number": 1}]}, "readwrite.TimeRead.time_pathfinder_read": {"result": [5.325217810459435], "stats": [{"ci_99": [5.067934873513877, 5.582500747404993], "q_25": 5.322644981089979, "q_75": 5.327790639828891, "min": 5.320072151720524, "max": 5.330363469198346, "mean": 5.325217810459435, "std": 0.005145658738911152, "repeat": 2, "number": 1}]}, "readwrite.TimeRead.time_pathfinder_write": {"result": [0.11890505999326706], "stats": [{"ci_99": [-0.3084423616528511, 0.5462524816393848], "q_25": 0.11463158577680588, "q_75": 0.12317853420972824, "min": 0.1103581115603447, "max": 0.12745200842618942, "mean": 0.11890505999326706, "std": 0.008546948432922363, "repeat": 2, "number": 1}]}, "sampling.TimeSampling.time_forward_sample": {"result": [0.22964781243354082], "stats": [{"ci_99": [0.2290761023759842, 0.2326150555163622], "q_25": 0.22936540003865957, "q_75": 0.23007907858118415, "min": 0.2290761023759842, "max": 0.2326150555163622, "mean": 0.23001030422747135, "std": 0.001025144609616475, "repeat": 10, "number": 1}]}, "sampling.TimeSampling.time_gibbs_sampling": null, "sampling.TimeSampling.time_likelihood_sample": {"result": [0.22911010682582855], "stats": [{"ci_99": [0.2265069354325533, 0.25610913150012493], "q_25": 0.2281567226164043, "q_75": 0.22973483661189675, "min": 0.2265069354325533, "max": 0.25610913150012493, "mean": 0.23145433049649, "std": 0.008277890722017196, "repeat": 10, "number": 1}]}, "sampling.TimeSampling.time_rejection_sample": {"result": [40.93936975672841], "stats": [{"ci_99": [37.72253185138106, 44.15620766207576], "q_25": 40.90720137767494, "q_75": 40.971538135781884, "min": 40.875032998621464, "max": 41.00370651483536,