{"results": {"factor.TimeDiscreteFactor.time_factor_marginalize": {"result": [6.617552533402647e-05], "stats": [{"ci_99": [6.598972494861013e-05, 6.635359329122461e-05], "q_25": 6.614271995586981e-05, "q_75": 6.621533707642046e-05, "min": 6.598972494861013e-05, "max": 6.635359329122461e-05, "mean": 6.617846022556095e-05, "std": 9.972216334520889e-08, "repeat": 10, "number": 152}]}, "factor.TimeDiscreteFactor.time_factor_multiply_large": {"result": [5.6898546366331473e-05], "stats": [{"ci_99": [5.677660859267538e-05, 5.7354843496189765e-05], "q_25": 5.6881607330675856e-05, "q_75": 5.695598944536565e-05, "min": 5.677660859267538e-05, "max": 5.7354843496189765e-05, "mean": 5.6952381661782656e-05, "std": 1.580776947729148e-07, "repeat": 10, "number": 192}]}, "factor.TimeDiscreteFactor.time_factor_reduce": {"result": [3.333444903163534e-05], "stats": [{"ci_99": [3.3137216967971704e-05, 3.36390282762678e-05], "q_25": 3.330766593881713e-05, "q_75": 3.3447039947951726e-05, "min": 3.3137216967971704e-05, "max": 3.36390282762678e-05, "mean": 3.3371200808107673e-05, "std": 1.2988877259176644e-07, "repeat": 10, "number": 323}]}, "import.TimeImport.time_import": {"result": [1.2888504807578628e-07], "stats": [{"ci_99": [1.2859672367933625e-07, 1.2923782335106837e-07], "q_25": 1.2868742175106722e-07, "q_75": 1.2902649773172596e-07, "min": 1.2859672367933625e-07, "max": 1.2923782335106837e-07, "mean": 1.2888827580988936e-07, "std": 2.2615400702824763e-10, "repeat": 10, "number": 85234}]}, "readwrite.TimeRead.time_asia_read": {"result": [0.17364156595431268], "stats": [{"ci_99": [0.09768644743598998, 0.24959668447263533], "q_25": 0.17288201476912946, "q_75": 0.1744011171394959, "min": 0.17212246358394623, "max": 0.17516066832467914, "mean": 0.17364156595431268, "std": 0.0015191023703664541, "repeat": 2, "number": 1}]}, "readwrite.TimeRead.time_asia_write": {"result": [0.00044693707281516656], "stats": [{"ci_99": [-0.010648181318261084, 0.011542055463891407], "q_25": 0.0003359858889044041, "q_75": 0.000557888256725929, "min": 0.00022503470499364158, "max": 0.0006688394406366916, "mean": 0.00044693707281516656, "std": 0.000221902367821525, "repeat": 2, "number": 63}]}, "readwrite.TimeRead.time_munin_read": {"result": [5.845936626195908], "stats": [{"ci_99": [4.913945268839598, 6.777927983552217], "q_25": 5.8366167126223445, "q_75": 5.855256539769471, "min": 5.827296799048781, "max": 5.864576453343034, "mean": 5.845936626195908, "std": 0.018639827147126198, "repeat": 2, "number": 1}]}, "readwrite.TimeRead.time_munin_write": {"result": [0.04202110809274018], "stats": [{"ci_99": [0.028252307092770934, 0.05578990909270941], "q_25": 0.041883420082740486, "q_75": 0.04215879610273987, "min": 0.04174573207274079, "max": 0.04229648411273956, "mean": 0.04202110809274018, "std": 0.0002753760199993849, "repeat": 2, "number": 1}]}, "readwrite.TimeRead.time_pathfinder_read": {"result": [6.340842781588435], "stats": [{"ci_99": [6.047589163295925, 6.634096399880946], "q_25": 6.33791024540551, "q_75": 6.34377531777136, "min": 6.334977709222585, "max": 6.346707853954285, "mean": 6.340842781588435, "std": 0.00586507236585021, "repeat": 2, "number": 1}]}, "readwrite.TimeRead.time_pathfinder_write": {"result": [0.024945174576714635], "stats": [{"ci_99": [0.011063753394410014, 0.03882659575901924], "q_25": 0.02480636036489159, "q_75": 0.02508398878853768, "min": 0.024667546153068542, "max": 0.025222803000360727, "mean": 0.024945174576714635, "std": 0.0002776284236460924, "repeat": 2, "number": 1}]}, "sampling.TimeSampling.time_forward_sample": {"result": [5.652003793278709], "stats": [{"ci_99": [4.699044162174687, 6.60496342438273], "q_25": 5.642474196967669, "q_75": 5.661533389589749, "min": 5.632944600656629, "max": 5.6710629859007895, "mean": 5.652003793278709, "std": 0.019059192622080445, "repeat": 2, "number": 1}]}, "sampling.TimeSampling.time_gibbs_sampling": null, "sampling.TimeSampling.time_likelihood_sample": {"result": [5.279480196768418], "stats": [{"ci_99": [5.062471175333485, 5.496489218203351], "q_25": 5.277310106554069, "q_75": 5.281650286982767, "min": 5.275140016339719, "max": 5.283820377197117, "mean": 5.279480196768418, "std": 0.004340180428698659, "repeat": 2, "number": 1}]}, "sampling.TimeSampling.time_rejection_sample": null, "structure_learning.TimeHillClimb.time_hillclimb": null, "structure_learning.TimePC.time_pc_orig": null, "structure_learning.TimePC.time_pc_stable": null}, "params": {"arch": "x86_64", "cpu": "Intel(R) Core(TM) i9-9820X CPU @ 3.30GHz", "machine": "graveyard", "num_cpu": "20", "os": "Linux 4.15.0-112-generic", "ram": "131688676", "python": "3.6"}, "requirements": {}, "commit_hash": "2095285b351240c0f8e5c0d7e3a84bc49a7c5583", "date": 1597838341000, "env_name": "conda-py3.6", "python": "3.6", "profiles": {}, "started_at": {"factor.TimeDiscreteFactor.time_factor_marginalize": 1610392695298, "factor.TimeDiscreteFactor.time_factor_multiply_large": 1610392695506, "factor.TimeDiscreteFactor.time_factor_reduce": 1610392695713, "import.TimeImport.time_import": 1610392695920, "readwrite.TimeRead.time_asia_read": 1610392696127, "readwrite.TimeRead.time_asia_write": 1610392723106, "readwrite.TimeRead.time_munin_read": 1610392749734, "readwrite.TimeRead.time_munin_write": 1610392789847, "readwrite.TimeRead.time_pathfinder_read": 1610392816676, "readwrite.TimeRead.time_pathfinder_write": 1610392856491, "sampling.TimeSampling.time_forward_sample": 1610392883204, "sampling.TimeSampling.time_gibbs_sampling": 1610391462162, "sampling.TimeSampling.time_likelihood_sample": 1610392895043, "sampling.TimeSampling.time_rejection_sample": 1610392073943, "structure_learning.TimeHillClimb.time_hillclimb": 1610392674009, "structure_learning.TimePC.time_pc_orig": 1610392679831, "structure_learning.TimePC.time_pc_stable": 1610392687571}, "ended_at": {"factor.TimeDiscreteFactor.time_factor_marginalize": 1610392695506, "factor.TimeDiscreteFactor.time_factor_multiply_large": 1610392695713, "factor.TimeDiscreteFactor.time_factor_reduce": 1610392695920, "import.TimeImport.time_import": 1610392696126, "readwrite.TimeRead.time_asia_read": 1610392723105, "readwrite.TimeRead.time_asia_write": 1610392749734, "readwrite.TimeRead.time_munin_read": 1610392789847, "readwrite.TimeRead.time_munin_write": 1610392816676, "readwrite.TimeRead.time_pathfinder_read": 1610392856491, "readwrite.TimeRead.time_pathfinder_write": 1610392883203, "sampling.TimeSampling.time_forward_sample": 1610392895043, "sampling.TimeSampling.time_gibbs_sampling": 1610392062413, "sampling.TimeSampling.time_likelihood_sample": 1610392906079, "sampling.TimeSampling.time_rejection_sample": 1610392674009, "structure_learning.TimeHillClimb.time_hillclimb": 1610392679831, "structure_learning.TimePC.time_pc_orig": 1610392687571, "structure_learning.TimePC.time_pc_stable": 1610392695298}, "benchmark_version": {"factor.TimeDiscreteFactor.time_factor_marginalize": "a3ae79cdcf3bcd4bc49df94b3b3d5f93c4126249a9b3cf2481ac381ee836f851", "factor.TimeDiscreteFactor.time_factor_multiply_large": "cfb6b66fddb2953948ffb6566ae101535dd1e8d0fd9af855331f39ef905f4450", "factor.TimeDiscreteFactor.time_factor_reduce": "cb3858b638914f7572792153a60efb4aecbde56d5abf039791451adb0f26c263", "import.TimeImport.time_import": "b8454f897532cbfc3dc91dd442b9d4429c7671f8720779f25b6975fed7999d6c", "readwrite.TimeRead.time_asia_read": "00ee50175421b36358b2284cbbaaf9e6caad1078a142202d8afbc8a5431e3d42", "readwrite.TimeRead.time_asia_write": "6b23702a30f46b24f31ce56f640429a894ab62a5f2644da15763d9698ca06dd4", "readwrite.TimeRead.time_munin_read": "bf56520cd7d0afbd0aeb4f693d91093132666189d9704b5fa557da1164506529", "readwrite.TimeRead.time_munin_write": "bfbe73d230ae1b37c4fbfbc360be8367ce771b72ffaf78ad32604f393fac0f4d", "readwrite.TimeRead.time_pathfinder_read": "a603f5c5619a5360146c5c5aa9307b9d792df6d3932faa44d90d3b270b6f66eb", "readwrite.TimeRead.time_pathfinder_write": "6c7561cbd54f97bdd12c71950c46921d86f5e962246d9ca8c4182c8abb22cde5",