{"results": {"factor.TimeDiscreteFactor.time_factor_marginalize": {"result": [6.55021496027349e-05], "stats": [{"ci_99": [6.46068119859121e-05, 6.618667169507728e-05], "q_25": 6.475042361003088e-05, "q_75": 6.583601191460369e-05, "min": 6.46068119859121e-05, "max": 6.618667169507728e-05, "mean": 6.536615069910705e-05, "std": 5.661698217979017e-07, "repeat": 10, "number": 166}]}, "factor.TimeDiscreteFactor.time_factor_multiply_large": {"result": [5.601145498150465e-05], "stats": [{"ci_99": [5.553939322731933e-05, 5.669800602659887e-05], "q_25": 5.581770662446411e-05, "q_75": 5.6056757172455594e-05, "min": 5.553939322731933e-05, "max": 5.669800602659887e-05, "mean": 5.6000877817978665e-05, "std": 3.2022309486258976e-07, "repeat": 10, "number": 196}]}, "factor.TimeDiscreteFactor.time_factor_reduce": {"result": [3.259848768026671e-05], "stats": [{"ci_99": [3.2410560299169376e-05, 3.286692598828758e-05], "q_25": 3.2553959003288285e-05, "q_75": 3.2758648721765644e-05, "min": 3.2410560299169376e-05, "max": 3.286692598828758e-05, "mean": 3.263601322279367e-05, "std": 1.4959971112676552e-07, "repeat": 10, "number": 317}]}, "import.TimeImport.time_import": {"result": [1.243052029020259e-07], "stats": [{"ci_99": [1.2322992785201887e-07, 1.254072130525811e-07], "q_25": 1.2384724132367602e-07, "q_75": 1.2454156792597223e-07, "min": 1.2322992785201887e-07, "max": 1.254072130525811e-07, "mean": 1.2428329295242468e-07, "std": 6.143355116706664e-10, "repeat": 10, "number": 87088}]}, "inference.TimeVariableElimination.time_query_alarm": {"result": [0.11841789726167917], "stats": [{"ci_99": [0.11709891564418916, 0.11986718301455135], "q_25": 0.11805640673264861, "q_75": 0.11884453985840082, "min": 0.11795982904732227, "max": 0.11913657374680042, "mean": 0.11848304932937026, "std": 0.00048120097517808465, "repeat": 4, "number": 1}]}, "inference.TimeVariableElimination.time_query_munin": {"result": [0.5147180622443557], "stats": [{"ci_99": [0.5051149502739204, 0.5237642451778161], "q_25": 0.511770224198699, "q_75": 0.5173874357715249, "min": 0.5103804040700197, "max": 0.5179418623447418, "mean": 0.5144395977258682, "std": 0.0032110792097661497, "repeat": 4, "number": 1}]}, "readwrite.TimeRead.time_asia_read": {"result": [0.009120766539126635], "stats": [{"ci_99": [0.008536198642104864, 0.009705334436148405], "q_25": 0.009114920860156417, "q_75": 0.009126612218096852, "min": 0.0091090751811862, "max": 0.00913245789706707, "mean": 0.009120766539126635, "std": 1.169135794043541e-05, "repeat": 2, "number": 2}]}, "readwrite.TimeRead.time_asia_write": {"result": [0.0006664419817107339], "stats": [{"ci_99": [0.0006082155441324569, 0.0007246684192890109], "q_25": 0.0006658597173349512, "q_75": 0.0006670242460865166, "min": 0.0006652774529591684, "max": 0.0006676065104622994, "mean": 0.0006664419817107339, "std": 1.1645287515655396e-06, "repeat": 2, "number": 62}]}, "readwrite.TimeRead.time_munin_read": {"result": [5.5640914514660835], "stats": [{"ci_99": [5.14921322837472, 5.978969674557447], "q_25": 5.55994266923517, "q_75": 5.568240233696997, "min": 5.555793887004256, "max": 5.572389015927911, "mean": 5.5640914514660835, "std": 0.008297564461827278, "repeat": 2, "number": 1}]}, "readwrite.TimeRead.time_munin_write": {"result": [0.041503842920064926], "stats": [{"ci_99": [0.03366247937083244, 0.0493452064692974], "q_25": 0.0414254292845726, "q_75": 0.04158225655555725, "min": 0.041347015649080276, "max": 0.041660670191049576, "mean": 0.041503842920064926, "std": 0.00015682727098464966, "repeat": 2, "number": 1}]}, "readwrite.TimeRead.time_pathfinder_read": {"result": [6.19059841055423], "stats": [{"ci_99": [5.7729990957304835, 6.608197725377977], "q_25": 6.186422417405993, "q_75": 6.194774403702468, "min": 6.182246424257755, "max": 6.198950396850705, "mean": 6.19059841055423, "std": 0.008351986296474934, "repeat": 2, "number": 1}]}, "readwrite.TimeRead.time_pathfinder_write": {"result": [0.02484673447906971], "stats": [{"ci_99": [0.024631226435303688, 0.02506224252283573], "q_25": 0.02484457939863205, "q_75": 0.02484888955950737, "min": 0.02484242431819439, "max": 0.02485104463994503, "mean": 0.02484673447906971, "std": 4.3101608753204346e-06, "repeat": 2, "number": 1}]}, "sampling.TimeSampling.time_forward_sample": null, "sampling.TimeSampling.time_gibbs_sampling": null, "sampling.TimeSampling.time_likelihood_sample": {"result": [0.2981855748221278], "stats": [{"ci_99": [0.29674470238387585, 0.3005500417202711], "q_25": 0.2973436783067882, "q_75": 0.2992202825844288, "min": 0.29674470238387585, "max": 0.3005500417202711, "mean": 0.298322562687099, "std": 0.0011891333537335847, "repeat": 10, "number": 1}]}, "sampling.TimeSampling.time_rejection_sample": null, "structure_learning.TimeHillClimb.time_hillclimb": null, "structure_learning.TimePC.time_pc_orig": {"result": [39.643408512696624], "stats": [{"ci_99": [-93.89455275051296, 173.1813697759061], "q_25": 38.30802890006453, "q_75": 40.97878812532872, "min": 36.97264928743243, "max": 42.314167737960815, "mean": 39.643408512696624, "std": 2.6707592252641916, "repeat": 2, "number": 1}]}, "structure_learning.TimePC.time_pc_stable": {"result": [36.71456731669605], "stats": [{"ci_99": [-5.587213320657611, 79.01634795404968], "q_25": 36.29154951032251, "q_75": 37.137585123069584, "min": 35.868531703948975, "max": 37.56060292944312, "mean": 36.71456731669605, "std": 0.8460356127470732, "repeat": 2, "number": 1}]}, "factor.TimeDiscreteFactor.time_factor_compare": {"result": [6.781888630571245e-05], "stats": [{"ci_99": [6.723050263863576e-05, 6.830133497714996e-05], "q_25": 6.75581542987235e-05, "q_75": 6.794170594385153e-05, "min": 6.723050263863576e-05, "max": 6.830133497714996e-05, "mean": 6.776250356548948e-05, "std": 3.019207083036887e-07, "repeat": 10, "number": 158}]}, "inference.TimeBeliefPropagation.time_query_alarm": {"result": [109.53375990409404], "stats": [{"ci_99": [109.45783872064203, 109.60968108754605], "q_25": 109.53300069225952, "q_75": 109.53451911592856, "min": 109.532241480425, "max": 109.53527832776308, "mean": 109.53375990409404, "std": 0.001518423669040203, "repeat": 2, "number": 1}]}, "parameter_learning.TimeBayesianEstimator.time_alarm_bayesian_estimator": null, "parameter_learning.TimeBayesianEstimator.time_munin_bayesian_estimator": null, "parameter_learning.TimeExpectationMaximization.time_alarm_em": null, "parameter_learning.TimeExpectationMaximization.time_munin_em": null, "parameter_learning.TimeMLE.time_alarm_mle": null, "parameter_learning.TimeMLE.time_munin_mle": null, "structure_learning.TimeHillClimbAlarmModel.time_hillclimb": null, "structure_learning.TimeMmhcAlarmModel.time_mmhc": null, "structure_learning.TimePCAlarmModel.time_pc_orig": null, "structure_learning.TimePCAlarmModel.time_pc_stable": null, "structure_learning.TimeTreeSearchAlarmModel.time_tan": null}, "params": {"arch": "x86_64", "cpu": "Intel(R) Core(TM) i9-9820X CPU @ 3.30GHz", "machine": "graveyard", "num_cpu": "20", "os": "Linux 4.15.0-112-generic", "ram": "131688676", "python": "3.6"}, "requirements": {}, "commit_hash": "209aa2f391bc0d0372eb28acbaeeebca587ead74", "date": 1628602903000, "env_name": "conda-py3.6", "python": "3.6", "profiles": {}, "started_at": {"factor.TimeDiscreteFactor.time_factor_marginalize": 1653804641885, "factor.TimeDiscreteFactor.time_factor_multiply_large": 1653804642092, "factor.TimeDiscreteFactor.time_factor_reduce": 1653804642298, "import.TimeImport.time_import": 1653804642504, "inference.TimeVariableElimination.time_query_alarm": 1653804861834, "inference.TimeVariableElimination.time_query_munin": 1653804881047, "readwrite.TimeRead.time_asia_read": 1653804901414, "readwrite.TimeRead.time_asia_write": 1653804926539, "readwrite.TimeRead.time_munin_read": 1653804951816, "readwrite.TimeRead.time_munin_write": 1653804989827, "readwrite.TimeRead.time_pathfinder_read": 1653805015103, "readwrite.TimeRead.time_pathfinder_write": 1653805053264, "sampling.TimeSampling.time_forward_sample": 1653804037897,