{"results": {"factor.TimeDiscreteFactor.time_factor_marginalize": {"result": [6.427304709658903e-05], "stats": [{"ci_99": [6.395898321095635e-05, 6.556545986848719e-05], "q_25": 6.412804291090544e-05, "q_75": 6.463483030743459e-05, "min": 6.395898321095635e-05, "max": 6.556545986848719e-05, "mean": 6.445422878160196e-05, "std": 4.621451323806071e-07, "repeat": 10, "number": 170}]}, "factor.TimeDiscreteFactor.time_factor_multiply_large": {"result": [5.642736855989847e-05], "stats": [{"ci_99": [5.6185764379990406e-05, 5.687779914110135e-05], "q_25": 5.623348152790314e-05, "q_75": 5.6627882310213184e-05, "min": 5.6185764379990406e-05, "max": 5.687779914110135e-05, "mean": 5.6463649066594936e-05, "std": 2.3884106769678597e-07, "repeat": 10, "number": 195}]}, "factor.TimeDiscreteFactor.time_factor_reduce": {"result": [3.2815554863717184e-05], "stats": [{"ci_99": [3.265389746212098e-05, 3.341858062040375e-05], "q_25": 3.273898584162255e-05, "q_75": 3.288715028664075e-05, "min": 3.265389746212098e-05, "max": 3.341858062040375e-05, "mean": 3.28510668667325e-05, "std": 2.0631890260698034e-07, "repeat": 10, "number": 332}]}, "import.TimeImport.time_import": {"result": [1.3497472859065672e-07], "stats": [{"ci_99": [1.336335205087423e-07, 1.3660629352796824e-07], "q_25": 1.3392362191141532e-07, "q_75": 1.354335739348261e-07, "min": 1.336335205087423e-07, "max": 1.3660629352796824e-07, "mean": 1.3490613953423705e-07, "std": 1.0450456505978002e-09, "repeat": 10, "number": 80207}]}, "inference.TimeVariableElimination.time_query_alarm": {"result": [0.06560575403273106], "stats": [{"ci_99": [0.06450875176566165, 0.06671527234388072], "q_25": 0.06524028722196817, "q_75": 0.06597747886553407, "min": 0.06522468850016594, "max": 0.06601185165345669, "mean": 0.06561201205477118, "std": 0.00037734418313167996, "repeat": 4, "number": 1}]}, "inference.TimeVariableElimination.time_query_munin": {"result": [0.5154906436800957], "stats": [{"ci_99": [0.506807492278268, 0.5213738389539221], "q_25": 0.5137675791047513, "q_75": 0.5158137301914394, "min": 0.5089359749108553, "max": 0.5164454001933336, "mean": 0.5140906656160951, "std": 0.0030025328593912093, "repeat": 4, "number": 1}]}, "readwrite.TimeRead.time_asia_read": {"result": [0.00926619814708829], "stats": [{"ci_99": [0.008256108965724707, 0.010276287328451872], "q_25": 0.009256097255274653, "q_75": 0.009276299038901925, "min": 0.009245996363461018, "max": 0.009286399930715561, "mean": 0.00926619814708829, "std": 2.0201783627271652e-05, "repeat": 2, "number": 2}]}, "readwrite.TimeRead.time_asia_write": {"result": [0.000640797627265336], "stats": [{"ci_99": [0.0002677220179409282, 0.0010138732365897437], "q_25": 0.000637066871172092, "q_75": 0.0006445283833585801, "min": 0.0006333361150788479, "max": 0.0006482591394518242, "mean": 0.000640797627265336, "std": 7.4615121864881565e-06, "repeat": 2, "number": 61}]}, "readwrite.TimeRead.time_munin_read": {"result": [5.626369878649712], "stats": [{"ci_99": [5.527169216424227, 5.7255705408751965], "q_25": 5.625377872027457, "q_75": 5.6273618852719665, "min": 5.624385865405202, "max": 5.628353891894221, "mean": 5.626369878649712, "std": 0.001984013244509697, "repeat": 2, "number": 1}]}, "readwrite.TimeRead.time_munin_write": {"result": [0.041641577146947384], "stats": [{"ci_99": [0.034237795509397984, 0.04904535878449678], "q_25": 0.04156753933057189, "q_75": 0.04171561496332288, "min": 0.041493501514196396, "max": 0.04178965277969837, "mean": 0.041641577146947384, "std": 0.000148075632750988, "repeat": 2, "number": 1}]}, "readwrite.TimeRead.time_pathfinder_read": {"result": [6.273567723110318], "stats": [{"ci_99": [6.109318369999528, 6.437817076221108], "q_25": 6.27192522957921, "q_75": 6.275210216641426, "min": 6.270282736048102, "max": 6.276852710172534, "mean": 6.273567723110318, "std": 0.003284987062215805, "repeat": 2, "number": 1}]}, "readwrite.TimeRead.time_pathfinder_write": {"result": [0.02478050161153078], "stats": [{"ci_99": [0.019057012163102627, 0.030503991059958928], "q_25": 0.0247232667170465, "q_75": 0.024837736506015062, "min": 0.024666031822562218, "max": 0.024894971400499344, "mean": 0.02478050161153078, "std": 0.00011446978896856308, "repeat": 2, "number": 1}]}, "sampling.TimeSampling.time_forward_sample": null, "sampling.TimeSampling.time_gibbs_sampling": null, "sampling.TimeSampling.time_likelihood_sample": {"result": [0.2089111376553774], "stats": [{"ci_99": [0.20834756083786488, 0.21100713685154915], "q_25": 0.2088081887923181, "q_75": 0.20942149916663766, "min": 0.20834756083786488, "max": 0.21100713685154915, "mean": 0.20919547639787198, "std": 0.0007681966563493176, "repeat": 10, "number": 1}]}, "sampling.TimeSampling.time_rejection_sample": null, "structure_learning.TimeHillClimb.time_hillclimb": null, "structure_learning.TimePC.time_pc_orig": {"result": [38.00132799241692], "stats": [{"ci_99": [15.842351022176445, 60.16030496265738], "q_25": 37.77973822271451, "q_75": 38.22291776211932, "min": 37.55814845301211, "max": 38.44450753182173, "mean": 38.00132799241692, "std": 0.4431795394048095, "repeat": 2, "number": 1}]}, "structure_learning.TimePC.time_pc_stable": {"result": [37.345786393620074], "stats": [{"ci_99": [27.39717275928706, 47.29440002795308], "q_25": 37.246300257276744, "q_75": 37.445272529963404, "min": 37.14681412093341, "max": 37.544758666306734, "mean": 37.345786393620074, "std": 0.1989722726866603, "repeat": 2, "number": 1}]}, "factor.TimeDiscreteFactor.time_factor_compare": {"result": [6.72746415001265e-05], "stats": [{"ci_99": [6.688667334014584e-05, 6.81857584241014e-05], "q_25": 6.712299210499532e-05, "q_75": 6.769199838271793e-05, "min": 6.688667334014584e-05, "max": 6.81857584241014e-05, "mean": 6.73917336215884e-05, "std": 3.9577237531185206e-07, "repeat": 10, "number": 161}]}, "inference.TimeBeliefPropagation.time_query_alarm": {"result": [40.06876194383949], "stats": [{"ci_99": [39.87257814500481, 40.26494574267417], "q_25": 40.066800105851144, "q_75": 40.07072378182784, "min": 40.0648382678628, "max": 40.072685619816184, "mean": 40.06876194383949, "std": 0.00392367597669363, "repeat": 2, "number": 1}]}, "parameter_learning.TimeBayesianEstimator.time_alarm_bayesian_estimator": null, "parameter_learning.TimeBayesianEstimator.time_munin_bayesian_estimator": null, "parameter_learning.TimeExpectationMaximization.time_alarm_em": null, "parameter_learning.TimeExpectationMaximization.time_munin_em": null, "parameter_learning.TimeMLE.time_alarm_mle": null, "parameter_learning.TimeMLE.time_munin_mle": null, "structure_learning.TimeHillClimbAlarmModel.time_hillclimb": null, "structure_learning.TimeMmhcAlarmModel.time_mmhc": null, "structure_learning.TimePCAlarmModel.time_pc_orig": null, "structure_learning.TimePCAlarmModel.time_pc_stable": null, "structure_learning.TimeTreeSearchAlarmModel.time_tan": null}, "params": {"arch": "x86_64", "cpu": "Intel(R) Core(TM) i9-9820X CPU @ 3.30GHz", "machine": "graveyard", "num_cpu": "20", "os": "Linux 4.15.0-112-generic", "ram": "131688676", "python": "3.6"}, "requirements": {}, "commit_hash": "21de1f34db1dcbbff9545ad08a3de7a9b38eff1f", "date": 1625300515000, "env_name": "conda-py3.6", "python": "3.6", "profiles": {}, "started_at": {"factor.TimeDiscreteFactor.time_factor_marginalize": 1653937986035, "factor.TimeDiscreteFactor.time_factor_multiply_large": 1653937986242, "factor.TimeDiscreteFactor.time_factor_reduce": 1653937986448, "import.TimeImport.time_import": 1653937986653, "inference.TimeVariableElimination.time_query_alarm": 1653938067451, "inference.TimeVariableElimination.time_query_munin": 1653938086715, "readwrite.TimeRead.time_asia_read": 1653938107232, "readwrite.TimeRead.time_asia_write": 1653938132759, "readwrite.TimeRead.time_munin_read": 1653938158235, "readwrite.TimeRead.time_munin_write": 1653938196548, "readwrite.TimeRead.time_pathfinder_read": 1653938222126, "readwrite.TimeRead.time_pathfinder_write": 1653938260737, "sampling.TimeSampling.time_forward_sample": 1653937382604,