{"results": {"factor.TimeDiscreteFactor.time_factor_compare": {"result": [7.49549733987753e-05], "stats": [{"ci_99": [7.430860853713492e-05, 7.67503743586333e-05], "q_25": 7.469999010040276e-05, "q_75": 7.522140251661557e-05, "min": 7.430860853713492e-05, "max": 7.67503743586333e-05, "mean": 7.505676425669505e-05, "std": 6.54150626407056e-07, "repeat": 10, "number": 138}]}, "factor.TimeDiscreteFactor.time_factor_marginalize": {"result": [6.323021149174088e-05], "stats": [{"ci_99": [6.307555096490043e-05, 6.358374264978228e-05], "q_25": 6.316217782330655e-05, "q_75": 6.328251800455508e-05, "min": 6.307555096490043e-05, "max": 6.358374264978228e-05, "mean": 6.325418085214638e-05, "std": 1.4213059710674596e-07, "repeat": 10, "number": 168}]}, "factor.TimeDiscreteFactor.time_factor_multiply_large": {"result": [5.558352651340621e-05], "stats": [{"ci_99": [5.523070731029218e-05, 5.6058776621915856e-05], "q_25": 5.5440109964384106e-05, "q_75": 5.56680725469273e-05, "min": 5.523070731029218e-05, "max": 5.6058776621915856e-05, "mean": 5.558618648471881e-05, "std": 2.3484008515902352e-07, "repeat": 10, "number": 196}]}, "factor.TimeDiscreteFactor.time_factor_reduce": {"result": [3.25549226657894e-05], "stats": [{"ci_99": [3.2246256991067535e-05, 3.295698009961899e-05], "q_25": 3.226714110688159e-05, "q_75": 3.268592342180734e-05, "min": 3.2246256991067535e-05, "max": 3.295698009961899e-05, "mean": 3.252150808048691e-05, "std": 2.3680996797232646e-07, "repeat": 10, "number": 323}]}, "import.TimeImport.time_import": {"result": [1.2586266269547854e-07], "stats": [{"ci_99": [1.248637310461029e-07, 1.2893976234436834e-07], "q_25": 1.254311628072699e-07, "q_75": 1.267762286960767e-07, "min": 1.248637310461029e-07, "max": 1.2893976234436834e-07, "mean": 1.2624529631896772e-07, "std": 1.2151771607003698e-09, "repeat": 10, "number": 86122}]}, "inference.TimeBeliefPropagation.time_query_alarm": null, "inference.TimeVariableElimination.time_query_alarm": null, "inference.TimeVariableElimination.time_query_munin": null, "parameter_learning.TimeBayesianEstimator.time_alarm_bayesian_estimator": null, "parameter_learning.TimeBayesianEstimator.time_munin_bayesian_estimator": null, "parameter_learning.TimeExpectationMaximization.time_alarm_em": null, "parameter_learning.TimeExpectationMaximization.time_munin_em": null, "parameter_learning.TimeMLE.time_alarm_mle": null, "parameter_learning.TimeMLE.time_munin_mle": null, "readwrite.TimeRead.time_asia_read": null, "readwrite.TimeRead.time_asia_write": null, "readwrite.TimeRead.time_munin_read": null, "readwrite.TimeRead.time_munin_write": null, "readwrite.TimeRead.time_pathfinder_read": null, "readwrite.TimeRead.time_pathfinder_write": null, "sampling.TimeSampling.time_forward_sample": null, "sampling.TimeSampling.time_gibbs_sampling": null, "sampling.TimeSampling.time_likelihood_sample": null, "sampling.TimeSampling.time_rejection_sample": null, "structure_learning.TimeHillClimbAlarmModel.time_hillclimb": null, "structure_learning.TimeMmhcAlarmModel.time_mmhc": null, "structure_learning.TimePCAlarmModel.time_pc_orig": null, "structure_learning.TimePCAlarmModel.time_pc_stable": null, "structure_learning.TimeTreeSearchAlarmModel.time_tan": null}, "params": {"arch": "x86_64", "cpu": "Intel(R) Core(TM) i9-9820X CPU @ 3.30GHz", "machine": "graveyard", "num_cpu": "20", "os": "Linux 4.15.0-112-generic", "ram": "131688676", "python": "3.6"}, "requirements": {}, "commit_hash": "23136e3e680dfcec886baf2b1f39bc89e52f0ea0", "date": 1591864801000, "env_name": "conda-py3.6", "python": "3.6", "profiles": {}, "started_at": {"factor.TimeDiscreteFactor.time_factor_compare": 1654470697817, "factor.TimeDiscreteFactor.time_factor_marginalize": 1654470698024, "factor.TimeDiscreteFactor.time_factor_multiply_large": 1654470698230, "factor.TimeDiscreteFactor.time_factor_reduce": 1654470698436, "import.TimeImport.time_import": 1654470698642, "inference.TimeBeliefPropagation.time_query_alarm": 1654470696478, "inference.TimeVariableElimination.time_query_alarm": 1654470696534, "inference.TimeVariableElimination.time_query_munin": 1654470696589, "parameter_learning.TimeBayesianEstimator.time_alarm_bayesian_estimator": 1654470696645, "parameter_learning.TimeBayesianEstimator.time_munin_bayesian_estimator": 1654470696701, "parameter_learning.TimeExpectationMaximization.time_alarm_em": 1654470696757, "parameter_learning.TimeExpectationMaximization.time_munin_em": 1654470696812, "parameter_learning.TimeMLE.time_alarm_mle": 1654470696868, "parameter_learning.TimeMLE.time_munin_mle": 1654470696924, "readwrite.TimeRead.time_asia_read": 1654470696980, "readwrite.TimeRead.time_asia_write": 1654470697036, "readwrite.TimeRead.time_munin_read": 1654470697091, "readwrite.TimeRead.time_munin_write": 1654470697147, "readwrite.TimeRead.time_pathfinder_read": 1654470697203, "readwrite.TimeRead.time_pathfinder_write": 1654470697259, "sampling.TimeSampling.time_forward_sample": 1654470697314, "sampling.TimeSampling.time_gibbs_sampling": 1654470697370, "sampling.TimeSampling.time_likelihood_sample": 1654470697426, "sampling.TimeSampling.time_rejection_sample": 1654470697482, "structure_learning.TimeHillClimbAlarmModel.time_hillclimb": 1654470697538, "structure_learning.TimeMmhcAlarmModel.time_mmhc": 1654470697593, "structure_learning.TimePCAlarmModel.time_pc_orig": 1654470697649, "structure_learning.TimePCAlarmModel.time_pc_stable": 1654470697705, "structure_learning.TimeTreeSearchAlarmModel.time_tan": 1654470697761}, "ended_at": {"factor.TimeDiscreteFactor.time_factor_compare": 1654470698023, "factor.TimeDiscreteFactor.time_factor_marginalize": 1654470698229, "factor.TimeDiscreteFactor.time_factor_multiply_large": 1654470698436, "factor.TimeDiscreteFactor.time_factor_reduce": 1654470698642, "import.TimeImport.time_import": 1654470698848, "inference.TimeBeliefPropagation.time_query_alarm": 1654470696534, "inference.TimeVariableElimination.time_query_alarm": 1654470696589, "inference.TimeVariableElimination.time_query_munin": 1654470696645, "parameter_learning.TimeBayesianEstimator.time_alarm_bayesian_estimator": 1654470696701, "parameter_learning.TimeBayesianEstimator.time_munin_bayesian_estimator": 1654470696757, "parameter_learning.TimeExpectationMaximization.time_alarm_em": 1654470696812, "parameter_learning.TimeExpectationMaximization.time_munin_em": 1654470696868, "parameter_learning.TimeMLE.time_alarm_mle": 1654470696924, "parameter_learning.TimeMLE.time_munin_mle": 1654470696980, "readwrite.TimeRead.time_asia_read": 1654470697036, "readwrite.TimeRead.time_asia_write": 1654470697091, "readwrite.TimeRead.time_munin_read": 1654470697147, "readwrite.TimeRead.time_munin_write": 1654470697203, "readwrite.TimeRead.time_pathfinder_read": 1654470697259, "readwrite.TimeRead.time_pathfinder_write": 1654470697314, "sampling.TimeSampling.time_forward_sample": 1654470697370, "sampling.TimeSampling.time_gibbs_sampling": 1654470697426, "sampling.TimeSampling.time_likelihood_sample": 1654470697482, "sampling.TimeSampling.time_rejection_sample": 1654470697538, "structure_learning.TimeHillClimbAlarmModel.time_hillclimb": 1654470697593, "structure_learning.TimeMmhcAlarmModel.time_mmhc": 1654470697649, "structure_learning.TimePCAlarmModel.time_pc_orig": 1654470697705, "structure_learning.TimePCAlarmModel.time_pc_stable": 1654470697761, "structure_learning.TimeTreeSearchAlarmModel.time_tan": 1654470697817}, "benchmark_version": {"factor.TimeDiscreteFactor.time_factor_compare": "95feb42df85ffe5cf519cf4af677309a5cdb891db99ad54b655196c3e1f2e13a", "factor.TimeDiscreteFactor.time_factor_marginalize": "a3ae79cdcf3bcd4bc49df94b3b3d5f93c4126249a9b3cf2481ac381ee836f851", "factor.TimeDiscreteFactor.time_factor_multiply_large": "cfb6b66fddb2953948ffb6566ae101535dd1e8d0fd9af855331f39ef905f4450", "factor.TimeDiscreteFactor.time_factor_reduce": "cb3858b638914f7572792153a60efb4aecbde56d5abf039791451adb0f26c263",