{"results": {"factor.TimeDiscreteFactor.time_factor_marginalize": {"result": [6.326488191317654e-05], "stats": [{"ci_99": [6.199952683405961e-05, 6.410154976887618e-05], "q_25": 6.218347419610995e-05, "q_75": 6.398149280847904e-05, "min": 6.199952683405961e-05, "max": 6.410154976887618e-05, "mean": 6.311323471411975e-05, "std": 8.801476613165937e-07, "repeat": 10, "number": 167}]}, "factor.TimeDiscreteFactor.time_factor_multiply_large": {"result": [5.280714043799569e-05], "stats": [{"ci_99": [5.192123353481293e-05, 5.37709040822936e-05], "q_25": 5.22528756775108e-05, "q_75": 5.329480193847535e-05, "min": 5.192123353481293e-05, "max": 5.37709040822936e-05, "mean": 5.282084640188544e-05, "std": 6.69044925639291e-07, "repeat": 10, "number": 204}]}, "factor.TimeDiscreteFactor.time_factor_reduce": {"result": [3.075422972350683e-05], "stats": [{"ci_99": [3.00462051010564e-05, 3.098518084003126e-05], "q_25": 3.0209923731416372e-05, "q_75": 3.094146354545999e-05, "min": 3.00462051010564e-05, "max": 3.098518084003126e-05, "mean": 3.058471044474859e-05, "std": 3.781020630240691e-07, "repeat": 10, "number": 331}]}, "import.TimeImport.time_import": {"result": [1.221508189670624e-07], "stats": [{"ci_99": [1.1977703540833663e-07, 1.2388690954289348e-07], "q_25": 1.201869562743764e-07, "q_75": 1.2337652847607896e-07, "min": 1.1977703540833663e-07, "max": 1.2388690954289348e-07, "mean": 1.2188418002385594e-07, "std": 1.6102259123267409e-09, "repeat": 10, "number": 89155}]}, "inference.TimeVariableElimination.time_query_alarm": {"result": [0.19173729419708252], "stats": [{"ci_99": [0.14695327304227462, 0.23743680637405962], "q_25": 0.17673684423789382, "q_75": 0.20719548966735601, "min": 0.17673134990036488, "max": 0.20857422053813934, "mean": 0.19219503970816731, "std": 0.015473682849086434, "repeat": 4, "number": 1}]}, "inference.TimeVariableElimination.time_query_munin": {"result": [0.5953713543713093], "stats": [{"ci_99": [0.5886163756277251, 0.6019631858889175], "q_25": 0.5934416963718832, "q_75": 0.5972194387577474, "min": 0.5923424866050482, "max": 0.5980739276856184, "mean": 0.5952897807583213, "std": 0.0023096999932612737, "repeat": 4, "number": 1}]}, "readwrite.TimeRead.time_asia_read": {"result": [0.008778804913163185], "stats": [{"ci_99": [0.005874475464224815, 0.011683134362101551], "q_25": 0.008749761618673801, "q_75": 0.008807848207652569, "min": 0.008720718324184418, "max": 0.008836891502141953, "mean": 0.008778804913163185, "std": 5.8086588978767395e-05, "repeat": 2, "number": 2}]}, "readwrite.TimeRead.time_asia_write": {"result": [0.0010936094850704477], "stats": [{"ci_99": [-2.075195614550441e-05, 0.0022079709262863992], "q_25": 0.0010824658706582882, "q_75": 0.0011047530994826072, "min": 0.0010713222562461287, "max": 0.0011158967138947668, "mean": 0.0010936094850704477, "std": 2.2287228824319043e-05, "repeat": 2, "number": 37}]}, "readwrite.TimeRead.time_munin_read": {"result": [5.260349465534091], "stats": [{"ci_99": [5.223024757578969, 5.297674173489213], "q_25": 5.25997621845454, "q_75": 5.260722712613642, "min": 5.2596029713749886, "max": 5.261095959693193, "mean": 5.260349465534091, "std": 0.0007464941591024399, "repeat": 2, "number": 1}]}, "readwrite.TimeRead.time_munin_write": {"result": [0.1354354415088892], "stats": [{"ci_99": [0.12486753799021244, 0.14600334502756596], "q_25": 0.13532976247370243, "q_75": 0.13554112054407597, "min": 0.13522408343851566, "max": 0.13564679957926273, "mean": 0.1354354415088892, "std": 0.00021135807037353516, "repeat": 2, "number": 1}]}, "readwrite.TimeRead.time_pathfinder_read": {"result": [5.886095365509391], "stats": [{"ci_99": [5.797010542824864, 5.975180188193917], "q_25": 5.885204517282546, "q_75": 5.886986213736236, "min": 5.8843136690557, "max": 5.887877061963081, "mean": 5.886095365509391, "std": 0.0017816964536905289, "repeat": 2, "number": 1}]}, "readwrite.TimeRead.time_pathfinder_write": {"result": [0.13168235309422016], "stats": [{"ci_99": [0.10766801424324512, 0.15569669194519517], "q_25": 0.1314422097057104, "q_75": 0.1319224964827299, "min": 0.13120206631720066, "max": 0.13216263987123966, "mean": 0.13168235309422016, "std": 0.00048028677701950073, "repeat": 2, "number": 1}]}, "sampling.TimeSampling.time_forward_sample": {"result": [0.20431488007307053], "stats": [{"ci_99": [0.20318710431456566, 0.20621673204004765], "q_25": 0.20348299341276288, "q_75": 0.2052581929601729, "min": 0.20318710431456566, "max": 0.20621673204004765, "mean": 0.2044140923768282, "std": 0.00100589955343435, "repeat": 10, "number": 1}]}, "sampling.TimeSampling.time_gibbs_sampling": null, "sampling.TimeSampling.time_likelihood_sample": {"result": [0.2128106914460659], "stats": [{"ci_99": [0.2121475525200367, 0.23919478617608547], "q_25": 0.21234111906960607, "q_75": 0.21302420180290937, "min": 0.2121475525200367, "max": 0.23919478617608547, "mean": 0.21539621520787477, "std": 0.007948188984324069, "repeat": 10, "number": 1}]}, "sampling.TimeSampling.time_rejection_sample": {"result": [36.76891677454114], "stats": [{"ci_99": [-31.776851449161768, 105.31468499824399], "q_25": 36.08345909230411, "q_75": 37.45437445677817, "min": 35.39800141006708, "max": 38.1398321390152, "mean": 36.76891677454114, "std": 1.3709153644740582, "repeat": 2, "number": 1}]}, "structure_learning.TimeHillClimb.time_hillclimb": null, "structure_learning.TimePC.time_pc_orig": {"result": [39.49504826590419], "stats": [{"ci_99": [35.54710314050317, 43.44299339130521], "q_25": 39.45556881465018, "q_75": 39.5345277171582, "min": 39.41608936339617, "max": 39.57400716841221, "mean": 39.49504826590419, "std": 0.0789589025080204, "repeat": 2, "number": 1}]}, "structure_learning.TimePC.time_pc_stable": {"result": [39.42378433700651], "stats": [{"ci_99": [35.84796139318496, 42.99960728082806], "q_25": 39.388026107568294, "q_75": 39.459542566444725, "min": 39.35226787813008, "max": 39.49530079588294, "mean": 39.42378433700651, "std": 0.07151645887643099, "repeat": 2, "number": 1}]}}, "params": {"arch": "x86_64", "cpu": "Intel(R) Core(TM) i9-9820X CPU @ 3.30GHz", "machine": "graveyard", "num_cpu": "20", "os": "Linux 4.15.0-112-generic", "ram": "131688676", "python": "3.7"}, "requirements": {}, "commit_hash": "24279929a28082ea994c52f3d165ca63fc56b02b", "date": 1641981055000, "env_name": "conda-py3.7", "python": "3.7", "profiles": {}, "started_at": {"factor.TimeDiscreteFactor.time_factor_marginalize": 1642195750602, "factor.TimeDiscreteFactor.time_factor_multiply_large": 1642195750810, "factor.TimeDiscreteFactor.time_factor_reduce": 1642195751017, "import.TimeImport.time_import": 1642195751224, "inference.TimeVariableElimination.time_query_alarm": 1642195751430, "inference.TimeVariableElimination.time_query_munin": 1642195769837, "readwrite.TimeRead.time_asia_read": 1642195789298, "readwrite.TimeRead.time_asia_write": 1642195813320, "readwrite.TimeRead.time_munin_read": 1642195837342, "readwrite.TimeRead.time_munin_write": 1642195873698, "readwrite.TimeRead.time_pathfinder_read": 1642195897870, "readwrite.TimeRead.time_pathfinder_write": 1642195934477, "sampling.TimeSampling.time_forward_sample": 1642195958600, "sampling.TimeSampling.time_gibbs_sampling": 1642194914716, "sampling.TimeSampling.time_likelihood_sample": 1642195960413, "sampling.TimeSampling.time_rejection_sample": 1642195962276, "structure_learning.TimeHillClimb.time_hillclimb": 1642195590808, "structure_learning.TimePC.time_pc_orig": 1642196033290, "structure_learning.TimePC.time_pc_stable": 1642196112861}, "ended_at": {"factor.TimeDiscreteFactor.time_factor_marginalize": 1642195750809, "factor.TimeDiscreteFactor.time_factor_multiply_large": 1642195751016, "factor.TimeDiscreteFactor.time_factor_reduce": 1642195751223, "import.TimeImport.time_import": 1642195751430, "inference.TimeVariableElimination.time_query_alarm": 1642195769837, "inference.TimeVariableElimination.time_query_munin": 1642195789297, "readwrite.TimeRead.time_asia_read": 1642195813320,