{"results": {"factor.TimeDiscreteFactor.time_factor_marginalize": {"result": [6.77176085084874e-05], "stats": [{"ci_99": [6.66914637268379e-05, 7.05920924611439e-05], "q_25": 6.680412831660729e-05, "q_75": 6.861895991995042e-05, "min": 6.66914637268379e-05, "max": 7.05920924611439e-05, "mean": 6.793274278968375e-05, "std": 1.2487148115710756e-06, "repeat": 10, "number": 151}]}, "factor.TimeDiscreteFactor.time_factor_multiply_large": {"result": [5.759866341514878e-05], "stats": [{"ci_99": [5.722134349443925e-05, 5.9084308939793756e-05], "q_25": 5.735405203368929e-05, "q_75": 5.7854987779464674e-05, "min": 5.722134349443925e-05, "max": 5.9084308939793756e-05, "mean": 5.771478431092368e-05, "std": 5.210841888956177e-07, "repeat": 10, "number": 189}]}, "factor.TimeDiscreteFactor.time_factor_reduce": {"result": [3.363473297213204e-05], "stats": [{"ci_99": [3.338200331199914e-05, 3.477502905298024e-05], "q_25": 3.351210143591743e-05, "q_75": 3.38694553647656e-05, "min": 3.338200331199914e-05, "max": 3.477502905298024e-05, "mean": 3.3786303538363435e-05, "std": 4.279626418358203e-07, "repeat": 10, "number": 320}]}, "import.TimeImport.time_import": {"result": [1.337292723292242e-07], "stats": [{"ci_99": [1.333758842916875e-07, 1.350743986808505e-07], "q_25": 1.3367075516775937e-07, "q_75": 1.3461159834888844e-07, "min": 1.333758842916875e-07, "max": 1.350743986808505e-07, "mean": 1.34078647638219e-07, "std": 5.993074533919286e-10, "repeat": 10, "number": 75604}]}, "readwrite.TimeRead.time_asia_read": {"result": [0.17654715524986386], "stats": [{"ci_99": [-1.2570755654014647, 1.610169875901191], "q_25": 0.16221092804335058, "q_75": 0.19088338245637715, "min": 0.1478747008368373, "max": 0.20521960966289043, "mean": 0.17654715524986386, "std": 0.02867245441302657, "repeat": 2, "number": 1}]}, "readwrite.TimeRead.time_asia_write": {"result": [0.0004900512209192651], "stats": [{"ci_99": [-0.0006945082673528143, 0.0016746107091913434], "q_25": 0.0004782056260365443, "q_75": 0.0005018968158019859, "min": 0.0004663600311538235, "max": 0.0005137424106847067, "mean": 0.0004900512209192651, "std": 2.3691189765441588e-05, "repeat": 2, "number": 61}]}, "readwrite.TimeRead.time_munin_read": {"result": [6.275074320379645], "stats": [{"ci_99": [5.645081048365682, 6.905067592393606], "q_25": 6.268774387659505, "q_75": 6.281374253099784, "min": 6.262474454939365, "max": 6.287674185819924, "mean": 6.275074320379645, "std": 0.012599865440279245, "repeat": 2, "number": 1}]}, "readwrite.TimeRead.time_munin_write": {"result": [0.04357410850934684], "stats": [{"ci_99": [0.04028652817942202, 0.046861688839271665], "q_25": 0.043541232706047595, "q_75": 0.04360698431264609, "min": 0.043508356902748346, "max": 0.04363986011594534, "mean": 0.04357410850934684, "std": 6.575160659849644e-05, "repeat": 2, "number": 1}]}, "readwrite.TimeRead.time_pathfinder_read": {"result": [7.014836870599538], "stats": [{"ci_99": [4.741664730478078, 9.288009010720996], "q_25": 6.9921051491983235, "q_75": 7.037568592000753, "min": 6.969373427797109, "max": 7.060300313401967, "mean": 7.014836870599538, "std": 0.0454634428024292, "repeat": 2, "number": 1}]}, "readwrite.TimeRead.time_pathfinder_write": {"result": [0.02600209740921855], "stats": [{"ci_99": [0.016897767316550016, 0.035106427501887076], "q_25": 0.025911054108291864, "q_75": 0.026093140710145235, "min": 0.02582001080736518, "max": 0.02618418401107192, "mean": 0.02600209740921855, "std": 0.00018208660185337067, "repeat": 2, "number": 1}]}, "sampling.TimeSampling.time_forward_sample": {"result": [5.994242521002889], "stats": [{"ci_99": [4.936887973919511, 7.051597068086266], "q_25": 5.983668975532055, "q_75": 6.0048160664737225, "min": 5.973095430061221, "max": 6.015389611944556, "mean": 5.994242521002889, "std": 0.021147090941667557, "repeat": 2, "number": 1}]}, "sampling.TimeSampling.time_gibbs_sampling": null, "sampling.TimeSampling.time_likelihood_sample": {"result": [5.619847150752321], "stats": [{"ci_99": [5.398830741411075, 5.840863560093567], "q_25": 5.617636986658908, "q_75": 5.622057314845733, "min": 5.615426822565496, "max": 5.624267478939146, "mean": 5.619847150752321, "std": 0.004420328186824918, "repeat": 2, "number": 1}]}, "sampling.TimeSampling.time_rejection_sample": null, "structure_learning.TimeHillClimb.time_hillclimb": null, "structure_learning.TimePC.time_pc_orig": {"result": [38.97175020654686], "stats": [{"ci_99": [23.069184030173346, 54.874316382920355], "q_25": 38.81272454478312, "q_75": 39.13077586831059, "min": 38.65369888301939, "max": 39.28980153007433, "mean": 38.97175020654686, "std": 0.31805132352747023, "repeat": 2, "number": 1}]}, "structure_learning.TimePC.time_pc_stable": {"result": [47.043810569215566], "stats": [{"ci_99": [45.9183847703971, 48.169236368034035], "q_25": 47.03255631122738, "q_75": 47.05506482720375, "min": 47.0213020532392, "max": 47.066319085191935, "mean": 47.043810569215566, "std": 0.02250851597636938, "repeat": 2, "number": 1}]}}, "params": {"arch": "x86_64", "cpu": "Intel(R) Core(TM) i9-9820X CPU @ 3.30GHz", "machine": "graveyard", "num_cpu": "20", "os": "Linux 4.15.0-112-generic", "ram": "131688676", "python": "3.6"}, "requirements": {}, "commit_hash": "251f19e8d76fa53335ecb28a3853a771d3688c75", "date": 1597954842000, "env_name": "conda-py3.6", "python": "3.6", "profiles": {}, "started_at": {"factor.TimeDiscreteFactor.time_factor_marginalize": 1610374780571, "factor.TimeDiscreteFactor.time_factor_multiply_large": 1610374780779, "factor.TimeDiscreteFactor.time_factor_reduce": 1610374780986, "import.TimeImport.time_import": 1610374781193, "readwrite.TimeRead.time_asia_read": 1610374781402, "readwrite.TimeRead.time_asia_write": 1610374810328, "readwrite.TimeRead.time_munin_read": 1610374838846, "readwrite.TimeRead.time_munin_write": 1610374882707, "readwrite.TimeRead.time_pathfinder_read": 1610374911177, "readwrite.TimeRead.time_pathfinder_write": 1610374954334, "sampling.TimeSampling.time_forward_sample": 1610374982909, "sampling.TimeSampling.time_gibbs_sampling": 1610373354933, "sampling.TimeSampling.time_likelihood_sample": 1610374995341, "sampling.TimeSampling.time_rejection_sample": 1610373966931, "structure_learning.TimeHillClimb.time_hillclimb": 1610374567016, "structure_learning.TimePC.time_pc_orig": 1610375007075, "structure_learning.TimePC.time_pc_stable": 1610375100105}, "ended_at": {"factor.TimeDiscreteFactor.time_factor_marginalize": 1610374780778, "factor.TimeDiscreteFactor.time_factor_multiply_large": 1610374780986, "factor.TimeDiscreteFactor.time_factor_reduce": 1610374781193, "import.TimeImport.time_import": 1610374781401, "readwrite.TimeRead.time_asia_read": 1610374810328, "readwrite.TimeRead.time_asia_write": 1610374838846, "readwrite.TimeRead.time_munin_read": 1610374882706, "readwrite.TimeRead.time_munin_write": 1610374911176, "readwrite.TimeRead.time_pathfinder_read": 1610374954334, "readwrite.TimeRead.time_pathfinder_write": 1610374982909, "sampling.TimeSampling.time_forward_sample": 1610374995341, "sampling.TimeSampling.time_gibbs_sampling": 1610373955200, "sampling.TimeSampling.time_likelihood_sample": 1610375007074, "sampling.TimeSampling.time_rejection_sample": 1610374567016, "structure_learning.TimeHillClimb.time_hillclimb": 1610374573287, "structure_learning.TimePC.time_pc_orig": 1610375100104, "structure_learning.TimePC.time_pc_stable": 1610375215185}, "benchmark_version": {"factor.TimeDiscreteFactor.time_factor_marginalize": "a3ae79cdcf3bcd4bc49df94b3b3d5f93c4126249a9b3cf2481ac381ee836f851", "factor.TimeDiscreteFactor.time_factor_multiply_large": "cfb6b66fddb2953948ffb6566ae101535dd1e8d0fd9af855331f39ef905f4450", "factor.TimeDiscreteFactor.time_factor_reduce": "cb3858b638914f7572792153a60efb4aecbde56d5abf039791451adb0f26c263", "import.TimeImport.time_import": "b8454f897532cbfc3dc91dd442b9d4429c7671f8720779f25b6975fed7999d6c", "readwrite.TimeRead.time_asia_read": "00ee50175421b36358b2284cbbaaf9e6caad1078a142202d8afbc8a5431e3d42",