{"results": {"factor.TimeDiscreteFactor.time_factor_marginalize": {"result": [6.320389980327585e-05], "stats": [{"ci_99": [6.29885746779556e-05, 6.388939225566602e-05], "q_25": 6.306997896311526e-05, "q_75": 6.364421461692113e-05, "min": 6.29885746779556e-05, "max": 6.388939225566602e-05, "mean": 6.333566744795102e-05, "std": 3.1627773325196954e-07, "repeat": 10, "number": 167}]}, "factor.TimeDiscreteFactor.time_factor_multiply_large": {"result": [5.1160347447440954e-05], "stats": [{"ci_99": [5.062022937114159e-05, 5.16840314679739e-05], "q_25": 5.0698379143787344e-05, "q_75": 5.127170733644061e-05, "min": 5.062022937114159e-05, "max": 5.16840314679739e-05, "mean": 5.10797925008256e-05, "std": 3.6201161377328504e-07, "repeat": 10, "number": 209}]}, "factor.TimeDiscreteFactor.time_factor_reduce": {"result": [2.986133960343298e-05], "stats": [{"ci_99": [2.9712985002103895e-05, 2.993799307137385e-05], "q_25": 2.9820881933830252e-05, "q_75": 2.991157816722989e-05, "min": 2.9712985002103895e-05, "max": 2.993799307137385e-05, "mean": 2.985159015475676e-05, "std": 7.378494055870233e-08, "repeat": 10, "number": 348}]}, "import.TimeImport.time_import": {"result": [1.316827344673743e-07], "stats": [{"ci_99": [1.3132287582970897e-07, 1.317939493997907e-07], "q_25": 1.3162678077018007e-07, "q_75": 1.3173702071613973e-07, "min": 1.3132287582970897e-07, "max": 1.317939493997907e-07, "mean": 1.3164984086179042e-07, "std": 1.3414046993087054e-10, "repeat": 10, "number": 84059}]}, "inference.TimeVariableElimination.time_query_alarm": null, "inference.TimeVariableElimination.time_query_munin": null, "readwrite.TimeRead.time_asia_read": null, "readwrite.TimeRead.time_asia_write": null, "readwrite.TimeRead.time_munin_read": null, "readwrite.TimeRead.time_munin_write": null, "readwrite.TimeRead.time_pathfinder_read": null, "readwrite.TimeRead.time_pathfinder_write": null, "sampling.TimeSampling.time_forward_sample": null, "sampling.TimeSampling.time_gibbs_sampling": null, "sampling.TimeSampling.time_likelihood_sample": null, "sampling.TimeSampling.time_rejection_sample": null, "structure_learning.TimeHillClimb.time_hillclimb": null, "structure_learning.TimePC.time_pc_orig": null, "structure_learning.TimePC.time_pc_stable": null}, "params": {"arch": "x86_64", "cpu": "Intel(R) Core(TM) i9-9820X CPU @ 3.30GHz", "machine": "graveyard", "num_cpu": "20", "os": "Linux 4.15.0-112-generic", "ram": "131688676", "python": "3.8"}, "requirements": {}, "commit_hash": "2604c022c799f2a67b3d02f656d00c0745ae97e5", "date": 1617990767000, "env_name": "conda-py3.8", "python": "3.8", "profiles": {}, "started_at": {"factor.TimeDiscreteFactor.time_factor_marginalize": 1618079929743, "factor.TimeDiscreteFactor.time_factor_multiply_large": 1618079929951, "factor.TimeDiscreteFactor.time_factor_reduce": 1618079930157, "import.TimeImport.time_import": 1618079930364, "inference.TimeVariableElimination.time_query_alarm": 1618079928901, "inference.TimeVariableElimination.time_query_munin": 1618079928957, "readwrite.TimeRead.time_asia_read": 1618079929013, "readwrite.TimeRead.time_asia_write": 1618079929069, "readwrite.TimeRead.time_munin_read": 1618079929125, "readwrite.TimeRead.time_munin_write": 1618079929182, "readwrite.TimeRead.time_pathfinder_read": 1618079929238, "readwrite.TimeRead.time_pathfinder_write": 1618079929294, "sampling.TimeSampling.time_forward_sample": 1618079929350, "sampling.TimeSampling.time_gibbs_sampling": 1618079929407, "sampling.TimeSampling.time_likelihood_sample": 1618079929463, "sampling.TimeSampling.time_rejection_sample": 1618079929519, "structure_learning.TimeHillClimb.time_hillclimb": 1618079929575, "structure_learning.TimePC.time_pc_orig": 1618079929631, "structure_learning.TimePC.time_pc_stable": 1618079929687}, "ended_at": {"factor.TimeDiscreteFactor.time_factor_marginalize": 1618079929950, "factor.TimeDiscreteFactor.time_factor_multiply_large": 1618079930157, "factor.TimeDiscreteFactor.time_factor_reduce": 1618079930364, "import.TimeImport.time_import": 1618079930570, "inference.TimeVariableElimination.time_query_alarm": 1618079928957, "inference.TimeVariableElimination.time_query_munin": 1618079929013, "readwrite.TimeRead.time_asia_read": 1618079929069, "readwrite.TimeRead.time_asia_write": 1618079929125, "readwrite.TimeRead.time_munin_read": 1618079929182, "readwrite.TimeRead.time_munin_write": 1618079929238, "readwrite.TimeRead.time_pathfinder_read": 1618079929294, "readwrite.TimeRead.time_pathfinder_write": 1618079929350, "sampling.TimeSampling.time_forward_sample": 1618079929407, "sampling.TimeSampling.time_gibbs_sampling": 1618079929463, "sampling.TimeSampling.time_likelihood_sample": 1618079929519, "sampling.TimeSampling.time_rejection_sample": 1618079929575, "structure_learning.TimeHillClimb.time_hillclimb": 1618079929631, "structure_learning.TimePC.time_pc_orig": 1618079929687, "structure_learning.TimePC.time_pc_stable": 1618079929743}, "benchmark_version": {"factor.TimeDiscreteFactor.time_factor_marginalize": "a3ae79cdcf3bcd4bc49df94b3b3d5f93c4126249a9b3cf2481ac381ee836f851", "factor.TimeDiscreteFactor.time_factor_multiply_large": "cfb6b66fddb2953948ffb6566ae101535dd1e8d0fd9af855331f39ef905f4450", "factor.TimeDiscreteFactor.time_factor_reduce": "cb3858b638914f7572792153a60efb4aecbde56d5abf039791451adb0f26c263", "import.TimeImport.time_import": "b8454f897532cbfc3dc91dd442b9d4429c7671f8720779f25b6975fed7999d6c", "inference.TimeVariableElimination.time_query_alarm": "4f4aca0c4d029f458791f2444cae6bacf18251d2d465b1cc3492e4e32c07beec", "inference.TimeVariableElimination.time_query_munin": "3c25bd77115999cfba0644b479e5b10cea7897bdaa8f985e5dfa2b24c8c34ee0", "readwrite.TimeRead.time_asia_read": "00ee50175421b36358b2284cbbaaf9e6caad1078a142202d8afbc8a5431e3d42", "readwrite.TimeRead.time_asia_write": "6b23702a30f46b24f31ce56f640429a894ab62a5f2644da15763d9698ca06dd4", "readwrite.TimeRead.time_munin_read": "bf56520cd7d0afbd0aeb4f693d91093132666189d9704b5fa557da1164506529", "readwrite.TimeRead.time_munin_write": "bfbe73d230ae1b37c4fbfbc360be8367ce771b72ffaf78ad32604f393fac0f4d", "readwrite.TimeRead.time_pathfinder_read": "a603f5c5619a5360146c5c5aa9307b9d792df6d3932faa44d90d3b270b6f66eb", "readwrite.TimeRead.time_pathfinder_write": "6c7561cbd54f97bdd12c71950c46921d86f5e962246d9ca8c4182c8abb22cde5", "sampling.TimeSampling.time_forward_sample": "0ea380c0fe8a8131a802a270f53e62da34837522727ab5a9413ce81f5ac2bffb", "sampling.TimeSampling.time_gibbs_sampling": "fe05678c727f352eb59d83d51246094439e561a03c2b67f7a771857b69b42487", "sampling.TimeSampling.time_likelihood_sample": "89996fc93f8b65dbdfa66d6bfdb4c6e440fa4b483e60369ed8ee461919ebb6ad", "sampling.TimeSampling.time_rejection_sample": "1246c8af155cc0a2db8d6a7daca8e062bcf5f2e0afd4c564bb19a65d21aed4da", "structure_learning.TimeHillClimb.time_hillclimb": "8ff6ea5990c046c4dfab297898cf6a57ff81a2c8b58e8d272917a3497b27ec8b", "structure_learning.TimePC.time_pc_orig": "d9de7bbd7c35a34e7b84a5fd2c2e6da9b5300987ed40c008d7515e11cd38a6c2", "structure_learning.TimePC.time_pc_stable": "e241d1e8b9c0c9daf2eaa78b9808996236e0aa980f7d6cdc9de17f76c10a7d06"}, "version": 1}