{"results": {"factor.TimeDiscreteFactor.time_factor_marginalize": {"result": [6.120492751038941e-05], "stats": [{"ci_99": [6.103899600452551e-05, 6.162134836838898e-05], "q_25": 6.114116053008501e-05, "q_75": 6.131350723558299e-05, "min": 6.103899600452551e-05, "max": 6.162134836838898e-05, "mean": 6.12489827102123e-05, "std": 1.8076336567305457e-07, "repeat": 10, "number": 179}]}, "factor.TimeDiscreteFactor.time_factor_multiply_large": {"result": [5.1567223661231553e-05], "stats": [{"ci_99": [5.072676297706393e-05, 5.190749116207597e-05], "q_25": 5.1397250853650585e-05, "q_75": 5.165594823074781e-05, "min": 5.072676297706393e-05, "max": 5.190749116207597e-05, "mean": 5.145138859199489e-05, "std": 3.692648980832817e-07, "repeat": 10, "number": 217}]}, "factor.TimeDiscreteFactor.time_factor_reduce": {"result": [2.997557135069207e-05], "stats": [{"ci_99": [2.9622334731768256e-05, 3.0356084238992977e-05], "q_25": 2.982815064183653e-05, "q_75": 3.007249906659126e-05, "min": 2.9622334731768256e-05, "max": 3.0356084238992977e-05, "mean": 2.9948529315321417e-05, "std": 2.1087679004149556e-07, "repeat": 10, "number": 365}]}, "import.TimeImport.time_import": {"result": [1.2508446372170296e-07], "stats": [{"ci_99": [1.2452006144940682e-07, 1.2658087308150877e-07], "q_25": 1.2483949901744799e-07, "q_75": 1.254658283156413e-07, "min": 1.2452006144940682e-07, "max": 1.2658087308150877e-07, "mean": 1.25282827002031e-07, "std": 6.242189815607507e-10, "repeat": 10, "number": 87076}]}, "inference.TimeVariableElimination.time_query_alarm": null, "inference.TimeVariableElimination.time_query_munin": null, "readwrite.TimeRead.time_asia_read": null, "readwrite.TimeRead.time_asia_write": null, "readwrite.TimeRead.time_munin_read": null, "readwrite.TimeRead.time_munin_write": null, "readwrite.TimeRead.time_pathfinder_read": null, "readwrite.TimeRead.time_pathfinder_write": null, "sampling.TimeSampling.time_forward_sample": null, "sampling.TimeSampling.time_gibbs_sampling": null, "sampling.TimeSampling.time_likelihood_sample": null, "sampling.TimeSampling.time_rejection_sample": null, "structure_learning.TimeHillClimb.time_hillclimb": null, "structure_learning.TimePC.time_pc_orig": null, "structure_learning.TimePC.time_pc_stable": null, "factor.TimeDiscreteFactor.time_factor_compare": {"result": [7.233870825890836e-05], "stats": [{"ci_99": [7.181479756174416e-05, 7.263351360271717e-05], "q_25": 7.215892125306458e-05, "q_75": 7.242873503730215e-05, "min": 7.181479756174416e-05, "max": 7.263351360271717e-05, "mean": 7.22845040004829e-05, "std": 2.3616214228501116e-07, "repeat": 10, "number": 145}]}, "inference.TimeBeliefPropagation.time_query_alarm": null, "parameter_learning.TimeBayesianEstimator.time_alarm_bayesian_estimator": null, "parameter_learning.TimeBayesianEstimator.time_munin_bayesian_estimator": null, "parameter_learning.TimeExpectationMaximization.time_alarm_em": null, "parameter_learning.TimeExpectationMaximization.time_munin_em": null, "parameter_learning.TimeMLE.time_alarm_mle": null, "parameter_learning.TimeMLE.time_munin_mle": null, "structure_learning.TimeHillClimbAlarmModel.time_hillclimb": null, "structure_learning.TimeMmhcAlarmModel.time_mmhc": null, "structure_learning.TimePCAlarmModel.time_pc_orig": null, "structure_learning.TimePCAlarmModel.time_pc_stable": null, "structure_learning.TimeTreeSearchAlarmModel.time_tan": null}, "params": {"arch": "x86_64", "cpu": "Intel(R) Core(TM) i9-9820X CPU @ 3.30GHz", "machine": "graveyard", "num_cpu": "20", "os": "Linux 4.15.0-112-generic", "ram": "131688676", "python": "3.7"}, "requirements": {}, "commit_hash": "2604c022c799f2a67b3d02f656d00c0745ae97e5", "date": 1617990767000, "env_name": "conda-py3.7", "python": "3.7", "profiles": {}, "started_at": {"factor.TimeDiscreteFactor.time_factor_marginalize": 1654214662271, "factor.TimeDiscreteFactor.time_factor_multiply_large": 1654214662477, "factor.TimeDiscreteFactor.time_factor_reduce": 1654214662684, "import.TimeImport.time_import": 1654214662890, "inference.TimeVariableElimination.time_query_alarm": 1654214660773, "inference.TimeVariableElimination.time_query_munin": 1654214660828, "readwrite.TimeRead.time_asia_read": 1654214661221, "readwrite.TimeRead.time_asia_write": 1654214661277, "readwrite.TimeRead.time_munin_read": 1654214661333, "readwrite.TimeRead.time_munin_write": 1654214661390, "readwrite.TimeRead.time_pathfinder_read": 1654214661446, "readwrite.TimeRead.time_pathfinder_write": 1654214661502, "sampling.TimeSampling.time_forward_sample": 1654214661558, "sampling.TimeSampling.time_gibbs_sampling": 1654214661614, "sampling.TimeSampling.time_likelihood_sample": 1654214661671, "sampling.TimeSampling.time_rejection_sample": 1654214661727, "structure_learning.TimeHillClimb.time_hillclimb": 1618079923571, "structure_learning.TimePC.time_pc_orig": 1618079923628, "structure_learning.TimePC.time_pc_stable": 1618079923684, "factor.TimeDiscreteFactor.time_factor_compare": 1654214662064, "inference.TimeBeliefPropagation.time_query_alarm": 1654214660717, "parameter_learning.TimeBayesianEstimator.time_alarm_bayesian_estimator": 1654214660884, "parameter_learning.TimeBayesianEstimator.time_munin_bayesian_estimator": 1654214660941, "parameter_learning.TimeExpectationMaximization.time_alarm_em": 1654214660997, "parameter_learning.TimeExpectationMaximization.time_munin_em": 1654214661053, "parameter_learning.TimeMLE.time_alarm_mle": 1654214661109, "parameter_learning.TimeMLE.time_munin_mle": 1654214661165, "structure_learning.TimeHillClimbAlarmModel.time_hillclimb": 1654214661783, "structure_learning.TimeMmhcAlarmModel.time_mmhc": 1654214661839, "structure_learning.TimePCAlarmModel.time_pc_orig": 1654214661895, "structure_learning.TimePCAlarmModel.time_pc_stable": 1654214661952, "structure_learning.TimeTreeSearchAlarmModel.time_tan": 1654214662008}, "ended_at": {"factor.TimeDiscreteFactor.time_factor_marginalize": 1654214662477, "factor.TimeDiscreteFactor.time_factor_multiply_large": 1654214662683, "factor.TimeDiscreteFactor.time_factor_reduce": 1654214662890, "import.TimeImport.time_import": 1654214663096, "inference.TimeVariableElimination.time_query_alarm": 1654214660828, "inference.TimeVariableElimination.time_query_munin": 1654214660884, "readwrite.TimeRead.time_asia_read": 1654214661277, "readwrite.TimeRead.time_asia_write": 1654214661333, "readwrite.TimeRead.time_munin_read": 1654214661390, "readwrite.TimeRead.time_munin_write": 1654214661446, "readwrite.TimeRead.time_pathfinder_read": 1654214661502, "readwrite.TimeRead.time_pathfinder_write": 1654214661558, "sampling.TimeSampling.time_forward_sample": 1654214661614, "sampling.TimeSampling.time_gibbs_sampling": 1654214661671, "sampling.TimeSampling.time_likelihood_sample": 1654214661727, "sampling.TimeSampling.time_rejection_sample": 1654214661783, "structure_learning.TimeHillClimb.time_hillclimb": 1618079923628, "structure_learning.TimePC.time_pc_orig": 1618079923684, "structure_learning.TimePC.time_pc_stable": 1618079923740, "factor.TimeDiscreteFactor.time_factor_compare": 1654214662270, "inference.TimeBeliefPropagation.time_query_alarm": 1654214660773, "parameter_learning.TimeBayesianEstimator.time_alarm_bayesian_estimator": 1654214660941, "parameter_learning.TimeBayesianEstimator.time_munin_bayesian_estimator": 1654214660997, "parameter_learning.TimeExpectationMaximization.time_alarm_em": 1654214661053, "parameter_learning.TimeExpectationMaximization.time_munin_em": 1654214661109, "parameter_learning.TimeMLE.time_alarm_mle": 1654214661165, "parameter_learning.TimeMLE.time_munin_mle": 1654214661221, "structure_learning.TimeHillClimbAlarmModel.time_hillclimb": 1654214661839, "structure_learning.TimeMmhcAlarmModel.time_mmhc": 1654214661895, "structure_learning.TimePCAlarmModel.time_pc_orig": 1654214661951, "structure_learning.TimePCAlarmModel.time_pc_stable": 1654214662008, "structure_learning.TimeTreeSearchAlarmModel.time_tan": 1654214662064},