{"results": {"factor.TimeDiscreteFactor.time_factor_compare": {"result": [6.895951044402624e-05], "stats": [{"ci_99": [6.790531456078354e-05, 7.007815139858346e-05], "q_25": 6.810907200959168e-05, "q_75": 6.948635104651513e-05, "min": 6.790531456078354e-05, "max": 7.007815139858346e-05, "mean": 6.889049699039837e-05, "std": 7.928372251801741e-07, "repeat": 10, "number": 152}]}, "factor.TimeDiscreteFactor.time_factor_marginalize": {"result": [6.359895503908924e-05], "stats": [{"ci_99": [6.330995296938179e-05, 6.43447460331155e-05], "q_25": 6.351970169230326e-05, "q_75": 6.388772841124139e-05, "min": 6.330995296938179e-05, "max": 6.43447460331155e-05, "mean": 6.370808069522564e-05, "std": 2.9516011790645205e-07, "repeat": 10, "number": 169}]}, "factor.TimeDiscreteFactor.time_factor_multiply_large": {"result": [4.7736007222382155e-05], "stats": [{"ci_99": [4.640794981459868e-05, 4.811028731034099e-05], "q_25": 4.705735203307895e-05, "q_75": 4.802743608157755e-05, "min": 4.640794981459868e-05, "max": 4.811028731034099e-05, "mean": 4.7496678779751476e-05, "std": 5.794033468232204e-07, "repeat": 10, "number": 217}]}, "factor.TimeDiscreteFactor.time_factor_reduce": {"result": [2.5861243498914034e-05], "stats": [{"ci_99": [2.56943068018666e-05, 2.626482351326648e-05], "q_25": 2.575754475446395e-05, "q_75": 2.6005444427331287e-05, "min": 2.56943068018666e-05, "max": 2.626482351326648e-05, "mean": 2.5907072388095617e-05, "std": 1.8057180755922478e-07, "repeat": 10, "number": 405}]}, "import.TimeImport.time_import": {"result": [1.1223381258548008e-07], "stats": [{"ci_99": [1.1164528370773021e-07, 1.1337072939817126e-07], "q_25": 1.120320489625399e-07, "q_75": 1.1263303099930356e-07, "min": 1.1164528370773021e-07, "max": 1.1337072939817126e-07, "mean": 1.1232038936730718e-07, "std": 5.005240742298746e-10, "repeat": 10, "number": 95427}]}, "inference.TimeBeliefPropagation.time_query_alarm": {"result": [9.578802738338709], "stats": [{"ci_99": [9.0410310998559, 10.116574376821518], "q_25": 9.57342502195388, "q_75": 9.584180454723537, "min": 9.568047305569053, "max": 9.589558171108365, "mean": 9.578802738338709, "std": 0.010755432769656181, "repeat": 2, "number": 1}]}, "inference.TimeVariableElimination.time_query_alarm": {"result": [0.0814119828864932], "stats": [{"ci_99": [0.041629011769206706, 0.12166025580057341], "q_25": 0.06804015673696995, "q_75": 0.09501645993441343, "min": 0.06781850010156631, "max": 0.09593606926500797, "mean": 0.08164463378489017, "std": 0.013685629344574023, "repeat": 4, "number": 1}]}, "inference.TimeVariableElimination.time_query_munin": null, "parameter_learning.TimeBayesianEstimator.time_alarm_bayesian_estimator": null, "parameter_learning.TimeBayesianEstimator.time_munin_bayesian_estimator": null, "parameter_learning.TimeExpectationMaximization.time_alarm_em": null, "parameter_learning.TimeExpectationMaximization.time_munin_em": null, "parameter_learning.TimeMLE.time_alarm_mle": null, "parameter_learning.TimeMLE.time_munin_mle": null, "readwrite.TimeRead.time_asia_read": {"result": [0.1424605967476964], "stats": [{"ci_99": [0.010725903324782848, 0.27419529017060984], "q_25": 0.14114324981346726, "q_75": 0.14377794368192554, "min": 0.13982590287923813, "max": 0.14509529061615467, "mean": 0.1424605967476964, "std": 0.002634693868458271, "repeat": 2, "number": 1}]}, "readwrite.TimeRead.time_asia_write": {"result": [0.0005363941269174014], "stats": [{"ci_99": [0.00035109219128546675, 0.0007216960625493359], "q_25": 0.000534541107561082, "q_75": 0.0005382471462737208, "min": 0.0005326880882047627, "max": 0.0005401001656300401, "mean": 0.0005363941269174014, "std": 3.7060387126386938e-06, "repeat": 2, "number": 73}]}, "readwrite.TimeRead.time_munin_read": {"result": [4.823718126863241], "stats": [{"ci_99": [4.700258281081915, 4.9471779726445675], "q_25": 4.822483528405428, "q_75": 4.8249527253210545, "min": 4.821248929947615, "max": 4.826187323778868, "mean": 4.823718126863241, "std": 0.002469196915626526, "repeat": 2, "number": 1}]}, "readwrite.TimeRead.time_munin_write": {"result": [0.03487935848534107], "stats": [{"ci_99": [0.02532212622463703, 0.044436590746045106], "q_25": 0.03478378616273403, "q_75": 0.03497493080794811, "min": 0.03468821384012699, "max": 0.03507050313055515, "mean": 0.03487935848534107, "std": 0.0001911446452140808, "repeat": 2, "number": 1}]}, "readwrite.TimeRead.time_pathfinder_read": {"result": [5.303121213801205], "stats": [{"ci_99": [5.016915309242904, 5.589327118359506], "q_25": 5.300259154755622, "q_75": 5.305983272846788, "min": 5.297397095710039, "max": 5.308845331892371, "mean": 5.303121213801205, "std": 0.0057241180911660194, "repeat": 2, "number": 1}]}, "readwrite.TimeRead.time_pathfinder_write": {"result": [0.020894845016300678], "stats": [{"ci_99": [0.018616504035890102, 0.023173185996711254], "q_25": 0.020872061606496572, "q_75": 0.020917628426104784, "min": 0.020849278196692467, "max": 0.02094041183590889, "mean": 0.020894845016300678, "std": 4.556681960821152e-05, "repeat": 2, "number": 1}]}, "sampling.TimeSampling.time_forward_sample": null, "sampling.TimeSampling.time_gibbs_sampling": null, "sampling.TimeSampling.time_likelihood_sample": {"result": [4.408494204282761], "stats": [{"ci_99": [4.384026194320124, 4.425623976296682], "q_25": 4.403823081869632, "q_75": 4.409496207721531, "min": 4.390347972512245, "max": 4.411963960155845, "mean": 4.404825085308403, "std": 0.008478496029105236, "repeat": 4, "number": 1}]}, "sampling.TimeSampling.time_rejection_sample": null, "structure_learning.TimeHillClimbAlarmModel.time_hillclimb": null, "structure_learning.TimeMmhcAlarmModel.time_mmhc": null, "structure_learning.TimePCAlarmModel.time_pc_orig": null, "structure_learning.TimePCAlarmModel.time_pc_stable": null, "structure_learning.TimeTreeSearchAlarmModel.time_tan": null}, "params": {"arch": "x86_64", "cpu": "Intel(R) Core(TM) i9-9820X CPU @ 3.30GHz", "machine": "graveyard", "num_cpu": "20", "os": "Linux 4.15.0-112-generic", "ram": "131688676", "python": "3.9"}, "requirements": {}, "commit_hash": "2659d7fa5a062ddf1f531184e3bcf6a4f74ee0ad", "date": 1595150537000, "env_name": "conda-py3.9", "python": "3.9", "profiles": {}, "started_at": {"factor.TimeDiscreteFactor.time_factor_compare": 1654470006063, "factor.TimeDiscreteFactor.time_factor_marginalize": 1654470006271, "factor.TimeDiscreteFactor.time_factor_multiply_large": 1654470006478, "factor.TimeDiscreteFactor.time_factor_reduce": 1654470006685, "import.TimeImport.time_import": 1654470006892, "inference.TimeBeliefPropagation.time_query_alarm": 1654470007099, "inference.TimeVariableElimination.time_query_alarm": 1654470026616, "inference.TimeVariableElimination.time_query_munin": 1654469171709, "parameter_learning.TimeBayesianEstimator.time_alarm_bayesian_estimator": 1654469231783, "parameter_learning.TimeBayesianEstimator.time_munin_bayesian_estimator": 1654469231840, "parameter_learning.TimeExpectationMaximization.time_alarm_em": 1654469231897, "parameter_learning.TimeExpectationMaximization.time_munin_em": 1654469231953, "parameter_learning.TimeMLE.time_alarm_mle": 1654469232009, "parameter_learning.TimeMLE.time_munin_mle": 1654469232066, "readwrite.TimeRead.time_asia_read": 1654470044387, "readwrite.TimeRead.time_asia_write": 1654470067057, "readwrite.TimeRead.time_munin_read": 1654470089626, "readwrite.TimeRead.time_munin_write": 1654470123979, "readwrite.TimeRead.time_pathfinder_read": 1654470146497, "readwrite.TimeRead.time_pathfinder_write": 1654470180547, "sampling.TimeSampling.time_forward_sample": 1654469391204, "sampling.TimeSampling.time_gibbs_sampling": 1654469391462, "sampling.TimeSampling.time_likelihood_sample": 1654470203068, "sampling.TimeSampling.time_rejection_sample": 1654470005523, "structure_learning.TimeHillClimbAlarmModel.time_hillclimb": 1654470005780, "structure_learning.TimeMmhcAlarmModel.time_mmhc": 1654470005837, "structure_learning.TimePCAlarmModel.time_pc_orig": 1654470005894,