{"results": {"factor.TimeDiscreteFactor.time_factor_marginalize": {"result": [6.0865723943642976e-05], "stats": [{"ci_99": [6.05787555713438e-05, 6.24456416584004e-05], "q_25": 6.076017142099849e-05, "q_75": 6.109266410355514e-05, "min": 6.05787555713438e-05, "max": 6.24456416584004e-05, "mean": 6.10740750102e-05, "std": 5.369304175399605e-07, "repeat": 10, "number": 177}]}, "factor.TimeDiscreteFactor.time_factor_multiply_large": {"result": [4.9092358461132756e-05], "stats": [{"ci_99": [4.8612546244705164e-05, 4.966262107094129e-05], "q_25": 4.8874204771386256e-05, "q_75": 4.926167807921215e-05, "min": 4.8612546244705164e-05, "max": 4.966262107094129e-05, "mean": 4.908311249757255e-05, "std": 3.1966059625106817e-07, "repeat": 10, "number": 216}]}, "factor.TimeDiscreteFactor.time_factor_reduce": {"result": [2.9039446723787754e-05], "stats": [{"ci_99": [2.8851465003131187e-05, 2.9143578793904554e-05], "q_25": 2.899654719927539e-05, "q_75": 2.9077906518766326e-05, "min": 2.8851465003131187e-05, "max": 2.9143578793904554e-05, "mean": 2.9028416802621873e-05, "std": 8.299343995376123e-08, "repeat": 10, "number": 365}]}, "import.TimeImport.time_import": {"result": [1.2699593786877045e-07], "stats": [{"ci_99": [1.2653020570870343e-07, 1.2870680627810037e-07], "q_25": 1.266113332110909e-07, "q_75": 1.276250917082654e-07, "min": 1.2653020570870343e-07, "max": 1.2870680627810037e-07, "mean": 1.2718397093162545e-07, "std": 6.75880901739765e-10, "repeat": 10, "number": 85415}]}, "readwrite.TimeRead.time_asia_read": {"result": [0.15591177623718977], "stats": [{"ci_99": [-0.1813316298648715, 0.49315518233925076], "q_25": 0.15253934217616916, "q_75": 0.15928421029821038, "min": 0.14916690811514854, "max": 0.162656644359231, "mean": 0.15591177623718977, "std": 0.006744868122041225, "repeat": 2, "number": 1}]}, "readwrite.TimeRead.time_asia_write": {"result": [0.00037099019152252643], "stats": [{"ci_99": [-0.008790544157669153, 0.009532524540714198], "q_25": 0.00027937484803060964, "q_75": 0.0004626055350144433, "min": 0.00018775950453869285, "max": 0.00055422087850636, "mean": 0.00037099019152252643, "std": 0.00018323068698383358, "repeat": 2, "number": 73}]}, "readwrite.TimeRead.time_munin_read": {"result": [5.111626050435007], "stats": [{"ci_99": [4.846311387605965, 5.376940713264048], "q_25": 5.108972903806716, "q_75": 5.114279197063297, "min": 5.106319757178426, "max": 5.1169323436915874, "mean": 5.111626050435007, "std": 0.00530629325658083, "repeat": 2, "number": 1}]}, "readwrite.TimeRead.time_munin_write": {"result": [0.04799911938607693], "stats": [{"ci_99": [-0.3286332245916128, 0.42463146336376634], "q_25": 0.04423279594630003, "q_75": 0.051765442825853825, "min": 0.04046647250652313, "max": 0.05553176626563072, "mean": 0.04799911938607693, "std": 0.007532646879553795, "repeat": 2, "number": 1}]}, "readwrite.TimeRead.time_pathfinder_read": {"result": [5.698186040855944], "stats": [{"ci_99": [5.447613096795976, 5.948758984915912], "q_25": 5.6956803114153445, "q_75": 5.700691770296544, "min": 5.693174581974745, "max": 5.7031974997371435, "mean": 5.698186040855944, "std": 0.00501145888119936, "repeat": 2, "number": 1}]}, "readwrite.TimeRead.time_pathfinder_write": {"result": [0.025519784539937973], "stats": [{"ci_99": [0.017536580562591553, 0.033502988517284386], "q_25": 0.02543995250016451, "q_75": 0.025599616579711437, "min": 0.025360120460391045, "max": 0.0256794486194849, "mean": 0.025519784539937973, "std": 0.0001596640795469284, "repeat": 2, "number": 1}]}, "sampling.TimeSampling.time_forward_sample": null, "sampling.TimeSampling.time_gibbs_sampling": null, "sampling.TimeSampling.time_likelihood_sample": {"result": [5.243101819418371], "stats": [{"ci_99": [4.416119829751551, 6.070083809085189], "q_25": 5.2348319995217025, "q_75": 5.251371639315039, "min": 5.226562179625034, "max": 5.259641459211707, "mean": 5.243101819418371, "std": 0.01653963979333639, "repeat": 2, "number": 1}]}, "sampling.TimeSampling.time_rejection_sample": null, "structure_learning.TimeHillClimb.time_hillclimb": null, "structure_learning.TimePC.time_pc_orig": {"result": [47.38009454496205], "stats": [{"ci_99": [-33.91116746887565, 128.6713565587997], "q_25": 46.56718192482367, "q_75": 48.193007165100425, "min": 45.754269304685295, "max": 49.0059197852388, "mean": 47.38009454496205, "std": 1.625825240276754, "repeat": 2, "number": 1}]}, "structure_learning.TimePC.time_pc_stable": {"result": [52.54464408569038], "stats": [{"ci_99": [-0.5060013085603714, 105.59528947994109], "q_25": 52.01413763174787, "q_75": 53.07515053963289, "min": 51.483631177805364, "max": 53.605656993575394, "mean": 52.54464408569038, "std": 1.061012907885015, "repeat": 2, "number": 1}]}, "factor.TimeDiscreteFactor.time_factor_compare": {"result": [6.98795011698805e-05], "stats": [{"ci_99": [6.946165188653579e-05, 7.024853928199667e-05], "q_25": 6.974709917180585e-05, "q_75": 6.995905832146967e-05, "min": 6.946165188653579e-05, "max": 7.024853928199667e-05, "mean": 6.98572283746391e-05, "std": 1.9848482943544567e-07, "repeat": 10, "number": 151}]}, "inference.TimeBeliefPropagation.time_query_alarm": {"result": [104.78371405601501], "stats": [{"ci_99": [98.42638490349054, 111.14104320853949], "q_25": 104.72014076448977, "q_75": 104.84728734754026, "min": 104.65656747296453, "max": 104.9108606390655, "mean": 104.78371405601501, "std": 0.12714658305048943, "repeat": 2, "number": 1}]}, "inference.TimeVariableElimination.time_query_alarm": {"result": [0.664791283197701], "stats": [{"ci_99": [0.6495827081064294, 0.6818869432052066], "q_25": 0.6604005116969347, "q_75": 0.6701255971565843, "min": 0.6601936407387257, "max": 0.6731630954891443, "mean": 0.665734825655818, "std": 0.005590631206347387, "repeat": 4, "number": 1}]}, "inference.TimeVariableElimination.time_query_munin": null, "parameter_learning.TimeBayesianEstimator.time_alarm_bayesian_estimator": null, "parameter_learning.TimeBayesianEstimator.time_munin_bayesian_estimator": null, "parameter_learning.TimeExpectationMaximization.time_alarm_em": null, "parameter_learning.TimeExpectationMaximization.time_munin_em": null, "parameter_learning.TimeMLE.time_alarm_mle": null, "parameter_learning.TimeMLE.time_munin_mle": null, "structure_learning.TimeHillClimbAlarmModel.time_hillclimb": null, "structure_learning.TimeMmhcAlarmModel.time_mmhc": null, "structure_learning.TimePCAlarmModel.time_pc_orig": null, "structure_learning.TimePCAlarmModel.time_pc_stable": null, "structure_learning.TimeTreeSearchAlarmModel.time_tan": null}, "params": {"arch": "x86_64", "cpu": "Intel(R) Core(TM) i9-9820X CPU @ 3.30GHz", "machine": "graveyard", "num_cpu": "20", "os": "Linux 4.15.0-112-generic", "ram": "131688676", "python": "3.8"}, "requirements": {}, "commit_hash": "2659d7fa5a062ddf1f531184e3bcf6a4f74ee0ad", "date": 1595150537000, "env_name": "conda-py3.8", "python": "3.8", "profiles": {}, "started_at": {"factor.TimeDiscreteFactor.time_factor_marginalize": 1654468719891, "factor.TimeDiscreteFactor.time_factor_multiply_large": 1654468720097, "factor.TimeDiscreteFactor.time_factor_reduce": 1654468720303, "import.TimeImport.time_import": 1654468720509, "readwrite.TimeRead.time_asia_read": 1654468950765, "readwrite.TimeRead.time_asia_write": 1654468974636, "readwrite.TimeRead.time_munin_read": 1654468998308, "readwrite.TimeRead.time_munin_write": 1654469033962, "readwrite.TimeRead.time_pathfinder_read": 1654469057585, "readwrite.TimeRead.time_pathfinder_write": 1654469093390, "sampling.TimeSampling.time_forward_sample": 1654468107637, "sampling.TimeSampling.time_gibbs_sampling": 1654468107944, "sampling.TimeSampling.time_likelihood_sample": 1654469117012, "sampling.TimeSampling.time_rejection_sample": 1654468719100, "structure_learning.TimeHillClimb.time_hillclimb": 1610530473105, "structure_learning.TimePC.time_pc_orig": 1610530924335, "structure_learning.TimePC.time_pc_stable": 1610531032081, "factor.TimeDiscreteFactor.time_factor_compare": 1654468719684,