{"results": {"factor.TimeDiscreteFactor.time_factor_marginalize": {"result": [6.184917980466376e-05], "stats": [{"ci_99": [6.116499108347026e-05, 6.2413386661898e-05], "q_25": 6.129510901783678e-05, "q_75": 6.200912916524844e-05, "min": 6.116499108347026e-05, "max": 6.2413386661898e-05, "mean": 6.172095361927694e-05, "std": 4.267713928055923e-07, "repeat": 10, "number": 176}]}, "factor.TimeDiscreteFactor.time_factor_multiply_large": {"result": [5.194362500126328e-05], "stats": [{"ci_99": [5.1233917474746704e-05, 5.2330688842664965e-05], "q_25": 5.186360850223998e-05, "q_75": 5.2066515442601876e-05, "min": 5.1233917474746704e-05, "max": 5.2330688842664965e-05, "mean": 5.191754355532298e-05, "std": 2.6936109886813517e-07, "repeat": 10, "number": 211}]}, "factor.TimeDiscreteFactor.time_factor_reduce": {"result": [3.019520966720975e-05], "stats": [{"ci_99": [2.9958333029891506e-05, 3.0378218401562084e-05], "q_25": 3.0171741877705596e-05, "q_75": 3.0199503243872613e-05, "min": 2.9958333029891506e-05, "max": 3.0378218401562084e-05, "mean": 3.0183131721886723e-05, "std": 1.2527153725230787e-07, "repeat": 10, "number": 363}]}, "import.TimeImport.time_import": {"result": [1.24954773582603e-07], "stats": [{"ci_99": [1.2323922436739048e-07, 1.2669830340925636e-07], "q_25": 1.2477060707914893e-07, "q_75": 1.2562263700430694e-07, "min": 1.2323922436739048e-07, "max": 1.2669830340925636e-07, "mean": 1.2509844087638071e-07, "std": 8.878904749592271e-10, "repeat": 10, "number": 87139}]}, "readwrite.TimeRead.time_asia_read": {"result": [0.14999508764594793], "stats": [{"ci_99": [-0.028329948894679546, 0.3283201241865753], "q_25": 0.14821183728054166, "q_75": 0.1517783380113542, "min": 0.14642858691513538, "max": 0.15356158837676048, "mean": 0.14999508764594793, "std": 0.0035665007308125496, "repeat": 2, "number": 1}]}, "readwrite.TimeRead.time_asia_write": {"result": [0.0006158945245155389], "stats": [{"ci_99": [0.0004403132243432847, 0.0007914758246877931], "q_25": 0.0006141387115138164, "q_75": 0.0006176503375172615, "min": 0.0006123828985120939, "max": 0.0006194061505189841, "mean": 0.0006158945245155389, "std": 3.511626003445086e-06, "repeat": 2, "number": 69}]}, "readwrite.TimeRead.time_munin_read": {"result": [5.235993097536266], "stats": [{"ci_99": [5.180341497994959, 5.291644697077572], "q_25": 5.235436581540853, "q_75": 5.236549613531679, "min": 5.23488006554544, "max": 5.237106129527092, "mean": 5.235993097536266, "std": 0.00111303199082613, "repeat": 2, "number": 1}]}, "readwrite.TimeRead.time_munin_write": {"result": [0.04033851996064186], "stats": [{"ci_99": [0.027386710047721863, 0.053290329873561845], "q_25": 0.04020900186151266, "q_75": 0.04046803805977106, "min": 0.04007948376238346, "max": 0.04059755615890026, "mean": 0.04033851996064186, "std": 0.00025903619825839996, "repeat": 2, "number": 1}]}, "readwrite.TimeRead.time_pathfinder_read": {"result": [5.832754065282643], "stats": [{"ci_99": [5.709534733556211, 5.955973397009075], "q_25": 5.8315218719653785, "q_75": 5.833986258599907, "min": 5.830289678648114, "max": 5.8352184519171715, "mean": 5.832754065282643, "std": 0.002464386634528637, "repeat": 2, "number": 1}]}, "readwrite.TimeRead.time_pathfinder_write": {"result": [0.024802555330097675], "stats": [{"ci_99": [0.010126727633178234, 0.0394783830270171], "q_25": 0.02465579705312848, "q_75": 0.02494931360706687, "min": 0.024509038776159286, "max": 0.025096071884036064, "mean": 0.024802555330097675, "std": 0.0002935165539383888, "repeat": 2, "number": 1}]}, "sampling.TimeSampling.time_forward_sample": null, "sampling.TimeSampling.time_gibbs_sampling": null, "sampling.TimeSampling.time_likelihood_sample": {"result": [5.1259394539520144], "stats": [{"ci_99": [4.765169070102274, 5.4867098378017545], "q_25": 5.122331750113517, "q_75": 5.129547157790512, "min": 5.11872404627502, "max": 5.133154861629009, "mean": 5.1259394539520144, "std": 0.007215407676994801, "repeat": 2, "number": 1}]}, "sampling.TimeSampling.time_rejection_sample": null, "structure_learning.TimeHillClimb.time_hillclimb": null, "structure_learning.TimePC.time_pc_orig": {"result": [62.415531078819185], "stats": [{"ci_99": [50.70522209769115, 74.12584005994721], "q_25": 62.298427989007905, "q_75": 62.532634168630466, "min": 62.181324899196625, "max": 62.649737258441746, "mean": 62.415531078819185, "std": 0.23420617962256074, "repeat": 2, "number": 1}]}, "structure_learning.TimePC.time_pc_stable": {"result": [62.696363129187375], "stats": [{"ci_99": [45.59029888315126, 79.80242737522347], "q_25": 62.525302486727014, "q_75": 62.867423771647736, "min": 62.35424184426665, "max": 63.0384844141081, "mean": 62.696363129187375, "std": 0.34212128492072225, "repeat": 2, "number": 1}]}, "factor.TimeDiscreteFactor.time_factor_compare": {"result": [7.127159906010475e-05], "stats": [{"ci_99": [7.104138212819253e-05, 7.217390643012139e-05], "q_25": 7.115182196421009e-05, "q_75": 7.129550701187503e-05, "min": 7.104138212819253e-05, "max": 7.217390643012139e-05, "mean": 7.136197460274541e-05, "std": 3.514544391860523e-07, "repeat": 10, "number": 155}]}, "inference.TimeBeliefPropagation.time_query_alarm": {"result": [82.24918319284916], "stats": [{"ci_99": [71.13216610997915, 93.36620027571915], "q_25": 82.13801302202046, "q_75": 82.36035336367786, "min": 82.02684285119176, "max": 82.47152353450656, "mean": 82.24918319284916, "std": 0.22234034165740013, "repeat": 2, "number": 1}]}, "inference.TimeVariableElimination.time_query_alarm": {"result": [0.11384494975209236], "stats": [{"ci_99": [0.08834152058145361, 0.15484244241932044], "q_25": 0.1129617658443749, "q_75": 0.12247516540810466, "min": 0.11279872246086597, "max": 0.14587930403649807, "mean": 0.12159198150038719, "std": 0.014041032555803313, "repeat": 4, "number": 1}]}, "inference.TimeVariableElimination.time_query_munin": null, "parameter_learning.TimeBayesianEstimator.time_alarm_bayesian_estimator": null, "parameter_learning.TimeBayesianEstimator.time_munin_bayesian_estimator": null, "parameter_learning.TimeExpectationMaximization.time_alarm_em": null, "parameter_learning.TimeExpectationMaximization.time_munin_em": null, "parameter_learning.TimeMLE.time_alarm_mle": null, "parameter_learning.TimeMLE.time_munin_mle": null, "structure_learning.TimeHillClimbAlarmModel.time_hillclimb": null, "structure_learning.TimeMmhcAlarmModel.time_mmhc": null, "structure_learning.TimePCAlarmModel.time_pc_orig": null, "structure_learning.TimePCAlarmModel.time_pc_stable": null, "structure_learning.TimeTreeSearchAlarmModel.time_tan": null}, "params": {"arch": "x86_64", "cpu": "Intel(R) Core(TM) i9-9820X CPU @ 3.30GHz", "machine": "graveyard", "num_cpu": "20", "os": "Linux 4.15.0-112-generic", "ram": "131688676", "python": "3.7"}, "requirements": {}, "commit_hash": "2659d7fa5a062ddf1f531184e3bcf6a4f74ee0ad", "date": 1595150537000, "env_name": "conda-py3.7", "python": "3.7", "profiles": {}, "started_at": {"factor.TimeDiscreteFactor.time_factor_marginalize": 1654467280189, "factor.TimeDiscreteFactor.time_factor_multiply_large": 1654467280396, "factor.TimeDiscreteFactor.time_factor_reduce": 1654467280602, "import.TimeImport.time_import": 1654467280808, "readwrite.TimeRead.time_asia_read": 1654467465302, "readwrite.TimeRead.time_asia_write": 1654467489776, "readwrite.TimeRead.time_munin_read": 1654467513949, "readwrite.TimeRead.time_munin_write": 1654467550356, "readwrite.TimeRead.time_pathfinder_read": 1654467574630, "readwrite.TimeRead.time_pathfinder_write": 1654467611234, "sampling.TimeSampling.time_forward_sample": 1654466668231, "sampling.TimeSampling.time_gibbs_sampling": 1654466668488, "sampling.TimeSampling.time_likelihood_sample": 1654467635409, "sampling.TimeSampling.time_rejection_sample": 1654467279445, "structure_learning.TimeHillClimb.time_hillclimb": 1610528354269, "structure_learning.TimePC.time_pc_orig": 1610528814627, "structure_learning.TimePC.time_pc_stable": 1610528937508, "factor.TimeDiscreteFactor.time_factor_compare": 1654467279982,