{"results": {"factor.TimeDiscreteFactor.time_factor_marginalize": {"result": [6.478376497950734e-05], "stats": [{"ci_99": [6.382720238423045e-05, 6.599500303781485e-05], "q_25": 6.410719154850591e-05, "q_75": 6.555776182514958e-05, "min": 6.382720238423045e-05, "max": 6.599500303781485e-05, "mean": 6.48410955467556e-05, "std": 7.888632658619162e-07, "repeat": 10, "number": 158}]}, "factor.TimeDiscreteFactor.time_factor_multiply_large": {"result": [5.645618754594277e-05], "stats": [{"ci_99": [5.6107412092387676e-05, 5.69406741609176e-05], "q_25": 5.6382419037011765e-05, "q_75": 5.674667045241222e-05, "min": 5.6107412092387676e-05, "max": 5.69406741609176e-05, "mean": 5.651593285923203e-05, "std": 2.575210057136868e-07, "repeat": 10, "number": 192}]}, "factor.TimeDiscreteFactor.time_factor_reduce": {"result": [3.265665956970417e-05], "stats": [{"ci_99": [3.2470228545593494e-05, 3.2918804296941465e-05], "q_25": 3.255208192223852e-05, "q_75": 3.2765931929602765e-05, "min": 3.2470228545593494e-05, "max": 3.2918804296941465e-05, "mean": 3.267385742881081e-05, "std": 1.5343860652005986e-07, "repeat": 10, "number": 330}]}, "import.TimeImport.time_import": {"result": [1.3071200472511328e-07], "stats": [{"ci_99": [1.2946003011579914e-07, 1.3283394445235566e-07], "q_25": 1.298609101325382e-07, "q_75": 1.309724349245606e-07, "min": 1.2946003011579914e-07, "max": 1.3283394445235566e-07, "mean": 1.3066030852541823e-07, "std": 9.438128348947537e-10, "repeat": 10, "number": 82420}]}, "readwrite.TimeRead.time_asia_read": {"result": [0.14720208197832108], "stats": [{"ci_99": [-0.001388944685459137, 0.2957931086421012], "q_25": 0.14571617171168327, "q_75": 0.14868799224495888, "min": 0.14423026144504547, "max": 0.15017390251159668, "mean": 0.14720208197832108, "std": 0.0029718205332756042, "repeat": 2, "number": 1}]}, "readwrite.TimeRead.time_asia_write": {"result": [0.00041865491948556155], "stats": [{"ci_99": [-0.009113081658142619, 0.009950391497113733], "q_25": 0.00032333755370927975, "q_75": 0.0005139722852618434, "min": 0.00022802018793299794, "max": 0.0006092896510381252, "mean": 0.00041865491948556155, "std": 0.0001906347315525636, "repeat": 2, "number": 64}]}, "readwrite.TimeRead.time_munin_read": {"result": [5.7045055609196424], "stats": [{"ci_99": [5.185172339901328, 6.223838781937957], "q_25": 5.699312228709459, "q_75": 5.709698893129826, "min": 5.694118896499276, "max": 5.714892225340009, "mean": 5.7045055609196424, "std": 0.010386664420366287, "repeat": 2, "number": 1}]}, "readwrite.TimeRead.time_munin_write": {"result": [0.04156322870403528], "stats": [{"ci_99": [0.03724016901105642, 0.04588628839701414], "q_25": 0.041519998107105494, "q_75": 0.04160645930096507, "min": 0.041476767510175705, "max": 0.04164968989789486, "mean": 0.04156322870403528, "std": 8.646119385957718e-05, "repeat": 2, "number": 1}]}, "readwrite.TimeRead.time_pathfinder_read": {"result": [6.313491944223642], "stats": [{"ci_99": [5.95782907307148, 6.669154815375805], "q_25": 6.309935315512121, "q_75": 6.317048572935164, "min": 6.306378686800599, "max": 6.320605201646686, "mean": 6.313491944223642, "std": 0.007113257423043251, "repeat": 2, "number": 1}]}, "readwrite.TimeRead.time_pathfinder_write": {"result": [0.024977552704513073], "stats": [{"ci_99": [0.018366792239248753, 0.031588313169777386], "q_25": 0.02491144509986043, "q_75": 0.025043660309165716, "min": 0.024845337495207787, "max": 0.02510976791381836, "mean": 0.024977552704513073, "std": 0.0001322152093052864, "repeat": 2, "number": 1}]}, "sampling.TimeSampling.time_forward_sample": null, "sampling.TimeSampling.time_gibbs_sampling": null, "sampling.TimeSampling.time_likelihood_sample": {"result": [5.363547675311565], "stats": [{"ci_99": [5.194513652473688, 5.532581698149443], "q_25": 5.361857335083187, "q_75": 5.365238015539944, "min": 5.360166994854808, "max": 5.366928355768323, "mean": 5.363547675311565, "std": 0.0033806804567575455, "repeat": 2, "number": 1}]}, "sampling.TimeSampling.time_rejection_sample": null, "structure_learning.TimeHillClimb.time_hillclimb": null, "structure_learning.TimePC.time_pc_orig": {"result": [48.19111796747893], "stats": [{"ci_99": [36.87792747002095, 59.504308464936905], "q_25": 48.07798606250435, "q_75": 48.30424987245351, "min": 47.96485415752977, "max": 48.41738177742809, "mean": 48.19111796747893, "std": 0.22626380994915962, "repeat": 2, "number": 1}]}, "structure_learning.TimePC.time_pc_stable": {"result": [54.23677238076925], "stats": [{"ci_99": [49.86973358690739, 58.60381117463112], "q_25": 54.193101992830634, "q_75": 54.28044276870787, "min": 54.149431604892015, "max": 54.32411315664649, "mean": 54.23677238076925, "std": 0.08734077587723732, "repeat": 2, "number": 1}]}, "factor.TimeDiscreteFactor.time_factor_compare": {"result": [7.575796917080879e-05], "stats": [{"ci_99": [7.52914800412125e-05, 7.630440975642866e-05], "q_25": 7.54271459300071e-05, "q_75": 7.596138554314771e-05, "min": 7.52914800412125e-05, "max": 7.630440975642866e-05, "mean": 7.575897810359795e-05, "std": 3.4836402272859726e-07, "repeat": 10, "number": 144}]}, "inference.TimeBeliefPropagation.time_query_alarm": {"result": [36.978140831924975], "stats": [{"ci_99": [35.07969699334353, 38.87658467050642], "q_25": 36.95915639353916, "q_75": 36.99712527031079, "min": 36.940171955153346, "max": 37.016109708696604, "mean": 36.978140831924975, "std": 0.03796887677162886, "repeat": 2, "number": 1}]}, "inference.TimeVariableElimination.time_query_alarm": {"result": [0.32381595578044653], "stats": [{"ci_99": [0.32039469024702527, 0.3271834309159257], "q_25": 0.3227678155526519, "q_75": 0.32483720080927014, "min": 0.32239827141165733, "max": 0.3251260593533516, "mean": 0.3237890605814755, "std": 0.0011655904805438439, "repeat": 4, "number": 1}]}, "inference.TimeVariableElimination.time_query_munin": null, "parameter_learning.TimeBayesianEstimator.time_alarm_bayesian_estimator": null, "parameter_learning.TimeBayesianEstimator.time_munin_bayesian_estimator": null, "parameter_learning.TimeExpectationMaximization.time_alarm_em": null, "parameter_learning.TimeExpectationMaximization.time_munin_em": null, "parameter_learning.TimeMLE.time_alarm_mle": null, "parameter_learning.TimeMLE.time_munin_mle": null, "structure_learning.TimeHillClimbAlarmModel.time_hillclimb": null, "structure_learning.TimeMmhcAlarmModel.time_mmhc": null, "structure_learning.TimePCAlarmModel.time_pc_orig": null, "structure_learning.TimePCAlarmModel.time_pc_stable": null, "structure_learning.TimeTreeSearchAlarmModel.time_tan": null}, "params": {"arch": "x86_64", "cpu": "Intel(R) Core(TM) i9-9820X CPU @ 3.30GHz", "machine": "graveyard", "num_cpu": "20", "os": "Linux 4.15.0-112-generic", "ram": "131688676", "python": "3.6"}, "requirements": {}, "commit_hash": "2659d7fa5a062ddf1f531184e3bcf6a4f74ee0ad", "date": 1595150537000, "env_name": "conda-py3.6", "python": "3.6", "profiles": {}, "started_at": {"factor.TimeDiscreteFactor.time_factor_marginalize": 1654465960942, "factor.TimeDiscreteFactor.time_factor_multiply_large": 1654465961148, "factor.TimeDiscreteFactor.time_factor_reduce": 1654465961355, "import.TimeImport.time_import": 1654465961561, "readwrite.TimeRead.time_asia_read": 1654466057122, "readwrite.TimeRead.time_asia_write": 1654466083200, "readwrite.TimeRead.time_munin_read": 1654466109178, "readwrite.TimeRead.time_munin_write": 1654466148092, "readwrite.TimeRead.time_pathfinder_read": 1654466174070, "readwrite.TimeRead.time_pathfinder_write": 1654466213234, "sampling.TimeSampling.time_forward_sample": 1654465348490, "sampling.TimeSampling.time_gibbs_sampling": 1654465348797, "sampling.TimeSampling.time_likelihood_sample": 1654466239214, "sampling.TimeSampling.time_rejection_sample": 1654465960198, "structure_learning.TimeHillClimb.time_hillclimb": 1610526210909, "structure_learning.TimePC.time_pc_orig": 1610526687574, "structure_learning.TimePC.time_pc_stable": 1610526815014, "factor.TimeDiscreteFactor.time_factor_compare": 1654465960735,