{"results": {"factor.TimeDiscreteFactor.time_factor_marginalize": {"result": [6.526107528458344e-05], "stats": [{"ci_99": [6.372120482789958e-05, 6.571888603681436e-05], "q_25": 6.400864925578328e-05, "q_75": 6.548699528618825e-05, "min": 6.372120482789958e-05, "max": 6.571888603681436e-05, "mean": 6.484248978228657e-05, "std": 7.614513690363916e-07, "repeat": 10, "number": 163}]}, "factor.TimeDiscreteFactor.time_factor_multiply_large": {"result": [5.5304733299029366e-05], "stats": [{"ci_99": [5.4476045382519565e-05, 5.679043048682312e-05], "q_25": 5.455668482075756e-05, "q_75": 5.628494303285455e-05, "min": 5.4476045382519565e-05, "max": 5.679043048682312e-05, "mean": 5.545656022150069e-05, "std": 9.061126895391519e-07, "repeat": 10, "number": 192}]}, "factor.TimeDiscreteFactor.time_factor_reduce": {"result": [3.300139573585591e-05], "stats": [{"ci_99": [3.273364190248564e-05, 3.315907343096603e-05], "q_25": 3.284859130569815e-05, "q_75": 3.3053639837262136e-05, "min": 3.273364190248564e-05, "max": 3.315907343096603e-05, "mean": 3.2960297117780706e-05, "std": 1.308810580806571e-07, "repeat": 10, "number": 331}]}, "import.TimeImport.time_import": {"result": [1.3163584027732645e-07], "stats": [{"ci_99": [1.3032071920362747e-07, 1.3289832122393429e-07], "q_25": 1.3056784528940405e-07, "q_75": 1.325917485091261e-07, "min": 1.3032071920362747e-07, "max": 1.3289832122393429e-07, "mean": 1.3157653669211848e-07, "std": 1.0065031401029516e-09, "repeat": 10, "number": 78129}]}, "inference.TimeVariableElimination.time_query_alarm": {"result": [0.058185823261737823], "stats": [{"ci_99": [0.033334725865387355, 0.09866306991014509], "q_25": 0.05802923394367099, "q_75": 0.0661554872058332, "min": 0.057585399597883224, "max": 0.09003854542970657, "mean": 0.06599889788776636, "std": 0.01388146270295723, "repeat": 4, "number": 1}]}, "inference.TimeVariableElimination.time_query_munin": {"result": [0.5318657057359815], "stats": [{"ci_99": [0.428754708961526, 0.6769933949700206], "q_25": 0.5168493892997503, "q_75": 0.5678903684020042, "min": 0.5137726608663797, "max": 0.6339921355247498, "mean": 0.5528740519657731, "std": 0.048433575948494116, "repeat": 4, "number": 1}]}, "readwrite.TimeRead.time_asia_read": {"result": [0.009338733274489641], "stats": [{"ci_99": [0.008026755880564451, 0.01065071066841483], "q_25": 0.00932561350055039, "q_75": 0.009351853048428893, "min": 0.009312493726611137, "max": 0.009364972822368145, "mean": 0.009338733274489641, "std": 2.62395478785038e-05, "repeat": 2, "number": 2}]}, "readwrite.TimeRead.time_asia_write": {"result": [0.0006812501308177748], "stats": [{"ci_99": [0.00040922207277148035, 0.000953278188864069], "q_25": 0.0006785298502373119, "q_75": 0.0006839704113982377, "min": 0.0006758095696568489, "max": 0.0006866906919787007, "mean": 0.0006812501308177748, "std": 5.440561160925889e-06, "repeat": 2, "number": 62}]}, "readwrite.TimeRead.time_munin_read": {"result": [5.62681026943028], "stats": [{"ci_99": [3.0825132708996534, 8.171107267960904], "q_25": 5.6013672994449735, "q_75": 5.652253239415586, "min": 5.575924329459667, "max": 5.677696209400892, "mean": 5.62681026943028, "std": 0.050885939970612526, "repeat": 2, "number": 1}]}, "readwrite.TimeRead.time_munin_write": {"result": [0.042670631781220436], "stats": [{"ci_99": [0.03611207194626331, 0.04922919161617755], "q_25": 0.042605046182870865, "q_75": 0.04273621737957001, "min": 0.042539460584521294, "max": 0.04280180297791958, "mean": 0.042670631781220436, "std": 0.00013117119669914246, "repeat": 2, "number": 1}]}, "readwrite.TimeRead.time_pathfinder_read": {"result": [6.5085858264938], "stats": [{"ci_99": [-2.643331171013415, 15.660502824001007], "q_25": 6.4170666565187275, "q_75": 6.600104996468872, "min": 6.325547486543655, "max": 6.691624166443944, "mean": 6.5085858264938, "std": 0.1830383399501443, "repeat": 2, "number": 1}]}, "readwrite.TimeRead.time_pathfinder_write": {"result": [0.025281673297286034], "stats": [{"ci_99": [0.021145576611161232, 0.029417769983410832], "q_25": 0.025240312330424786, "q_75": 0.02532303426414728, "min": 0.025198951363563538, "max": 0.02536439523100853, "mean": 0.025281673297286034, "std": 8.272193372249603e-05, "repeat": 2, "number": 1}]}, "sampling.TimeSampling.time_forward_sample": {"result": [0.20384568814188242], "stats": [{"ci_99": [0.20311151444911957, 0.2050684541463852], "q_25": 0.20343235321342945, "q_75": 0.20421736361458898, "min": 0.20311151444911957, "max": 0.2050684541463852, "mean": 0.20386781375855206, "std": 0.0005605024165072234, "repeat": 10, "number": 1}]}, "sampling.TimeSampling.time_gibbs_sampling": null, "sampling.TimeSampling.time_likelihood_sample": {"result": [0.21170584205538034], "stats": [{"ci_99": [0.20938160829246044, 0.23727507144212723], "q_25": 0.21054978528991342, "q_75": 0.21400288585573435, "min": 0.20938160829246044, "max": 0.23727507144212723, "mean": 0.2143982768058777, "std": 0.007832643691201662, "repeat": 10, "number": 1}]}, "sampling.TimeSampling.time_rejection_sample": {"result": [35.34376253001392], "stats": [{"ci_99": [-70.9104653019458, 141.59799036197356], "q_25": 34.28122025169432, "q_75": 36.406304808333516, "min": 33.218677973374724, "max": 37.46884708665311, "mean": 35.34376253001392, "std": 2.1250845566391945, "repeat": 2, "number": 1}]}, "structure_learning.TimeHillClimb.time_hillclimb": null, "structure_learning.TimePC.time_pc_orig": {"result": [44.11796282418072], "stats": [{"ci_99": [42.65415880270302, 45.58176684565842], "q_25": 44.103324783965945, "q_75": 44.1326008643955, "min": 44.08868674375117, "max": 44.147238904610276, "mean": 44.11796282418072, "std": 0.029276080429553986, "repeat": 2, "number": 1}]}, "structure_learning.TimePC.time_pc_stable": {"result": [43.93155584856868], "stats": [{"ci_99": [33.750651597976685, 54.112460099160664], "q_25": 43.82974680606276, "q_75": 44.0333648910746, "min": 43.72793776355684, "max": 44.13517393358052, "mean": 43.93155584856868, "std": 0.20361808501183987, "repeat": 2, "number": 1}]}}, "params": {"arch": "x86_64", "cpu": "Intel(R) Core(TM) i9-9820X CPU @ 3.30GHz", "machine": "graveyard", "num_cpu": "20", "os": "Linux 4.15.0-112-generic", "ram": "131688676", "python": "3.6"}, "requirements": {}, "commit_hash": "283770579086b79492e52926b72ea51e31ed94d7", "date": 1623860409000, "env_name": "conda-py3.6", "python": "3.6", "profiles": {}, "started_at": {"factor.TimeDiscreteFactor.time_factor_marginalize": 1625092935577, "factor.TimeDiscreteFactor.time_factor_multiply_large": 1625092935785, "factor.TimeDiscreteFactor.time_factor_reduce": 1625092935992, "import.TimeImport.time_import": 1625092936198, "inference.TimeVariableElimination.time_query_alarm": 1625092936405, "inference.TimeVariableElimination.time_query_munin": 1625092955513, "readwrite.TimeRead.time_asia_read": 1625092975875, "readwrite.TimeRead.time_asia_write": 1625093001100, "readwrite.TimeRead.time_munin_read": 1625093026877, "readwrite.TimeRead.time_munin_write": 1625093065688, "readwrite.TimeRead.time_pathfinder_read": 1625093091464, "readwrite.TimeRead.time_pathfinder_write": 1625093131228, "sampling.TimeSampling.time_forward_sample": 1625093157004, "sampling.TimeSampling.time_gibbs_sampling": 1625092095240, "sampling.TimeSampling.time_likelihood_sample": 1625093158868, "sampling.TimeSampling.time_rejection_sample": 1625093160781, "structure_learning.TimeHillClimb.time_hillclimb": 1625092767606, "structure_learning.TimePC.time_pc_orig": 1625093235707, "structure_learning.TimePC.time_pc_stable": 1625093319388}, "ended_at": {"factor.TimeDiscreteFactor.time_factor_marginalize": 1625092935784, "factor.TimeDiscreteFactor.time_factor_multiply_large": 1625092935991, "factor.TimeDiscreteFactor.time_factor_reduce": 1625092936198, "import.TimeImport.time_import": 1625092936405, "inference.TimeVariableElimination.time_query_alarm": 1625092955513, "inference.TimeVariableElimination.time_query_munin": 1625092975875, "readwrite.TimeRead.time_asia_read": 1625093001100,