{"results": {"factor.TimeDiscreteFactor.time_factor_marginalize": {"result": [6.17071735055259e-05], "stats": [{"ci_99": [6.153834251205572e-05, 6.219412964046672e-05], "q_25": 6.160326563659009e-05, "q_75": 6.18148668344771e-05, "min": 6.153834251205572e-05, "max": 6.219412964046672e-05, "mean": 6.175251217203195e-05, "std": 1.952490945200907e-07, "repeat": 10, "number": 178}]}, "factor.TimeDiscreteFactor.time_factor_multiply_large": {"result": [5.1190795902715346e-05], "stats": [{"ci_99": [5.076754321321916e-05, 5.1604877961309335e-05], "q_25": 5.1086331811247835e-05, "q_75": 5.135659137339683e-05, "min": 5.076754321321916e-05, "max": 5.1604877961309335e-05, "mean": 5.1192777971046397e-05, "std": 2.4236583769516725e-07, "repeat": 10, "number": 209}]}, "factor.TimeDiscreteFactor.time_factor_reduce": {"result": [3.0283576233565314e-05], "stats": [{"ci_99": [2.973784700324991e-05, 3.071102491706362e-05], "q_25": 2.9987999988807535e-05, "q_75": 3.058164073489709e-05, "min": 2.973784700324991e-05, "max": 3.071102491706362e-05, "mean": 3.02596724594729e-05, "std": 3.4692861030444655e-07, "repeat": 10, "number": 361}]}, "import.TimeImport.time_import": {"result": [1.2377029259016349e-07], "stats": [{"ci_99": [1.2217576999015312e-07, 1.2424133447232198e-07], "q_25": 1.2336583556928325e-07, "q_75": 1.2399056851249888e-07, "min": 1.2217576999015312e-07, "max": 1.2424133447232198e-07, "mean": 1.235876589340137e-07, "std": 5.799514105119731e-10, "repeat": 10, "number": 89314}]}, "inference.TimeVariableElimination.time_query_alarm": {"result": [0.07801126968115568], "stats": [{"ci_99": [0.07633348028312967, 0.07957674902726368], "q_25": 0.07749615516513586, "q_75": 0.07847022917121649, "min": 0.07724031992256641, "max": 0.07855759933590889, "mean": 0.07795511465519667, "std": 0.0005589597979825135, "repeat": 4, "number": 1}]}, "inference.TimeVariableElimination.time_query_munin": {"result": [0.49909233395010233], "stats": [{"ci_99": [0.49655857796476005, 0.502265333918177], "q_25": 0.4985565273091197, "q_75": 0.4999477625824511, "min": 0.4984141495078802, "max": 0.501049006357789, "mean": 0.4994119559414685, "std": 0.0010436515815168757, "repeat": 4, "number": 1}]}, "readwrite.TimeRead.time_asia_read": {"result": [0.008764438331127167], "stats": [{"ci_99": [0.007574813440442085, 0.009954063221812246], "q_25": 0.008752542082220316, "q_75": 0.008776334580034018, "min": 0.008740645833313465, "max": 0.008788230828940868, "mean": 0.008764438331127167, "std": 2.379249781370163e-05, "repeat": 2, "number": 2}]}, "readwrite.TimeRead.time_asia_write": {"result": [0.0005853940071403117], "stats": [{"ci_99": [0.00045792294153268925, 0.000712865072747934], "q_25": 0.0005841192964842354, "q_75": 0.0005866687177963879, "min": 0.0005828445858281592, "max": 0.0005879434284524641, "mean": 0.0005853940071403117, "std": 2.549421312152448e-06, "repeat": 2, "number": 69}]}, "readwrite.TimeRead.time_munin_read": {"result": [5.297880347818136], "stats": [{"ci_99": [5.289238791912794, 5.306521903723478], "q_25": 5.297793932259083, "q_75": 5.29796676337719, "min": 5.297707516700029, "max": 5.298053178936243, "mean": 5.297880347818136, "std": 0.00017283111810684204, "repeat": 2, "number": 1}]}, "readwrite.TimeRead.time_munin_write": {"result": [0.0404701828956604], "stats": [{"ci_99": [0.01831010729074478, 0.062630258500576], "q_25": 0.040248582139611244, "q_75": 0.04069178365170956, "min": 0.04002698138356209, "max": 0.04091338440775871, "mean": 0.0404701828956604, "std": 0.0004432015120983124, "repeat": 2, "number": 1}]}, "readwrite.TimeRead.time_pathfinder_read": {"result": [5.934254426509142], "stats": [{"ci_99": [5.420517336577177, 6.447991516441107], "q_25": 5.929117055609822, "q_75": 5.939391797408462, "min": 5.923979684710503, "max": 5.944529168307781, "mean": 5.934254426509142, "std": 0.010274741798639297, "repeat": 2, "number": 1}]}, "readwrite.TimeRead.time_pathfinder_write": {"result": [0.024850924499332905], "stats": [{"ci_99": [0.022690209560096264, 0.027011639438569546], "q_25": 0.02482931734994054, "q_75": 0.02487253164872527, "min": 0.024807710200548172, "max": 0.024894138798117638, "mean": 0.024850924499332905, "std": 4.321429878473282e-05, "repeat": 2, "number": 1}]}, "sampling.TimeSampling.time_forward_sample": {"result": [0.20418559852987528], "stats": [{"ci_99": [0.20333577133715153, 0.20463897287845612], "q_25": 0.20391747914254665, "q_75": 0.204445855692029, "min": 0.20333577133715153, "max": 0.20463897287845612, "mean": 0.20413943231105805, "std": 0.00037689565946375387, "repeat": 10, "number": 1}]}, "sampling.TimeSampling.time_gibbs_sampling": null, "sampling.TimeSampling.time_likelihood_sample": {"result": [0.2109745191410184], "stats": [{"ci_99": [0.20825257152318954, 0.22824591398239136], "q_25": 0.20892402436584234, "q_75": 0.21261453302577138, "min": 0.20825257152318954, "max": 0.22824591398239136, "mean": 0.21244177110493184, "std": 0.005615023530468304, "repeat": 10, "number": 1}]}, "sampling.TimeSampling.time_rejection_sample": {"result": [38.240526241250336], "stats": [{"ci_99": [31.55244434904307, 44.928608133457594], "q_25": 38.17364542232826, "q_75": 38.30740706017241, "min": 38.10676460340619, "max": 38.37428787909448, "mean": 38.240526241250336, "std": 0.1337616378441453, "repeat": 2, "number": 1}]}, "structure_learning.TimeHillClimb.time_hillclimb": null, "structure_learning.TimePC.time_pc_orig": {"result": [35.28558640833944], "stats": [{"ci_99": [18.324788809753954, 52.24638400692491], "q_25": 35.115978432353586, "q_75": 35.455194384325296, "min": 34.94637045636773, "max": 35.62480236031115, "mean": 35.28558640833944, "std": 0.33921595197170973, "repeat": 2, "number": 1}]}, "structure_learning.TimePC.time_pc_stable": {"result": [35.04519800376147], "stats": [{"ci_99": [30.108381227590144, 39.98201477993279], "q_25": 34.99582983599976, "q_75": 35.094566171523184, "min": 34.946461668238044, "max": 35.1439343392849, "mean": 35.04519800376147, "std": 0.09873633552342653, "repeat": 2, "number": 1}]}}, "params": {"arch": "x86_64", "cpu": "Intel(R) Core(TM) i9-9820X CPU @ 3.30GHz", "machine": "graveyard", "num_cpu": "20", "os": "Linux 4.15.0-112-generic", "ram": "131688676", "python": "3.7"}, "requirements": {}, "commit_hash": "283770579086b79492e52926b72ea51e31ed94d7", "date": 1623860409000, "env_name": "conda-py3.7", "python": "3.7", "profiles": {}, "started_at": {"factor.TimeDiscreteFactor.time_factor_marginalize": 1625094450810, "factor.TimeDiscreteFactor.time_factor_multiply_large": 1625094451018, "factor.TimeDiscreteFactor.time_factor_reduce": 1625094451225, "import.TimeImport.time_import": 1625094451432, "inference.TimeVariableElimination.time_query_alarm": 1625094451639, "inference.TimeVariableElimination.time_query_munin": 1625094469845, "readwrite.TimeRead.time_asia_read": 1625094489405, "readwrite.TimeRead.time_asia_write": 1625094514529, "readwrite.TimeRead.time_munin_read": 1625094538701, "readwrite.TimeRead.time_munin_write": 1625094575106, "readwrite.TimeRead.time_pathfinder_read": 1625094598777, "readwrite.TimeRead.time_pathfinder_write": 1625094635532, "sampling.TimeSampling.time_forward_sample": 1625094659704, "sampling.TimeSampling.time_gibbs_sampling": 1625093616882, "sampling.TimeSampling.time_likelihood_sample": 1625094661518, "sampling.TimeSampling.time_rejection_sample": 1625094663381, "structure_learning.TimeHillClimb.time_hillclimb": 1625094297578, "structure_learning.TimePC.time_pc_orig": 1625094739861, "structure_learning.TimePC.time_pc_stable": 1625094815922}, "ended_at": {"factor.TimeDiscreteFactor.time_factor_marginalize": 1625094451018, "factor.TimeDiscreteFactor.time_factor_multiply_large": 1625094451225, "factor.TimeDiscreteFactor.time_factor_reduce": 1625094451432, "import.TimeImport.time_import": 1625094451639, "inference.TimeVariableElimination.time_query_alarm": 1625094469844, "inference.TimeVariableElimination.time_query_munin": 1625094489404, "readwrite.TimeRead.time_asia_read": 1625094514529,