{"results": {"factor.TimeDiscreteFactor.time_factor_marginalize": {"result": [6.492941885695842e-05], "stats": [{"ci_99": [6.469208356773782e-05, 6.975864567710254e-05], "q_25": 6.478523673813143e-05, "q_75": 6.543854488517175e-05, "min": 6.469208356773782e-05, "max": 6.975864567710254e-05, "mean": 6.551778133579357e-05, "std": 1.457581838375333e-06, "repeat": 10, "number": 167}]}, "factor.TimeDiscreteFactor.time_factor_multiply_large": {"result": [5.3807824684921747e-05], "stats": [{"ci_99": [5.3162734698632665e-05, 5.520462044721166e-05], "q_25": 5.354777636841454e-05, "q_75": 5.4437835159450034e-05, "min": 5.3162734698632665e-05, "max": 5.520462044721166e-05, "mean": 5.399347902298561e-05, "std": 6.378387475076666e-07, "repeat": 10, "number": 203}]}, "factor.TimeDiscreteFactor.time_factor_reduce": {"result": [3.1267430073436286e-05], "stats": [{"ci_99": [3.111022228450444e-05, 3.266927107867133e-05], "q_25": 3.1153048991597113e-05, "q_75": 3.143828167079415e-05, "min": 3.111022228450444e-05, "max": 3.266927107867133e-05, "mean": 3.151116392042251e-05, "std": 5.443523379385039e-07, "repeat": 10, "number": 346}]}, "import.TimeImport.time_import": {"result": [1.3086207822518915e-07], "stats": [{"ci_99": [1.2847566938571332e-07, 1.684341505574059e-07], "q_25": 1.3038322369940244e-07, "q_75": 1.3482750203361147e-07, "min": 1.2847566938571332e-07, "max": 1.684341505574059e-07, "mean": 1.3531766276004082e-07, "std": 1.1280401487283157e-08, "repeat": 10, "number": 85715}]}, "readwrite.TimeRead.time_asia_read": {"result": [0.17165373428724706], "stats": [{"ci_99": [0.020064954878762364, 0.32324251369573165], "q_25": 0.17013784649316221, "q_75": 0.1731696220813319, "min": 0.16862195869907737, "max": 0.17468550987541676, "mean": 0.17165373428724706, "std": 0.003031775588169694, "repeat": 2, "number": 1}]}, "readwrite.TimeRead.time_asia_write": {"result": [0.0004489782343929013], "stats": [{"ci_99": [-0.0006030093504567497, 0.0015009658192425513], "q_25": 0.00043845835854440475, "q_75": 0.0004594981102413978, "min": 0.00042793848269590825, "max": 0.0004700179860898943, "mean": 0.0004489782343929013, "std": 2.103975169699302e-05, "repeat": 2, "number": 66}]}, "readwrite.TimeRead.time_munin_read": {"result": [5.741013350430876], "stats": [{"ci_99": [5.519524679053575, 5.962502021808177], "q_25": 5.738798463717103, "q_75": 5.743228237144649, "min": 5.73658357700333, "max": 5.745443123858422, "mean": 5.741013350430876, "std": 0.004429773427546024, "repeat": 2, "number": 1}]}, "readwrite.TimeRead.time_munin_write": {"result": [0.04285545786842704], "stats": [{"ci_99": [0.04033045610412955, 0.045380459632724524], "q_25": 0.04283020785078406, "q_75": 0.04288070788607001, "min": 0.04280495783314109, "max": 0.04290595790371299, "mean": 0.04285545786842704, "std": 5.050003528594971e-05, "repeat": 2, "number": 1}]}, "readwrite.TimeRead.time_pathfinder_read": {"result": [6.429554268717766], "stats": [{"ci_99": [6.273781045340002, 6.58532749209553], "q_25": 6.427996536483988, "q_75": 6.4311120009515435, "min": 6.4264388042502105, "max": 6.432669733185321, "mean": 6.429554268717766, "std": 0.0031154644675552845, "repeat": 2, "number": 1}]}, "readwrite.TimeRead.time_pathfinder_write": {"result": [0.026179505046457052], "stats": [{"ci_99": [0.01673745410516858, 0.035621555987745517], "q_25": 0.026085084537044168, "q_75": 0.026273925555869937, "min": 0.025990664027631283, "max": 0.02636834606528282, "mean": 0.026179505046457052, "std": 0.00018884101882576942, "repeat": 2, "number": 1}]}, "sampling.TimeSampling.time_forward_sample": {"result": [0.6422693696804345], "stats": [{"ci_99": [0.6381536237895489, 0.6531648989766836], "q_25": 0.6413887919625267, "q_75": 0.6488719782792032, "min": 0.6381536237895489, "max": 0.6531648989766836, "mean": 0.6444868477992713, "std": 0.005101473787464382, "repeat": 10, "number": 1}]}, "sampling.TimeSampling.time_gibbs_sampling": null, "sampling.TimeSampling.time_likelihood_sample": {"result": [0.6691290065646172], "stats": [{"ci_99": [0.6637204051949084, 0.7033284083008766], "q_25": 0.6655407447833568, "q_75": 0.6708342597121373, "min": 0.6637204051949084, "max": 0.7033284083008766, "mean": 0.6725877910852432, "std": 0.011380168824181629, "repeat": 10, "number": 1}]}, "sampling.TimeSampling.time_rejection_sample": {"result": [97.04451679997146], "stats": [{"ci_99": [82.85042285267264, 111.23861074727027], "q_25": 96.90257586049847, "q_75": 97.18645773944445, "min": 96.76063492102548, "max": 97.32839867891744, "mean": 97.04451679997146, "std": 0.2838818789459765, "repeat": 2, "number": 1}]}, "structure_learning.TimeHillClimb.time_hillclimb": null, "structure_learning.TimePC.time_pc_orig": {"result": [60.29920326801948], "stats": [{"ci_99": [55.98088886146434, 64.61751767457463], "q_25": 60.25602012395393, "q_75": 60.342386412085034, "min": 60.21283697988838, "max": 60.385569556150585, "mean": 60.29920326801948, "std": 0.08636628813110292, "repeat": 2, "number": 1}]}, "structure_learning.TimePC.time_pc_stable": {"result": [53.17919605062343], "stats": [{"ci_99": [48.324105077190325, 58.03428702405653], "q_25": 53.1306451408891, "q_75": 53.22774696035776, "min": 53.08209423115477, "max": 53.276297870092094, "mean": 53.17919605062343, "std": 0.09710181946866214, "repeat": 2, "number": 1}]}}, "params": {"arch": "x86_64", "cpu": "Intel(R) Core(TM) i9-9820X CPU @ 3.30GHz", "machine": "graveyard", "num_cpu": "20", "os": "Linux 4.15.0-112-generic", "ram": "131688676", "python": "3.7"}, "requirements": {}, "commit_hash": "2ddb8313b7c1d00bdb1aabfbc42c7081d50867f0", "date": 1608385148000, "env_name": "conda-py3.7", "python": "3.7", "profiles": {}, "started_at": {"factor.TimeDiscreteFactor.time_factor_marginalize": 1610296138191, "factor.TimeDiscreteFactor.time_factor_multiply_large": 1610296138399, "factor.TimeDiscreteFactor.time_factor_reduce": 1610296138607, "import.TimeImport.time_import": 1610296138816, "readwrite.TimeRead.time_asia_read": 1610296139025, "readwrite.TimeRead.time_asia_write": 1610296165846, "readwrite.TimeRead.time_munin_read": 1610296192514, "readwrite.TimeRead.time_munin_write": 1610296232666, "readwrite.TimeRead.time_pathfinder_read": 1610296259232, "readwrite.TimeRead.time_pathfinder_write": 1610296299586, "sampling.TimeSampling.time_forward_sample": 1610296326206, "sampling.TimeSampling.time_gibbs_sampling": 1610295117609, "sampling.TimeSampling.time_likelihood_sample": 1610296331426, "sampling.TimeSampling.time_rejection_sample": 1610296336797, "structure_learning.TimeHillClimb.time_hillclimb": 1610295917816, "structure_learning.TimePC.time_pc_orig": 1610296535868, "structure_learning.TimePC.time_pc_stable": 1610296644377}, "ended_at": {"factor.TimeDiscreteFactor.time_factor_marginalize": 1610296138399, "factor.TimeDiscreteFactor.time_factor_multiply_large": 1610296138607, "factor.TimeDiscreteFactor.time_factor_reduce": 1610296138816, "import.TimeImport.time_import": 1610296139025, "readwrite.TimeRead.time_asia_read": 1610296165845, "readwrite.TimeRead.time_asia_write": 1610296192513, "readwrite.TimeRead.time_munin_read": 1610296232666, "readwrite.TimeRead.time_munin_write": 1610296259232, "readwrite.TimeRead.time_pathfinder_read": 1610296299585, "readwrite.TimeRead.time_pathfinder_write": 1610296326205, "sampling.TimeSampling.time_forward_sample": 1610296331425, "sampling.TimeSampling.time_gibbs_sampling": 1610295717943, "sampling.TimeSampling.time_likelihood_sample": 1610296336797, "sampling.TimeSampling.time_rejection_sample": 1610296535867, "structure_learning.TimeHillClimb.time_hillclimb": 1610295918774, "structure_learning.TimePC.time_pc_orig": 1610296644377, "structure_learning.TimePC.time_pc_stable": 1610296754683}, "benchmark_version": {"factor.TimeDiscreteFactor.time_factor_marginalize": "a3ae79cdcf3bcd4bc49df94b3b3d5f93c4126249a9b3cf2481ac381ee836f851", "factor.TimeDiscreteFactor.time_factor_multiply_large": "cfb6b66fddb2953948ffb6566ae101535dd1e8d0fd9af855331f39ef905f4450",