{"results": {"factor.TimeDiscreteFactor.time_factor_marginalize": {"result": [6.110107086682587e-05], "stats": [{"ci_99": [6.051324935776464e-05, 6.223561012008217e-05], "q_25": 6.0701609348480616e-05, "q_75": 6.204321352618464e-05, "min": 6.051324935776464e-05, "max": 6.223561012008217e-05, "mean": 6.13301322701272e-05, "std": 6.608733340501211e-07, "repeat": 10, "number": 178}]}, "factor.TimeDiscreteFactor.time_factor_multiply_large": {"result": [4.851867669020538e-05], "stats": [{"ci_99": [4.819405472113026e-05, 4.945277167415178e-05], "q_25": 4.838494997885492e-05, "q_75": 4.8986884023718264e-05, "min": 4.819405472113026e-05, "max": 4.945277167415178e-05, "mean": 4.867049175556059e-05, "std": 3.9017136041994e-07, "repeat": 10, "number": 216}]}, "factor.TimeDiscreteFactor.time_factor_reduce": {"result": [2.9319226846140642e-05], "stats": [{"ci_99": [2.8859578719993933e-05, 3.011763638475028e-05], "q_25": 2.9139868988125934e-05, "q_75": 2.944448321055965e-05, "min": 2.8859578719993933e-05, "max": 3.011763638475028e-05, "mean": 2.9357710034072564e-05, "std": 3.55419480123663e-07, "repeat": 10, "number": 357}]}, "import.TimeImport.time_import": {"result": [1.2753909430524067e-07], "stats": [{"ci_99": [1.2717592624918073e-07, 1.3081385531873066e-07], "q_25": 1.273701134018675e-07, "q_75": 1.2836537708647004e-07, "min": 1.2717592624918073e-07, "max": 1.3081385531873066e-07, "mean": 1.2818083032202633e-07, "std": 1.2891019655948134e-09, "repeat": 10, "number": 78995}]}, "readwrite.TimeRead.time_asia_read": {"result": [0.14157859608530998], "stats": [{"ci_99": [0.07817517966032028, 0.20498201251029963], "q_25": 0.14094456192106009, "q_75": 0.14221263024955988, "min": 0.1403105277568102, "max": 0.14284666441380978, "mean": 0.14157859608530998, "std": 0.001268068328499794, "repeat": 2, "number": 1}]}, "readwrite.TimeRead.time_asia_write": {"result": [0.000375612068976929], "stats": [{"ci_99": [-0.008741987285329336, 0.009493211423283186], "q_25": 0.0002844360754338663, "q_75": 0.0004667880625199916, "min": 0.00019326008189080366, "max": 0.0005579640560630543, "mean": 0.000375612068976929, "std": 0.00018235198708612532, "repeat": 2, "number": 67}]}, "readwrite.TimeRead.time_munin_read": {"result": [5.215173359960318], "stats": [{"ci_99": [5.010764632374048, 5.419582087546587], "q_25": 5.213129272684455, "q_75": 5.21721744723618, "min": 5.211085185408592, "max": 5.219261534512043, "mean": 5.215173359960318, "std": 0.004088174551725388, "repeat": 2, "number": 1}]}, "readwrite.TimeRead.time_munin_write": {"result": [0.040601907297968864], "stats": [{"ci_99": [0.03184123523533344, 0.04936257936060428], "q_25": 0.04051430057734251, "q_75": 0.04068951401859522, "min": 0.040426693856716156, "max": 0.04077712073922157, "mean": 0.040601907297968864, "std": 0.00017521344125270844, "repeat": 2, "number": 1}]}, "readwrite.TimeRead.time_pathfinder_read": {"result": [5.811914280056953], "stats": [{"ci_99": [5.426923036575317, 6.1969055235385895], "q_25": 5.808064367622137, "q_75": 5.81576419249177, "min": 5.804214455187321, "max": 5.819614104926586, "mean": 5.811914280056953, "std": 0.007699824869632721, "repeat": 2, "number": 1}]}, "readwrite.TimeRead.time_pathfinder_write": {"result": [0.025830871425569057], "stats": [{"ci_99": [0.022153311409056187, 0.029508431442081925], "q_25": 0.02579409582540393, "q_75": 0.025867647025734186, "min": 0.0257573202252388, "max": 0.025904422625899315, "mean": 0.025830871425569057, "std": 7.355120033025742e-05, "repeat": 2, "number": 1}]}, "sampling.TimeSampling.time_forward_sample": null, "sampling.TimeSampling.time_gibbs_sampling": null, "sampling.TimeSampling.time_likelihood_sample": {"result": [5.376258229836822], "stats": [{"ci_99": [5.155283974483609, 5.597232485190034], "q_25": 5.374048487283289, "q_75": 5.378467972390354, "min": 5.371838744729757, "max": 5.380677714943886, "mean": 5.376258229836822, "std": 0.004419485107064247, "repeat": 2, "number": 1}]}, "sampling.TimeSampling.time_rejection_sample": null, "structure_learning.TimeHillClimb.time_hillclimb": null, "structure_learning.TimePC.time_pc_orig": {"result": [33.7715662305709], "stats": [{"ci_99": [31.768836999544874, 35.77429546159692], "q_25": 33.75153893826064, "q_75": 33.79159352288116, "min": 33.73151164595038, "max": 33.81162081519142, "mean": 33.7715662305709, "std": 0.04005458462052047, "repeat": 2, "number": 1}]}, "structure_learning.TimePC.time_pc_stable": {"result": [39.583286989014596], "stats": [{"ci_99": [38.79744698898867, 40.369126989040524], "q_25": 39.57542858901434, "q_75": 39.591145389014855, "min": 39.56757018901408, "max": 39.599003789015114, "mean": 39.583286989014596, "std": 0.01571680000051856, "repeat": 2, "number": 1}]}, "factor.TimeDiscreteFactor.time_factor_compare": {"result": [7.057171314954757e-05], "stats": [{"ci_99": [7.023433844248453e-05, 7.12642694513003e-05], "q_25": 7.053402252495289e-05, "q_75": 7.093909817437331e-05, "min": 7.023433844248453e-05, "max": 7.12642694513003e-05, "mean": 7.07090546687444e-05, "std": 3.177954025031423e-07, "repeat": 10, "number": 150}]}, "inference.TimeBeliefPropagation.time_query_alarm": {"result": [54.044523725286126], "stats": [{"ci_99": [51.98540331982076, 56.10364413075149], "q_25": 54.02393252123147, "q_75": 54.06511492934078, "min": 54.00334131717682, "max": 54.08570613339543, "mean": 54.044523725286126, "std": 0.04118240810930729, "repeat": 2, "number": 1}]}, "inference.TimeVariableElimination.time_query_alarm": {"result": [0.0974765494465828], "stats": [{"ci_99": [0.09505896919782279, 0.10065896997784259], "q_25": 0.09702405100688338, "q_75": 0.0983114680275321, "min": 0.09692417085170746, "max": 0.09955860860645771, "mean": 0.09785896958783269, "std": 0.0010495924870198283, "repeat": 4, "number": 1}]}, "inference.TimeVariableElimination.time_query_munin": null, "parameter_learning.TimeBayesianEstimator.time_alarm_bayesian_estimator": null, "parameter_learning.TimeBayesianEstimator.time_munin_bayesian_estimator": null, "parameter_learning.TimeExpectationMaximization.time_alarm_em": null, "parameter_learning.TimeExpectationMaximization.time_munin_em": null, "parameter_learning.TimeMLE.time_alarm_mle": null, "parameter_learning.TimeMLE.time_munin_mle": null, "structure_learning.TimeHillClimbAlarmModel.time_hillclimb": null, "structure_learning.TimeMmhcAlarmModel.time_mmhc": null, "structure_learning.TimePCAlarmModel.time_pc_orig": null, "structure_learning.TimePCAlarmModel.time_pc_stable": null, "structure_learning.TimeTreeSearchAlarmModel.time_tan": null}, "params": {"arch": "x86_64", "cpu": "Intel(R) Core(TM) i9-9820X CPU @ 3.30GHz", "machine": "graveyard", "num_cpu": "20", "os": "Linux 4.15.0-112-generic", "ram": "131688676", "python": "3.8"}, "requirements": {}, "commit_hash": "2f5b21f0085216a05357f2cad34329eca0b88fe2", "date": 1597934195000, "env_name": "conda-py3.8", "python": "3.8", "profiles": {}, "started_at": {"factor.TimeDiscreteFactor.time_factor_marginalize": 1654322946601, "factor.TimeDiscreteFactor.time_factor_multiply_large": 1654322946807, "factor.TimeDiscreteFactor.time_factor_reduce": 1654322947013, "import.TimeImport.time_import": 1654322947220, "readwrite.TimeRead.time_asia_read": 1654323074920, "readwrite.TimeRead.time_asia_write": 1654323099243, "readwrite.TimeRead.time_munin_read": 1654323123417, "readwrite.TimeRead.time_munin_write": 1654323159774, "readwrite.TimeRead.time_pathfinder_read": 1654323183897, "readwrite.TimeRead.time_pathfinder_write": 1654323220404, "sampling.TimeSampling.time_forward_sample": 1654322332344, "sampling.TimeSampling.time_gibbs_sampling": 1654322332701, "sampling.TimeSampling.time_likelihood_sample": 1654323244527, "sampling.TimeSampling.time_rejection_sample": 1654322944250, "structure_learning.TimeHillClimb.time_hillclimb": 1610384707322, "structure_learning.TimePC.time_pc_orig": 1610385104771, "structure_learning.TimePC.time_pc_stable": 1610385197175, "factor.TimeDiscreteFactor.time_factor_compare": 1654322946394,