{"results": {"factor.TimeDiscreteFactor.time_factor_compare": {"result": [5.600503501818352e-05], "stats": [{"ci_99": [5.566781943606347e-05, 5.6258297150897e-05], "q_25": 5.5819420988873105e-05, "q_75": 5.6130818773022634e-05, "min": 5.566781943606347e-05, "max": 5.6258297150897e-05, "mean": 5.597907320125815e-05, "std": 1.880232989351e-07, "repeat": 10, "number": 194}]}, "factor.TimeDiscreteFactor.time_factor_marginalize": {"result": [4.71971763504876e-05], "stats": [{"ci_99": [4.698868427011702e-05, 4.7360766265127393e-05], "q_25": 4.703786431087388e-05, "q_75": 4.7259668095244305e-05, "min": 4.698868427011702e-05, "max": 4.7360766265127393e-05, "mean": 4.7164971629778545e-05, "std": 1.3108885921235538e-07, "repeat": 10, "number": 225}]}, "factor.TimeDiscreteFactor.time_factor_multiply_large": {"result": [2.5846510948591166e-05], "stats": [{"ci_99": [2.553350250115021e-05, 2.6135163430363436e-05], "q_25": 2.5696730608399293e-05, "q_75": 2.5933809719997457e-05, "min": 2.553350250115021e-05, "max": 2.6135163430363436e-05, "mean": 2.5832563674081816e-05, "std": 1.6965213265115016e-07, "repeat": 10, "number": 421}]}, "factor.TimeDiscreteFactor.time_factor_reduce": {"result": [1.6195076324681682e-05], "stats": [{"ci_99": [1.6117780810085738e-05, 1.6274964209736848e-05], "q_25": 1.616671570667588e-05, "q_75": 1.6213483432671284e-05, "min": 1.6117780810085738e-05, "max": 1.6274964209736848e-05, "mean": 1.619218013862648e-05, "std": 4.5403729641536604e-08, "repeat": 10, "number": 656}]}, "import.TimeImport.time_import": {"result": [1.24626713367009e-07], "stats": [{"ci_99": [1.2373995765505137e-07, 1.2525920941380332e-07], "q_25": 1.2417706102158192e-07, "q_75": 1.249192125007491e-07, "min": 1.2373995765505137e-07, "max": 1.2525920941380332e-07, "mean": 1.2458833423020166e-07, "std": 4.804752275644209e-10, "repeat": 10, "number": 88019}]}, "inference.TimeBeliefPropagation.time_query_alarm": null, "inference.TimeVariableElimination.time_query_alarm": null, "inference.TimeVariableElimination.time_query_munin": null, "parameter_learning.TimeBayesianEstimator.time_alarm_bayesian_estimator": null, "parameter_learning.TimeBayesianEstimator.time_munin_bayesian_estimator": null, "parameter_learning.TimeExpectationMaximization.time_alarm_em": null, "parameter_learning.TimeExpectationMaximization.time_munin_em": null, "parameter_learning.TimeMLE.time_alarm_mle": null, "parameter_learning.TimeMLE.time_munin_mle": null, "readwrite.TimeRead.time_asia_read": null, "readwrite.TimeRead.time_asia_write": null, "readwrite.TimeRead.time_munin_read": null, "readwrite.TimeRead.time_munin_write": null, "readwrite.TimeRead.time_pathfinder_read": null, "readwrite.TimeRead.time_pathfinder_write": null, "sampling.TimeSampling.time_forward_sample": null, "sampling.TimeSampling.time_gibbs_sampling": null, "sampling.TimeSampling.time_likelihood_sample": null, "sampling.TimeSampling.time_rejection_sample": null, "structure_learning.TimeHillClimbAlarmModel.time_hillclimb": null, "structure_learning.TimeMmhcAlarmModel.time_mmhc": null, "structure_learning.TimePCAlarmModel.time_pc_orig": null, "structure_learning.TimePCAlarmModel.time_pc_stable": null, "structure_learning.TimeTreeSearchAlarmModel.time_tan": null}, "params": {"arch": "x86_64", "cpu": "Intel(R) Core(TM) i9-9820X CPU @ 3.30GHz", "machine": "graveyard", "num_cpu": "20", "os": "Linux 4.15.0-112-generic", "ram": "131688676", "python": "3.7"}, "requirements": {}, "commit_hash": "35597950239de5827fe7ccd578f898a2e5d1825b", "date": 1481452261000, "env_name": "conda-py3.7", "python": "3.7", "profiles": {}, "started_at": {"factor.TimeDiscreteFactor.time_factor_compare": 1654477747881, "factor.TimeDiscreteFactor.time_factor_marginalize": 1654477748086, "factor.TimeDiscreteFactor.time_factor_multiply_large": 1654477748291, "factor.TimeDiscreteFactor.time_factor_reduce": 1654477748496, "import.TimeImport.time_import": 1654477748701, "inference.TimeBeliefPropagation.time_query_alarm": 1654477746576, "inference.TimeVariableElimination.time_query_alarm": 1654477746630, "inference.TimeVariableElimination.time_query_munin": 1654477746685, "parameter_learning.TimeBayesianEstimator.time_alarm_bayesian_estimator": 1654477746739, "parameter_learning.TimeBayesianEstimator.time_munin_bayesian_estimator": 1654477746793, "parameter_learning.TimeExpectationMaximization.time_alarm_em": 1654477746848, "parameter_learning.TimeExpectationMaximization.time_munin_em": 1654477746902, "parameter_learning.TimeMLE.time_alarm_mle": 1654477746956, "parameter_learning.TimeMLE.time_munin_mle": 1654477747011, "readwrite.TimeRead.time_asia_read": 1654477747065, "readwrite.TimeRead.time_asia_write": 1654477747119, "readwrite.TimeRead.time_munin_read": 1654477747174, "readwrite.TimeRead.time_munin_write": 1654477747228, "readwrite.TimeRead.time_pathfinder_read": 1654477747283, "readwrite.TimeRead.time_pathfinder_write": 1654477747337, "sampling.TimeSampling.time_forward_sample": 1654477747391, "sampling.TimeSampling.time_gibbs_sampling": 1654477747446, "sampling.TimeSampling.time_likelihood_sample": 1654477747500, "sampling.TimeSampling.time_rejection_sample": 1654477747555, "structure_learning.TimeHillClimbAlarmModel.time_hillclimb": 1654477747609, "structure_learning.TimeMmhcAlarmModel.time_mmhc": 1654477747663, "structure_learning.TimePCAlarmModel.time_pc_orig": 1654477747718, "structure_learning.TimePCAlarmModel.time_pc_stable": 1654477747772, "structure_learning.TimeTreeSearchAlarmModel.time_tan": 1654477747826}, "ended_at": {"factor.TimeDiscreteFactor.time_factor_compare": 1654477748086, "factor.TimeDiscreteFactor.time_factor_marginalize": 1654477748291, "factor.TimeDiscreteFactor.time_factor_multiply_large": 1654477748496, "factor.TimeDiscreteFactor.time_factor_reduce": 1654477748701, "import.TimeImport.time_import": 1654477748906, "inference.TimeBeliefPropagation.time_query_alarm": 1654477746630, "inference.TimeVariableElimination.time_query_alarm": 1654477746685, "inference.TimeVariableElimination.time_query_munin": 1654477746739, "parameter_learning.TimeBayesianEstimator.time_alarm_bayesian_estimator": 1654477746793, "parameter_learning.TimeBayesianEstimator.time_munin_bayesian_estimator": 1654477746848, "parameter_learning.TimeExpectationMaximization.time_alarm_em": 1654477746902, "parameter_learning.TimeExpectationMaximization.time_munin_em": 1654477746956, "parameter_learning.TimeMLE.time_alarm_mle": 1654477747011, "parameter_learning.TimeMLE.time_munin_mle": 1654477747065, "readwrite.TimeRead.time_asia_read": 1654477747119, "readwrite.TimeRead.time_asia_write": 1654477747174, "readwrite.TimeRead.time_munin_read": 1654477747228, "readwrite.TimeRead.time_munin_write": 1654477747282, "readwrite.TimeRead.time_pathfinder_read": 1654477747337, "readwrite.TimeRead.time_pathfinder_write": 1654477747391, "sampling.TimeSampling.time_forward_sample": 1654477747446, "sampling.TimeSampling.time_gibbs_sampling": 1654477747500, "sampling.TimeSampling.time_likelihood_sample": 1654477747555, "sampling.TimeSampling.time_rejection_sample": 1654477747609, "structure_learning.TimeHillClimbAlarmModel.time_hillclimb": 1654477747663, "structure_learning.TimeMmhcAlarmModel.time_mmhc": 1654477747718, "structure_learning.TimePCAlarmModel.time_pc_orig": 1654477747772, "structure_learning.TimePCAlarmModel.time_pc_stable": 1654477747826, "structure_learning.TimeTreeSearchAlarmModel.time_tan": 1654477747881}, "benchmark_version": {"factor.TimeDiscreteFactor.time_factor_compare": "95feb42df85ffe5cf519cf4af677309a5cdb891db99ad54b655196c3e1f2e13a", "factor.TimeDiscreteFactor.time_factor_marginalize": "a3ae79cdcf3bcd4bc49df94b3b3d5f93c4126249a9b3cf2481ac381ee836f851", "factor.TimeDiscreteFactor.time_factor_multiply_large": "cfb6b66fddb2953948ffb6566ae101535dd1e8d0fd9af855331f39ef905f4450", "factor.TimeDiscreteFactor.time_factor_reduce": "cb3858b638914f7572792153a60efb4aecbde56d5abf039791451adb0f26c263",