{"results": {"factor.TimeDiscreteFactor.time_factor_compare": {"result": [7.023561939403608e-05], "stats": [{"ci_99": [6.987453232724945e-05, 7.152516249712412e-05], "q_25": 7.008096844248184e-05, "q_75": 7.058316599819567e-05, "min": 6.987453232724945e-05, "max": 7.152516249712412e-05, "mean": 7.041155348543998e-05, "std": 5.059078145600499e-07, "repeat": 10, "number": 154}]}, "factor.TimeDiscreteFactor.time_factor_marginalize": {"result": [5.8218617949003725e-05], "stats": [{"ci_99": [5.809410062969708e-05, 7.34350700033167e-05], "q_25": 5.818016908533586e-05, "q_75": 5.831826691989039e-05, "min": 5.809410062969708e-05, "max": 7.34350700033167e-05, "mean": 5.976864406482769e-05, "std": 4.5572969629930896e-06, "repeat": 10, "number": 183}]}, "factor.TimeDiscreteFactor.time_factor_multiply_large": {"result": [4.7293478544329254e-05], "stats": [{"ci_99": [4.6717991151720146e-05, 4.7849263873458466e-05], "q_25": 4.720616814606067e-05, "q_75": 4.747398241374974e-05, "min": 4.6717991151720146e-05, "max": 4.7849263873458466e-05, "mean": 4.7308092875659754e-05, "std": 2.833971416993046e-07, "repeat": 10, "number": 213}]}, "factor.TimeDiscreteFactor.time_factor_reduce": {"result": [2.6338847032283632e-05], "stats": [{"ci_99": [2.6152929214085396e-05, 2.666810695127269e-05], "q_25": 2.6242199088752703e-05, "q_75": 2.6397447842751102e-05, "min": 2.6152929214085396e-05, "max": 2.666810695127269e-05, "mean": 2.6340157681863093e-05, "std": 1.4506583134804288e-07, "repeat": 10, "number": 411}]}, "import.TimeImport.time_import": {"result": [1.29515864480161e-07], "stats": [{"ci_99": [1.2869067137989988e-07, 1.3049377098486576e-07], "q_25": 1.2921887106487467e-07, "q_75": 1.2972480236291998e-07, "min": 1.2869067137989988e-07, "max": 1.3049377098486576e-07, "mean": 1.295320592660788e-07, "std": 5.290670802299433e-10, "repeat": 10, "number": 83708}]}, "inference.TimeBeliefPropagation.time_query_alarm": null, "inference.TimeVariableElimination.time_query_alarm": null, "inference.TimeVariableElimination.time_query_munin": null, "parameter_learning.TimeBayesianEstimator.time_alarm_bayesian_estimator": null, "parameter_learning.TimeBayesianEstimator.time_munin_bayesian_estimator": null, "parameter_learning.TimeExpectationMaximization.time_alarm_em": null, "parameter_learning.TimeExpectationMaximization.time_munin_em": null, "parameter_learning.TimeMLE.time_alarm_mle": null, "parameter_learning.TimeMLE.time_munin_mle": null, "readwrite.TimeRead.time_asia_read": null, "readwrite.TimeRead.time_asia_write": null, "readwrite.TimeRead.time_munin_read": null, "readwrite.TimeRead.time_munin_write": null, "readwrite.TimeRead.time_pathfinder_read": null, "readwrite.TimeRead.time_pathfinder_write": null, "sampling.TimeSampling.time_forward_sample": null, "sampling.TimeSampling.time_gibbs_sampling": null, "sampling.TimeSampling.time_likelihood_sample": null, "sampling.TimeSampling.time_rejection_sample": null, "structure_learning.TimeHillClimbAlarmModel.time_hillclimb": null, "structure_learning.TimeMmhcAlarmModel.time_mmhc": null, "structure_learning.TimePCAlarmModel.time_pc_orig": null, "structure_learning.TimePCAlarmModel.time_pc_stable": null, "structure_learning.TimeTreeSearchAlarmModel.time_tan": null}, "params": {"arch": "x86_64", "cpu": "Intel(R) Core(TM) i9-9820X CPU @ 3.30GHz", "machine": "graveyard", "num_cpu": "20", "os": "Linux 4.15.0-112-generic", "ram": "131688676", "python": "3.7"}, "requirements": {}, "commit_hash": "36115bcb41da67c5bbbb8e0ee39fd93079e7718e", "date": 1561036713000, "env_name": "conda-py3.7", "python": "3.7", "profiles": {}, "started_at": {"factor.TimeDiscreteFactor.time_factor_compare": 1654473817219, "factor.TimeDiscreteFactor.time_factor_marginalize": 1654473817425, "factor.TimeDiscreteFactor.time_factor_multiply_large": 1654473817631, "factor.TimeDiscreteFactor.time_factor_reduce": 1654473817837, "import.TimeImport.time_import": 1654473818043, "inference.TimeBeliefPropagation.time_query_alarm": 1654473815888, "inference.TimeVariableElimination.time_query_alarm": 1654473815943, "inference.TimeVariableElimination.time_query_munin": 1654473815998, "parameter_learning.TimeBayesianEstimator.time_alarm_bayesian_estimator": 1654473816053, "parameter_learning.TimeBayesianEstimator.time_munin_bayesian_estimator": 1654473816109, "parameter_learning.TimeExpectationMaximization.time_alarm_em": 1654473816164, "parameter_learning.TimeExpectationMaximization.time_munin_em": 1654473816220, "parameter_learning.TimeMLE.time_alarm_mle": 1654473816276, "parameter_learning.TimeMLE.time_munin_mle": 1654473816331, "readwrite.TimeRead.time_asia_read": 1654473816387, "readwrite.TimeRead.time_asia_write": 1654473816442, "readwrite.TimeRead.time_munin_read": 1654473816498, "readwrite.TimeRead.time_munin_write": 1654473816553, "readwrite.TimeRead.time_pathfinder_read": 1654473816609, "readwrite.TimeRead.time_pathfinder_write": 1654473816664, "sampling.TimeSampling.time_forward_sample": 1654473816719, "sampling.TimeSampling.time_gibbs_sampling": 1654473816775, "sampling.TimeSampling.time_likelihood_sample": 1654473816830, "sampling.TimeSampling.time_rejection_sample": 1654473816886, "structure_learning.TimeHillClimbAlarmModel.time_hillclimb": 1654473816941, "structure_learning.TimeMmhcAlarmModel.time_mmhc": 1654473816997, "structure_learning.TimePCAlarmModel.time_pc_orig": 1654473817052, "structure_learning.TimePCAlarmModel.time_pc_stable": 1654473817108, "structure_learning.TimeTreeSearchAlarmModel.time_tan": 1654473817163}, "ended_at": {"factor.TimeDiscreteFactor.time_factor_compare": 1654473817425, "factor.TimeDiscreteFactor.time_factor_marginalize": 1654473817631, "factor.TimeDiscreteFactor.time_factor_multiply_large": 1654473817837, "factor.TimeDiscreteFactor.time_factor_reduce": 1654473818043, "import.TimeImport.time_import": 1654473818249, "inference.TimeBeliefPropagation.time_query_alarm": 1654473815943, "inference.TimeVariableElimination.time_query_alarm": 1654473815998, "inference.TimeVariableElimination.time_query_munin": 1654473816053, "parameter_learning.TimeBayesianEstimator.time_alarm_bayesian_estimator": 1654473816109, "parameter_learning.TimeBayesianEstimator.time_munin_bayesian_estimator": 1654473816164, "parameter_learning.TimeExpectationMaximization.time_alarm_em": 1654473816220, "parameter_learning.TimeExpectationMaximization.time_munin_em": 1654473816276, "parameter_learning.TimeMLE.time_alarm_mle": 1654473816331, "parameter_learning.TimeMLE.time_munin_mle": 1654473816387, "readwrite.TimeRead.time_asia_read": 1654473816442, "readwrite.TimeRead.time_asia_write": 1654473816498, "readwrite.TimeRead.time_munin_read": 1654473816553, "readwrite.TimeRead.time_munin_write": 1654473816609, "readwrite.TimeRead.time_pathfinder_read": 1654473816664, "readwrite.TimeRead.time_pathfinder_write": 1654473816719, "sampling.TimeSampling.time_forward_sample": 1654473816775, "sampling.TimeSampling.time_gibbs_sampling": 1654473816830, "sampling.TimeSampling.time_likelihood_sample": 1654473816885, "sampling.TimeSampling.time_rejection_sample": 1654473816941, "structure_learning.TimeHillClimbAlarmModel.time_hillclimb": 1654473816997, "structure_learning.TimeMmhcAlarmModel.time_mmhc": 1654473817052, "structure_learning.TimePCAlarmModel.time_pc_orig": 1654473817108, "structure_learning.TimePCAlarmModel.time_pc_stable": 1654473817163, "structure_learning.TimeTreeSearchAlarmModel.time_tan": 1654473817218}, "benchmark_version": {"factor.TimeDiscreteFactor.time_factor_compare": "95feb42df85ffe5cf519cf4af677309a5cdb891db99ad54b655196c3e1f2e13a", "factor.TimeDiscreteFactor.time_factor_marginalize": "a3ae79cdcf3bcd4bc49df94b3b3d5f93c4126249a9b3cf2481ac381ee836f851", "factor.TimeDiscreteFactor.time_factor_multiply_large": "cfb6b66fddb2953948ffb6566ae101535dd1e8d0fd9af855331f39ef905f4450", "factor.TimeDiscreteFactor.time_factor_reduce": "cb3858b638914f7572792153a60efb4aecbde56d5abf039791451adb0f26c263",