{"results": {"factor.TimeDiscreteFactor.time_factor_compare": {"result": [7.544521853994967e-05], "stats": [{"ci_99": [7.495495365626777e-05, 7.604321103487442e-05], "q_25": 7.525331743839961e-05, "q_75": 7.556734342517247e-05, "min": 7.495495365626777e-05, "max": 7.604321103487442e-05, "mean": 7.546120809752549e-05, "std": 3.2185374829442556e-07, "repeat": 10, "number": 134}]}, "factor.TimeDiscreteFactor.time_factor_marginalize": {"result": [6.319593833109667e-05], "stats": [{"ci_99": [6.284316741796427e-05, 6.36849855614263e-05], "q_25": 6.293709021668102e-05, "q_75": 6.329296644083982e-05, "min": 6.284316741796427e-05, "max": 6.36849855614263e-05, "mean": 6.316009540717268e-05, "std": 2.497379416659627e-07, "repeat": 10, "number": 172}]}, "factor.TimeDiscreteFactor.time_factor_multiply_large": {"result": [5.558486172587288e-05], "stats": [{"ci_99": [5.524748061992684e-05, 5.575869118376654e-05], "q_25": 5.5343397341820655e-05, "q_75": 5.5690127310856265e-05, "min": 5.524748061992684e-05, "max": 5.575869118376654e-05, "mean": 5.552975498900122e-05, "std": 1.7861108959899233e-07, "repeat": 10, "number": 196}]}, "factor.TimeDiscreteFactor.time_factor_reduce": {"result": [3.095543902378278e-05], "stats": [{"ci_99": [3.083445175477137e-05, 3.148212242336217e-05], "q_25": 3.0926561196091586e-05, "q_75": 3.107141736141048e-05, "min": 3.083445175477137e-05, "max": 3.148212242336217e-05, "mean": 3.101509993027383e-05, "std": 1.750565308726439e-07, "repeat": 10, "number": 341}]}, "import.TimeImport.time_import": {"result": [1.305261430871864e-07], "stats": [{"ci_99": [1.2869193620824443e-07, 1.3162805051648301e-07], "q_25": 1.292777746487844e-07, "q_75": 1.3067365612203253e-07, "min": 1.2869193620824443e-07, "max": 1.3162805051648301e-07, "mean": 1.3021775181388178e-07, "std": 9.694517036090156e-10, "repeat": 10, "number": 83215}]}, "inference.TimeBeliefPropagation.time_query_alarm": null, "inference.TimeVariableElimination.time_query_alarm": null, "inference.TimeVariableElimination.time_query_munin": null, "parameter_learning.TimeBayesianEstimator.time_alarm_bayesian_estimator": null, "parameter_learning.TimeBayesianEstimator.time_munin_bayesian_estimator": null, "parameter_learning.TimeExpectationMaximization.time_alarm_em": null, "parameter_learning.TimeExpectationMaximization.time_munin_em": null, "parameter_learning.TimeMLE.time_alarm_mle": null, "parameter_learning.TimeMLE.time_munin_mle": null, "readwrite.TimeRead.time_asia_read": null, "readwrite.TimeRead.time_asia_write": null, "readwrite.TimeRead.time_munin_read": null, "readwrite.TimeRead.time_munin_write": null, "readwrite.TimeRead.time_pathfinder_read": null, "readwrite.TimeRead.time_pathfinder_write": null, "sampling.TimeSampling.time_forward_sample": null, "sampling.TimeSampling.time_gibbs_sampling": null, "sampling.TimeSampling.time_likelihood_sample": null, "sampling.TimeSampling.time_rejection_sample": null, "structure_learning.TimeHillClimbAlarmModel.time_hillclimb": null, "structure_learning.TimeMmhcAlarmModel.time_mmhc": null, "structure_learning.TimePCAlarmModel.time_pc_orig": null, "structure_learning.TimePCAlarmModel.time_pc_stable": null, "structure_learning.TimeTreeSearchAlarmModel.time_tan": null}, "params": {"arch": "x86_64", "cpu": "Intel(R) Core(TM) i9-9820X CPU @ 3.30GHz", "machine": "graveyard", "num_cpu": "20", "os": "Linux 4.15.0-112-generic", "ram": "131688676", "python": "3.6"}, "requirements": {}, "commit_hash": "3836574596f43c6dcaef8e816960e757b552f2f5", "date": 1578365530000, "env_name": "conda-py3.6", "python": "3.6", "profiles": {}, "started_at": {"factor.TimeDiscreteFactor.time_factor_compare": 1654471917344, "factor.TimeDiscreteFactor.time_factor_marginalize": 1654471917550, "factor.TimeDiscreteFactor.time_factor_multiply_large": 1654471917756, "factor.TimeDiscreteFactor.time_factor_reduce": 1654471917963, "import.TimeImport.time_import": 1654471918168, "inference.TimeBeliefPropagation.time_query_alarm": 1654471916006, "inference.TimeVariableElimination.time_query_alarm": 1654471916062, "inference.TimeVariableElimination.time_query_munin": 1654471916117, "parameter_learning.TimeBayesianEstimator.time_alarm_bayesian_estimator": 1654471916172, "parameter_learning.TimeBayesianEstimator.time_munin_bayesian_estimator": 1654471916228, "parameter_learning.TimeExpectationMaximization.time_alarm_em": 1654471916284, "parameter_learning.TimeExpectationMaximization.time_munin_em": 1654471916339, "parameter_learning.TimeMLE.time_alarm_mle": 1654471916395, "parameter_learning.TimeMLE.time_munin_mle": 1654471916451, "readwrite.TimeRead.time_asia_read": 1654471916506, "readwrite.TimeRead.time_asia_write": 1654471916562, "readwrite.TimeRead.time_munin_read": 1654471916618, "readwrite.TimeRead.time_munin_write": 1654471916673, "readwrite.TimeRead.time_pathfinder_read": 1654471916729, "readwrite.TimeRead.time_pathfinder_write": 1654471916785, "sampling.TimeSampling.time_forward_sample": 1654471916840, "sampling.TimeSampling.time_gibbs_sampling": 1654471916896, "sampling.TimeSampling.time_likelihood_sample": 1654471916952, "sampling.TimeSampling.time_rejection_sample": 1654471917008, "structure_learning.TimeHillClimbAlarmModel.time_hillclimb": 1654471917063, "structure_learning.TimeMmhcAlarmModel.time_mmhc": 1654471917119, "structure_learning.TimePCAlarmModel.time_pc_orig": 1654471917176, "structure_learning.TimePCAlarmModel.time_pc_stable": 1654471917232, "structure_learning.TimeTreeSearchAlarmModel.time_tan": 1654471917288}, "ended_at": {"factor.TimeDiscreteFactor.time_factor_compare": 1654471917550, "factor.TimeDiscreteFactor.time_factor_marginalize": 1654471917756, "factor.TimeDiscreteFactor.time_factor_multiply_large": 1654471917962, "factor.TimeDiscreteFactor.time_factor_reduce": 1654471918168, "import.TimeImport.time_import": 1654471918374, "inference.TimeBeliefPropagation.time_query_alarm": 1654471916062, "inference.TimeVariableElimination.time_query_alarm": 1654471916117, "inference.TimeVariableElimination.time_query_munin": 1654471916172, "parameter_learning.TimeBayesianEstimator.time_alarm_bayesian_estimator": 1654471916228, "parameter_learning.TimeBayesianEstimator.time_munin_bayesian_estimator": 1654471916284, "parameter_learning.TimeExpectationMaximization.time_alarm_em": 1654471916339, "parameter_learning.TimeExpectationMaximization.time_munin_em": 1654471916395, "parameter_learning.TimeMLE.time_alarm_mle": 1654471916451, "parameter_learning.TimeMLE.time_munin_mle": 1654471916506, "readwrite.TimeRead.time_asia_read": 1654471916562, "readwrite.TimeRead.time_asia_write": 1654471916618, "readwrite.TimeRead.time_munin_read": 1654471916673, "readwrite.TimeRead.time_munin_write": 1654471916729, "readwrite.TimeRead.time_pathfinder_read": 1654471916785, "readwrite.TimeRead.time_pathfinder_write": 1654471916840, "sampling.TimeSampling.time_forward_sample": 1654471916896, "sampling.TimeSampling.time_gibbs_sampling": 1654471916952, "sampling.TimeSampling.time_likelihood_sample": 1654471917007, "sampling.TimeSampling.time_rejection_sample": 1654471917063, "structure_learning.TimeHillClimbAlarmModel.time_hillclimb": 1654471917119, "structure_learning.TimeMmhcAlarmModel.time_mmhc": 1654471917176, "structure_learning.TimePCAlarmModel.time_pc_orig": 1654471917232, "structure_learning.TimePCAlarmModel.time_pc_stable": 1654471917288, "structure_learning.TimeTreeSearchAlarmModel.time_tan": 1654471917343}, "benchmark_version": {"factor.TimeDiscreteFactor.time_factor_compare": "95feb42df85ffe5cf519cf4af677309a5cdb891db99ad54b655196c3e1f2e13a", "factor.TimeDiscreteFactor.time_factor_marginalize": "a3ae79cdcf3bcd4bc49df94b3b3d5f93c4126249a9b3cf2481ac381ee836f851", "factor.TimeDiscreteFactor.time_factor_multiply_large": "cfb6b66fddb2953948ffb6566ae101535dd1e8d0fd9af855331f39ef905f4450", "factor.TimeDiscreteFactor.time_factor_reduce": "cb3858b638914f7572792153a60efb4aecbde56d5abf039791451adb0f26c263",