{"results": {"factor.TimeDiscreteFactor.time_factor_marginalize": {"result": [8.881592585996616e-05], "stats": [{"ci_99": [6.765321445611356e-05, 0.00014021505881672255], "q_25": 6.77810399078884e-05, "q_75": 0.00011838683458559352, "min": 6.765321445611356e-05, "max": 0.00014021505881672255, "mean": 9.600703198851252e-05, "std": 2.9353480072368938e-05, "repeat": 10, "number": 163}]}, "factor.TimeDiscreteFactor.time_factor_multiply_large": {"result": [8.313295421833844e-05], "stats": [{"ci_99": [5.644926628501145e-05, 0.00012250976233752734], "q_25": 5.7100131147608316e-05, "q_75": 0.0001203753342179908, "min": 5.644926628501145e-05, "max": 0.00012250976233752734, "mean": 8.781185354461375e-05, "std": 3.0844313604897576e-05, "repeat": 10, "number": 194}]}, "factor.TimeDiscreteFactor.time_factor_reduce": {"result": [3.287081978638475e-05], "stats": [{"ci_99": [3.254751533546684e-05, 4.946004495532151e-05], "q_25": 3.2803222490907084e-05, "q_75": 3.290532773862314e-05, "min": 3.254751533546684e-05, "max": 4.946004495532151e-05, "mean": 3.447592396854247e-05, "std": 4.99605254087913e-06, "repeat": 10, "number": 323}]}, "import.TimeImport.time_import": {"result": [1.3585981971151994e-07], "stats": [{"ci_99": [1.3305179808659557e-07, 3.4645000958350757e-07], "q_25": 1.3381673539557575e-07, "q_75": 2.803162156228925e-07, "min": 1.3305179808659557e-07, "max": 3.4645000958350757e-07, "mean": 1.9751799913955374e-07, "std": 9.266106321797218e-08, "repeat": 10, "number": 74949}]}, "inference.TimeVariableElimination.time_query_alarm": {"result": [0.08009160868823528], "stats": [{"ci_99": [0.05672091844736518, 0.10494652722717335], "q_25": 0.07354976609349251, "q_75": 0.08737556543201208, "min": 0.07134896889328957, "max": 0.09180270507931709, "mean": 0.0808337228372693, "std": 0.008349430839672491, "repeat": 4, "number": 1}]}, "inference.TimeVariableElimination.time_query_munin": {"result": [0.7342910096049309], "stats": [{"ci_99": [0.5361735262593956, 0.9493189590055418], "q_25": 0.7182507868856192, "q_75": 0.7630140818655491, "min": 0.7022105641663074, "max": 0.7917371541261673, "mean": 0.7427462426324686, "std": 0.03703485566888479, "repeat": 3, "number": 1}]}, "readwrite.TimeRead.time_asia_read": {"result": [0.017921727150678635], "stats": [{"ci_99": [-0.00552571564912796, 0.04136916995048521], "q_25": 0.01768725272268057, "q_75": 0.0181562015786767, "min": 0.017452778294682503, "max": 0.018390676006674767, "mean": 0.017921727150678635, "std": 0.0004689488559961319, "repeat": 2, "number": 2}]}, "readwrite.TimeRead.time_asia_write": {"result": [0.00046800302146975673], "stats": [{"ci_99": [0.0003681221504264807, 0.0005678838925130327], "q_25": 0.00046700421275932397, "q_75": 0.0004690018301801895, "min": 0.0004660054040488912, "max": 0.00047000063889062225, "mean": 0.00046800302146975673, "std": 1.9976174208655205e-06, "repeat": 2, "number": 67}]}, "readwrite.TimeRead.time_munin_read": {"result": [8.212173286825418], "stats": [{"ci_99": [6.228862818330526, 10.195483755320309], "q_25": 8.19234018214047, "q_75": 8.232006391510367, "min": 8.17250707745552, "max": 8.251839496195316, "mean": 8.212173286825418, "std": 0.03966620936989784, "repeat": 2, "number": 1}]}, "readwrite.TimeRead.time_munin_write": {"result": [0.07253152877092361], "stats": [{"ci_99": [-1.2734758332371712, 1.4185388907790173], "q_25": 0.05907145515084267, "q_75": 0.08599160239100456, "min": 0.04561138153076172, "max": 0.09945167601108551, "mean": 0.07253152877092361, "std": 0.026920147240161896, "repeat": 2, "number": 1}]}, "readwrite.TimeRead.time_pathfinder_read": null, "readwrite.TimeRead.time_pathfinder_write": {"result": [0.06222753971815109], "stats": [{"ci_99": [-0.14760278910398483, 0.27205786854028685], "q_25": 0.06012923642992973, "q_75": 0.06432584300637245, "min": 0.058030933141708374, "max": 0.06642414629459381, "mean": 0.06222753971815109, "std": 0.0041966065764427185, "repeat": 2, "number": 1}]}, "sampling.TimeSampling.time_forward_sample": {"result": [0.31419067084789276], "stats": [{"ci_99": [0.285787470638752, 0.3810720555484295], "q_25": 0.30085889901965857, "q_75": 0.349066318012774, "min": 0.285787470638752, "max": 0.3810720555484295, "mean": 0.3253942742943764, "std": 0.03168367202847399, "repeat": 10, "number": 1}]}, "sampling.TimeSampling.time_gibbs_sampling": null, "sampling.TimeSampling.time_likelihood_sample": {"result": [0.31078097596764565], "stats": [{"ci_99": [0.2839185409247875, 0.35384682193398476], "q_25": 0.3055567741394043, "q_75": 0.33493488188833, "min": 0.2839185409247875, "max": 0.35384682193398476, "mean": 0.31699605137109754, "std": 0.022748490341039478, "repeat": 10, "number": 1}]}, "sampling.TimeSampling.time_rejection_sample": {"result": [54.97731767967343], "stats": [{"ci_99": [-265.1788726784289, 375.13350803777547], "q_25": 51.77575577609241, "q_75": 58.17887958325446, "min": 48.57419387251139, "max": 61.38044148683548, "mean": 54.97731767967343, "std": 6.403123807162046, "repeat": 2, "number": 1}]}, "structure_learning.TimeHillClimb.time_hillclimb": null, "structure_learning.TimePC.time_pc_orig": {"result": [47.40973414294422], "stats": [{"ci_99": [-73.89104802720249, 168.7105163130908], "q_25": 46.19672632124275, "q_75": 48.622741964645684, "min": 44.98371849954128, "max": 49.83574978634715, "mean": 47.40973414294422, "std": 2.426015643402934, "repeat": 2, "number": 1}]}, "structure_learning.TimePC.time_pc_stable": {"result": [52.33768693357706], "stats": [{"ci_99": [-173.19577668607235, 277.87115055322624], "q_25": 50.08235229738057, "q_75": 54.593021569773555, "min": 47.82701766118407, "max": 56.84835620597005, "mean": 52.33768693357706, "std": 4.510669272392988, "repeat": 2, "number": 1}]}}, "params": {"arch": "x86_64", "cpu": "Intel(R) Core(TM) i9-9820X CPU @ 3.30GHz", "machine": "graveyard", "num_cpu": "20", "os": "Linux 4.15.0-112-generic", "ram": "131688676", "python": "3.7"}, "requirements": {}, "commit_hash": "386b2f04e11d9e7b086da7d9e30ce5ef576522f3", "date": 1628669546000, "env_name": "conda-py3.7", "python": "3.7", "profiles": {}, "started_at": {"factor.TimeDiscreteFactor.time_factor_marginalize": 1630620237701, "factor.TimeDiscreteFactor.time_factor_multiply_large": 1630620237957, "factor.TimeDiscreteFactor.time_factor_reduce": 1630620238217, "import.TimeImport.time_import": 1630620238423, "inference.TimeVariableElimination.time_query_alarm": 1630620238679, "inference.TimeVariableElimination.time_query_munin": 1630620265837, "readwrite.TimeRead.time_asia_read": 1630620295035, "readwrite.TimeRead.time_asia_write": 1630620330536, "readwrite.TimeRead.time_munin_read": 1630620368190, "readwrite.TimeRead.time_munin_write": 1630620422096, "readwrite.TimeRead.time_pathfinder_read": 1630619196936, "readwrite.TimeRead.time_pathfinder_write": 1630620457622, "sampling.TimeSampling.time_forward_sample": 1630620491996, "sampling.TimeSampling.time_gibbs_sampling": 1630619308815, "sampling.TimeSampling.time_likelihood_sample": 1630620494607, "sampling.TimeSampling.time_rejection_sample": 1630620497268, "structure_learning.TimeHillClimb.time_hillclimb": 1630620035047, "structure_learning.TimePC.time_pc_orig": 1630620597935, "structure_learning.TimePC.time_pc_stable": 1630620688731}, "ended_at": {"factor.TimeDiscreteFactor.time_factor_marginalize": 1630620237957, "factor.TimeDiscreteFactor.time_factor_multiply_large": 1630620238217, "factor.TimeDiscreteFactor.time_factor_reduce": 1630620238422, "import.TimeImport.time_import": 1630620238679, "inference.TimeVariableElimination.time_query_alarm": 1630620265837, "inference.TimeVariableElimination.time_query_munin": 1630620295035, "readwrite.TimeRead.time_asia_read": 1630620330536, "readwrite.TimeRead.time_asia_write": 1630620368190, "readwrite.TimeRead.time_munin_read": 1630620422096, "readwrite.TimeRead.time_munin_write": 1630620457621, "readwrite.TimeRead.time_pathfinder_read": 1630619257075, "readwrite.TimeRead.time_pathfinder_write": 1630620491996,