{"results": {"factor.TimeDiscreteFactor.time_factor_compare": {"result": [6.616150936748408e-05], "stats": [{"ci_99": [6.595592285636105e-05, 6.690515275997452e-05], "q_25": 6.603291906605039e-05, "q_75": 6.627859960345528e-05, "min": 6.595592285636105e-05, "max": 6.690515275997452e-05, "mean": 6.624710026986991e-05, "std": 3.0094195918281804e-07, "repeat": 10, "number": 158}]}, "factor.TimeDiscreteFactor.time_factor_marginalize": {"result": [6.177895490757444e-05], "stats": [{"ci_99": [6.13057054579258e-05, 6.216845940798521e-05], "q_25": 6.15016350903633e-05, "q_75": 6.199080433527178e-05, "min": 6.13057054579258e-05, "max": 6.216845940798521e-05, "mean": 6.175864572552118e-05, "std": 2.85759514266246e-07, "repeat": 10, "number": 176}]}, "factor.TimeDiscreteFactor.time_factor_multiply_large": {"result": [4.585669183534039e-05], "stats": [{"ci_99": [4.500167613679712e-05, 4.7272663902152665e-05], "q_25": 4.522591898571854e-05, "q_75": 4.677153923664211e-05, "min": 4.500167613679712e-05, "max": 4.7272663902152665e-05, "mean": 4.598817841942645e-05, "std": 8.21856119467433e-07, "repeat": 10, "number": 242}]}, "factor.TimeDiscreteFactor.time_factor_reduce": {"result": [2.392445601339575e-05], "stats": [{"ci_99": [2.360386436417599e-05, 2.4120933824204225e-05], "q_25": 2.376451750829716e-05, "q_75": 2.4002163110496746e-05, "min": 2.360386436417599e-05, "max": 2.4120933824204225e-05, "mean": 2.3890990488881232e-05, "std": 1.654522726641891e-07, "repeat": 10, "number": 447}]}, "import.TimeImport.time_import": {"result": [1.1820510757578895e-07], "stats": [{"ci_99": [1.1695904599820334e-07, 1.1888449437728932e-07], "q_25": 1.1750329104934034e-07, "q_75": 1.1838092579179895e-07, "min": 1.1695904599820334e-07, "max": 1.1888449437728932e-07, "mean": 1.180062250118073e-07, "std": 6.292475097087277e-10, "repeat": 10, "number": 87611}]}, "inference.TimeBeliefPropagation.time_query_alarm": null, "inference.TimeVariableElimination.time_query_alarm": null, "inference.TimeVariableElimination.time_query_munin": null, "parameter_learning.TimeBayesianEstimator.time_alarm_bayesian_estimator": null, "parameter_learning.TimeBayesianEstimator.time_munin_bayesian_estimator": null, "parameter_learning.TimeExpectationMaximization.time_alarm_em": null, "parameter_learning.TimeExpectationMaximization.time_munin_em": null, "parameter_learning.TimeMLE.time_alarm_mle": null, "parameter_learning.TimeMLE.time_munin_mle": null, "readwrite.TimeRead.time_asia_read": null, "readwrite.TimeRead.time_asia_write": null, "readwrite.TimeRead.time_munin_read": null, "readwrite.TimeRead.time_munin_write": null, "readwrite.TimeRead.time_pathfinder_read": null, "readwrite.TimeRead.time_pathfinder_write": null, "sampling.TimeSampling.time_forward_sample": null, "sampling.TimeSampling.time_gibbs_sampling": null, "sampling.TimeSampling.time_likelihood_sample": null, "sampling.TimeSampling.time_rejection_sample": null, "structure_learning.TimeHillClimbAlarmModel.time_hillclimb": null, "structure_learning.TimeMmhcAlarmModel.time_mmhc": null, "structure_learning.TimePCAlarmModel.time_pc_orig": null, "structure_learning.TimePCAlarmModel.time_pc_stable": null, "structure_learning.TimeTreeSearchAlarmModel.time_tan": null}, "params": {"arch": "x86_64", "cpu": "Intel(R) Core(TM) i9-9820X CPU @ 3.30GHz", "machine": "graveyard", "num_cpu": "20", "os": "Linux 4.15.0-112-generic", "ram": "131688676", "python": "3.9"}, "requirements": {}, "commit_hash": "3a173fb72526cf11580b684c746b10cc668e3995", "date": 1579109917000, "env_name": "conda-py3.9", "python": "3.9", "profiles": {}, "started_at": {"factor.TimeDiscreteFactor.time_factor_compare": 1654471730946, "factor.TimeDiscreteFactor.time_factor_marginalize": 1654471731153, "factor.TimeDiscreteFactor.time_factor_multiply_large": 1654471731360, "factor.TimeDiscreteFactor.time_factor_reduce": 1654471731567, "import.TimeImport.time_import": 1654471731774, "inference.TimeBeliefPropagation.time_query_alarm": 1654471729596, "inference.TimeVariableElimination.time_query_alarm": 1654471729652, "inference.TimeVariableElimination.time_query_munin": 1654471729708, "parameter_learning.TimeBayesianEstimator.time_alarm_bayesian_estimator": 1654471729764, "parameter_learning.TimeBayesianEstimator.time_munin_bayesian_estimator": 1654471729820, "parameter_learning.TimeExpectationMaximization.time_alarm_em": 1654471729877, "parameter_learning.TimeExpectationMaximization.time_munin_em": 1654471729933, "parameter_learning.TimeMLE.time_alarm_mle": 1654471729989, "parameter_learning.TimeMLE.time_munin_mle": 1654471730045, "readwrite.TimeRead.time_asia_read": 1654471730102, "readwrite.TimeRead.time_asia_write": 1654471730158, "readwrite.TimeRead.time_munin_read": 1654471730214, "readwrite.TimeRead.time_munin_write": 1654471730271, "readwrite.TimeRead.time_pathfinder_read": 1654471730327, "readwrite.TimeRead.time_pathfinder_write": 1654471730383, "sampling.TimeSampling.time_forward_sample": 1654471730440, "sampling.TimeSampling.time_gibbs_sampling": 1654471730496, "sampling.TimeSampling.time_likelihood_sample": 1654471730552, "sampling.TimeSampling.time_rejection_sample": 1654471730608, "structure_learning.TimeHillClimbAlarmModel.time_hillclimb": 1654471730665, "structure_learning.TimeMmhcAlarmModel.time_mmhc": 1654471730721, "structure_learning.TimePCAlarmModel.time_pc_orig": 1654471730777, "structure_learning.TimePCAlarmModel.time_pc_stable": 1654471730833, "structure_learning.TimeTreeSearchAlarmModel.time_tan": 1654471730890}, "ended_at": {"factor.TimeDiscreteFactor.time_factor_compare": 1654471731153, "factor.TimeDiscreteFactor.time_factor_marginalize": 1654471731359, "factor.TimeDiscreteFactor.time_factor_multiply_large": 1654471731566, "factor.TimeDiscreteFactor.time_factor_reduce": 1654471731773, "import.TimeImport.time_import": 1654471731980, "inference.TimeBeliefPropagation.time_query_alarm": 1654471729652, "inference.TimeVariableElimination.time_query_alarm": 1654471729708, "inference.TimeVariableElimination.time_query_munin": 1654471729764, "parameter_learning.TimeBayesianEstimator.time_alarm_bayesian_estimator": 1654471729820, "parameter_learning.TimeBayesianEstimator.time_munin_bayesian_estimator": 1654471729876, "parameter_learning.TimeExpectationMaximization.time_alarm_em": 1654471729933, "parameter_learning.TimeExpectationMaximization.time_munin_em": 1654471729989, "parameter_learning.TimeMLE.time_alarm_mle": 1654471730045, "parameter_learning.TimeMLE.time_munin_mle": 1654471730102, "readwrite.TimeRead.time_asia_read": 1654471730158, "readwrite.TimeRead.time_asia_write": 1654471730214, "readwrite.TimeRead.time_munin_read": 1654471730270, "readwrite.TimeRead.time_munin_write": 1654471730327, "readwrite.TimeRead.time_pathfinder_read": 1654471730383, "readwrite.TimeRead.time_pathfinder_write": 1654471730439, "sampling.TimeSampling.time_forward_sample": 1654471730496, "sampling.TimeSampling.time_gibbs_sampling": 1654471730552, "sampling.TimeSampling.time_likelihood_sample": 1654471730608, "sampling.TimeSampling.time_rejection_sample": 1654471730664, "structure_learning.TimeHillClimbAlarmModel.time_hillclimb": 1654471730721, "structure_learning.TimeMmhcAlarmModel.time_mmhc": 1654471730777, "structure_learning.TimePCAlarmModel.time_pc_orig": 1654471730833, "structure_learning.TimePCAlarmModel.time_pc_stable": 1654471730889, "structure_learning.TimeTreeSearchAlarmModel.time_tan": 1654471730946}, "benchmark_version": {"factor.TimeDiscreteFactor.time_factor_compare": "95feb42df85ffe5cf519cf4af677309a5cdb891db99ad54b655196c3e1f2e13a", "factor.TimeDiscreteFactor.time_factor_marginalize": "a3ae79cdcf3bcd4bc49df94b3b3d5f93c4126249a9b3cf2481ac381ee836f851", "factor.TimeDiscreteFactor.time_factor_multiply_large": "cfb6b66fddb2953948ffb6566ae101535dd1e8d0fd9af855331f39ef905f4450", "factor.TimeDiscreteFactor.time_factor_reduce": "cb3858b638914f7572792153a60efb4aecbde56d5abf039791451adb0f26c263",