{"results": {"factor.TimeDiscreteFactor.time_factor_compare": {"result": [3.773460798349577e-05], "stats": [{"ci_99": [3.749305619202119e-05, 3.815862218948574e-05], "q_25": 3.765361492371641e-05, "q_75": 3.7775970227325086e-05, "min": 3.749305619202119e-05, "max": 3.815862218948574e-05, "mean": 3.7741571459983226e-05, "std": 1.6381549895996914e-07, "repeat": 10, "number": 291}]}, "factor.TimeDiscreteFactor.time_factor_marginalize": {"result": [3.625743002409027e-05], "stats": [{"ci_99": [3.613103307834288e-05, 3.695592512281574e-05], "q_25": 3.617595513763071e-05, "q_75": 3.635455999954217e-05, "min": 3.613103307834288e-05, "max": 3.695592512281574e-05, "mean": 3.6333641987674094e-05, "std": 2.362214422787076e-07, "repeat": 10, "number": 294}]}, "factor.TimeDiscreteFactor.time_factor_multiply_large": {"result": [1.4726559932916576e-05], "stats": [{"ci_99": [1.4600303273854381e-05, 1.4934580197487212e-05], "q_25": 1.4641526516298858e-05, "q_75": 1.477517130575618e-05, "min": 1.4600303273854381e-05, "max": 1.4934580197487212e-05, "mean": 1.472549257751109e-05, "std": 1.0060407687705533e-07, "repeat": 10, "number": 686}]}, "factor.TimeDiscreteFactor.time_factor_reduce": {"result": [7.343762124701789e-06], "stats": [{"ci_99": [7.241812983246883e-06, 7.497085364723624e-06], "q_25": 7.303662074519809e-06, "q_75": 7.423567469743125e-06, "min": 7.241812983246883e-06, "max": 7.497085364723624e-06, "mean": 7.358852822993544e-06, "std": 8.065985470771517e-08, "repeat": 10, "number": 1366}]}, "import.TimeImport.time_import": {"result": [1.1430690564046238e-07], "stats": [{"ci_99": [1.1300405306504895e-07, 1.1589929859508187e-07], "q_25": 1.1363659176891809e-07, "q_75": 1.1497016201472044e-07, "min": 1.1300405306504895e-07, "max": 1.1589929859508187e-07, "mean": 1.1429143552727988e-07, "std": 9.159130235190728e-10, "repeat": 10, "number": 94155}]}, "inference.TimeBeliefPropagation.time_query_alarm": {"result": [142.13804171979427], "stats": [{"ci_99": [140.64746748283505, 143.6286159567535], "q_25": 142.12313597742468, "q_75": 142.15294746216387, "min": 142.1082302350551, "max": 142.16785320453346, "mean": 142.13804171979427, "std": 0.02981148473918438, "repeat": 2, "number": 1}]}, "inference.TimeVariableElimination.time_query_alarm": {"result": [0.014215610921382904], "stats": [{"ci_99": [-0.0032457722785886878, 0.042731880626362184], "q_25": 0.014097280334681273, "q_75": 0.019861384760588408, "min": 0.013873208314180374, "max": 0.03666778653860092, "mean": 0.019743054173886776, "std": 0.009772547297624919, "repeat": 4, "number": 1}]}, "inference.TimeVariableElimination.time_query_munin": {"result": [0.5129355322569609], "stats": [{"ci_99": [0.4730438392163477, 0.5502042605056205], "q_25": 0.5001189988106489, "q_75": 0.524440583307296, "min": 0.49546482414007187, "max": 0.5251603107899427, "mean": 0.5116240498609841, "std": 0.013243845283424788, "repeat": 4, "number": 1}]}, "parameter_learning.TimeBayesianEstimator.time_alarm_bayesian_estimator": {"result": [2.154709441587329], "stats": [{"ci_99": [1.9326688937619487, 2.3819945834800444], "q_25": 2.110373987350613, "q_75": 2.2016671928577125, "min": 2.046653565019369, "max": 2.273254506289959, "mean": 2.1573317386209965, "std": 0.08180508246265533, "repeat": 4, "number": 1}]}, "parameter_learning.TimeBayesianEstimator.time_munin_bayesian_estimator": {"result": [35.304282585158944], "stats": [{"ci_99": [28.47821477614343, 42.13035039417445], "q_25": 35.23602190706879, "q_75": 35.3725432632491, "min": 35.167761228978634, "max": 35.440803941339254, "mean": 35.304282585158944, "std": 0.13652135618031025, "repeat": 2, "number": 1}]}, "parameter_learning.TimeExpectationMaximization.time_alarm_em": {"result": [7.199505337513983], "stats": [{"ci_99": [2.751937828026712, 11.647072847001251], "q_25": 7.1550296624191105, "q_75": 7.243981012608856, "min": 7.110553987324238, "max": 7.288456687703729, "mean": 7.199505337513983, "std": 0.08895135018974543, "repeat": 2, "number": 1}]}, "parameter_learning.TimeExpectationMaximization.time_munin_em": {"result": [81.32125082612038], "stats": [{"ci_99": [74.19261913001537, 88.44988252222538], "q_25": 81.24996450915933, "q_75": 81.39253714308143, "min": 81.17867819219828, "max": 81.46382346004248, "mean": 81.32125082612038, "std": 0.14257263392210007, "repeat": 2, "number": 1}]}, "parameter_learning.TimeMLE.time_alarm_mle": {"result": [2.081379328854382], "stats": [{"ci_99": [1.904209226194379, 2.286849153403584], "q_25": 2.033146012108773, "q_75": 2.14376250654459, "min": 2.0303048249334097, "max": 2.18905327655375, "mean": 2.095529189798981, "std": 0.06684569807878865, "repeat": 4, "number": 1}]}, "parameter_learning.TimeMLE.time_munin_mle": {"result": [35.46668102033436], "stats": [{"ci_99": [24.893340533599257, 46.04002150706946], "q_25": 35.36094761546701, "q_75": 35.572414425201714, "min": 35.25521421059966, "max": 35.678147830069065, "mean": 35.46668102033436, "std": 0.2114668097347021, "repeat": 2, "number": 1}]}, "readwrite.TimeRead.time_asia_read": {"result": [0.009060147684067488], "stats": [{"ci_99": [0.007570939604192972, 0.010549355763942002], "q_25": 0.009045255603268743, "q_75": 0.009075039764866233, "min": 0.009030363522469997, "max": 0.009089931845664978, "mean": 0.009060147684067488, "std": 2.978416159749031e-05, "repeat": 2, "number": 2}]}, "readwrite.TimeRead.time_asia_write": {"result": [0.0008775220563014348], "stats": [{"ci_99": [0.0003566954284906379, 0.0013983486841122315], "q_25": 0.0008723137900233269, "q_75": 0.0008827303225795429, "min": 0.0008671055237452189, "max": 0.0008879385888576508, "mean": 0.0008775220563014348, "std": 1.041653255621594e-05, "repeat": 2, "number": 45}]}, "readwrite.TimeRead.time_munin_read": {"result": [4.876856003887951], "stats": [{"ci_99": [4.700437757186592, 5.053274250589311], "q_25": 4.875091821420938, "q_75": 4.878620186354965, "min": 4.873327638953924, "max": 4.880384368821979, "mean": 4.876856003887951, "std": 0.003528364934027195, "repeat": 2, "number": 1}]}, "readwrite.TimeRead.time_munin_write": {"result": [0.11689981259405613], "stats": [{"ci_99": [-0.2771598119288683, 0.5109594371169802], "q_25": 0.11295921634882689, "q_75": 0.12084040883928537, "min": 0.10901862010359764, "max": 0.12478100508451462, "mean": 0.11689981259405613, "std": 0.007881192490458488, "repeat": 2, "number": 1}]}, "readwrite.TimeRead.time_pathfinder_read": {"result": [5.4652002565562725], "stats": [{"ci_99": [5.052820958197117, 5.877579554915428], "q_25": 5.461076463572681, "q_75": 5.469324049539864, "min": 5.456952670589089, "max": 5.473447842523456, "mean": 5.4652002565562725, "std": 0.008247585967183113, "repeat": 2, "number": 1}]}, "readwrite.TimeRead.time_pathfinder_write": {"result": [0.10899226274341345], "stats": [{"ci_99": [-0.031242053024470806, 0.2492265785112976], "q_25": 0.1075899195857346, "q_75": 0.11039460590109229, "min": 0.10618757642805576, "max": 0.11179694905877113, "mean": 0.10899226274341345, "std": 0.002804686315357685, "repeat": 2, "number": 1}]}, "sampling.TimeSampling.time_forward_sample": {"result": [0.24017457105219364], "stats": [{"ci_99": [0.23926554061472416, 0.24092698469758034], "q_25": 0.24007055768743157, "q_75": 0.24055583123117685, "min": 0.23926554061472416, "max": 0.24092698469758034, "mean": 0.2402411013841629, "std": 0.0004396785859847344, "repeat": 10, "number": 1}]}, "sampling.TimeSampling.time_gibbs_sampling": null, "sampling.TimeSampling.time_likelihood_sample": {"result": [0.23933956678956747], "stats": [{"ci_99": [0.2375245187431574, 0.24842610955238342], "q_25": 0.23881801310926676, "q_75": 0.24037609482184052, "min": 0.2375245187431574, "max": 0.24842610955238342, "mean": 0.2402462163940072, "std": 0.0029194033191198465, "repeat": 10, "number": 1}]}, "sampling.TimeSampling.time_rejection_sample": {"result": [44.23241405095905], "stats": [{"ci_99": [39.4946858221665, 48.97014227975159], "q_25": 44.185036768671125, "q_75": 44.279791333246976, "min": 44.1376594863832, "max": 44.3271686155349,