{"results": {"factor.TimeDiscreteFactor.time_factor_marginalize": {"result": [6.744099860908064e-05], "stats": [{"ci_99": [6.700101439938223e-05, 6.917116740729912e-05], "q_25": 6.713365073218668e-05, "q_75": 6.828534822522497e-05, "min": 6.700101439938223e-05, "max": 6.917116740729912e-05, "mean": 6.771211289555019e-05, "std": 7.250938079820982e-07, "repeat": 10, "number": 163}]}, "factor.TimeDiscreteFactor.time_factor_multiply_large": {"result": [5.776137698695298e-05], "stats": [{"ci_99": [5.684892466555091e-05, 6.167062056002192e-05], "q_25": 5.704479496828549e-05, "q_75": 5.885097563890886e-05, "min": 5.684892466555091e-05, "max": 6.167062056002192e-05, "mean": 5.817259052349012e-05, "std": 1.4110175072000819e-06, "repeat": 10, "number": 191}]}, "factor.TimeDiscreteFactor.time_factor_reduce": {"result": [3.434415119960441e-05], "stats": [{"ci_99": [3.382238495794142e-05, 3.496178003571789e-05], "q_25": 3.405813393848283e-05, "q_75": 3.447866657320758e-05, "min": 3.382238495794142e-05, "max": 3.496178003571789e-05, "mean": 3.430641933072428e-05, "std": 3.231601918044429e-07, "repeat": 10, "number": 322}]}, "import.TimeImport.time_import": {"result": [1.3369095044517593e-07], "stats": [{"ci_99": [1.3277365679934684e-07, 1.348829877264088e-07], "q_25": 1.3348842559264732e-07, "q_75": 1.3386051700196922e-07, "min": 1.3277365679934684e-07, "max": 1.348829877264088e-07, "mean": 1.337168749026928e-07, "std": 5.520164338583205e-10, "repeat": 10, "number": 81721}]}, "inference.TimeVariableElimination.time_query_alarm": {"result": [0.06890248507261276], "stats": [{"ci_99": [0.06633164988552784, 0.07167491993213436], "q_25": 0.06835008971393108, "q_75": 0.0695556802675128, "min": 0.0678040087223053, "max": 0.07040416076779366, "mean": 0.06900328490883112, "std": 0.000961168976314226, "repeat": 4, "number": 1}]}, "inference.TimeVariableElimination.time_query_munin": {"result": [0.5239013228565454], "stats": [{"ci_99": [0.5114027600367255, 0.5356985792885833], "q_25": 0.5207442352548242, "q_75": 0.5267077572643757, "min": 0.5175008997321129, "max": 0.5288991332054138, "mean": 0.5235506696626544, "std": 0.004303226827756316, "repeat": 4, "number": 1}]}, "readwrite.TimeRead.time_asia_read": {"result": [0.009547175839543343], "stats": [{"ci_99": [0.006993023678660393, 0.01210132800042629], "q_25": 0.009521634317934513, "q_75": 0.009572717361152172, "min": 0.009496092796325684, "max": 0.009598258882761002, "mean": 0.009547175839543343, "std": 5.1083043217658997e-05, "repeat": 2, "number": 2}]}, "readwrite.TimeRead.time_asia_write": {"result": [0.0004969790517803162], "stats": [{"ci_99": [2.085540684000094e-05, 0.0009731026967206308], "q_25": 0.000492217815330913, "q_75": 0.0005017402882297193, "min": 0.00048745657888150983, "max": 0.0005065015246791224, "mean": 0.0004969790517803162, "std": 9.522472898806304e-06, "repeat": 2, "number": 62}]}, "readwrite.TimeRead.time_munin_read": {"result": [5.805376457050443], "stats": [{"ci_99": [5.01081888191402, 6.599934032186865], "q_25": 5.7974308812990785, "q_75": 5.813322032801807, "min": 5.789485305547714, "max": 5.821267608553171, "mean": 5.805376457050443, "std": 0.015891151502728462, "repeat": 2, "number": 1}]}, "readwrite.TimeRead.time_munin_write": {"result": [0.04334917850792408], "stats": [{"ci_99": [0.033505192026495934, 0.05319316498935222], "q_25": 0.0432507386431098, "q_75": 0.04344761837273836, "min": 0.04315229877829552, "max": 0.04354605823755264, "mean": 0.04334917850792408, "std": 0.00019687972962856293, "repeat": 2, "number": 1}]}, "readwrite.TimeRead.time_pathfinder_read": {"result": [6.478942761197686], "stats": [{"ci_99": [5.032275168225169, 7.925610354170201], "q_25": 6.464476085267961, "q_75": 6.493409437127411, "min": 6.450009409338236, "max": 6.5078761130571365, "mean": 6.478942761197686, "std": 0.02893335185945034, "repeat": 2, "number": 1}]}, "readwrite.TimeRead.time_pathfinder_write": {"result": [0.02597808465361595], "stats": [{"ci_99": [0.01965179666876793, 0.03230437263846397], "q_25": 0.02591482177376747, "q_75": 0.026041347533464432, "min": 0.02585155889391899, "max": 0.026104610413312912, "mean": 0.02597808465361595, "std": 0.00012652575969696045, "repeat": 2, "number": 1}]}, "sampling.TimeSampling.time_forward_sample": {"result": [0.20670864917337894], "stats": [{"ci_99": [0.2048242948949337, 0.208320751786232], "q_25": 0.20523746497929096, "q_75": 0.20812274236232042, "min": 0.2048242948949337, "max": 0.208320751786232, "mean": 0.2066444419324398, "std": 0.0014460913684240908, "repeat": 10, "number": 1}]}, "sampling.TimeSampling.time_gibbs_sampling": null, "sampling.TimeSampling.time_likelihood_sample": {"result": [0.21856090985238552], "stats": [{"ci_99": [0.2171936333179474, 0.22192182764410973], "q_25": 0.21770666260272264, "q_75": 0.21934877708554268, "min": 0.2171936333179474, "max": 0.22192182764410973, "mean": 0.2187369205057621, "std": 0.0013468281858321476, "repeat": 10, "number": 1}]}, "sampling.TimeSampling.time_rejection_sample": {"result": [38.377037566155195], "stats": [{"ci_99": [2.941883835941553, 73.81219129636881], "q_25": 38.02268602885306, "q_75": 38.73138910345733, "min": 37.66833449155092, "max": 39.08574064075947, "mean": 38.377037566155195, "std": 0.7087030746042728, "repeat": 2, "number": 1}]}, "structure_learning.TimeHillClimb.time_hillclimb": null, "structure_learning.TimePC.time_pc_orig": {"result": [39.3023965023458], "stats": [{"ci_99": [21.73982347175479, 56.8649695329368], "q_25": 39.12677077203989, "q_75": 39.47802223265171, "min": 38.95114504173398, "max": 39.65364796295762, "mean": 39.3023965023458, "std": 0.3512514606118202, "repeat": 2, "number": 1}]}, "structure_learning.TimePC.time_pc_stable": {"result": [39.05392860248685], "stats": [{"ci_99": [14.080452483147383, 64.02740472182629], "q_25": 38.804193841293454, "q_75": 39.30366336368024, "min": 38.55445908010006, "max": 39.55339812487364, "mean": 39.05392860248685, "std": 0.4994695223867893, "repeat": 2, "number": 1}]}}, "params": {"arch": "x86_64", "cpu": "Intel(R) Core(TM) i9-9820X CPU @ 3.30GHz", "machine": "graveyard", "num_cpu": "20", "os": "Linux 4.15.0-112-generic", "ram": "131688676", "python": "3.6"}, "requirements": {}, "commit_hash": "3f54db35743cb888fee610f202d4c569c5590a99", "date": 1629123340000, "env_name": "conda-py3.6", "python": "3.6", "profiles": {}, "started_at": {"factor.TimeDiscreteFactor.time_factor_marginalize": 1630594495730, "factor.TimeDiscreteFactor.time_factor_multiply_large": 1630594495938, "factor.TimeDiscreteFactor.time_factor_reduce": 1630594496146, "import.TimeImport.time_import": 1630594496355, "inference.TimeVariableElimination.time_query_alarm": 1630594496563, "inference.TimeVariableElimination.time_query_munin": 1630594516614, "readwrite.TimeRead.time_asia_read": 1630594537827, "readwrite.TimeRead.time_asia_write": 1630594564104, "readwrite.TimeRead.time_munin_read": 1630594590425, "readwrite.TimeRead.time_munin_write": 1630594630011, "readwrite.TimeRead.time_pathfinder_read": 1630594656314, "readwrite.TimeRead.time_pathfinder_write": 1630594696290, "sampling.TimeSampling.time_forward_sample": 1630594722544, "sampling.TimeSampling.time_gibbs_sampling": 1630593658321, "sampling.TimeSampling.time_likelihood_sample": 1630594724405, "sampling.TimeSampling.time_rejection_sample": 1630594726369, "structure_learning.TimeHillClimb.time_hillclimb": 1630594338971, "structure_learning.TimePC.time_pc_orig": 1630594803333, "structure_learning.TimePC.time_pc_stable": 1630594880116}, "ended_at": {"factor.TimeDiscreteFactor.time_factor_marginalize": 1630594495938, "factor.TimeDiscreteFactor.time_factor_multiply_large": 1630594496146, "factor.TimeDiscreteFactor.time_factor_reduce": 1630594496354, "import.TimeImport.time_import": 1630594496563, "inference.TimeVariableElimination.time_query_alarm": 1630594516613, "inference.TimeVariableElimination.time_query_munin": 1630594537827, "readwrite.TimeRead.time_asia_read": 1630594564104,