{"results": {"factor.TimeDiscreteFactor.time_factor_compare": {"result": [6.13687616406065e-05], "stats": [{"ci_99": [6.121391374053377e-05, 6.20947755647428e-05], "q_25": 6.12712860333197e-05, "q_75": 6.166885917385419e-05, "min": 6.121391374053377e-05, "max": 6.20947755647428e-05, "mean": 6.148814703478957e-05, "std": 2.8996433030081853e-07, "repeat": 10, "number": 165}]}, "factor.TimeDiscreteFactor.time_factor_marginalize": {"result": [6.362117913573286e-05], "stats": [{"ci_99": [6.332904706860698e-05, 6.439757728299429e-05], "q_25": 6.343663648463959e-05, "q_75": 6.379612158377503e-05, "min": 6.332904706860698e-05, "max": 6.439757728299429e-05, "mean": 6.37087429505448e-05, "std": 3.6439585675652706e-07, "repeat": 10, "number": 172}]}, "factor.TimeDiscreteFactor.time_factor_multiply_large": {"result": [4.7271375697624834e-05], "stats": [{"ci_99": [4.6479417490556774e-05, 4.925607125970382e-05], "q_25": 4.692953708679867e-05, "q_75": 4.8742853576623935e-05, "min": 4.6479417490556774e-05, "max": 4.925607125970382e-05, "mean": 4.769366093074219e-05, "std": 1.0223780769252516e-06, "repeat": 10, "number": 237}]}, "factor.TimeDiscreteFactor.time_factor_reduce": {"result": [2.5621566577742524e-05], "stats": [{"ci_99": [2.529970521195571e-05, 2.59813404365668e-05], "q_25": 2.538349985741915e-05, "q_75": 2.579575176919785e-05, "min": 2.529970521195571e-05, "max": 2.59813404365668e-05, "mean": 2.5611411213428894e-05, "std": 2.4620572535368494e-07, "repeat": 10, "number": 401}]}, "import.TimeImport.time_import": {"result": [1.1476901599501737e-07], "stats": [{"ci_99": [1.1404258715431589e-07, 1.166174085265781e-07], "q_25": 1.142665321507537e-07, "q_75": 1.1526048914851499e-07, "min": 1.1404258715431589e-07, "max": 1.166174085265781e-07, "mean": 1.148704151660846e-07, "std": 7.436183819388524e-10, "repeat": 10, "number": 94226}]}, "inference.TimeBeliefPropagation.time_query_alarm": {"result": [91.62236144207418], "stats": [{"ci_99": [86.18070696853101, 97.06401591561735], "q_25": 91.56794489733875, "q_75": 91.67677798680961, "min": 91.51352835260332, "max": 91.73119453154504, "mean": 91.62236144207418, "std": 0.10883308947086334, "repeat": 2, "number": 1}]}, "inference.TimeVariableElimination.time_query_alarm": {"result": [0.11672143545001745], "stats": [{"ci_99": [0.07910428205364865, 0.14010514868563473], "q_25": 0.10888202581554651, "q_75": 0.11744412500411272, "min": 0.08729296736419201, "max": 0.11768302321434021, "mean": 0.10960471536964178, "std": 0.012895693178712229, "repeat": 4, "number": 1}]}, "inference.TimeVariableElimination.time_query_munin": {"result": [0.4608706720173359], "stats": [{"ci_99": [0.45073501499002816, 0.4725662291645444], "q_25": 0.4584074351005256, "q_75": 0.4641138589940965, "min": 0.4575243163853884, "max": 0.4673368278890848, "mean": 0.46165062207728624, "std": 0.0038724643830579113, "repeat": 4, "number": 1}]}, "parameter_learning.TimeBayesianEstimator.time_alarm_bayesian_estimator": null, "parameter_learning.TimeBayesianEstimator.time_munin_bayesian_estimator": null, "parameter_learning.TimeExpectationMaximization.time_alarm_em": null, "parameter_learning.TimeExpectationMaximization.time_munin_em": null, "parameter_learning.TimeMLE.time_alarm_mle": null, "parameter_learning.TimeMLE.time_munin_mle": null, "readwrite.TimeRead.time_asia_read": {"result": [0.008693976793438196], "stats": [{"ci_99": [0.007653479930013418, 0.009734473656862974], "q_25": 0.008683571824803948, "q_75": 0.008704381762072444, "min": 0.0086731668561697, "max": 0.008714786730706692, "mean": 0.008693976793438196, "std": 2.080993726849556e-05, "repeat": 2, "number": 2}]}, "readwrite.TimeRead.time_asia_write": {"result": [0.0005291117211947074], "stats": [{"ci_99": [-0.00036470004572317983, 0.001422923488112594], "q_25": 0.0005201736035255286, "q_75": 0.0005380498388638863, "min": 0.0005112354858563497, "max": 0.0005469879565330652, "mean": 0.0005291117211947074, "std": 1.7876235338357745e-05, "repeat": 2, "number": 78}]}, "readwrite.TimeRead.time_munin_read": {"result": [4.7446782402694225], "stats": [{"ci_99": [4.417289391160011, 5.072067089378834], "q_25": 4.741404351778328, "q_75": 4.747952128760517, "min": 4.738130463287234, "max": 4.751226017251611, "mean": 4.7446782402694225, "std": 0.006547776982188225, "repeat": 2, "number": 1}]}, "readwrite.TimeRead.time_munin_write": {"result": [0.05008617136627436], "stats": [{"ci_99": [0.0396382687613368, 0.0605340739712119], "q_25": 0.04998169234022498, "q_75": 0.05019065039232373, "min": 0.049877213314175606, "max": 0.05029512941837311, "mean": 0.05008617136627436, "std": 0.00020895805209875107, "repeat": 2, "number": 1}]}, "readwrite.TimeRead.time_pathfinder_read": {"result": [5.2884063217788935], "stats": [{"ci_99": [4.485861258581281, 6.090951384976505], "q_25": 5.280380871146917, "q_75": 5.29643177241087, "min": 5.272355420514941, "max": 5.304457223042846, "mean": 5.2884063217788935, "std": 0.016050901263952255, "repeat": 2, "number": 1}]}, "readwrite.TimeRead.time_pathfinder_write": {"result": [0.020908258855342865], "stats": [{"ci_99": [0.019218094646930695, 0.022598423063755035], "q_25": 0.020891357213258743, "q_75": 0.020925160497426987, "min": 0.02087445557117462, "max": 0.02094206213951111, "mean": 0.020908258855342865, "std": 3.380328416824341e-05, "repeat": 2, "number": 1}]}, "sampling.TimeSampling.time_forward_sample": null, "sampling.TimeSampling.time_gibbs_sampling": null, "sampling.TimeSampling.time_likelihood_sample": {"result": [0.2266449173912406], "stats": [{"ci_99": [0.2258820254355669, 0.22768502868711948], "q_25": 0.22639974346384406, "q_75": 0.22710884036496282, "min": 0.2258820254355669, "max": 0.22768502868711948, "mean": 0.22675558663904666, "std": 0.0005215768801039462, "repeat": 10, "number": 1}]}, "sampling.TimeSampling.time_rejection_sample": null, "structure_learning.TimeHillClimbAlarmModel.time_hillclimb": null, "structure_learning.TimeMmhcAlarmModel.time_mmhc": null, "structure_learning.TimePCAlarmModel.time_pc_orig": null, "structure_learning.TimePCAlarmModel.time_pc_stable": null, "structure_learning.TimeTreeSearchAlarmModel.time_tan": null}, "params": {"arch": "x86_64", "cpu": "Intel(R) Core(TM) i9-9820X CPU @ 3.30GHz", "machine": "graveyard", "num_cpu": "20", "os": "Linux 4.15.0-112-generic", "ram": "131688676", "python": "3.9"}, "requirements": {}, "commit_hash": "3f54db35743cb888fee610f202d4c569c5590a99", "date": 1629123340000, "env_name": "conda-py3.9", "python": "3.9", "profiles": {}, "started_at": {"factor.TimeDiscreteFactor.time_factor_compare": 1653786991402, "factor.TimeDiscreteFactor.time_factor_marginalize": 1653786991609, "factor.TimeDiscreteFactor.time_factor_multiply_large": 1653786991816, "factor.TimeDiscreteFactor.time_factor_reduce": 1653786992023, "import.TimeImport.time_import": 1653786992230, "inference.TimeBeliefPropagation.time_query_alarm": 1653786992437, "inference.TimeVariableElimination.time_query_alarm": 1653787175796, "inference.TimeVariableElimination.time_query_munin": 1653787193053, "parameter_learning.TimeBayesianEstimator.time_alarm_bayesian_estimator": 1653786230557, "parameter_learning.TimeBayesianEstimator.time_munin_bayesian_estimator": 1653786230715, "parameter_learning.TimeExpectationMaximization.time_alarm_em": 1653786230872, "parameter_learning.TimeExpectationMaximization.time_munin_em": 1653786231029, "parameter_learning.TimeMLE.time_alarm_mle": 1653786231186, "parameter_learning.TimeMLE.time_munin_mle": 1653786231342, "readwrite.TimeRead.time_asia_read": 1653787211264, "readwrite.TimeRead.time_asia_write": 1653787233432, "readwrite.TimeRead.time_munin_read": 1653787255600, "readwrite.TimeRead.time_munin_write": 1653787289501, "readwrite.TimeRead.time_pathfinder_read": 1653787311770, "readwrite.TimeRead.time_pathfinder_write": 1653787345469, "sampling.TimeSampling.time_forward_sample": 1653786388170, "sampling.TimeSampling.time_gibbs_sampling": 1653786388327, "sampling.TimeSampling.time_likelihood_sample": 1653787367639,