{"results": {"factor.TimeDiscreteFactor.time_factor_marginalize": {"result": [6.481539179197329e-05], "stats": [{"ci_99": [6.434585464125622e-05, 6.683000145915026e-05], "q_25": 6.461334986400283e-05, "q_75": 6.56444306100557e-05, "min": 6.434585464125622e-05, "max": 6.683000145915026e-05, "mean": 6.51747986540466e-05, "std": 7.739946081162801e-07, "repeat": 10, "number": 167}]}, "factor.TimeDiscreteFactor.time_factor_multiply_large": {"result": [5.165594584290303e-05], "stats": [{"ci_99": [5.1283498988578135e-05, 5.3087475380915054e-05], "q_25": 5.145535996074186e-05, "q_75": 5.19681289362922e-05, "min": 5.1283498988578135e-05, "max": 5.3087475380915054e-05, "mean": 5.189725106545523e-05, "std": 6.241421399803239e-07, "repeat": 10, "number": 204}]}, "factor.TimeDiscreteFactor.time_factor_reduce": {"result": [3.057612664460793e-05], "stats": [{"ci_99": [3.037015271375777e-05, 3.14872942714595e-05], "q_25": 3.0467038778239264e-05, "q_75": 3.069234302036614e-05, "min": 3.037015271375777e-05, "max": 3.14872942714595e-05, "mean": 3.0643253396627545e-05, "std": 3.069183237085021e-07, "repeat": 10, "number": 347}]}, "import.TimeImport.time_import": {"result": [1.3643752777866606e-07], "stats": [{"ci_99": [1.3467514793039032e-07, 1.3745882881697892e-07], "q_25": 1.3561658798579658e-07, "q_75": 1.3685982596983186e-07, "min": 1.3467514793039032e-07, "max": 1.3745882881697892e-07, "mean": 1.3626850626107328e-07, "std": 8.627662814315268e-10, "repeat": 10, "number": 74239}]}, "readwrite.TimeRead.time_asia_read": {"result": [0.16976646217517555], "stats": [{"ci_99": [0.01770086889155209, 0.3218320554587989], "q_25": 0.1682458062423393, "q_75": 0.17128711810801178, "min": 0.16672515030950308, "max": 0.17280777404084802, "mean": 0.16976646217517555, "std": 0.003041311865672469, "repeat": 2, "number": 1}]}, "readwrite.TimeRead.time_asia_write": {"result": [0.00019860794376311958], "stats": [{"ci_99": [0.00018863486247542113, 0.00020858102505081803], "q_25": 0.0001985082129502426, "q_75": 0.00019870767457599655, "min": 0.0001984084821373656, "max": 0.00019880740538887355, "mean": 0.00019860794376311958, "std": 1.99461625753969e-07, "repeat": 2, "number": 69}]}, "readwrite.TimeRead.time_munin_read": {"result": [5.533265214646235], "stats": [{"ci_99": [5.4916354331653565, 5.574894996127114], "q_25": 5.532848916831426, "q_75": 5.533681512461044, "min": 5.5324326190166175, "max": 5.534097810275853, "mean": 5.533265214646235, "std": 0.0008325956296175718, "repeat": 2, "number": 1}]}, "readwrite.TimeRead.time_munin_write": {"result": [0.04367431811988354], "stats": [{"ci_99": [0.019036062993109226, 0.06831257324665782], "q_25": 0.043427935568615794, "q_75": 0.04392070067115128, "min": 0.04318155301734805, "max": 0.044167083222419024, "mean": 0.04367431811988354, "std": 0.0004927651025354862, "repeat": 2, "number": 1}]}, "readwrite.TimeRead.time_pathfinder_read": {"result": [6.167447475483641], "stats": [{"ci_99": [5.059395999880508, 7.275498951086774], "q_25": 6.15636696072761, "q_75": 6.178527990239672, "min": 6.145286445971578, "max": 6.189608504995704, "mean": 6.167447475483641, "std": 0.02216102951206267, "repeat": 2, "number": 1}]}, "readwrite.TimeRead.time_pathfinder_write": {"result": [0.02735497639514506], "stats": [{"ci_99": [0.0057019011583179235, 0.04900805163197218], "q_25": 0.027138445642776787, "q_75": 0.02757150714751333, "min": 0.026921914890408516, "max": 0.0277880378998816, "mean": 0.02735497639514506, "std": 0.0004330615047365427, "repeat": 2, "number": 1}]}, "sampling.TimeSampling.time_forward_sample": {"result": [0.6408892024774104], "stats": [{"ci_99": [0.6374117443338037, 0.6704046889208257], "q_25": 0.6392804451752454, "q_75": 0.6435058813076466, "min": 0.6374117443338037, "max": 0.6704046889208257, "mean": 0.6460004161112011, "std": 0.011425159902053816, "repeat": 10, "number": 1}]}, "sampling.TimeSampling.time_gibbs_sampling": null, "sampling.TimeSampling.time_likelihood_sample": {"result": [0.6636462761089206], "stats": [{"ci_99": [0.6595495189540088, 0.667148710694164], "q_25": 0.66187767253723, "q_75": 0.6654695636825636, "min": 0.6595495189540088, "max": 0.667148710694164, "mean": 0.6634487193543464, "std": 0.002420935255111767, "repeat": 10, "number": 1}]}, "sampling.TimeSampling.time_rejection_sample": {"result": [95.50957028800622], "stats": [{"ci_99": [84.70803365157917, 106.31110692443325], "q_25": 95.40155492164195, "q_75": 95.61758565437049, "min": 95.29353955527768, "max": 95.72560102073476, "mean": 95.50957028800622, "std": 0.2160307327285409, "repeat": 2, "number": 1}]}, "structure_learning.TimeHillClimb.time_hillclimb": null, "structure_learning.TimePC.time_pc_orig": {"result": [37.41318172845058], "stats": [{"ci_99": [35.039486669236794, 39.78687678766437], "q_25": 37.389444777858444, "q_75": 37.43691867904272, "min": 37.365707827266306, "max": 37.46065562963486, "mean": 37.41318172845058, "std": 0.047473901184275746, "repeat": 2, "number": 1}]}, "structure_learning.TimePC.time_pc_stable": {"result": [41.58900946844369], "stats": [{"ci_99": [38.12402781099081, 45.05399112589657], "q_25": 41.55435965186916, "q_75": 41.62365928501822, "min": 41.519709835294634, "max": 41.65830910159275, "mean": 41.58900946844369, "std": 0.06929963314905763, "repeat": 2, "number": 1}]}, "inference.TimeVariableElimination.time_query_alarm": {"result": [0.12142505729570985], "stats": [{"ci_99": [0.09697299591586372, 0.16124895074084003], "q_25": 0.12125027668662369, "q_75": 0.12928575393743813, "min": 0.12083098664879799, "max": 0.1527627920731902, "mean": 0.12911097332835197, "std": 0.013657559923823871, "repeat": 4, "number": 1}]}, "inference.TimeVariableElimination.time_query_munin": null}, "params": {"arch": "x86_64", "cpu": "Intel(R) Core(TM) i9-9820X CPU @ 3.30GHz", "machine": "graveyard", "num_cpu": "20", "os": "Linux 4.15.0-112-generic", "ram": "131688676", "python": "3.8"}, "requirements": {}, "commit_hash": "409bc6d58c78c77c2af46869d47b766e6dc7c3d8", "date": 1609335669000, "env_name": "conda-py3.8", "python": "3.8", "profiles": {}, "started_at": {"factor.TimeDiscreteFactor.time_factor_marginalize": 1610292611901, "factor.TimeDiscreteFactor.time_factor_multiply_large": 1610292612107, "factor.TimeDiscreteFactor.time_factor_reduce": 1610292612315, "import.TimeImport.time_import": 1610292612523, "readwrite.TimeRead.time_asia_read": 1610292612734, "readwrite.TimeRead.time_asia_write": 1610292638695, "readwrite.TimeRead.time_munin_read": 1610292664408, "readwrite.TimeRead.time_munin_write": 1610292703052, "readwrite.TimeRead.time_pathfinder_read": 1610292728818, "readwrite.TimeRead.time_pathfinder_write": 1610292767712, "sampling.TimeSampling.time_forward_sample": 1610292793428, "sampling.TimeSampling.time_gibbs_sampling": 1610291639227, "sampling.TimeSampling.time_likelihood_sample": 1610292798700, "sampling.TimeSampling.time_rejection_sample": 1610292804069, "structure_learning.TimeHillClimb.time_hillclimb": 1610292431625, "structure_learning.TimePC.time_pc_orig": 1610292991058, "structure_learning.TimePC.time_pc_stable": 1610293074655, "inference.TimeVariableElimination.time_query_alarm": 1618080825150, "inference.TimeVariableElimination.time_query_munin": 1618080765080}, "ended_at": {"factor.TimeDiscreteFactor.time_factor_marginalize": 1610292612107, "factor.TimeDiscreteFactor.time_factor_multiply_large": 1610292612315, "factor.TimeDiscreteFactor.time_factor_reduce": 1610292612523, "import.TimeImport.time_import": 1610292612734, "readwrite.TimeRead.time_asia_read": 1610292638694, "readwrite.TimeRead.time_asia_write": 1610292664408, "readwrite.TimeRead.time_munin_read": 1610292703052, "readwrite.TimeRead.time_munin_write": 1610292728818, "readwrite.TimeRead.time_pathfinder_read": 1610292767712, "readwrite.TimeRead.time_pathfinder_write": 1610292793428, "sampling.TimeSampling.time_forward_sample": 1610292798699, "sampling.TimeSampling.time_gibbs_sampling": 1610292239522, "sampling.TimeSampling.time_likelihood_sample": 1610292804069,