{"results": {"factor.TimeDiscreteFactor.time_factor_marginalize": {"result": [6.0965719738763255e-05], "stats": [{"ci_99": [6.0293566948639417e-05, 6.20911198997212e-05], "q_25": 6.062889326653795e-05, "q_75": 6.148525552746064e-05, "min": 6.0293566948639417e-05, "max": 6.20911198997212e-05, "mean": 6.10557334597953e-05, "std": 5.837483042733147e-07, "repeat": 10, "number": 167}]}, "factor.TimeDiscreteFactor.time_factor_multiply_large": {"result": [4.843241675237638e-05], "stats": [{"ci_99": [4.811749785347322e-05, 4.901568842145194e-05], "q_25": 4.830162774408813e-05, "q_75": 4.856489326771909e-05, "min": 4.811749785347322e-05, "max": 4.901568842145194e-05, "mean": 4.848117684632277e-05, "std": 2.7749297586582726e-07, "repeat": 10, "number": 226}]}, "factor.TimeDiscreteFactor.time_factor_reduce": {"result": [2.8924607061620417e-05], "stats": [{"ci_99": [2.8784162011639826e-05, 2.9189779755027814e-05], "q_25": 2.8906637620737497e-05, "q_75": 2.9022711725241836e-05, "min": 2.8784162011639826e-05, "max": 2.9189779755027814e-05, "mean": 2.8958733611065765e-05, "std": 1.0737829944233978e-07, "repeat": 10, "number": 348}]}, "import.TimeImport.time_import": {"result": [1.2909188010287794e-07], "stats": [{"ci_99": [1.280848761537733e-07, 1.299636383252737e-07], "q_25": 1.2835177005757735e-07, "q_75": 1.2966991777073475e-07, "min": 1.280848761537733e-07, "max": 1.299636383252737e-07, "mean": 1.2902851452438944e-07, "std": 6.913146024006219e-10, "repeat": 10, "number": 84135}]}, "inference.TimeVariableElimination.time_query_alarm": {"result": [0.21211432479321957], "stats": [{"ci_99": [0.20520588790980607, 0.2190615819955108], "q_25": 0.2097731763496995, "q_75": 0.21447488339617848, "min": 0.2097480110824108, "max": 0.21455827914178371, "mean": 0.21213373495265841, "std": 0.002369302906482501, "repeat": 4, "number": 1}]}, "inference.TimeVariableElimination.time_query_munin": {"result": [0.5778257800266147], "stats": [{"ci_99": [0.5546925067070536, 0.6023974372905083], "q_25": 0.571104699280113, "q_75": 0.5852660527452826, "min": 0.5694551169872284, "max": 0.5890732109546661, "mean": 0.578544971998781, "std": 0.00822605108734592, "repeat": 4, "number": 1}]}, "readwrite.TimeRead.time_asia_read": {"result": [0.008391405921429396], "stats": [{"ci_99": [0.006272577214986086, 0.010510234627872704], "q_25": 0.008370217634364963, "q_75": 0.008412594208493829, "min": 0.00834902934730053, "max": 0.008433782495558262, "mean": 0.008391405921429396, "std": 4.2376574128866196e-05, "repeat": 2, "number": 2}]}, "readwrite.TimeRead.time_asia_write": {"result": [0.0007902184166969396], "stats": [{"ci_99": [-0.00913302361583098, 0.010713460449224853], "q_25": 0.0006909859963716605, "q_75": 0.0008894508370222189, "min": 0.0005917535760463813, "max": 0.000988683257347498, "mean": 0.0007902184166969396, "std": 0.00019846484065055842, "repeat": 2, "number": 39}]}, "readwrite.TimeRead.time_munin_read": {"result": [5.059542870149016], "stats": [{"ci_99": [5.009834924712777, 5.109250815585256], "q_25": 5.059045790694654, "q_75": 5.060039949603379, "min": 5.058548711240292, "max": 5.060537029057741, "mean": 5.059542870149016, "std": 0.0009941589087247849, "repeat": 2, "number": 1}]}, "readwrite.TimeRead.time_munin_write": {"result": [0.12662151735275984], "stats": [{"ci_99": [0.1130469786003232, 0.14019605610519648], "q_25": 0.12648577196523547, "q_75": 0.1267572627402842, "min": 0.1263500265777111, "max": 0.12689300812780857, "mean": 0.12662151735275984, "std": 0.00027149077504873276, "repeat": 2, "number": 1}]}, "readwrite.TimeRead.time_pathfinder_read": {"result": [5.66663396731019], "stats": [{"ci_99": [5.507830522954464, 5.825437411665916], "q_25": 5.665045932866633, "q_75": 5.6682220017537475, "min": 5.663457898423076, "max": 5.669810036197305, "mean": 5.66663396731019, "std": 0.003176068887114525, "repeat": 2, "number": 1}]}, "readwrite.TimeRead.time_pathfinder_write": {"result": [0.13079362642019987], "stats": [{"ci_99": [-0.24106843676418066, 0.5026556896045801], "q_25": 0.12707500578835607, "q_75": 0.13451224705204368, "min": 0.12335638515651226, "max": 0.13823086768388748, "mean": 0.13079362642019987, "std": 0.007437241263687611, "repeat": 2, "number": 1}]}, "sampling.TimeSampling.time_forward_sample": {"result": [0.2018050830811262], "stats": [{"ci_99": [0.20083324052393436, 0.2036060392856598], "q_25": 0.20151024544611573, "q_75": 0.20231056585907936, "min": 0.20083324052393436, "max": 0.2036060392856598, "mean": 0.20201027635484933, "std": 0.000793771559280592, "repeat": 10, "number": 1}]}, "sampling.TimeSampling.time_gibbs_sampling": null, "sampling.TimeSampling.time_likelihood_sample": {"result": [0.20340379793196917], "stats": [{"ci_99": [0.20160025916993618, 0.22856048867106438], "q_25": 0.20264238212257624, "q_75": 0.20369230024516582, "min": 0.20160025916993618, "max": 0.22856048867106438, "mean": 0.20580019801855087, "std": 0.007667396480907768, "repeat": 10, "number": 1}]}, "sampling.TimeSampling.time_rejection_sample": {"result": [36.61701821628958], "stats": [{"ci_99": [34.252246170304716, 38.981790262274444], "q_25": 36.59337049582973, "q_75": 36.64066593674943, "min": 36.56972277536988, "max": 36.66431365720928, "mean": 36.61701821628958, "std": 0.047295440919697285, "repeat": 2, "number": 1}]}, "structure_learning.TimeHillClimb.time_hillclimb": null, "structure_learning.TimePC.time_pc_orig": {"result": [31.821716874837875], "stats": [{"ci_99": [30.410653557628393, 33.23278019204736], "q_25": 31.80760624166578, "q_75": 31.83582750800997, "min": 31.793495608493686, "max": 31.849938141182065, "mean": 31.821716874837875, "std": 0.028221266344189644, "repeat": 2, "number": 1}]}, "structure_learning.TimePC.time_pc_stable": {"result": [31.819851839914918], "stats": [{"ci_99": [24.71056883595884, 38.92913484387099], "q_25": 31.748759009875357, "q_75": 31.89094466995448, "min": 31.677666179835796, "max": 31.96203749999404, "mean": 31.819851839914918, "std": 0.1421856600791216, "repeat": 2, "number": 1}]}, "factor.TimeDiscreteFactor.time_factor_compare": {"result": [6.156020726148899e-05], "stats": [{"ci_99": [6.135844090986534e-05, 6.220916275089308e-05], "q_25": 6.143011417261948e-05, "q_75": 6.165239441941476e-05, "min": 6.135844090986534e-05, "max": 6.220916275089308e-05, "mean": 6.159653765915413e-05, "std": 2.3383762803860282e-07, "repeat": 10, "number": 169}]}, "inference.TimeBeliefPropagation.time_query_alarm": {"result": [93.97900373395532], "stats": [{"ci_99": [85.00440533924848, 102.95360212866217], "q_25": 93.88925775000826, "q_75": 94.06874971790239, "min": 93.79951176606119, "max": 94.15849570184946, "mean": 93.97900373395532, "std": 0.1794919678941369, "repeat": 2, "number": 1}]}, "inference.TimeBeliefPropagation.time_query_munin": null, "parameter_learning.TimeBayesianEstimator.time_alarm_bayesian_estimator": {"result": [1.6845462704077363], "stats": [{"ci_99": [1.5725372803150006, 1.7588685614304362], "q_25": 1.6581103578209877, "q_75": 1.6921388334594667, "min": 1.6011529676616192, "max": 1.6925661750137806, "mean": 1.665702920872718, "std": 0.03778056040764331, "repeat": 4, "number": 1}]}, "parameter_learning.TimeBayesianEstimator.time_munin_bayesian_estimator": {"result": [20.147248505614698], "stats": [{"ci_99": [18.015343424864113, 22.279153586365283], "q_25": 20.125929454807192, "q_75": 20.168567556422204, "min": 20.104610403999686, "max": 20.18988660722971, "mean": 20.147248505614698, "std": 0.04263810161501169, "repeat": 2, "number": 1}]}, "parameter_learning.TimeExpectationMaximization.time_alarm_em": {"result": [18.11166389659047], "stats": [{"ci_99": [15.773728143423796, 20.449599649757147], "q_25": 18.088284539058805, "q_75": 18.135043254122138, "min": 18.064905181527138, "max": 18.158422611653805, "mean": 18.11166389659047, "std": 0.04675871506333351, "repeat": 2, "number": 1}]}, "parameter_learning.TimeExpectationMaximization.time_munin_em": {"result": [113.38669813517481], "stats": [{"ci_99": [108.0348961269483, 118.73850014340132],