{"results": {"factor.TimeDiscreteFactor.time_factor_marginalize": {"result": [6.139584492599026e-05], "stats": [{"ci_99": [6.115512943334794e-05, 6.20990510234672e-05], "q_25": 6.126712358902009e-05, "q_75": 6.162024396105429e-05, "min": 6.115512943334794e-05, "max": 6.20990510234672e-05, "mean": 6.1488010282262e-05, "std": 2.868715763003904e-07, "repeat": 10, "number": 178}]}, "factor.TimeDiscreteFactor.time_factor_multiply_large": {"result": [5.140997914235984e-05], "stats": [{"ci_99": [5.124343457210123e-05, 5.167015638220962e-05], "q_25": 5.136597530907066e-05, "q_75": 5.149933745834365e-05, "min": 5.124343457210123e-05, "max": 5.167015638220962e-05, "mean": 5.1433181584771e-05, "std": 1.1741216035572791e-07, "repeat": 10, "number": 201}]}, "factor.TimeDiscreteFactor.time_factor_reduce": {"result": [3.0276324070761796e-05], "stats": [{"ci_99": [3.0185622591162127e-05, 3.1014992583096856e-05], "q_25": 3.0249652963826917e-05, "q_75": 3.034416663987059e-05, "min": 3.0185622591162127e-05, "max": 3.1014992583096856e-05, "mean": 3.0365123992012734e-05, "std": 2.34599702561099e-07, "repeat": 10, "number": 359}]}, "import.TimeImport.time_import": {"result": [1.2375579262341773e-07], "stats": [{"ci_99": [1.233726047055703e-07, 1.249837331834459e-07], "q_25": 1.2358147911840546e-07, "q_75": 1.241623471576312e-07, "min": 1.233726047055703e-07, "max": 1.249837331834459e-07, "mean": 1.2395741505792318e-07, "std": 5.355137354226569e-10, "repeat": 10, "number": 83321}]}, "readwrite.TimeRead.time_asia_read": {"result": [0.1423979178071022], "stats": [{"ci_99": [0.12697000056505203, 0.15782583504915237], "q_25": 0.1422436386346817, "q_75": 0.1425521969795227, "min": 0.1420893594622612, "max": 0.1427064761519432, "mean": 0.1423979178071022, "std": 0.0003085583448410034, "repeat": 2, "number": 1}]}, "readwrite.TimeRead.time_asia_write": {"result": [0.0005839132171656404], "stats": [{"ci_99": [-1.9128128354040054e-05, 0.0011869545626853203], "q_25": 0.0005778828037104436, "q_75": 0.0005899436306208372, "min": 0.0005718523902552468, "max": 0.000595974044076034, "mean": 0.0005839132171656404, "std": 1.206082691039361e-05, "repeat": 2, "number": 70}]}, "readwrite.TimeRead.time_munin_read": {"result": [5.315574657171965], "stats": [{"ci_99": [5.190068788826466, 5.441080525517464], "q_25": 5.31431959848851, "q_75": 5.31682971585542, "min": 5.313064539805055, "max": 5.318084774538875, "mean": 5.315574657171965, "std": 0.0025101173669099808, "repeat": 2, "number": 1}]}, "readwrite.TimeRead.time_munin_write": {"result": [0.039756232872605324], "stats": [{"ci_99": [0.03369742073118687, 0.045815045014023774], "q_25": 0.03969564475119114, "q_75": 0.03981682099401951, "min": 0.039635056629776955, "max": 0.03987740911543369, "mean": 0.039756232872605324, "std": 0.00012117624282836914, "repeat": 2, "number": 1}]}, "readwrite.TimeRead.time_pathfinder_read": {"result": [5.928378107026219], "stats": [{"ci_99": [5.3754223715513945, 6.481333842501044], "q_25": 5.922848549671471, "q_75": 5.933907664380968, "min": 5.917318992316723, "max": 5.939437221735716, "mean": 5.928378107026219, "std": 0.011059114709496498, "repeat": 2, "number": 1}]}, "readwrite.TimeRead.time_pathfinder_write": {"result": [0.024306192994117737], "stats": [{"ci_99": [0.023552101105451584, 0.02506028488278389], "q_25": 0.024298652075231075, "q_75": 0.0243137339130044, "min": 0.024291111156344414, "max": 0.02432127483189106, "mean": 0.024306192994117737, "std": 1.5081837773323059e-05, "repeat": 2, "number": 1}]}, "sampling.TimeSampling.time_forward_sample": null, "sampling.TimeSampling.time_gibbs_sampling": null, "sampling.TimeSampling.time_likelihood_sample": {"result": [5.215124424546957], "stats": [{"ci_99": [5.131874803453684, 5.29837404564023], "q_25": 5.214291928336024, "q_75": 5.21595692075789, "min": 5.2134594321250916, "max": 5.2167894169688225, "mean": 5.215124424546957, "std": 0.0016649924218654633, "repeat": 2, "number": 1}]}, "sampling.TimeSampling.time_rejection_sample": null, "structure_learning.TimeHillClimb.time_hillclimb": null, "structure_learning.TimePC.time_pc_orig": null, "structure_learning.TimePC.time_pc_stable": null, "factor.TimeDiscreteFactor.time_factor_compare": {"result": [7.178541897927355e-05], "stats": [{"ci_99": [7.148924589957167e-05, 7.207061620366654e-05], "q_25": 7.17068628576778e-05, "q_75": 7.200251089646513e-05, "min": 7.148924589957167e-05, "max": 7.207061620366654e-05, "mean": 7.181925786621618e-05, "std": 1.8410094054025713e-07, "repeat": 10, "number": 149}]}, "inference.TimeBeliefPropagation.time_query_alarm": {"result": [43.07081709802151], "stats": [{"ci_99": [42.834095388650894, 43.30753880739212], "q_25": 43.0684498809278, "q_75": 43.07318431511521, "min": 43.066082663834095, "max": 43.07555153220892, "mean": 43.07081709802151, "std": 0.004734434187412262, "repeat": 2, "number": 1}]}, "inference.TimeVariableElimination.time_query_alarm": {"result": [0.489420204423368], "stats": [{"ci_99": [0.4783284311771382, 0.5005258040845405], "q_25": 0.486367613542825, "q_75": 0.49247970851138234, "min": 0.4845671094954014, "max": 0.49430095218122005, "mean": 0.48942711763083935, "std": 0.0038536603930819555, "repeat": 4, "number": 1}]}, "inference.TimeVariableElimination.time_query_munin": null, "parameter_learning.TimeBayesianEstimator.time_alarm_bayesian_estimator": null, "parameter_learning.TimeBayesianEstimator.time_munin_bayesian_estimator": null, "parameter_learning.TimeExpectationMaximization.time_alarm_em": null, "parameter_learning.TimeExpectationMaximization.time_munin_em": null, "parameter_learning.TimeMLE.time_alarm_mle": null, "parameter_learning.TimeMLE.time_munin_mle": null, "structure_learning.TimeHillClimbAlarmModel.time_hillclimb": null, "structure_learning.TimeMmhcAlarmModel.time_mmhc": null, "structure_learning.TimePCAlarmModel.time_pc_orig": null, "structure_learning.TimePCAlarmModel.time_pc_stable": null, "structure_learning.TimeTreeSearchAlarmModel.time_tan": null}, "params": {"arch": "x86_64", "cpu": "Intel(R) Core(TM) i9-9820X CPU @ 3.30GHz", "machine": "graveyard", "num_cpu": "20", "os": "Linux 4.15.0-112-generic", "ram": "131688676", "python": "3.7"}, "requirements": {}, "commit_hash": "421e224017a8ad05eec371497a88347db084c070", "date": 1597834316000, "env_name": "conda-py3.7", "python": "3.7", "profiles": {}, "started_at": {"factor.TimeDiscreteFactor.time_factor_marginalize": 1654339682258, "factor.TimeDiscreteFactor.time_factor_multiply_large": 1654339682464, "factor.TimeDiscreteFactor.time_factor_reduce": 1654339682671, "import.TimeImport.time_import": 1654339682877, "readwrite.TimeRead.time_asia_read": 1654339789842, "readwrite.TimeRead.time_asia_write": 1654339814566, "readwrite.TimeRead.time_munin_read": 1654339839090, "readwrite.TimeRead.time_munin_write": 1654339876049, "readwrite.TimeRead.time_pathfinder_read": 1654339900675, "readwrite.TimeRead.time_pathfinder_write": 1654339937784, "sampling.TimeSampling.time_forward_sample": 1654339068956, "sampling.TimeSampling.time_gibbs_sampling": 1654339069213, "sampling.TimeSampling.time_likelihood_sample": 1654339962309, "sampling.TimeSampling.time_rejection_sample": 1654339680510, "structure_learning.TimeHillClimb.time_hillclimb": 1610399207561, "structure_learning.TimePC.time_pc_orig": 1610399213434, "structure_learning.TimePC.time_pc_stable": 1610399221262, "factor.TimeDiscreteFactor.time_factor_compare": 1654339682051, "inference.TimeBeliefPropagation.time_query_alarm": 1654339683084, "inference.TimeVariableElimination.time_query_alarm": 1654339769715, "inference.TimeVariableElimination.time_query_munin": 1654338836091, "parameter_learning.TimeBayesianEstimator.time_alarm_bayesian_estimator": 1654338896159, "parameter_learning.TimeBayesianEstimator.time_munin_bayesian_estimator": 1654338896215, "parameter_learning.TimeExpectationMaximization.time_alarm_em": 1654338896271, "parameter_learning.TimeExpectationMaximization.time_munin_em": 1654338896326,