{"results": {"factor.TimeDiscreteFactor.time_factor_marginalize": {"result": [6.122581369007927e-05], "stats": [{"ci_99": [6.10850100596267e-05, 6.224631320640265e-05], "q_25": 6.116535626800663e-05, "q_75": 6.125756000808203e-05, "min": 6.10850100596267e-05, "max": 6.224631320640265e-05, "mean": 6.134809858827706e-05, "std": 3.4169555216299117e-07, "repeat": 10, "number": 166}]}, "factor.TimeDiscreteFactor.time_factor_multiply_large": {"result": [5.09577063478042e-05], "stats": [{"ci_99": [5.0618774562238535e-05, 5.121711014865715e-05], "q_25": 5.0820062093645605e-05, "q_75": 5.106681688018491e-05, "min": 5.0618774562238535e-05, "max": 5.121711014865715e-05, "mean": 5.093754713084097e-05, "std": 1.853162774093449e-07, "repeat": 10, "number": 214}]}, "factor.TimeDiscreteFactor.time_factor_reduce": {"result": [3.0017014415491195e-05], "stats": [{"ci_99": [2.9875330773054384e-05, 3.0191354349213823e-05], "q_25": 2.9975980134153902e-05, "q_75": 3.011453197616823e-05, "min": 2.9875330773054384e-05, "max": 3.0191354349213823e-05, "mean": 3.0038754145304364e-05, "std": 9.701258867174669e-08, "repeat": 10, "number": 357}]}, "import.TimeImport.time_import": {"result": [1.2310004478497983e-07], "stats": [{"ci_99": [1.2249672359113145e-07, 1.253713550803367e-07], "q_25": 1.2261560363912215e-07, "q_75": 1.243847559409327e-07, "min": 1.2249672359113145e-07, "max": 1.253713550803367e-07, "mean": 1.2358235782477986e-07, "std": 1.0948125827556006e-09, "repeat": 10, "number": 89364}]}, "inference.TimeVariableElimination.time_query_alarm": {"result": [0.06878652237355709], "stats": [{"ci_99": [0.045866753542014076, 0.10538563354950309], "q_25": 0.06839396664872766, "q_75": 0.07601874927058816, "min": 0.06750352494418621, "max": 0.0974282044917345, "mean": 0.07562619354575872, "std": 0.012598471762287037, "repeat": 4, "number": 1}]}, "inference.TimeVariableElimination.time_query_munin": {"result": [0.2552137468010187], "stats": [{"ci_99": [0.2531927648881728, 0.2572197781925743], "q_25": 0.2545505305752158, "q_75": 0.25586948776617646, "min": 0.25445774011313915, "max": 0.2559398524463177, "mean": 0.25520627154037356, "std": 0.0006888619882266039, "repeat": 4, "number": 1}]}, "readwrite.TimeRead.time_asia_read": {"result": [0.008872534614056349], "stats": [{"ci_99": [0.006057356018573046, 0.011687713209539648], "q_25": 0.008844382828101516, "q_75": 0.008900686400011182, "min": 0.008816231042146683, "max": 0.008928838185966015, "mean": 0.008872534614056349, "std": 5.630357190966606e-05, "repeat": 2, "number": 2}]}, "readwrite.TimeRead.time_asia_write": {"result": [0.0005816312614774358], "stats": [{"ci_99": [0.00023481145879064905, 0.0009284510641642224], "q_25": 0.000578163063450568, "q_75": 0.0005850994595043037, "min": 0.0005746948654237001, "max": 0.0005885676575311716, "mean": 0.0005816312614774358, "std": 6.9363960537357355e-06, "repeat": 2, "number": 69}]}, "readwrite.TimeRead.time_munin_read": {"result": [5.337585152126849], "stats": [{"ci_99": [5.2686541033908725, 5.406516200862825], "q_25": 5.336895841639489, "q_75": 5.3382744626142085, "min": 5.336206531152129, "max": 5.338963773101568, "mean": 5.337585152126849, "std": 0.0013786209747195244, "repeat": 2, "number": 1}]}, "readwrite.TimeRead.time_munin_write": {"result": [0.047699674032628536], "stats": [{"ci_99": [-0.33024783711880445, 0.4256471851840612], "q_25": 0.043920198921114206, "q_75": 0.051479149144142866, "min": 0.040140723809599876, "max": 0.055258624255657196, "mean": 0.047699674032628536, "std": 0.00755895022302866, "repeat": 2, "number": 1}]}, "readwrite.TimeRead.time_pathfinder_read": {"result": [5.995072524063289], "stats": [{"ci_99": [5.826683768071234, 6.163461280055344], "q_25": 5.993388636503369, "q_75": 5.99675641162321, "min": 5.991704748943448, "max": 5.99844029918313, "mean": 5.995072524063289, "std": 0.003367775119841099, "repeat": 2, "number": 1}]}, "readwrite.TimeRead.time_pathfinder_write": {"result": [0.024384301155805588], "stats": [{"ci_99": [0.02035428211092949, 0.028414320200681683], "q_25": 0.024344000965356827, "q_75": 0.02442460134625435, "min": 0.024303700774908066, "max": 0.02446490153670311, "mean": 0.024384301155805588, "std": 8.060038089752197e-05, "repeat": 2, "number": 1}]}, "sampling.TimeSampling.time_forward_sample": null, "sampling.TimeSampling.time_gibbs_sampling": null, "sampling.TimeSampling.time_likelihood_sample": {"result": [0.21024300623685122], "stats": [{"ci_99": [0.20976205728948116, 0.237130519002676], "q_25": 0.20987390587106347, "q_75": 0.21057605417445302, "min": 0.20976205728948116, "max": 0.237130519002676, "mean": 0.21287485659122468, "std": 0.008091283774293113, "repeat": 10, "number": 1}]}, "sampling.TimeSampling.time_rejection_sample": null, "structure_learning.TimeHillClimb.time_hillclimb": null, "structure_learning.TimePC.time_pc_orig": {"result": [32.42453044652939], "stats": [{"ci_99": [29.902648705989122, 34.946412187069654], "q_25": 32.399311629123986, "q_75": 32.44974926393479, "min": 32.37409281171858, "max": 32.474968081340194, "mean": 32.42453044652939, "std": 0.05043763481080532, "repeat": 2, "number": 1}]}, "structure_learning.TimePC.time_pc_stable": {"result": [32.40842563658953], "stats": [{"ci_99": [28.96602000668645, 35.850831266492605], "q_25": 32.374001580290496, "q_75": 32.44284969288856, "min": 32.339577523991466, "max": 32.47727374918759, "mean": 32.40842563658953, "std": 0.06884811259806156, "repeat": 2, "number": 1}]}, "factor.TimeDiscreteFactor.time_factor_compare": {"result": [7.16105775058675e-05], "stats": [{"ci_99": [7.120116936917207e-05, 7.183832072076344e-05], "q_25": 7.136228817458055e-05, "q_75": 7.173868187633501e-05, "min": 7.120116936917207e-05, "max": 7.183832072076344e-05, "mean": 7.154900631328829e-05, "std": 2.2518993691095977e-07, "repeat": 10, "number": 147}]}, "inference.TimeBeliefPropagation.time_query_alarm": {"result": [112.15235218498856], "stats": [{"ci_99": [105.715122400783, 118.58958196919411], "q_25": 112.0879798871465, "q_75": 112.21672448283061, "min": 112.02360758930445, "max": 112.28109678067267, "mean": 112.15235218498856, "std": 0.12874459568411112, "repeat": 2, "number": 1}]}, "parameter_learning.TimeBayesianEstimator.time_alarm_bayesian_estimator": null, "parameter_learning.TimeBayesianEstimator.time_munin_bayesian_estimator": null, "parameter_learning.TimeExpectationMaximization.time_alarm_em": null, "parameter_learning.TimeExpectationMaximization.time_munin_em": null, "parameter_learning.TimeMLE.time_alarm_mle": null, "parameter_learning.TimeMLE.time_munin_mle": null, "structure_learning.TimeHillClimbAlarmModel.time_hillclimb": null, "structure_learning.TimeMmhcAlarmModel.time_mmhc": null, "structure_learning.TimePCAlarmModel.time_pc_orig": null, "structure_learning.TimePCAlarmModel.time_pc_stable": null, "structure_learning.TimeTreeSearchAlarmModel.time_tan": null}, "params": {"arch": "x86_64", "cpu": "Intel(R) Core(TM) i9-9820X CPU @ 3.30GHz", "machine": "graveyard", "num_cpu": "20", "os": "Linux 4.15.0-112-generic", "ram": "131688676", "python": "3.7"}, "requirements": {}, "commit_hash": "42f3f7d8467024ed60ed0fdc5de0de9e8a1d8efc", "date": 1621514813000, "env_name": "conda-py3.7", "python": "3.7", "profiles": {}, "started_at": {"factor.TimeDiscreteFactor.time_factor_marginalize": 1654143428980, "factor.TimeDiscreteFactor.time_factor_multiply_large": 1654143429186, "factor.TimeDiscreteFactor.time_factor_reduce": 1654143429393, "import.TimeImport.time_import": 1654143429599, "inference.TimeVariableElimination.time_query_alarm": 1654143654275, "inference.TimeVariableElimination.time_query_munin": 1654143672888, "readwrite.TimeRead.time_asia_read": 1654143691952, "readwrite.TimeRead.time_asia_write": 1654143716325, "readwrite.TimeRead.time_munin_read": 1654143740699, "readwrite.TimeRead.time_munin_write": 1654143777557, "readwrite.TimeRead.time_pathfinder_read": 1654143801981, "readwrite.TimeRead.time_pathfinder_write": 1654143839189,