{"results": {"factor.TimeDiscreteFactor.time_factor_marginalize": {"result": [6.066887286928414e-05], "stats": [{"ci_99": [6.0527927457949536e-05, 6.126178859990869e-05], "q_25": 6.0593067421078005e-05, "q_75": 6.071036934094914e-05, "min": 6.0527927457949536e-05, "max": 6.126178859990869e-05, "mean": 6.07081494257275e-05, "std": 1.9657588851381658e-07, "repeat": 10, "number": 177}]}, "factor.TimeDiscreteFactor.time_factor_multiply_large": {"result": [4.840427226273813e-05], "stats": [{"ci_99": [4.81813554173318e-05, 4.94755456380755e-05], "q_25": 4.83175961596665e-05, "q_75": 4.8753228821904864e-05, "min": 4.81813554173318e-05, "max": 4.94755456380755e-05, "mean": 4.8579744750929774e-05, "std": 3.974298188580694e-07, "repeat": 10, "number": 214}]}, "factor.TimeDiscreteFactor.time_factor_reduce": {"result": [2.898009651282178e-05], "stats": [{"ci_99": [2.841615404842335e-05, 2.941348633097043e-05], "q_25": 2.8500736916909752e-05, "q_75": 2.9267134190580176e-05, "min": 2.841615404842335e-05, "max": 2.941348633097043e-05, "mean": 2.8915894636503676e-05, "std": 3.9205715031331846e-07, "repeat": 10, "number": 367}]}, "import.TimeImport.time_import": {"result": [1.286981259395712e-07], "stats": [{"ci_99": [1.2787836965519517e-07, 1.3011534004697466e-07], "q_25": 1.284197415364323e-07, "q_75": 1.2905578022580478e-07, "min": 1.2787836965519517e-07, "max": 1.3011534004697466e-07, "mean": 1.2881068403173533e-07, "std": 6.077256751840818e-10, "repeat": 10, "number": 81507}]}, "inference.TimeVariableElimination.time_query_alarm": {"result": [0.07715957518666983], "stats": [{"ci_99": [0.052702240668590125, 0.11658593451196436], "q_25": 0.07680387375876307, "q_75": 0.08499978901818395, "min": 0.07615636475384235, "max": 0.10810083523392677, "mean": 0.0846440875902772, "std": 0.013549312023991707, "repeat": 4, "number": 1}]}, "inference.TimeVariableElimination.time_query_munin": {"result": [0.27019405737519264], "stats": [{"ci_99": [0.22503951884763976, 0.32235424272758206], "q_25": 0.26483089243993163, "q_75": 0.279060045722872, "min": 0.2514759376645088, "max": 0.3029234707355499, "mean": 0.273696880787611, "std": 0.018534866671579178, "repeat": 4, "number": 1}]}, "readwrite.TimeRead.time_asia_read": {"result": [0.008481072261929512], "stats": [{"ci_99": [0.0036442484706640244, 0.013317896053194996], "q_25": 0.008432704024016857, "q_75": 0.008529440499842167, "min": 0.008384335786104202, "max": 0.008577808737754822, "mean": 0.008481072261929512, "std": 9.673647582530975e-05, "repeat": 2, "number": 2}]}, "readwrite.TimeRead.time_asia_write": {"result": [0.0005541875253658036], "stats": [{"ci_99": [0.00038434071718035275, 0.0007240343335512545], "q_25": 0.0005524890572839492, "q_75": 0.0005558859934476582, "min": 0.0005507905892020947, "max": 0.0005575844615295127, "mean": 0.0005541875253658036, "std": 3.3969361637090187e-06, "repeat": 2, "number": 74}]}, "readwrite.TimeRead.time_munin_read": {"result": [5.061802014708519], "stats": [{"ci_99": [4.906710263341665, 5.216893766075373], "q_25": 5.0602510971948504, "q_75": 5.0633529322221875, "min": 5.058700179681182, "max": 5.064903849735856, "mean": 5.061802014708519, "std": 0.0031018350273370743, "repeat": 2, "number": 1}]}, "readwrite.TimeRead.time_munin_write": {"result": [0.04000486806035042], "stats": [{"ci_99": [0.020991265773773193, 0.05901847034692763], "q_25": 0.039814732037484646, "q_75": 0.04019500408321619, "min": 0.039624596014618874, "max": 0.04038514010608196, "mean": 0.04000486806035042, "std": 0.0003802720457315445, "repeat": 2, "number": 1}]}, "readwrite.TimeRead.time_pathfinder_read": {"result": [5.8035458363592625], "stats": [{"ci_99": [5.737780772149563, 5.869310900568962], "q_25": 5.8028881857171655, "q_75": 5.8042034870013595, "min": 5.8022305350750685, "max": 5.8048611376434565, "mean": 5.8035458363592625, "std": 0.0013153012841939926, "repeat": 2, "number": 1}]}, "readwrite.TimeRead.time_pathfinder_write": {"result": [0.025754681788384914], "stats": [{"ci_99": [0.016422969289124012, 0.03508639428764581], "q_25": 0.025661364663392305, "q_75": 0.025847998913377523, "min": 0.025568047538399696, "max": 0.025941316038370132, "mean": 0.025754681788384914, "std": 0.00018663424998521805, "repeat": 2, "number": 1}]}, "sampling.TimeSampling.time_forward_sample": {"result": [0.1973472237586975], "stats": [{"ci_99": [0.19476271979510784, 0.19972097128629684], "q_25": 0.19620530772954226, "q_75": 0.19919913541525602, "min": 0.19476271979510784, "max": 0.19972097128629684, "mean": 0.19743891712278128, "std": 0.00179469392350499, "repeat": 10, "number": 1}]}, "sampling.TimeSampling.time_gibbs_sampling": null, "sampling.TimeSampling.time_likelihood_sample": {"result": [0.2062212936580181], "stats": [{"ci_99": [0.20349671319127083, 0.2090845461934805], "q_25": 0.2039683498442173, "q_75": 0.20806658081710339, "min": 0.20349671319127083, "max": 0.2090845461934805, "mean": 0.20608737636357546, "std": 0.0021076134506987604, "repeat": 10, "number": 1}]}, "sampling.TimeSampling.time_rejection_sample": {"result": [36.830755800940096], "stats": [{"ci_99": [34.18694675248116, 39.47456484939903], "q_25": 36.80431771045551, "q_75": 36.857193891424686, "min": 36.77787961997092, "max": 36.883631981909275, "mean": 36.830755800940096, "std": 0.05287618096917868, "repeat": 2, "number": 1}]}, "structure_learning.TimeHillClimb.time_hillclimb": null, "structure_learning.TimePC.time_pc_orig": {"result": [32.1931919362396], "stats": [{"ci_99": [22.922947285696864, 41.46343658678233], "q_25": 32.10048948973417, "q_75": 32.28589438274503, "min": 32.007787043228745, "max": 32.378596829250455, "mean": 32.1931919362396, "std": 0.18540489301085472, "repeat": 2, "number": 1}]}, "structure_learning.TimePC.time_pc_stable": {"result": [32.20115467533469], "stats": [{"ci_99": [11.591364309191704, 52.810945041477666], "q_25": 31.995056771673262, "q_75": 32.40725257899612, "min": 31.788958868011832, "max": 32.61335048265755, "mean": 32.20115467533469, "std": 0.41219580732285976, "repeat": 2, "number": 1}]}}, "params": {"arch": "x86_64", "cpu": "Intel(R) Core(TM) i9-9820X CPU @ 3.30GHz", "machine": "graveyard", "num_cpu": "20", "os": "Linux 4.15.0-112-generic", "ram": "131688676", "python": "3.8"}, "requirements": {}, "commit_hash": "42f3f7d8467024ed60ed0fdc5de0de9e8a1d8efc", "date": 1621514813000, "env_name": "conda-py3.8", "python": "3.8", "profiles": {}, "started_at": {"factor.TimeDiscreteFactor.time_factor_marginalize": 1621705264090, "factor.TimeDiscreteFactor.time_factor_multiply_large": 1621705264297, "factor.TimeDiscreteFactor.time_factor_reduce": 1621705264504, "import.TimeImport.time_import": 1621705264711, "inference.TimeVariableElimination.time_query_alarm": 1621705264918, "inference.TimeVariableElimination.time_query_munin": 1621705283023, "readwrite.TimeRead.time_asia_read": 1621705301631, "readwrite.TimeRead.time_asia_write": 1621705325352, "readwrite.TimeRead.time_munin_read": 1621705349174, "readwrite.TimeRead.time_munin_write": 1621705384827, "readwrite.TimeRead.time_pathfinder_read": 1621705408599, "readwrite.TimeRead.time_pathfinder_write": 1621705444653, "sampling.TimeSampling.time_forward_sample": 1621705467872, "sampling.TimeSampling.time_gibbs_sampling": 1621704446895, "sampling.TimeSampling.time_likelihood_sample": 1621705469636, "sampling.TimeSampling.time_rejection_sample": 1621705471499, "structure_learning.TimeHillClimb.time_hillclimb": 1621705122594, "structure_learning.TimePC.time_pc_orig": 1621705545573, "structure_learning.TimePC.time_pc_stable": 1621705617271}, "ended_at": {"factor.TimeDiscreteFactor.time_factor_marginalize": 1621705264297, "factor.TimeDiscreteFactor.time_factor_multiply_large": 1621705264504, "factor.TimeDiscreteFactor.time_factor_reduce": 1621705264711, "import.TimeImport.time_import": 1621705264917, "inference.TimeVariableElimination.time_query_alarm": 1621705283023, "inference.TimeVariableElimination.time_query_munin": 1621705301630, "readwrite.TimeRead.time_asia_read": 1621705325352,