{"results": {"factor.TimeDiscreteFactor.time_factor_compare": {"result": [6.763034189740817e-05], "stats": [{"ci_99": [6.754934787750244e-05, 6.841130554676056e-05], "q_25": 6.761318072676659e-05, "q_75": 6.800340488553048e-05, "min": 6.754934787750244e-05, "max": 6.841130554676056e-05, "mean": 6.781945253411929e-05, "std": 3.1474485397582134e-07, "repeat": 10, "number": 150}]}, "factor.TimeDiscreteFactor.time_factor_marginalize": {"result": [6.331805229546076e-05], "stats": [{"ci_99": [6.29263245556728e-05, 6.396655576774873e-05], "q_25": 6.305844332259821e-05, "q_75": 6.350904355296888e-05, "min": 6.29263245556728e-05, "max": 6.396655576774873e-05, "mean": 6.335191204246268e-05, "std": 3.4380640648411257e-07, "repeat": 10, "number": 166}]}, "factor.TimeDiscreteFactor.time_factor_multiply_large": {"result": [4.6908198523202115e-05], "stats": [{"ci_99": [4.563231985749943e-05, 4.866716751296606e-05], "q_25": 4.645027053941573e-05, "q_75": 4.750692460220307e-05, "min": 4.563231985749943e-05, "max": 4.866716751296606e-05, "mean": 4.696178532737706e-05, "std": 8.938850647837619e-07, "repeat": 10, "number": 224}]}, "factor.TimeDiscreteFactor.time_factor_reduce": {"result": [2.548718155523384e-05], "stats": [{"ci_99": [2.5259194244382433e-05, 2.5774673319679018e-05], "q_25": 2.5338973749820645e-05, "q_75": 2.5686001846871923e-05, "min": 2.5259194244382433e-05, "max": 2.5774673319679018e-05, "mean": 2.5511631391450652e-05, "std": 1.8925091400253822e-07, "repeat": 10, "number": 409}]}, "import.TimeImport.time_import": {"result": [1.2923427439886278e-07], "stats": [{"ci_99": [1.288970339851329e-07, 1.3054760470009786e-07], "q_25": 1.2896691127603294e-07, "q_75": 1.2931162960034248e-07, "min": 1.288970339851329e-07, "max": 1.3054760470009786e-07, "mean": 1.2931330211516405e-07, "std": 4.705344359522741e-10, "repeat": 10, "number": 83693}]}, "inference.TimeBeliefPropagation.time_query_alarm": {"result": [131.3974202014506], "stats": [{"ci_99": [123.29562635719776, 139.4992140457034], "q_25": 131.31640226300806, "q_75": 131.47843813989311, "min": 131.23538432456553, "max": 131.55945607833564, "mean": 131.3974202014506, "std": 0.1620358768850565, "repeat": 2, "number": 1}]}, "inference.TimeVariableElimination.time_query_alarm": {"result": [0.060151126235723495], "stats": [{"ci_99": [0.016439926913417877, 0.10440468125935637], "q_25": 0.04557896824553609, "q_75": 0.07499446207657456, "min": 0.04502774775028229, "max": 0.07635921612381935, "mean": 0.06042230408638716, "std": 0.015043085952915472, "repeat": 4, "number": 1}]}, "inference.TimeVariableElimination.time_query_munin": {"result": [0.24487216491252184], "stats": [{"ci_99": [0.22038170813457286, 0.2693307658018062], "q_25": 0.23707475187256932, "q_75": 0.252653650008142, "min": 0.23547486029565334, "max": 0.2542057577520609, "mean": 0.24485623696818948, "std": 0.008380916308121506, "repeat": 4, "number": 1}]}, "parameter_learning.TimeBayesianEstimator.time_alarm_bayesian_estimator": null, "parameter_learning.TimeBayesianEstimator.time_munin_bayesian_estimator": null, "parameter_learning.TimeExpectationMaximization.time_alarm_em": null, "parameter_learning.TimeExpectationMaximization.time_munin_em": null, "parameter_learning.TimeMLE.time_alarm_mle": null, "parameter_learning.TimeMLE.time_munin_mle": null, "readwrite.TimeRead.time_asia_read": {"result": [0.008776132483035326], "stats": [{"ci_99": [0.008105696644634008, 0.009446568321436644], "q_25": 0.008769428124651313, "q_75": 0.00878283684141934, "min": 0.0087627237662673, "max": 0.008789541199803352, "mean": 0.008776132483035326, "std": 1.3408716768026352e-05, "repeat": 2, "number": 2}]}, "readwrite.TimeRead.time_asia_write": {"result": [0.0005337179868252247], "stats": [{"ci_99": [-0.0003185703769906773, 0.001386006350641126], "q_25": 0.0005251951031870657, "q_75": 0.0005422408704633837, "min": 0.0005166722195489066, "max": 0.0005507637541015427, "mean": 0.0005337179868252247, "std": 1.704576727631804e-05, "repeat": 2, "number": 77}]}, "readwrite.TimeRead.time_munin_read": {"result": [4.739419256336987], "stats": [{"ci_99": [4.537098786793649, 4.941739725880325], "q_25": 4.737396051641554, "q_75": 4.74144246103242, "min": 4.73537284694612, "max": 4.743465665727854, "mean": 4.739419256336987, "std": 0.0040464093908667564, "repeat": 2, "number": 1}]}, "readwrite.TimeRead.time_munin_write": {"result": [0.03617548942565918], "stats": [{"ci_99": [0.033982690423727036, 0.038368288427591324], "q_25": 0.03615356143563986, "q_75": 0.0361974174156785, "min": 0.03613163344562054, "max": 0.03621934540569782, "mean": 0.03617548942565918, "std": 4.385598003864288e-05, "repeat": 2, "number": 1}]}, "readwrite.TimeRead.time_pathfinder_read": {"result": [5.276281675323844], "stats": [{"ci_99": [5.253047319129109, 5.2995160315185785], "q_25": 5.276049331761897, "q_75": 5.276514018885791, "min": 5.275816988199949, "max": 5.276746362447739, "mean": 5.276281675323844, "std": 0.00046468712389469147, "repeat": 2, "number": 1}]}, "readwrite.TimeRead.time_pathfinder_write": {"result": [0.02248741965740919], "stats": [{"ci_99": [0.020763215608894825, 0.024211623705923557], "q_25": 0.022470177616924047, "q_75": 0.022504661697894335, "min": 0.022452935576438904, "max": 0.02252190373837948, "mean": 0.02248741965740919, "std": 3.448408097028732e-05, "repeat": 2, "number": 1}]}, "sampling.TimeSampling.time_forward_sample": null, "sampling.TimeSampling.time_gibbs_sampling": null, "sampling.TimeSampling.time_likelihood_sample": {"result": [0.22610649187117815], "stats": [{"ci_99": [0.22524031810462475, 0.22761411406099796], "q_25": 0.2255528373643756, "q_75": 0.2263784888200462, "min": 0.22524031810462475, "max": 0.22761411406099796, "mean": 0.22614376172423362, "std": 0.0007135001530023029, "repeat": 10, "number": 1}]}, "sampling.TimeSampling.time_rejection_sample": null, "structure_learning.TimeHillClimbAlarmModel.time_hillclimb": null, "structure_learning.TimeMmhcAlarmModel.time_mmhc": null, "structure_learning.TimePCAlarmModel.time_pc_orig": null, "structure_learning.TimePCAlarmModel.time_pc_stable": null, "structure_learning.TimeTreeSearchAlarmModel.time_tan": null}, "params": {"arch": "x86_64", "cpu": "Intel(R) Core(TM) i9-9820X CPU @ 3.30GHz", "machine": "graveyard", "num_cpu": "20", "os": "Linux 4.15.0-112-generic", "ram": "131688676", "python": "3.9"}, "requirements": {}, "commit_hash": "42f3f7d8467024ed60ed0fdc5de0de9e8a1d8efc", "date": 1621514813000, "env_name": "conda-py3.9", "python": "3.9", "profiles": {}, "started_at": {"factor.TimeDiscreteFactor.time_factor_compare": 1654146490892, "factor.TimeDiscreteFactor.time_factor_marginalize": 1654146491100, "factor.TimeDiscreteFactor.time_factor_multiply_large": 1654146491307, "factor.TimeDiscreteFactor.time_factor_reduce": 1654146491514, "import.TimeImport.time_import": 1654146491720, "inference.TimeBeliefPropagation.time_query_alarm": 1654146491928, "inference.TimeVariableElimination.time_query_alarm": 1654146754776, "inference.TimeVariableElimination.time_query_munin": 1654146772033, "parameter_learning.TimeBayesianEstimator.time_alarm_bayesian_estimator": 1654145730403, "parameter_learning.TimeBayesianEstimator.time_munin_bayesian_estimator": 1654145730460, "parameter_learning.TimeExpectationMaximization.time_alarm_em": 1654145730517, "parameter_learning.TimeExpectationMaximization.time_munin_em": 1654145730573, "parameter_learning.TimeMLE.time_alarm_mle": 1654145730630, "parameter_learning.TimeMLE.time_munin_mle": 1654145730687, "readwrite.TimeRead.time_asia_read": 1654146789793, "readwrite.TimeRead.time_asia_write": 1654146812012, "readwrite.TimeRead.time_munin_read": 1654146834280, "readwrite.TimeRead.time_munin_write": 1654146868181, "readwrite.TimeRead.time_pathfinder_read": 1654146890752, "readwrite.TimeRead.time_pathfinder_write": 1654146924402, "sampling.TimeSampling.time_forward_sample": 1654145887617, "sampling.TimeSampling.time_gibbs_sampling": 1654145887774,