{"results": {"factor.TimeDiscreteFactor.time_factor_marginalize": {"result": [6.671888079562801e-05], "stats": [{"ci_99": [6.64612358333143e-05, 6.705024308222203e-05], "q_25": 6.662371734077214e-05, "q_75": 6.690466536517524e-05, "min": 6.64612358333143e-05, "max": 6.705024308222203e-05, "mean": 6.674387909334862e-05, "std": 1.893549033276656e-07, "repeat": 10, "number": 163}]}, "factor.TimeDiscreteFactor.time_factor_multiply_large": {"result": [5.7060020575251605e-05], "stats": [{"ci_99": [5.643534922846858e-05, 5.7868128690694896e-05], "q_25": 5.662718478956988e-05, "q_75": 5.771103435693009e-05, "min": 5.643534922846858e-05, "max": 5.7868128690694896e-05, "mean": 5.713807988352109e-05, "std": 5.441695599204753e-07, "repeat": 10, "number": 193}]}, "factor.TimeDiscreteFactor.time_factor_reduce": {"result": [3.351761552039534e-05], "stats": [{"ci_99": [3.30509792547673e-05, 3.391993814148009e-05], "q_25": 3.31380171701312e-05, "q_75": 3.382102004252374e-05, "min": 3.30509792547673e-05, "max": 3.391993814148009e-05, "mean": 3.34840000141412e-05, "std": 3.4974196238036155e-07, "repeat": 10, "number": 320}]}, "import.TimeImport.time_import": {"result": [1.2995871140597677e-07], "stats": [{"ci_99": [1.2981400112329854e-07, 1.3050971202241083e-07], "q_25": 1.2992631132807975e-07, "q_75": 1.2999732577654033e-07, "min": 1.2981400112329854e-07, "max": 1.3050971202241083e-07, "mean": 1.3001516303098147e-07, "std": 1.9540735532485366e-10, "repeat": 10, "number": 77107}]}, "inference.TimeVariableElimination.time_query_alarm": {"result": [0.05033662263303995], "stats": [{"ci_99": [0.049438460491912466, 0.05114110396770944], "q_25": 0.050076297018676996, "q_75": 0.05055010784417391, "min": 0.04987516067922115, "max": 0.05061072297394276, "mean": 0.05028978222981095, "std": 0.0002974964221618135, "repeat": 4, "number": 1}]}, "inference.TimeVariableElimination.time_query_munin": {"result": [0.26639093831181526], "stats": [{"ci_99": [0.25772880866447334, 0.27410872642627104], "q_25": 0.26385285379365087, "q_75": 0.26845685206353664, "min": 0.2619392164051533, "max": 0.2689539771527052, "mean": 0.26591876754537225, "std": 0.002859929026289622, "repeat": 4, "number": 1}]}, "readwrite.TimeRead.time_asia_read": {"result": [0.010781555902212858], "stats": [{"ci_99": [-0.05602176999673247, 0.07758488180115813], "q_25": 0.010113522643223405, "q_75": 0.011449589161202312, "min": 0.009445489384233952, "max": 0.012117622420191765, "mean": 0.010781555902212858, "std": 0.0013360665179789066, "repeat": 2, "number": 2}]}, "readwrite.TimeRead.time_asia_write": {"result": [0.0006591639969320525], "stats": [{"ci_99": [0.0006494050668109034, 0.0006689229270532013], "q_25": 0.0006590664076308409, "q_75": 0.0006592615862332639, "min": 0.0006589688183296294, "max": 0.0006593591755344754, "mean": 0.0006591639969320525, "std": 1.9517860242297897e-07, "repeat": 2, "number": 63}]}, "readwrite.TimeRead.time_munin_read": {"result": [5.807818467728794], "stats": [{"ci_99": [3.957976629026234, 7.657660306431351], "q_25": 5.789320049341768, "q_75": 5.826316886115819, "min": 5.770821630954742, "max": 5.844815304502845, "mean": 5.807818467728794, "std": 0.03699683677405119, "repeat": 2, "number": 1}]}, "readwrite.TimeRead.time_munin_write": {"result": [0.04200935084372759], "stats": [{"ci_99": [0.030208236537873745, 0.05381046514958142], "q_25": 0.04189133970066905, "q_75": 0.04212736198678613, "min": 0.04177332855761051, "max": 0.042245373129844666, "mean": 0.04200935084372759, "std": 0.00023602228611707687, "repeat": 2, "number": 1}]}, "readwrite.TimeRead.time_pathfinder_read": {"result": [6.443535756319761], "stats": [{"ci_99": [6.133353464305401, 6.753718048334122], "q_25": 6.440433933399618, "q_75": 6.446637579239905, "min": 6.437332110479474, "max": 6.4497394021600485, "mean": 6.443535756319761, "std": 0.0062036458402872086, "repeat": 2, "number": 1}]}, "readwrite.TimeRead.time_pathfinder_write": {"result": [0.025482657365500927], "stats": [{"ci_99": [0.020513166673481464, 0.030452148057520386], "q_25": 0.025432962458580732, "q_75": 0.02553235227242112, "min": 0.025383267551660538, "max": 0.025582047179341316, "mean": 0.025482657365500927, "std": 9.938981384038925e-05, "repeat": 2, "number": 1}]}, "sampling.TimeSampling.time_forward_sample": {"result": [0.2056022509932518], "stats": [{"ci_99": [0.20461956039071083, 0.20662271231412888], "q_25": 0.2053258027881384, "q_75": 0.20609985943883657, "min": 0.20461956039071083, "max": 0.20662271231412888, "mean": 0.20567419230937958, "std": 0.0005840605775242002, "repeat": 10, "number": 1}]}, "sampling.TimeSampling.time_gibbs_sampling": null, "sampling.TimeSampling.time_likelihood_sample": {"result": [0.2146564070135355], "stats": [{"ci_99": [0.21396344527602196, 0.243757339194417], "q_25": 0.21428838977590203, "q_75": 0.21488783042877913, "min": 0.21396344527602196, "max": 0.243757339194417, "mean": 0.2174724081531167, "std": 0.008769648777084376, "repeat": 10, "number": 1}]}, "sampling.TimeSampling.time_rejection_sample": {"result": [34.75840001832694], "stats": [{"ci_99": [32.546939314343035, 36.96986072231084], "q_25": 34.7362854112871, "q_75": 34.78051462536678, "min": 34.71417080424726, "max": 34.802629232406616, "mean": 34.75840001832694, "std": 0.04422921407967806, "repeat": 2, "number": 1}]}, "structure_learning.TimeHillClimb.time_hillclimb": null, "structure_learning.TimePC.time_pc_orig": {"result": [37.48658009618521], "stats": [{"ci_99": [29.79967602342367, 45.173484168946736], "q_25": 37.40971105545759, "q_75": 37.56344913691282, "min": 37.33284201472998, "max": 37.64031817764044, "mean": 37.48658009618521, "std": 0.1537380814552307, "repeat": 2, "number": 1}]}, "structure_learning.TimePC.time_pc_stable": {"result": [38.81233958341181], "stats": [{"ci_99": [-25.11472208611667, 102.73940125294024], "q_25": 38.17306896671653, "q_75": 39.4516102001071, "min": 37.53379835002124, "max": 40.09088081680238, "mean": 38.81233958341181, "std": 1.2785412333905697, "repeat": 2, "number": 1}]}}, "params": {"arch": "x86_64", "cpu": "Intel(R) Core(TM) i9-9820X CPU @ 3.30GHz", "machine": "graveyard", "num_cpu": "20", "os": "Linux 4.15.0-112-generic", "ram": "131688676", "python": "3.6"}, "requirements": {}, "commit_hash": "4465fadf69a79c34ac29a9c62a406f0434e7bbd9", "date": 1621525159000, "env_name": "conda-py3.6", "python": "3.6", "profiles": {}, "started_at": {"factor.TimeDiscreteFactor.time_factor_marginalize": 1621697889212, "factor.TimeDiscreteFactor.time_factor_multiply_large": 1621697889420, "factor.TimeDiscreteFactor.time_factor_reduce": 1621697889627, "import.TimeImport.time_import": 1621697889833, "inference.TimeVariableElimination.time_query_alarm": 1621697890040, "inference.TimeVariableElimination.time_query_munin": 1621697909649, "readwrite.TimeRead.time_asia_read": 1621697929810, "readwrite.TimeRead.time_asia_write": 1621697957442, "readwrite.TimeRead.time_munin_read": 1621697983419, "readwrite.TimeRead.time_munin_write": 1621698024887, "readwrite.TimeRead.time_pathfinder_read": 1621698050964, "readwrite.TimeRead.time_pathfinder_write": 1621698090527, "sampling.TimeSampling.time_forward_sample": 1621698116555, "sampling.TimeSampling.time_gibbs_sampling": 1621697062161, "sampling.TimeSampling.time_likelihood_sample": 1621698118418, "sampling.TimeSampling.time_rejection_sample": 1621698120332, "structure_learning.TimeHillClimb.time_hillclimb": 1621697736985, "structure_learning.TimePC.time_pc_orig": 1621698193202, "structure_learning.TimePC.time_pc_stable": 1621698267258}, "ended_at": {"factor.TimeDiscreteFactor.time_factor_marginalize": 1621697889420, "factor.TimeDiscreteFactor.time_factor_multiply_large": 1621697889626, "factor.TimeDiscreteFactor.time_factor_reduce": 1621697889833, "import.TimeImport.time_import": 1621697890040, "inference.TimeVariableElimination.time_query_alarm": 1621697909649, "inference.TimeVariableElimination.time_query_munin": 1621697929810, "readwrite.TimeRead.time_asia_read": 1621697957441,