{"results": {"factor.TimeDiscreteFactor.time_factor_marginalize": {"result": [6.129922040101498e-05], "stats": [{"ci_99": [6.083178065590939e-05, 6.193610823760598e-05], "q_25": 6.10289395402717e-05, "q_75": 6.158571785031738e-05, "min": 6.083178065590939e-05, "max": 6.193610823760598e-05, "mean": 6.134362712418292e-05, "std": 3.709825108459511e-07, "repeat": 10, "number": 177}]}, "factor.TimeDiscreteFactor.time_factor_multiply_large": {"result": [4.930521656827229e-05], "stats": [{"ci_99": [4.8657379499295865e-05, 4.9801343461362324e-05], "q_25": 4.8976391553878784e-05, "q_75": 4.9404100310511704e-05, "min": 4.8657379499295865e-05, "max": 4.9801343461362324e-05, "mean": 4.9231657531203297e-05, "std": 3.2034050380441993e-07, "repeat": 10, "number": 205}]}, "factor.TimeDiscreteFactor.time_factor_reduce": {"result": [2.8985033647097588e-05], "stats": [{"ci_99": [2.8715279565548166e-05, 2.9317827111831283e-05], "q_25": 2.895634164800219e-05, "q_75": 2.91280915395131e-05, "min": 2.8715279565548166e-05, "max": 2.9317827111831283e-05, "mean": 2.9023723744250277e-05, "std": 1.5320086055039994e-07, "repeat": 10, "number": 359}]}, "import.TimeImport.time_import": {"result": [1.325683769652188e-07], "stats": [{"ci_99": [1.3036907483650695e-07, 1.3292283078942997e-07], "q_25": 1.3142000133429685e-07, "q_75": 1.3287030728100808e-07, "min": 1.3036907483650695e-07, "max": 1.3292283078942997e-07, "mean": 1.321064028190757e-07, "std": 8.80504145756521e-10, "repeat": 10, "number": 81636}]}, "readwrite.TimeRead.time_asia_read": {"result": [0.14148390479385853], "stats": [{"ci_99": [0.13975667394697666, 0.1432111356407404], "q_25": 0.1414666324853897, "q_75": 0.14150117710232735, "min": 0.1414493601769209, "max": 0.14151844941079617, "mean": 0.14148390479385853, "std": 3.454461693763733e-05, "repeat": 2, "number": 1}]}, "readwrite.TimeRead.time_asia_write": {"result": [0.00039248755719098775], "stats": [{"ci_99": [-0.009315525828343297, 0.010100500942725264], "q_25": 0.00029540742333564494, "q_75": 0.0004895676910463306, "min": 0.00019832728948030207, "max": 0.0005866478249016735, "mean": 0.00039248755719098775, "std": 0.0001941602677106857, "repeat": 2, "number": 72}]}, "readwrite.TimeRead.time_munin_read": {"result": [5.246919107623398], "stats": [{"ci_99": [5.1940814992412925, 5.299756716005504], "q_25": 5.246390731539577, "q_75": 5.247447483707219, "min": 5.245862355455756, "max": 5.24797585979104, "mean": 5.246919107623398, "std": 0.0010567521676421165, "repeat": 2, "number": 1}]}, "readwrite.TimeRead.time_munin_write": {"result": [0.03993706312030554], "stats": [{"ci_99": [0.0388643192127347, 0.04100980702787638], "q_25": 0.03992633568122983, "q_75": 0.03994779055938125, "min": 0.03991560824215412, "max": 0.039958517998456955, "mean": 0.03993706312030554, "std": 2.145487815141678e-05, "repeat": 2, "number": 1}]}, "readwrite.TimeRead.time_pathfinder_read": {"result": [5.889422980137169], "stats": [{"ci_99": [5.611771366558969, 6.16707459371537], "q_25": 5.886646464001387, "q_75": 5.892199496272951, "min": 5.883869947865605, "max": 5.894976012408733, "mean": 5.889422980137169, "std": 0.005553032271564007, "repeat": 2, "number": 1}]}, "readwrite.TimeRead.time_pathfinder_write": {"result": [0.025488948449492455], "stats": [{"ci_99": [0.0254711601883173, 0.02550673671066761], "q_25": 0.025488770566880703, "q_75": 0.025489126332104206, "min": 0.02548859268426895, "max": 0.025489304214715958, "mean": 0.025488948449492455, "std": 3.557652235031128e-07, "repeat": 2, "number": 1}]}, "sampling.TimeSampling.time_forward_sample": null, "sampling.TimeSampling.time_gibbs_sampling": null, "sampling.TimeSampling.time_likelihood_sample": {"result": [0.6252613868564367], "stats": [{"ci_99": [0.623584346845746, 0.6287469286471605], "q_25": 0.6246024444699287, "q_75": 0.6255609611980617, "min": 0.623584346845746, "max": 0.6287469286471605, "mean": 0.6254492748528719, "std": 0.001492624207489828, "repeat": 10, "number": 1}]}, "sampling.TimeSampling.time_rejection_sample": null, "structure_learning.TimeHillClimb.time_hillclimb": null, "structure_learning.TimePC.time_pc_orig": {"result": [35.51282013487071], "stats": [{"ci_99": [27.7902005398646, 43.23543972987681], "q_25": 35.43559393892065, "q_75": 35.59004633082077, "min": 35.358367742970586, "max": 35.66727252677083, "mean": 35.51282013487071, "std": 0.15445239190012217, "repeat": 2, "number": 1}]}, "structure_learning.TimePC.time_pc_stable": {"result": [44.48481284454465], "stats": [{"ci_99": [41.876154471188784, 47.093471217900515], "q_25": 44.45872626081109, "q_75": 44.51089942827821, "min": 44.43263967707753, "max": 44.536986012011766, "mean": 44.48481284454465, "std": 0.05217316746711731, "repeat": 2, "number": 1}]}, "inference.TimeVariableElimination.time_query_alarm": {"result": [0.11912037152796984], "stats": [{"ci_99": [0.11631212751662677, 0.12191583220565373], "q_25": 0.11823378037661314, "q_75": 0.12000057101249695, "min": 0.11802301742136478, "max": 0.12019215896725655, "mean": 0.11911397986114025, "std": 0.000959890955565683, "repeat": 4, "number": 1}]}, "inference.TimeVariableElimination.time_query_munin": null, "factor.TimeDiscreteFactor.time_factor_compare": {"result": [7.084392061169515e-05], "stats": [{"ci_99": [7.012675222534461e-05, 7.107866390439488e-05], "q_25": 7.049731860224833e-05, "q_75": 7.091917960135728e-05, "min": 7.012675222534461e-05, "max": 7.107866390439488e-05, "mean": 7.069285883999511e-05, "std": 3.1493625536924194e-07, "repeat": 10, "number": 149}]}, "inference.TimeBeliefPropagation.time_query_alarm": {"result": [61.257185268215835], "stats": [{"ci_99": [51.360359595157206, 71.15401094127445], "q_25": 61.15821701148525, "q_75": 61.35615352494642, "min": 61.05924875475466, "max": 61.45512178167701, "mean": 61.257185268215835, "std": 0.19793651346117258, "repeat": 2, "number": 1}]}, "parameter_learning.TimeBayesianEstimator.time_alarm_bayesian_estimator": null, "parameter_learning.TimeBayesianEstimator.time_munin_bayesian_estimator": null, "parameter_learning.TimeExpectationMaximization.time_alarm_em": null, "parameter_learning.TimeExpectationMaximization.time_munin_em": null, "parameter_learning.TimeMLE.time_alarm_mle": null, "parameter_learning.TimeMLE.time_munin_mle": null, "structure_learning.TimeHillClimbAlarmModel.time_hillclimb": null, "structure_learning.TimeMmhcAlarmModel.time_mmhc": null, "structure_learning.TimePCAlarmModel.time_pc_orig": null, "structure_learning.TimePCAlarmModel.time_pc_stable": null, "structure_learning.TimeTreeSearchAlarmModel.time_tan": null}, "params": {"arch": "x86_64", "cpu": "Intel(R) Core(TM) i9-9820X CPU @ 3.30GHz", "machine": "graveyard", "num_cpu": "20", "os": "Linux 4.15.0-112-generic", "ram": "131688676", "python": "3.8"}, "requirements": {}, "commit_hash": "447ce00b071e277332720708215e1fd25b2e6274", "date": 1607810667000, "env_name": "conda-py3.8", "python": "3.8", "profiles": {}, "started_at": {"factor.TimeDiscreteFactor.time_factor_marginalize": 1654237249307, "factor.TimeDiscreteFactor.time_factor_multiply_large": 1654237249514, "factor.TimeDiscreteFactor.time_factor_reduce": 1654237249721, "import.TimeImport.time_import": 1654237249927, "readwrite.TimeRead.time_asia_read": 1654237391582, "readwrite.TimeRead.time_asia_write": 1654237416056, "readwrite.TimeRead.time_munin_read": 1654237440330, "readwrite.TimeRead.time_munin_write": 1654237476987, "readwrite.TimeRead.time_pathfinder_read": 1654237501310, "readwrite.TimeRead.time_pathfinder_write": 1654237538319, "sampling.TimeSampling.time_forward_sample": 1654236641109, "sampling.TimeSampling.time_gibbs_sampling": 1654236641467, "sampling.TimeSampling.time_likelihood_sample": 1654237562644, "sampling.TimeSampling.time_rejection_sample": 1654237246955, "structure_learning.TimeHillClimb.time_hillclimb": 1610302920110, "structure_learning.TimePC.time_pc_orig": 1610303457929, "structure_learning.TimePC.time_pc_stable": 1610303531864, "inference.TimeVariableElimination.time_query_alarm": 1654237372809,