{"results": {"factor.TimeDiscreteFactor.time_factor_marginalize": {"result": [6.0813977602827414e-05], "stats": [{"ci_99": [6.062881707140569e-05, 6.099851027633367e-05], "q_25": 6.0740094422624346e-05, "q_75": 6.0872023067112716e-05, "min": 6.062881707140569e-05, "max": 6.099851027633367e-05, "mean": 6.0809519811627566e-05, "std": 1.0173961274776928e-07, "repeat": 10, "number": 178}]}, "factor.TimeDiscreteFactor.time_factor_multiply_large": {"result": [4.916205114432584e-05], "stats": [{"ci_99": [4.856110002114394e-05, 4.942455790310262e-05], "q_25": 4.891324222575281e-05, "q_75": 4.933757498581832e-05, "min": 4.856110002114394e-05, "max": 4.942455790310262e-05, "mean": 4.909938183900352e-05, "std": 2.8392274944380374e-07, "repeat": 10, "number": 214}]}, "factor.TimeDiscreteFactor.time_factor_reduce": {"result": [2.8978833662612097e-05], "stats": [{"ci_99": [2.888467285659287e-05, 2.9281313930238995e-05], "q_25": 2.8919061430944846e-05, "q_75": 2.909018683687344e-05, "min": 2.888467285659287e-05, "max": 2.9281313930238995e-05, "mean": 2.901658548840455e-05, "std": 1.2410275589395941e-07, "repeat": 10, "number": 364}]}, "import.TimeImport.time_import": {"result": [1.3189256502960628e-07], "stats": [{"ci_99": [1.3119552503556205e-07, 1.3324313592070137e-07], "q_25": 1.3173286422132395e-07, "q_75": 1.3237608452836648e-07, "min": 1.3119552503556205e-07, "max": 1.3324313592070137e-07, "mean": 1.3207844481187782e-07, "std": 6.325991319729585e-10, "repeat": 10, "number": 76010}]}, "inference.TimeVariableElimination.time_query_alarm": {"result": [0.05043813772499561], "stats": [{"ci_99": [0.0489546471190763, 0.051935698752372216], "q_25": 0.04997575096786022, "q_75": 0.05090755969285965, "min": 0.04986939579248428, "max": 0.051035020500421524, "mean": 0.05044517293572426, "std": 0.0005109025102090828, "repeat": 4, "number": 1}]}, "inference.TimeVariableElimination.time_query_munin": {"result": [0.501063222065568], "stats": [{"ci_99": [0.4763125961546264, 0.5282228795911706], "q_25": 0.4975841464474797, "q_75": 0.5057468134909868, "min": 0.48979676328599453, "max": 0.5171477440744638, "mean": 0.5022677378728986, "std": 0.009764756523230111, "repeat": 4, "number": 1}]}, "readwrite.TimeRead.time_asia_read": {"result": [0.008457612246274948], "stats": [{"ci_99": [0.007759353145956993, 0.009155871346592903], "q_25": 0.008450629655271769, "q_75": 0.008464594837278128, "min": 0.008443647064268589, "max": 0.008471577428281307, "mean": 0.008457612246274948, "std": 1.39651820063591e-05, "repeat": 2, "number": 2}]}, "readwrite.TimeRead.time_asia_write": {"result": [0.0005696507852891801], "stats": [{"ci_99": [0.00039448671725014653, 0.0007448148533282135], "q_25": 0.0005678991446087899, "q_75": 0.0005714024259695704, "min": 0.0005661475039283995, "max": 0.0005731540666499608, "mean": 0.0005696507852891801, "std": 3.5032813607806723e-06, "repeat": 2, "number": 71}]}, "readwrite.TimeRead.time_munin_read": {"result": [5.118812056258321], "stats": [{"ci_99": [4.892865097150207, 5.344759015366435], "q_25": 5.11655258666724, "q_75": 5.121071525849402, "min": 5.1142931170761585, "max": 5.123330995440483, "mean": 5.118812056258321, "std": 0.004518939182162285, "repeat": 2, "number": 1}]}, "readwrite.TimeRead.time_munin_write": {"result": [0.040401571430265903], "stats": [{"ci_99": [0.032647053711116314, 0.048156089149415486], "q_25": 0.04032402625307441, "q_75": 0.0404791166074574, "min": 0.04024648107588291, "max": 0.040556661784648895, "mean": 0.040401571430265903, "std": 0.0001550903543829918, "repeat": 2, "number": 1}]}, "readwrite.TimeRead.time_pathfinder_read": {"result": [5.740102814510465], "stats": [{"ci_99": [5.502014761790633, 5.978190867230296], "q_25": 5.737721933983266, "q_75": 5.742483695037663, "min": 5.735341053456068, "max": 5.744864575564861, "mean": 5.740102814510465, "std": 0.004761761054396629, "repeat": 2, "number": 1}]}, "readwrite.TimeRead.time_pathfinder_write": {"result": [0.025721398182213306], "stats": [{"ci_99": [0.017533442936837673, 0.03390935342758893], "q_25": 0.02563951862975955, "q_75": 0.025803277734667063, "min": 0.025557639077305794, "max": 0.02588515728712082, "mean": 0.025721398182213306, "std": 0.00016375910490751266, "repeat": 2, "number": 1}]}, "sampling.TimeSampling.time_forward_sample": null, "sampling.TimeSampling.time_gibbs_sampling": null, "sampling.TimeSampling.time_likelihood_sample": {"result": [0.20300394296646118], "stats": [{"ci_99": [0.20231396332383156, 0.21497192233800888], "q_25": 0.20274105854332447, "q_75": 0.20361763425171375, "min": 0.20231396332383156, "max": 0.21497192233800888, "mean": 0.2043285110965371, "std": 0.0036154722060916, "repeat": 10, "number": 1}]}, "sampling.TimeSampling.time_rejection_sample": null, "structure_learning.TimeHillClimb.time_hillclimb": null, "structure_learning.TimePC.time_pc_orig": {"result": [33.3553026644513], "stats": [{"ci_99": [28.257879775948822, 38.45272555295377], "q_25": 33.304328435566276, "q_75": 33.406276893336326, "min": 33.25335420668125, "max": 33.45725112222135, "mean": 33.3553026644513, "std": 0.10194845777004957, "repeat": 2, "number": 1}]}, "structure_learning.TimePC.time_pc_stable": {"result": [33.24074801709503], "stats": [{"ci_99": [31.926048506982625, 34.555447527207434], "q_25": 33.227601021993905, "q_75": 33.25389501219615, "min": 33.21445402689278, "max": 33.26704200729728, "mean": 33.24074801709503, "std": 0.026293990202248096, "repeat": 2, "number": 1}]}, "factor.TimeDiscreteFactor.time_factor_compare": {"result": [6.24451897815316e-05], "stats": [{"ci_99": [6.210411380151075e-05, 6.306511600931247e-05], "q_25": 6.229683344146449e-05, "q_75": 6.283867356930664e-05, "min": 6.210411380151075e-05, "max": 6.306511600931247e-05, "mean": 6.253180166561445e-05, "std": 3.4012987728437394e-07, "repeat": 10, "number": 167}]}, "inference.TimeBeliefPropagation.time_query_alarm": {"result": [89.36590526718646], "stats": [{"ci_99": [88.55451091658324, 90.17729961778969], "q_25": 89.35779132368043, "q_75": 89.3740192106925, "min": 89.3496773801744, "max": 89.38213315419853, "mean": 89.36590526718646, "std": 0.016227887012064457, "repeat": 2, "number": 1}]}, "parameter_learning.TimeBayesianEstimator.time_alarm_bayesian_estimator": null, "parameter_learning.TimeBayesianEstimator.time_munin_bayesian_estimator": null, "parameter_learning.TimeExpectationMaximization.time_alarm_em": null, "parameter_learning.TimeExpectationMaximization.time_munin_em": null, "parameter_learning.TimeMLE.time_alarm_mle": null, "parameter_learning.TimeMLE.time_munin_mle": null, "structure_learning.TimeHillClimbAlarmModel.time_hillclimb": null, "structure_learning.TimeMmhcAlarmModel.time_mmhc": null, "structure_learning.TimePCAlarmModel.time_pc_orig": null, "structure_learning.TimePCAlarmModel.time_pc_stable": null, "structure_learning.TimeTreeSearchAlarmModel.time_tan": null}, "params": {"arch": "x86_64", "cpu": "Intel(R) Core(TM) i9-9820X CPU @ 3.30GHz", "machine": "graveyard", "num_cpu": "20", "os": "Linux 4.15.0-112-generic", "ram": "131688676", "python": "3.8"}, "requirements": {}, "commit_hash": "44d518744fbf2d6ed5cdd6b140dcb92a9825f555", "date": 1626094515000, "env_name": "conda-py3.8", "python": "3.8", "profiles": {}, "started_at": {"factor.TimeDiscreteFactor.time_factor_marginalize": 1653912604267, "factor.TimeDiscreteFactor.time_factor_multiply_large": 1653912604473, "factor.TimeDiscreteFactor.time_factor_reduce": 1653912604680, "import.TimeImport.time_import": 1653912604886, "inference.TimeVariableElimination.time_query_alarm": 1653912784272, "inference.TimeVariableElimination.time_query_munin": 1653912802083, "readwrite.TimeRead.time_asia_read": 1653912821147, "readwrite.TimeRead.time_asia_write": 1653912844568, "readwrite.TimeRead.time_munin_read": 1653912868089, "readwrite.TimeRead.time_munin_write": 1653912903544, "readwrite.TimeRead.time_pathfinder_read": 1653912927065, "readwrite.TimeRead.time_pathfinder_write": 1653912962818,