{"results": {"factor.TimeDiscreteFactor.time_factor_marginalize": {"result": [6.405592841260573e-05], "stats": [{"ci_99": [6.345816175727283e-05, 6.485998849658405e-05], "q_25": 6.358252893037656e-05, "q_75": 6.454179939978263e-05, "min": 6.345816175727283e-05, "max": 6.485998849658405e-05, "mean": 6.408947026904891e-05, "std": 5.027534368251752e-07, "repeat": 10, "number": 170}]}, "factor.TimeDiscreteFactor.time_factor_multiply_large": {"result": [5.4874079988191e-05], "stats": [{"ci_99": [5.457514995022824e-05, 5.589521637088374e-05], "q_25": 5.4681948141047825e-05, "q_75": 5.520817725674102e-05, "min": 5.457514995022824e-05, "max": 5.589521637088374e-05, "mean": 5.501006680883859e-05, "std": 4.0377883964508516e-07, "repeat": 10, "number": 190}]}, "factor.TimeDiscreteFactor.time_factor_reduce": {"result": [3.211120566611445e-05], "stats": [{"ci_99": [3.1844303451456503e-05, 3.255718005793636e-05], "q_25": 3.202944433530875e-05, "q_75": 3.224088752691725e-05, "min": 3.1844303451456503e-05, "max": 3.255718005793636e-05, "mean": 3.213279366844875e-05, "std": 1.9504087373365546e-07, "repeat": 10, "number": 339}]}, "import.TimeImport.time_import": {"result": [1.3133463114440675e-07], "stats": [{"ci_99": [1.2820702579715262e-07, 1.3323704699578093e-07], "q_25": 1.299193529843815e-07, "q_75": 1.3180682530645163e-07, "min": 1.2820702579715262e-07, "max": 1.3323704699578093e-07, "mean": 1.3082782623928389e-07, "std": 1.5314237469017413e-09, "repeat": 10, "number": 82827}]}, "inference.TimeVariableElimination.time_query_alarm": {"result": [0.059671119786798954], "stats": [{"ci_99": [0.0586706710821865, 0.06059388501281758], "q_25": 0.05936016980558634, "q_75": 0.05994322802871466, "min": 0.05920729227364063, "max": 0.05997958034276962, "mean": 0.05963227804750204, "std": 0.00033145119924671496, "repeat": 4, "number": 1}]}, "inference.TimeVariableElimination.time_query_munin": {"result": [0.5178046813234687], "stats": [{"ci_99": [0.5099538518179977, 0.5278055956523096], "q_25": 0.5166837270371616, "q_75": 0.5200006780214608, "min": 0.5154096875339746, "max": 0.5244998447597027, "mean": 0.5188797237351537, "std": 0.0034244685779943615, "repeat": 4, "number": 1}]}, "readwrite.TimeRead.time_asia_read": {"result": [0.009193704929202795], "stats": [{"ci_99": [0.008316888008266687, 0.010070521850138903], "q_25": 0.009184936759993434, "q_75": 0.009202473098412156, "min": 0.009176168590784073, "max": 0.009211241267621517, "mean": 0.009193704929202795, "std": 1.7536338418722153e-05, "repeat": 2, "number": 2}]}, "readwrite.TimeRead.time_asia_write": {"result": [0.0006490658997790888], "stats": [{"ci_99": [0.00034953145950566977, 0.0009486003400525076], "q_25": 0.0006460705553763546, "q_75": 0.000652061244181823, "min": 0.0006430752109736204, "max": 0.0006550565885845572, "mean": 0.0006490658997790888, "std": 5.9906888054683805e-06, "repeat": 2, "number": 64}]}, "readwrite.TimeRead.time_munin_read": {"result": [5.6254378678277135], "stats": [{"ci_99": [5.507175779901445, 5.743699955753982], "q_25": 5.624255246948451, "q_75": 5.626620488706976, "min": 5.623072626069188, "max": 5.627803109586239, "mean": 5.6254378678277135, "std": 0.0023652417585253716, "repeat": 2, "number": 1}]}, "readwrite.TimeRead.time_munin_write": {"result": [0.04168704152107239], "stats": [{"ci_99": [0.03570813685655594, 0.04766594618558883], "q_25": 0.04162725247442722, "q_75": 0.04174683056771755, "min": 0.04156746342778206, "max": 0.04180661961436272, "mean": 0.04168704152107239, "std": 0.00011957809329032898, "repeat": 2, "number": 1}]}, "readwrite.TimeRead.time_pathfinder_read": {"result": [6.284288797527552], "stats": [{"ci_99": [6.036048304289579, 6.532529290765524], "q_25": 6.281806392595172, "q_75": 6.286771202459931, "min": 6.279323987662792, "max": 6.289253607392311, "mean": 6.284288797527552, "std": 0.004964809864759445, "repeat": 2, "number": 1}]}, "readwrite.TimeRead.time_pathfinder_write": {"result": [0.024887824431061745], "stats": [{"ci_99": [0.024170612916350365, 0.025605035945773125], "q_25": 0.02488065231591463, "q_75": 0.02489499654620886, "min": 0.024873480200767517, "max": 0.024902168661355972, "mean": 0.024887824431061745, "std": 1.43442302942276e-05, "repeat": 2, "number": 1}]}, "sampling.TimeSampling.time_forward_sample": null, "sampling.TimeSampling.time_gibbs_sampling": null, "sampling.TimeSampling.time_likelihood_sample": {"result": [0.20939161721616983], "stats": [{"ci_99": [0.20824099890887737, 0.2105663437396288], "q_25": 0.2089396482333541, "q_75": 0.2099128938280046, "min": 0.20824099890887737, "max": 0.2105663437396288, "mean": 0.20941214952617884, "std": 0.0006656525383773414, "repeat": 10, "number": 1}]}, "sampling.TimeSampling.time_rejection_sample": null, "structure_learning.TimeHillClimb.time_hillclimb": null, "structure_learning.TimePC.time_pc_orig": {"result": [44.71774608269334], "stats": [{"ci_99": [42.991800367832184, 46.44369179755449], "q_25": 44.70048662554473, "q_75": 44.73500553984195, "min": 44.683227168396115, "max": 44.75226499699056, "mean": 44.71774608269334, "std": 0.03451891429722309, "repeat": 2, "number": 1}]}, "structure_learning.TimePC.time_pc_stable": {"result": [44.77698875404894], "stats": [{"ci_99": [44.205899422988296, 45.34807808510959], "q_25": 44.77127786073834, "q_75": 44.78269964735955, "min": 44.76556696742773, "max": 44.78841054067016, "mean": 44.77698875404894, "std": 0.01142178662121296, "repeat": 2, "number": 1}]}, "factor.TimeDiscreteFactor.time_factor_compare": {"result": [6.813830637101886e-05], "stats": [{"ci_99": [6.7389994576762e-05, 6.877000243226184e-05], "q_25": 6.784100521685957e-05, "q_75": 6.829819323707231e-05, "min": 6.7389994576762e-05, "max": 6.877000243226184e-05, "mean": 6.809905878727949e-05, "std": 3.961186604097574e-07, "repeat": 10, "number": 158}]}, "inference.TimeBeliefPropagation.time_query_alarm": {"result": [45.82342930696905], "stats": [{"ci_99": [40.36203647591174, 51.28482213802635], "q_25": 45.76881537865847, "q_75": 45.87804323527962, "min": 45.7142014503479, "max": 45.93265716359019, "mean": 45.82342930696905, "std": 0.1092278566211462, "repeat": 2, "number": 1}]}, "parameter_learning.TimeBayesianEstimator.time_alarm_bayesian_estimator": null, "parameter_learning.TimeBayesianEstimator.time_munin_bayesian_estimator": null, "parameter_learning.TimeExpectationMaximization.time_alarm_em": null, "parameter_learning.TimeExpectationMaximization.time_munin_em": null, "parameter_learning.TimeMLE.time_alarm_mle": null, "parameter_learning.TimeMLE.time_munin_mle": null, "structure_learning.TimeHillClimbAlarmModel.time_hillclimb": null, "structure_learning.TimeMmhcAlarmModel.time_mmhc": null, "structure_learning.TimePCAlarmModel.time_pc_orig": null, "structure_learning.TimePCAlarmModel.time_pc_stable": null, "structure_learning.TimeTreeSearchAlarmModel.time_tan": null}, "params": {"arch": "x86_64", "cpu": "Intel(R) Core(TM) i9-9820X CPU @ 3.30GHz", "machine": "graveyard", "num_cpu": "20", "os": "Linux 4.15.0-112-generic", "ram": "131688676", "python": "3.6"}, "requirements": {}, "commit_hash": "44d518744fbf2d6ed5cdd6b140dcb92a9825f555", "date": 1626094515000, "env_name": "conda-py3.6", "python": "3.6", "profiles": {}, "started_at": {"factor.TimeDiscreteFactor.time_factor_marginalize": 1653910067206, "factor.TimeDiscreteFactor.time_factor_multiply_large": 1653910067412, "factor.TimeDiscreteFactor.time_factor_reduce": 1653910067619, "import.TimeImport.time_import": 1653910067825, "inference.TimeVariableElimination.time_query_alarm": 1653910159752, "inference.TimeVariableElimination.time_query_munin": 1653910178915, "readwrite.TimeRead.time_asia_read": 1653910199378, "readwrite.TimeRead.time_asia_write": 1653910224704, "readwrite.TimeRead.time_munin_read": 1653910250031, "readwrite.TimeRead.time_munin_write": 1653910288240, "readwrite.TimeRead.time_pathfinder_read": 1653910313567, "readwrite.TimeRead.time_pathfinder_write": 1653910352080, "sampling.TimeSampling.time_forward_sample": 1653909463781,