{"results": {"factor.TimeDiscreteFactor.time_factor_marginalize": {"result": [6.072688324565298e-05], "stats": [{"ci_99": [6.0549612795369006e-05, 6.118043210734142e-05], "q_25": 6.063748935886313e-05, "q_75": 6.099990726019559e-05, "min": 6.0549612795369006e-05, "max": 6.118043210734142e-05, "mean": 6.079798815458008e-05, "std": 2.1912674201021423e-07, "repeat": 10, "number": 178}]}, "factor.TimeDiscreteFactor.time_factor_multiply_large": {"result": [4.872302031187418e-05], "stats": [{"ci_99": [4.8382894440730044e-05, 4.9588146022937266e-05], "q_25": 4.8492395658097515e-05, "q_75": 4.9263489977692675e-05, "min": 4.8382894440730044e-05, "max": 4.9588146022937266e-05, "mean": 4.887424392222259e-05, "std": 4.1846309852008423e-07, "repeat": 10, "number": 217}]}, "factor.TimeDiscreteFactor.time_factor_reduce": {"result": [2.8944478310582364e-05], "stats": [{"ci_99": [2.8660318562579354e-05, 2.9220829476553085e-05], "q_25": 2.889098563234122e-05, "q_75": 2.9070859302800344e-05, "min": 2.8660318562579354e-05, "max": 2.9220829476553085e-05, "mean": 2.8958384331554425e-05, "std": 1.6093815474963073e-07, "repeat": 10, "number": 359}]}, "import.TimeImport.time_import": {"result": [1.2597532847406845e-07], "stats": [{"ci_99": [1.2487763281026854e-07, 1.2672667292152414e-07], "q_25": 1.2500866336111852e-07, "q_75": 1.2606369896823862e-07, "min": 1.2487763281026854e-07, "max": 1.2672667292152414e-07, "mean": 1.2569359552877358e-07, "std": 6.192496332350127e-10, "repeat": 10, "number": 82282}]}, "inference.TimeVariableElimination.time_query_alarm": {"result": [0.06847897171974182], "stats": [{"ci_99": [0.044610887808032615, 0.10702477670716488], "q_25": 0.06818480044603348, "q_75": 0.07611200353130698, "min": 0.06756693683564663, "max": 0.09874644875526428, "mean": 0.07581783225759864, "std": 0.013243225080532507, "repeat": 4, "number": 1}]}, "inference.TimeVariableElimination.time_query_munin": {"result": [0.4971105204895139], "stats": [{"ci_99": [0.47999668946874163, 0.5116527985184192], "q_25": 0.4920336538925767, "q_75": 0.5009016105905175, "min": 0.4878085795789957, "max": 0.5012693554162979, "mean": 0.49582474399358034, "std": 0.0055705708185697, "repeat": 4, "number": 1}]}, "readwrite.TimeRead.time_asia_read": {"result": [0.00841945456340909], "stats": [{"ci_99": [0.008291746955364943, 0.008547162171453238], "q_25": 0.008418177487328649, "q_75": 0.008420731639489532, "min": 0.008416900411248207, "max": 0.008422008715569973, "mean": 0.00841945456340909, "std": 2.55415216088295e-06, "repeat": 2, "number": 2}]}, "readwrite.TimeRead.time_asia_write": {"result": [0.0003711882060113018], "stats": [{"ci_99": [-0.008206468764437388, 0.008948845176459984], "q_25": 0.0002854116363068149, "q_75": 0.0004569647757157888, "min": 0.00019963506660232805, "max": 0.0005427413454202756, "mean": 0.0003711882060113018, "std": 0.00017155313940897377, "repeat": 2, "number": 73}]}, "readwrite.TimeRead.time_munin_read": {"result": [5.0976946810260415], "stats": [{"ci_99": [5.017091273330152, 5.178298088721931], "q_25": 5.096888646949083, "q_75": 5.098500715103, "min": 5.096082612872124, "max": 5.099306749179959, "mean": 5.0976946810260415, "std": 0.0016120681539177895, "repeat": 2, "number": 1}]}, "readwrite.TimeRead.time_munin_write": {"result": [0.0401522247120738], "stats": [{"ci_99": [0.035108414478600025, 0.045196034945547574], "q_25": 0.040101786609739065, "q_75": 0.04020266281440854, "min": 0.04005134850740433, "max": 0.04025310091674328, "mean": 0.0401522247120738, "std": 0.00010087620466947556, "repeat": 2, "number": 1}]}, "readwrite.TimeRead.time_pathfinder_read": {"result": [5.700686098076403], "stats": [{"ci_99": [5.103291793726385, 6.298080402426421], "q_25": 5.694712155032903, "q_75": 5.706660041119903, "min": 5.688738211989403, "max": 5.7126339841634035, "mean": 5.700686098076403, "std": 0.01194788608700037, "repeat": 2, "number": 1}]}, "readwrite.TimeRead.time_pathfinder_write": {"result": [0.025753041729331017], "stats": [{"ci_99": [0.025007331743836403, 0.02649875171482563], "q_25": 0.02574558462947607, "q_75": 0.025760498829185963, "min": 0.025738127529621124, "max": 0.02576795592904091, "mean": 0.025753041729331017, "std": 1.4914199709892273e-05, "repeat": 2, "number": 1}]}, "sampling.TimeSampling.time_forward_sample": {"result": [0.20341603737324476], "stats": [{"ci_99": [0.20279649645090103, 0.20460544154047966], "q_25": 0.20295051764696836, "q_75": 0.20440817344933748, "min": 0.20279649645090103, "max": 0.20460544154047966, "mean": 0.20363603234291078, "std": 0.000713090570807526, "repeat": 10, "number": 1}]}, "sampling.TimeSampling.time_gibbs_sampling": null, "sampling.TimeSampling.time_likelihood_sample": {"result": [0.20601394958794117], "stats": [{"ci_99": [0.20468589290976524, 0.206416267901659], "q_25": 0.2053617099300027, "q_75": 0.20609269244596362, "min": 0.20468589290976524, "max": 0.206416267901659, "mean": 0.20575319640338421, "std": 0.0005568185521019539, "repeat": 10, "number": 1}]}, "sampling.TimeSampling.time_rejection_sample": {"result": [37.26567971147597], "stats": [{"ci_99": [32.87191484682262, 41.65944457612932], "q_25": 37.221742062829435, "q_75": 37.3096173601225, "min": 37.1778044141829, "max": 37.353555008769035, "mean": 37.26567971147597, "std": 0.08787529729306698, "repeat": 2, "number": 1}]}, "structure_learning.TimeHillClimb.time_hillclimb": null, "structure_learning.TimePC.time_pc_orig": {"result": [40.66062292549759], "stats": [{"ci_99": [29.728180426172912, 51.593065424822264], "q_25": 40.551298500504345, "q_75": 40.76994735049084, "min": 40.4419740755111, "max": 40.879271775484085, "mean": 40.66062292549759, "std": 0.2186488499864936, "repeat": 2, "number": 1}]}, "structure_learning.TimePC.time_pc_stable": {"result": [40.41386402398348], "stats": [{"ci_99": [40.251561135053635, 40.57616691291332], "q_25": 40.41224099509418, "q_75": 40.41548705287278, "min": 40.41061796620488, "max": 40.417110081762075, "mean": 40.41386402398348, "std": 0.003246057778596878, "repeat": 2, "number": 1}]}, "factor.TimeDiscreteFactor.time_factor_compare": {"result": [6.239301334303545e-05], "stats": [{"ci_99": [6.183168390788228e-05, 6.249097052467875e-05], "q_25": 6.219824069145932e-05, "q_75": 6.243743069739226e-05, "min": 6.183168390788228e-05, "max": 6.249097052467875e-05, "mean": 6.230224754257373e-05, "std": 1.9355911887069116e-07, "repeat": 10, "number": 166}]}, "inference.TimeBeliefPropagation.time_query_alarm": {"result": [66.42428745236248], "stats": [{"ci_99": [62.074456566013396, 70.77411833871156], "q_25": 66.38078914349899, "q_75": 66.46778576122597, "min": 66.3372908346355, "max": 66.51128407008946, "mean": 66.42428745236248, "std": 0.08699661772698164, "repeat": 2, "number": 1}]}, "parameter_learning.TimeBayesianEstimator.time_alarm_bayesian_estimator": {"result": [1.621573663316667], "stats": [{"ci_99": [1.563344180909545, 1.6802774394400408], "q_25": 1.6043879576027393, "q_75": 1.6389965158887208, "min": 1.5978661328554153, "max": 1.6462297812104225, "mean": 1.621810810174793, "std": 0.02012742109853765, "repeat": 4, "number": 1}]}, "parameter_learning.TimeBayesianEstimator.time_munin_bayesian_estimator": {"result": [20.13120238110423], "stats": [{"ci_99": [13.334242779761553, 26.928161982446902], "q_25": 20.063232785090804, "q_75": 20.199171977117658, "min": 19.995263189077377, "max": 20.267141573131084, "mean": 20.13120238110423, "std": 0.13593919202685356, "repeat": 2, "number": 1}]}, "parameter_learning.TimeExpectationMaximization.time_alarm_em": {"result": [17.885870572179556], "stats": [{"ci_99": [15.623951975256205, 20.147789169102907], "q_25": 17.863251386210322, "q_75": 17.90848975814879, "min": 17.84063220024109, "max": 17.931108944118023, "mean": 17.885870572179556, "std": 0.045238371938467026, "repeat": 2, "number": 1}]}, "parameter_learning.TimeExpectationMaximization.time_munin_em": {"result": [113.44209840521216], "stats": [{"ci_99": [104.03004815801978, 122.85414865240453], "q_25": 113.34797790274024,