{"results": {"factor.TimeDiscreteFactor.time_factor_compare": {"result": [6.21920114772468e-05], "stats": [{"ci_99": [6.183531493116907e-05, 6.478488192719929e-05], "q_25": 6.19708460434682e-05, "q_75": 6.232881592323551e-05, "min": 6.183531493116907e-05, "max": 6.478488192719929e-05, "mean": 6.239690454834598e-05, "std": 8.176575588398203e-07, "repeat": 10, "number": 177}]}, "factor.TimeDiscreteFactor.time_factor_marginalize": {"result": [6.37660338403936e-05], "stats": [{"ci_99": [6.363864341181909e-05, 6.414995623562864e-05], "q_25": 6.36964216605275e-05, "q_75": 6.388950657969464e-05, "min": 6.363864341181909e-05, "max": 6.414995623562864e-05, "mean": 6.381545193537981e-05, "std": 1.5544968803463297e-07, "repeat": 10, "number": 167}]}, "factor.TimeDiscreteFactor.time_factor_multiply_large": {"result": [4.778316748116661e-05], "stats": [{"ci_99": [4.741373619808148e-05, 5.043370753142967e-05], "q_25": 4.764783392008794e-05, "q_75": 4.795375739747874e-05, "min": 4.741373619808148e-05, "max": 5.043370753142967e-05, "mean": 4.814664309628531e-05, "std": 9.021348817648904e-07, "repeat": 10, "number": 233}]}, "factor.TimeDiscreteFactor.time_factor_reduce": {"result": [2.5953073517896642e-05], "stats": [{"ci_99": [2.5802639438145196e-05, 2.603931120823865e-05], "q_25": 2.5861298860009035e-05, "q_75": 2.597662300538661e-05, "min": 2.5802639438145196e-05, "max": 2.603931120823865e-05, "mean": 2.593384518181507e-05, "std": 8.082210186608549e-08, "repeat": 10, "number": 402}]}, "import.TimeImport.time_import": {"result": [1.2140995453979294e-07], "stats": [{"ci_99": [1.2069294213546056e-07, 1.2299884514660083e-07], "q_25": 1.2117867347924476e-07, "q_75": 1.217123313983537e-07, "min": 1.2069294213546056e-07, "max": 1.2299884514660083e-07, "mean": 1.2156703858028562e-07, "std": 6.194121204928351e-10, "repeat": 10, "number": 90603}]}, "inference.TimeBeliefPropagation.time_query_alarm": {"result": [75.20228698570281], "stats": [{"ci_99": [71.04002595599741, 79.36454801540822], "q_25": 75.16066437540576, "q_75": 75.24390959599987, "min": 75.1190417651087, "max": 75.28553220629692, "mean": 75.20228698570281, "std": 0.0832452205941081, "repeat": 2, "number": 1}]}, "inference.TimeVariableElimination.time_query_alarm": {"result": [0.05893489811569452], "stats": [{"ci_99": [0.057578236387908016, 0.060311117617547955], "q_25": 0.05849280348047614, "q_75": 0.05938677163794637, "min": 0.05845075845718384, "max": 0.05945815332233906, "mean": 0.058944677002727985, "std": 0.000467522472342185, "repeat": 4, "number": 1}]}, "inference.TimeVariableElimination.time_query_munin": {"result": [0.46073784679174423], "stats": [{"ci_99": [0.44795771447476285, 0.47240954226348264], "q_25": 0.45681990729644895, "q_75": 0.46410156786441803, "min": 0.45463763549923897, "max": 0.46462118439376354, "mean": 0.46018362836912274, "std": 0.004225607519004967, "repeat": 4, "number": 1}]}, "parameter_learning.TimeBayesianEstimator.time_alarm_bayesian_estimator": {"result": [2.1880244379863143], "stats": [{"ci_99": [2.0011621793774146, 2.331165193948411], "q_25": 2.138940241187811, "q_75": 2.2152478834614158, "min": 2.0667303018271923, "max": 2.2218755688518286, "mean": 2.1661636866629124, "std": 0.06164012256472487, "repeat": 4, "number": 1}]}, "parameter_learning.TimeBayesianEstimator.time_munin_bayesian_estimator": {"result": [35.1787744583562], "stats": [{"ci_99": [33.11647940706462, 37.24106950964779], "q_25": 35.158151507843286, "q_75": 35.19939740886912, "min": 35.13752855733037, "max": 35.22002035938203, "mean": 35.1787744583562, "std": 0.0412459010258317, "repeat": 2, "number": 1}]}, "parameter_learning.TimeExpectationMaximization.time_alarm_em": {"result": [16.58030346594751], "stats": [{"ci_99": [14.01219385303557, 19.148413078859445], "q_25": 16.55462236981839, "q_75": 16.605984562076628, "min": 16.52894127368927, "max": 16.631665658205748, "mean": 16.58030346594751, "std": 0.05136219225823879, "repeat": 2, "number": 1}]}, "parameter_learning.TimeExpectationMaximization.time_munin_em": {"result": [132.7948116660118], "stats": [{"ci_99": [81.23065121099353, 184.35897212103004], "q_25": 132.27917006146163, "q_75": 133.310453270562, "min": 131.76352845691144, "max": 133.82609487511218, "mean": 132.7948116660118, "std": 1.0312832091003656, "repeat": 2, "number": 1}]}, "parameter_learning.TimeMLE.time_alarm_mle": {"result": [2.150768888182938], "stats": [{"ci_99": [1.9392305978686912, 2.3476282150371555], "q_25": 2.0816847113892436, "q_75": 2.2125135832466185, "min": 2.0592172853648663, "max": 2.2129625640809536, "mean": 2.143429406452924, "std": 0.0700395851509619, "repeat": 4, "number": 1}]}, "parameter_learning.TimeMLE.time_munin_mle": {"result": [35.865872223861516], "stats": [{"ci_99": [29.79139183741063, 41.940352610312395], "q_25": 35.80512741999701, "q_75": 35.926617027726024, "min": 35.7443826161325, "max": 35.98736183159053, "mean": 35.865872223861516, "std": 0.12148960772901773, "repeat": 2, "number": 1}]}, "readwrite.TimeRead.time_asia_read": {"result": [0.008714181371033192], "stats": [{"ci_99": [0.008603899427546115, 0.008826494529055505], "q_25": 0.008688478032127023, "q_75": 0.008740900317206979, "min": 0.008662925101816654, "max": 0.008769500069320202, "mean": 0.00871519697830081, "std": 3.9604084193463476e-05, "repeat": 4, "number": 2}]}, "readwrite.TimeRead.time_asia_write": {"result": [0.0005418897618527537], "stats": [{"ci_99": [0.00018627996036371517, 0.0008974995633417918], "q_25": 0.0005383336638378633, "q_75": 0.000545445859867644, "min": 0.0005347775658229728, "max": 0.0005490019578825344, "mean": 0.0005418897618527537, "std": 7.112196029780769e-06, "repeat": 2, "number": 77}]}, "readwrite.TimeRead.time_munin_read": {"result": [4.699241057038307], "stats": [{"ci_99": [4.607830908149481, 4.790651205927134], "q_25": 4.698326955549419, "q_75": 4.7001551585271955, "min": 4.697412854060531, "max": 4.701069260016084, "mean": 4.699241057038307, "std": 0.0018282029777765274, "repeat": 2, "number": 1}]}, "readwrite.TimeRead.time_munin_write": {"result": [0.034721098840236664], "stats": [{"ci_99": [0.023927628993988037, 0.045514568686485284], "q_25": 0.03461316414177418, "q_75": 0.03482903353869915, "min": 0.03450522944331169, "max": 0.034936968237161636, "mean": 0.034721098840236664, "std": 0.00021586939692497253, "repeat": 2, "number": 1}]}, "readwrite.TimeRead.time_pathfinder_read": {"result": [5.261581569910049], "stats": [{"ci_99": [3.937163196504116, 6.585999943315982], "q_25": 5.24833738617599, "q_75": 5.274825753644109, "min": 5.235093202441931, "max": 5.288069937378168, "mean": 5.261581569910049, "std": 0.026488367468118668, "repeat": 2, "number": 1}]}, "readwrite.TimeRead.time_pathfinder_write": {"result": [0.021172935143113136], "stats": [{"ci_99": [0.02048446093135021, 0.02182696718342162], "q_25": 0.02100931666791439, "q_75": 0.021319332532584667, "min": 0.02081461064517498, "max": 0.021462375298142433, "mean": 0.02115571405738592, "std": 0.00024003940715528466, "repeat": 4, "number": 1}]}, "sampling.TimeSampling.time_forward_sample": {"result": [0.23014842253178358], "stats": [{"ci_99": [0.22964644245803356, 0.23175954446196556], "q_25": 0.22973767155781388, "q_75": 0.23044073581695557, "min": 0.22964644245803356, "max": 0.23175954446196556, "mean": 0.23032523803412913, "std": 0.0007344300941800332, "repeat": 10, "number": 1}]}, "sampling.TimeSampling.time_gibbs_sampling": null, "sampling.TimeSampling.time_likelihood_sample": {"result": [0.22597419563680887], "stats": [{"ci_99": [0.2248257603496313, 0.2548234686255455], "q_25": 0.22514329198747873, "q_75": 0.2263323748484254, "min": 0.2248257603496313, "max": 0.2548234686255455, "mean": 0.22860529627650977, "std": 0.008758518329138829, "repeat": 10, "number": 1}]}, "sampling.TimeSampling.time_rejection_sample": {"result": [43.47437759954482], "stats": [{"ci_99": [40.5305097354576, 46.41824546363205], "q_25": 43.44493892090395, "q_75": 43.503816278185695, "min": 43.41550024226308, "max": 43.53325495682657,