{"results": {"factor.TimeDiscreteFactor.time_factor_marginalize": {"result": [6.164896946686965e-05], "stats": [{"ci_99": [6.102907234395044e-05, 6.194959378101417e-05], "q_25": 6.119530791273483e-05, "q_75": 6.176668257843814e-05, "min": 6.102907234395044e-05, "max": 6.194959378101417e-05, "mean": 6.152534714111915e-05, "std": 3.1747230738818313e-07, "repeat": 10, "number": 169}]}, "factor.TimeDiscreteFactor.time_factor_multiply_large": {"result": [5.159294901139428e-05], "stats": [{"ci_99": [5.113998312128788e-05, 5.215486627446407e-05], "q_25": 5.132869180095823e-05, "q_75": 5.191183564337817e-05, "min": 5.113998312128788e-05, "max": 5.215486627446407e-05, "mean": 5.1603590151624814e-05, "std": 3.433329719351837e-07, "repeat": 10, "number": 209}]}, "factor.TimeDiscreteFactor.time_factor_reduce": {"result": [2.9938034291139068e-05], "stats": [{"ci_99": [2.973972062551266e-05, 3.0199234656166422e-05], "q_25": 2.97976130086707e-05, "q_75": 2.9995050756181603e-05, "min": 2.973972062551266e-05, "max": 3.0199234656166422e-05, "mean": 2.9932201520748243e-05, "std": 1.5380313831770082e-07, "repeat": 10, "number": 353}]}, "import.TimeImport.time_import": {"result": [1.2122957929889182e-07], "stats": [{"ci_99": [1.2073330367272756e-07, 1.2229381891419564e-07], "q_25": 1.2108928710230458e-07, "q_75": 1.2142702510444907e-07, "min": 1.2073330367272756e-07, "max": 1.2229381891419564e-07, "mean": 1.2130551312391274e-07, "std": 3.939492736850747e-10, "repeat": 10, "number": 90731}]}, "readwrite.TimeRead.time_asia_read": {"result": [0.14382140431553125], "stats": [{"ci_99": [0.12386469822376966, 0.16377811040729282], "q_25": 0.14362183725461364, "q_75": 0.14402097137644887, "min": 0.14342227019369602, "max": 0.14422053843736649, "mean": 0.14382140431553125, "std": 0.0003991341218352318, "repeat": 2, "number": 1}]}, "readwrite.TimeRead.time_asia_write": {"result": [0.000589076605072056], "stats": [{"ci_99": [-0.0002681525100184513, 0.0014463057201625626], "q_25": 0.0005805043139211509, "q_75": 0.0005976488962229612, "min": 0.0005719320227702459, "max": 0.0006062211873738662, "mean": 0.000589076605072056, "std": 1.7144582301810147e-05, "repeat": 2, "number": 69}]}, "readwrite.TimeRead.time_munin_read": {"result": [5.368736480362713], "stats": [{"ci_99": [5.011750805191696, 5.725722155533731], "q_25": 5.365166623611003, "q_75": 5.3723063371144235, "min": 5.361596766859293, "max": 5.375876193866134, "mean": 5.368736480362713, "std": 0.007139713503420353, "repeat": 2, "number": 1}]}, "readwrite.TimeRead.time_munin_write": {"result": [0.039949968457221985], "stats": [{"ci_99": [0.03968305140733719, 0.04021688550710678], "q_25": 0.03994729928672314, "q_75": 0.03995263762772083, "min": 0.03994463011622429, "max": 0.03995530679821968, "mean": 0.039949968457221985, "std": 5.338340997695923e-06, "repeat": 2, "number": 1}]}, "readwrite.TimeRead.time_pathfinder_read": {"result": [5.985330333001912], "stats": [{"ci_99": [5.755217987112701, 6.215442678891122], "q_25": 5.9830292095430195, "q_75": 5.987631456460804, "min": 5.980728086084127, "max": 5.989932579919696, "mean": 5.985330333001912, "std": 0.004602246917784214, "repeat": 2, "number": 1}]}, "readwrite.TimeRead.time_pathfinder_write": {"result": [0.02432897873222828], "stats": [{"ci_99": [0.018784722313284874, 0.02987323515117168], "q_25": 0.024273536168038845, "q_75": 0.024384421296417713, "min": 0.02421809360384941, "max": 0.024439863860607147, "mean": 0.02432897873222828, "std": 0.0001108851283788681, "repeat": 2, "number": 1}]}, "sampling.TimeSampling.time_forward_sample": null, "sampling.TimeSampling.time_gibbs_sampling": null, "sampling.TimeSampling.time_likelihood_sample": {"result": [5.12335678935051], "stats": [{"ci_99": [4.836501240730286, 5.410212337970734], "q_25": 5.120488233864307, "q_75": 5.126225344836712, "min": 5.117619678378105, "max": 5.129093900322914, "mean": 5.12335678935051, "std": 0.00573711097240448, "repeat": 2, "number": 1}]}, "sampling.TimeSampling.time_rejection_sample": null, "structure_learning.TimeHillClimb.time_hillclimb": null, "structure_learning.TimePC.time_pc_orig": null, "structure_learning.TimePC.time_pc_stable": null, "factor.TimeDiscreteFactor.time_factor_compare": {"result": [7.145588814809516e-05], "stats": [{"ci_99": [7.086373060136228e-05, 7.237383239978069e-05], "q_25": 7.114807345174454e-05, "q_75": 7.17473921139498e-05, "min": 7.086373060136228e-05, "max": 7.237383239978069e-05, "mean": 7.147310754737339e-05, "std": 4.3999997576107825e-07, "repeat": 10, "number": 148}]}, "inference.TimeBeliefPropagation.time_query_alarm": null, "inference.TimeVariableElimination.time_query_alarm": {"result": [0.12923914846032858], "stats": [{"ci_99": [0.11599252106310734, 0.1471550305032551], "q_25": 0.1277993991971016, "q_75": 0.13301352504640818, "min": 0.12588239088654518, "max": 0.14193441532552242, "mean": 0.1315737757831812, "std": 0.0061627524924630405, "repeat": 4, "number": 1}]}, "inference.TimeVariableElimination.time_query_munin": null, "parameter_learning.TimeBayesianEstimator.time_alarm_bayesian_estimator": null, "parameter_learning.TimeBayesianEstimator.time_munin_bayesian_estimator": null, "parameter_learning.TimeExpectationMaximization.time_alarm_em": null, "parameter_learning.TimeExpectationMaximization.time_munin_em": null, "parameter_learning.TimeMLE.time_alarm_mle": null, "parameter_learning.TimeMLE.time_munin_mle": null, "structure_learning.TimeHillClimbAlarmModel.time_hillclimb": null, "structure_learning.TimeMmhcAlarmModel.time_mmhc": null, "structure_learning.TimePCAlarmModel.time_pc_orig": null, "structure_learning.TimePCAlarmModel.time_pc_stable": null, "structure_learning.TimeTreeSearchAlarmModel.time_tan": null}, "params": {"arch": "x86_64", "cpu": "Intel(R) Core(TM) i9-9820X CPU @ 3.30GHz", "machine": "graveyard", "num_cpu": "20", "os": "Linux 4.15.0-112-generic", "ram": "131688676", "python": "3.7"}, "requirements": {}, "commit_hash": "45a769eb8338eec6740781ab46e74376d680c515", "date": 1597142757000, "env_name": "conda-py3.7", "python": "3.7", "profiles": {}, "started_at": {"factor.TimeDiscreteFactor.time_factor_marginalize": 1654363239781, "factor.TimeDiscreteFactor.time_factor_multiply_large": 1654363239987, "factor.TimeDiscreteFactor.time_factor_reduce": 1654363240194, "import.TimeImport.time_import": 1654363240401, "readwrite.TimeRead.time_asia_read": 1654363259780, "readwrite.TimeRead.time_asia_write": 1654363284706, "readwrite.TimeRead.time_munin_read": 1654363309447, "readwrite.TimeRead.time_munin_write": 1654363346707, "readwrite.TimeRead.time_pathfinder_read": 1654363371432, "readwrite.TimeRead.time_pathfinder_write": 1654363408892, "sampling.TimeSampling.time_forward_sample": 1654362626670, "sampling.TimeSampling.time_gibbs_sampling": 1654362626927, "sampling.TimeSampling.time_likelihood_sample": 1654363433619, "sampling.TimeSampling.time_rejection_sample": 1654363237931, "structure_learning.TimeHillClimb.time_hillclimb": 1610418814418, "structure_learning.TimePC.time_pc_orig": 1610418820291, "structure_learning.TimePC.time_pc_stable": 1610418828119, "factor.TimeDiscreteFactor.time_factor_compare": 1654363239573, "inference.TimeBeliefPropagation.time_query_alarm": 1654361773108, "inference.TimeVariableElimination.time_query_alarm": 1654363240608, "inference.TimeVariableElimination.time_query_munin": 1654362392593, "parameter_learning.TimeBayesianEstimator.time_alarm_bayesian_estimator": 1654362452666, "parameter_learning.TimeBayesianEstimator.time_munin_bayesian_estimator": 1654362452723, "parameter_learning.TimeExpectationMaximization.time_alarm_em": 1654362452778, "parameter_learning.TimeExpectationMaximization.time_munin_em": 1654362452834, "parameter_learning.TimeMLE.time_alarm_mle": 1654362452890, "parameter_learning.TimeMLE.time_munin_mle": 1654362452946, "structure_learning.TimeHillClimbAlarmModel.time_hillclimb": 1654363238238, "structure_learning.TimeMmhcAlarmModel.time_mmhc": 1654363238546,