{"results": {"factor.TimeDiscreteFactor.time_factor_marginalize": {"result": [6.226185873589094e-05], "stats": [{"ci_99": [6.160439704270923e-05, 6.327758378842298e-05], "q_25": 6.170057664241861e-05, "q_75": 6.29335641860962e-05, "min": 6.160439704270923e-05, "max": 6.327758378842298e-05, "mean": 6.233996876022395e-05, "std": 6.644708595487119e-07, "repeat": 10, "number": 170}]}, "factor.TimeDiscreteFactor.time_factor_multiply_large": {"result": [5.230889986688492e-05], "stats": [{"ci_99": [5.182507778937218e-05, 5.287157980751652e-05], "q_25": 5.1961661100175714e-05, "q_75": 5.263505366705888e-05, "min": 5.182507778937218e-05, "max": 5.287157980751652e-05, "mean": 5.2303704322796866e-05, "std": 3.833594689573106e-07, "repeat": 10, "number": 211}]}, "factor.TimeDiscreteFactor.time_factor_reduce": {"result": [3.0733023213441144e-05], "stats": [{"ci_99": [3.060026292028374e-05, 3.093564050407383e-05], "q_25": 3.063521092996917e-05, "q_75": 3.083595712070858e-05, "min": 3.060026292028374e-05, "max": 3.093564050407383e-05, "mean": 3.0744167086382154e-05, "std": 1.1611236399178183e-07, "repeat": 10, "number": 358}]}, "import.TimeImport.time_import": {"result": [1.246169513682593e-07], "stats": [{"ci_99": [1.2218757936319904e-07, 1.2590354309736474e-07], "q_25": 1.225665426803354e-07, "q_75": 1.2537448722469835e-07, "min": 1.2218757936319904e-07, "max": 1.2590354309736474e-07, "mean": 1.2409462521092528e-07, "std": 1.4460162779108802e-09, "repeat": 10, "number": 89372}]}, "readwrite.TimeRead.time_asia_read": {"result": [0.17287167301401496], "stats": [{"ci_99": [0.09798614354804158, 0.24775720247998828], "q_25": 0.17212281771935523, "q_75": 0.1736205283086747, "min": 0.1713739624246955, "max": 0.17436938360333443, "mean": 0.17287167301401496, "std": 0.0014977105893194675, "repeat": 2, "number": 1}]}, "readwrite.TimeRead.time_asia_write": {"result": [0.000503602869096486], "stats": [{"ci_99": [-0.005115480182747193, 0.006122685920940161], "q_25": 0.0004474120385780492, "q_75": 0.0005597936996149228, "min": 0.0003912212080596124, "max": 0.0006159845301333596, "mean": 0.000503602869096486, "std": 0.00011238166103687359, "repeat": 2, "number": 68}]}, "readwrite.TimeRead.time_munin_read": {"result": [5.4329644702374935], "stats": [{"ci_99": [5.163384303450584, 5.702544637024403], "q_25": 5.430268668569624, "q_75": 5.435660271905363, "min": 5.427572866901755, "max": 5.438356073573232, "mean": 5.4329644702374935, "std": 0.005391603335738182, "repeat": 2, "number": 1}]}, "readwrite.TimeRead.time_munin_write": {"result": [0.04343421617522836], "stats": [{"ci_99": [0.03616088954731822, 0.05070754280313849], "q_25": 0.043361482908949256, "q_75": 0.04350694944150746, "min": 0.043288749642670155, "max": 0.04357968270778656, "mean": 0.04343421617522836, "std": 0.00014546653255820274, "repeat": 2, "number": 1}]}, "readwrite.TimeRead.time_pathfinder_read": {"result": [6.087881269399077], "stats": [{"ci_99": [5.92471576621756, 6.251046772580594], "q_25": 6.0862496143672615, "q_75": 6.089512924430892, "min": 6.084617959335446, "max": 6.091144579462707, "mean": 6.087881269399077, "std": 0.0032633100636303425, "repeat": 2, "number": 1}]}, "readwrite.TimeRead.time_pathfinder_write": {"result": [0.02857476845383644], "stats": [{"ci_99": [0.01286102831363678, 0.04428850859403609], "q_25": 0.028417631052434444, "q_75": 0.028731905855238438, "min": 0.028260493651032448, "max": 0.028889043256640434, "mean": 0.02857476845383644, "std": 0.0003142748028039932, "repeat": 2, "number": 1}]}, "sampling.TimeSampling.time_forward_sample": {"result": [5.5684758820571005], "stats": [{"ci_99": [5.277217063587159, 5.859734700527042], "q_25": 5.565563293872401, "q_75": 5.5713884702418, "min": 5.562650705687702, "max": 5.574301058426499, "mean": 5.5684758820571005, "std": 0.005825176369398832, "repeat": 2, "number": 1}]}, "sampling.TimeSampling.time_gibbs_sampling": null, "sampling.TimeSampling.time_likelihood_sample": {"result": [5.17922397563234], "stats": [{"ci_99": [4.654434112366289, 5.7040138388983905], "q_25": 5.173976076999679, "q_75": 5.184471874265, "min": 5.168728178367019, "max": 5.189719772897661, "mean": 5.17922397563234, "std": 0.010495797265321016, "repeat": 2, "number": 1}]}, "sampling.TimeSampling.time_rejection_sample": null, "structure_learning.TimeHillClimb.time_hillclimb": null, "structure_learning.TimePC.time_pc_orig": null, "structure_learning.TimePC.time_pc_stable": null}, "params": {"arch": "x86_64", "cpu": "Intel(R) Core(TM) i9-9820X CPU @ 3.30GHz", "machine": "graveyard", "num_cpu": "20", "os": "Linux 4.15.0-112-generic", "ram": "131688676", "python": "3.7"}, "requirements": {}, "commit_hash": "45a769eb8338eec6740781ab46e74376d680c515", "date": 1597142757000, "env_name": "conda-py3.7", "python": "3.7", "profiles": {}, "started_at": {"factor.TimeDiscreteFactor.time_factor_marginalize": 1610418837050, "factor.TimeDiscreteFactor.time_factor_multiply_large": 1610418837258, "factor.TimeDiscreteFactor.time_factor_reduce": 1610418837465, "import.TimeImport.time_import": 1610418837672, "readwrite.TimeRead.time_asia_read": 1610418837879, "readwrite.TimeRead.time_asia_write": 1610418863354, "readwrite.TimeRead.time_munin_read": 1610418888580, "readwrite.TimeRead.time_munin_write": 1610418926491, "readwrite.TimeRead.time_pathfinder_read": 1610418951817, "readwrite.TimeRead.time_pathfinder_write": 1610418990029, "sampling.TimeSampling.time_forward_sample": 1610419015255, "sampling.TimeSampling.time_gibbs_sampling": 1610417603191, "sampling.TimeSampling.time_likelihood_sample": 1610419026795, "sampling.TimeSampling.time_rejection_sample": 1610418214328, "structure_learning.TimeHillClimb.time_hillclimb": 1610418814418, "structure_learning.TimePC.time_pc_orig": 1610418820291, "structure_learning.TimePC.time_pc_stable": 1610418828119}, "ended_at": {"factor.TimeDiscreteFactor.time_factor_marginalize": 1610418837257, "factor.TimeDiscreteFactor.time_factor_multiply_large": 1610418837464, "factor.TimeDiscreteFactor.time_factor_reduce": 1610418837671, "import.TimeImport.time_import": 1610418837878, "readwrite.TimeRead.time_asia_read": 1610418863354, "readwrite.TimeRead.time_asia_write": 1610418888580, "readwrite.TimeRead.time_munin_read": 1610418926490, "readwrite.TimeRead.time_munin_write": 1610418951817, "readwrite.TimeRead.time_pathfinder_read": 1610418990028, "readwrite.TimeRead.time_pathfinder_write": 1610419015255, "sampling.TimeSampling.time_forward_sample": 1610419026795, "sampling.TimeSampling.time_gibbs_sampling": 1610418203443, "sampling.TimeSampling.time_likelihood_sample": 1610419037580, "sampling.TimeSampling.time_rejection_sample": 1610418814418, "structure_learning.TimeHillClimb.time_hillclimb": 1610418820291, "structure_learning.TimePC.time_pc_orig": 1610418828119, "structure_learning.TimePC.time_pc_stable": 1610418837050}, "benchmark_version": {"factor.TimeDiscreteFactor.time_factor_marginalize": "a3ae79cdcf3bcd4bc49df94b3b3d5f93c4126249a9b3cf2481ac381ee836f851", "factor.TimeDiscreteFactor.time_factor_multiply_large": "cfb6b66fddb2953948ffb6566ae101535dd1e8d0fd9af855331f39ef905f4450", "factor.TimeDiscreteFactor.time_factor_reduce": "cb3858b638914f7572792153a60efb4aecbde56d5abf039791451adb0f26c263", "import.TimeImport.time_import": "b8454f897532cbfc3dc91dd442b9d4429c7671f8720779f25b6975fed7999d6c", "readwrite.TimeRead.time_asia_read": "00ee50175421b36358b2284cbbaaf9e6caad1078a142202d8afbc8a5431e3d42", "readwrite.TimeRead.time_asia_write": "6b23702a30f46b24f31ce56f640429a894ab62a5f2644da15763d9698ca06dd4", "readwrite.TimeRead.time_munin_read": "bf56520cd7d0afbd0aeb4f693d91093132666189d9704b5fa557da1164506529", "readwrite.TimeRead.time_munin_write": "bfbe73d230ae1b37c4fbfbc360be8367ce771b72ffaf78ad32604f393fac0f4d", "readwrite.TimeRead.time_pathfinder_read": "a603f5c5619a5360146c5c5aa9307b9d792df6d3932faa44d90d3b270b6f66eb", "readwrite.TimeRead.time_pathfinder_write": "6c7561cbd54f97bdd12c71950c46921d86f5e962246d9ca8c4182c8abb22cde5",