{"results": {"factor.TimeDiscreteFactor.time_factor_compare": {"result": [6.765513768735922e-05], "stats": [{"ci_99": [6.742661807147212e-05, 6.820820271968842e-05], "q_25": 6.751446404828216e-05, "q_75": 6.766734152751149e-05, "min": 6.742661807147212e-05, "max": 6.820820271968842e-05, "mean": 6.765947331609965e-05, "std": 2.1133705590071252e-07, "repeat": 10, "number": 159}]}, "factor.TimeDiscreteFactor.time_factor_marginalize": {"result": [6.328198063817824e-05], "stats": [{"ci_99": [6.2731864011806e-05, 6.360573381740854e-05], "q_25": 6.293687067046668e-05, "q_75": 6.343430683294438e-05, "min": 6.2731864011806e-05, "max": 6.360573381740854e-05, "mean": 6.319528086955504e-05, "std": 2.9640988722963186e-07, "repeat": 10, "number": 161}]}, "factor.TimeDiscreteFactor.time_factor_multiply_large": {"result": [4.679051952229606e-05], "stats": [{"ci_99": [4.61933927403556e-05, 4.8838373687532214e-05], "q_25": 4.641581326723099e-05, "q_75": 4.785653824607531e-05, "min": 4.61933927403556e-05, "max": 4.8838373687532214e-05, "mean": 4.715221044090059e-05, "std": 9.247236466720791e-07, "repeat": 10, "number": 225}]}, "factor.TimeDiscreteFactor.time_factor_reduce": {"result": [2.56537802188712e-05], "stats": [{"ci_99": [2.5476479683728778e-05, 2.5762738112141105e-05], "q_25": 2.5540206800488866e-05, "q_75": 2.5663503180897117e-05, "min": 2.5476479683728778e-05, "max": 2.5762738112141105e-05, "mean": 2.5624039071593797e-05, "std": 9.308670515887132e-08, "repeat": 10, "number": 408}]}, "import.TimeImport.time_import": {"result": [1.1426036503297886e-07], "stats": [{"ci_99": [1.1369335780478225e-07, 1.1444022813626287e-07], "q_25": 1.1403146828574703e-07, "q_75": 1.143677664949236e-07, "min": 1.1369335780478225e-07, "max": 1.1444022813626287e-07, "mean": 1.1416018927403497e-07, "std": 2.4772808585697517e-10, "repeat": 10, "number": 95585}]}, "inference.TimeBeliefPropagation.time_query_alarm": {"result": [35.701571049168706], "stats": [{"ci_99": [24.982314387336373, 46.42082771100103], "q_25": 35.59437848255038, "q_75": 35.80876361578703, "min": 35.48718591593206, "max": 35.91595618240535, "mean": 35.701571049168706, "std": 0.21438513323664665, "repeat": 2, "number": 1}]}, "inference.TimeVariableElimination.time_query_alarm": {"result": [0.5624756468459964], "stats": [{"ci_99": [0.5354339778393349, 0.5942362723902028], "q_25": 0.559617152903229, "q_75": 0.5676936190575361, "min": 0.5516288988292217, "max": 0.5827603079378605, "mean": 0.5648351251147687, "std": 0.011257525235003198, "repeat": 4, "number": 1}]}, "inference.TimeVariableElimination.time_query_munin": null, "parameter_learning.TimeBayesianEstimator.time_alarm_bayesian_estimator": null, "parameter_learning.TimeBayesianEstimator.time_munin_bayesian_estimator": null, "parameter_learning.TimeExpectationMaximization.time_alarm_em": null, "parameter_learning.TimeExpectationMaximization.time_munin_em": null, "parameter_learning.TimeMLE.time_alarm_mle": null, "parameter_learning.TimeMLE.time_munin_mle": null, "readwrite.TimeRead.time_asia_read": {"result": [0.14277465362101793], "stats": [{"ci_99": [-0.011052594520151615, 0.29660190176218737], "q_25": 0.14123638113960624, "q_75": 0.14431292610242963, "min": 0.13969810865819454, "max": 0.14585119858384132, "mean": 0.14277465362101793, "std": 0.003076544962823391, "repeat": 2, "number": 1}]}, "readwrite.TimeRead.time_asia_write": {"result": [0.0003622968669061537], "stats": [{"ci_99": [-0.008703280530579678, 0.00942787426439198], "q_25": 0.00027164109293129535, "q_75": 0.00045295264088101206, "min": 0.00018098531895643704, "max": 0.0005436084148558704, "mean": 0.0003622968669061537, "std": 0.00018131154794971666, "repeat": 2, "number": 77}]}, "readwrite.TimeRead.time_munin_read": {"result": [4.903616163879633], "stats": [{"ci_99": [4.562755174934864, 5.244477152824402], "q_25": 4.900207553990185, "q_75": 4.907024773769081, "min": 4.896798944100738, "max": 4.910433383658528, "mean": 4.903616163879633, "std": 0.006817219778895378, "repeat": 2, "number": 1}]}, "readwrite.TimeRead.time_munin_write": {"result": [0.04412273410707712], "stats": [{"ci_99": [-0.3388438606634736, 0.4270893288776275], "q_25": 0.040293068159371614, "q_75": 0.04795240005478263, "min": 0.03646340221166611, "max": 0.051782066002488136, "mean": 0.04412273410707712, "std": 0.0076593318954110146, "repeat": 2, "number": 1}]}, "readwrite.TimeRead.time_pathfinder_read": {"result": [5.427981233224273], "stats": [{"ci_99": [5.196587899699807, 5.659374566748738], "q_25": 5.425667299889028, "q_75": 5.430295166559517, "min": 5.423353366553783, "max": 5.432609099894762, "mean": 5.427981233224273, "std": 0.004627866670489311, "repeat": 2, "number": 1}]}, "readwrite.TimeRead.time_pathfinder_write": {"result": [0.022349332459270954], "stats": [{"ci_99": [0.021542574279010296, 0.023156090639531612], "q_25": 0.022341264877468348, "q_75": 0.02235740004107356, "min": 0.02233319729566574, "max": 0.022365467622876167, "mean": 0.022349332459270954, "std": 1.6135163605213165e-05, "repeat": 2, "number": 1}]}, "sampling.TimeSampling.time_forward_sample": null, "sampling.TimeSampling.time_gibbs_sampling": null, "sampling.TimeSampling.time_likelihood_sample": {"result": [4.379337491467595], "stats": [{"ci_99": [4.339796126752511, 4.416217954896971], "q_25": 4.3695141253992915, "q_75": 4.387830406893045, "min": 4.358551152050495, "max": 4.394802028313279, "mean": 4.378007040824741, "std": 0.01360383732213768, "repeat": 4, "number": 1}]}, "sampling.TimeSampling.time_rejection_sample": null, "structure_learning.TimeHillClimbAlarmModel.time_hillclimb": null, "structure_learning.TimeMmhcAlarmModel.time_mmhc": null, "structure_learning.TimePCAlarmModel.time_pc_orig": null, "structure_learning.TimePCAlarmModel.time_pc_stable": null, "structure_learning.TimeTreeSearchAlarmModel.time_tan": null}, "params": {"arch": "x86_64", "cpu": "Intel(R) Core(TM) i9-9820X CPU @ 3.30GHz", "machine": "graveyard", "num_cpu": "20", "os": "Linux 4.15.0-112-generic", "ram": "131688676", "python": "3.9"}, "requirements": {}, "commit_hash": "46169c1251234b0631c41cd9d86a2c49f0dfa359", "date": 1597225962000, "env_name": "conda-py3.9", "python": "3.9", "profiles": {}, "started_at": {"factor.TimeDiscreteFactor.time_factor_compare": 1654359840790, "factor.TimeDiscreteFactor.time_factor_marginalize": 1654359840998, "factor.TimeDiscreteFactor.time_factor_multiply_large": 1654359841205, "factor.TimeDiscreteFactor.time_factor_reduce": 1654359841412, "import.TimeImport.time_import": 1654359841619, "inference.TimeBeliefPropagation.time_query_alarm": 1654359841825, "inference.TimeVariableElimination.time_query_alarm": 1654359913697, "inference.TimeVariableElimination.time_query_munin": 1654359002062, "parameter_learning.TimeBayesianEstimator.time_alarm_bayesian_estimator": 1654359062137, "parameter_learning.TimeBayesianEstimator.time_munin_bayesian_estimator": 1654359062194, "parameter_learning.TimeExpectationMaximization.time_alarm_em": 1654359062250, "parameter_learning.TimeExpectationMaximization.time_munin_em": 1654359062307, "parameter_learning.TimeMLE.time_alarm_mle": 1654359062363, "parameter_learning.TimeMLE.time_munin_mle": 1654359062420, "readwrite.TimeRead.time_asia_read": 1654359933163, "readwrite.TimeRead.time_asia_write": 1654359956434, "readwrite.TimeRead.time_munin_read": 1654359979506, "readwrite.TimeRead.time_munin_write": 1654360014560, "readwrite.TimeRead.time_pathfinder_read": 1654360037681, "readwrite.TimeRead.time_pathfinder_write": 1654360072534, "sampling.TimeSampling.time_forward_sample": 1654359224813, "sampling.TimeSampling.time_gibbs_sampling": 1654359225071, "sampling.TimeSampling.time_likelihood_sample": 1654360095606, "sampling.TimeSampling.time_rejection_sample": 1654359839245, "structure_learning.TimeHillClimbAlarmModel.time_hillclimb": 1654359839502, "structure_learning.TimeMmhcAlarmModel.time_mmhc": 1654359839760, "structure_learning.TimePCAlarmModel.time_pc_orig": 1654359840018,