{"results": {"factor.TimeDiscreteFactor.time_factor_marginalize": {"result": [6.289234072525309e-05], "stats": [{"ci_99": [6.259569423909513e-05, 6.338591855135023e-05], "q_25": 6.271675171226448e-05, "q_75": 6.309445797008757e-05, "min": 6.259569423909513e-05, "max": 6.338591855135023e-05, "mean": 6.292584172872283e-05, "std": 2.508255874344452e-07, "repeat": 10, "number": 161}]}, "factor.TimeDiscreteFactor.time_factor_multiply_large": {"result": [5.16280505648801e-05], "stats": [{"ci_99": [5.134832586201144e-05, 5.2115447084668656e-05], "q_25": 5.1517083261494346e-05, "q_75": 5.182713060311868e-05, "min": 5.134832586201144e-05, "max": 5.2115447084668656e-05, "mean": 5.167790999015173e-05, "std": 2.191757088823297e-07, "repeat": 10, "number": 213}]}, "factor.TimeDiscreteFactor.time_factor_reduce": {"result": [3.0416428623065143e-05], "stats": [{"ci_99": [3.0310074208487926e-05, 3.053037003732064e-05], "q_25": 3.0358285236526543e-05, "q_75": 3.0435087867605853e-05, "min": 3.0310074208487926e-05, "max": 3.053037003732064e-05, "mean": 3.0405365035567486e-05, "std": 5.967995553971972e-08, "repeat": 10, "number": 355}]}, "import.TimeImport.time_import": {"result": [1.2383235131503037e-07], "stats": [{"ci_99": [1.2332046943049367e-07, 1.2411956861707324e-07], "q_25": 1.2372502923056007e-07, "q_75": 1.2391639609399362e-07, "min": 1.2332046943049367e-07, "max": 1.2411956861707324e-07, "mean": 1.2382305191054428e-07, "std": 2.1585013612386914e-10, "repeat": 10, "number": 80860}]}, "inference.TimeVariableElimination.time_query_alarm": {"result": [0.0589160630479455], "stats": [{"ci_99": [0.05736701840341062, 0.060552590547204306], "q_25": 0.05844955984503031, "q_75": 0.059426307678222656, "min": 0.058369291946291924, "max": 0.059637799859046936, "mean": 0.058959804475307465, "std": 0.0005474862273491093, "repeat": 4, "number": 1}]}, "inference.TimeVariableElimination.time_query_munin": {"result": [0.4988824836909771], "stats": [{"ci_99": [0.47692409417397513, 0.534091579925351], "q_25": 0.4985896525904536, "q_75": 0.5058006681501865, "min": 0.4977923519909382, "max": 0.5264740288257599, "mean": 0.5055078370496631, "std": 0.01211303003467656, "repeat": 4, "number": 1}]}, "readwrite.TimeRead.time_asia_read": {"result": [0.008756399620324373], "stats": [{"ci_99": [0.008329551201313734, 0.009183248039335012], "q_25": 0.008752131136134267, "q_75": 0.00876066810451448, "min": 0.00874786265194416, "max": 0.008764936588704586, "mean": 0.008756399620324373, "std": 8.536968380212784e-06, "repeat": 2, "number": 2}]}, "readwrite.TimeRead.time_asia_write": {"result": [0.0006040530827115564], "stats": [{"ci_99": [1.0577359181993722e-05, 0.0011975288062411188], "q_25": 0.0005981183254762608, "q_75": 0.0006099878399468521, "min": 0.0005921835682409652, "max": 0.0006159225971821477, "mean": 0.0006040530827115564, "std": 1.1869514470591255e-05, "repeat": 2, "number": 68}]}, "readwrite.TimeRead.time_munin_read": {"result": [5.578946420922875], "stats": [{"ci_99": [-9.15315113402903, 20.311043975874767], "q_25": 5.431625445373356, "q_75": 5.7262673964723945, "min": 5.284304469823837, "max": 5.8735883720219135, "mean": 5.578946420922875, "std": 0.2946419510990381, "repeat": 2, "number": 1}]}, "readwrite.TimeRead.time_munin_write": {"result": [0.04163009952753782], "stats": [{"ci_99": [0.03078033123165369, 0.05247986782342195], "q_25": 0.04152160184457898, "q_75": 0.041738597210496664, "min": 0.04141310416162014, "max": 0.041847094893455505, "mean": 0.04163009952753782, "std": 0.00021699536591768265, "repeat": 2, "number": 1}]}, "readwrite.TimeRead.time_pathfinder_read": {"result": [6.106864967383444], "stats": [{"ci_99": [-4.450766761787236, 16.664496696554117], "q_25": 6.0012886500917375, "q_75": 6.212441284675151, "min": 5.895712332800031, "max": 6.318017601966858, "mean": 6.106864967383444, "std": 0.2111526345834136, "repeat": 2, "number": 1}]}, "readwrite.TimeRead.time_pathfinder_write": {"result": [0.02603911329060793], "stats": [{"ci_99": [0.017043794505298138, 0.035034432075917714], "q_25": 0.02594916010275483, "q_75": 0.026129066478461027, "min": 0.025859206914901733, "max": 0.026219019666314125, "mean": 0.02603911329060793, "std": 0.00017990637570619583, "repeat": 2, "number": 1}]}, "sampling.TimeSampling.time_forward_sample": {"result": [0.20461335498839617], "stats": [{"ci_99": [0.20362919196486473, 0.2054370418190956], "q_25": 0.2038749810308218, "q_75": 0.20481608854606748, "min": 0.20362919196486473, "max": 0.2054370418190956, "mean": 0.20448038782924413, "std": 0.000610799846780823, "repeat": 10, "number": 1}]}, "sampling.TimeSampling.time_gibbs_sampling": null, "sampling.TimeSampling.time_likelihood_sample": {"result": [0.2103715231642127], "stats": [{"ci_99": [0.2087262123823166, 0.21222910098731518], "q_25": 0.2090882370248437, "q_75": 0.21189604373648763, "min": 0.2087262123823166, "max": 0.21222910098731518, "mean": 0.21048236098140477, "std": 0.0014761586276725621, "repeat": 10, "number": 1}]}, "sampling.TimeSampling.time_rejection_sample": {"result": [38.33377751521766], "stats": [{"ci_99": [28.811117252334952, 47.856437778100364], "q_25": 38.238550912588835, "q_75": 38.42900411784649, "min": 38.14332430996001, "max": 38.524230720475316, "mean": 38.33377751521766, "std": 0.1904532052576542, "repeat": 2, "number": 1}]}, "structure_learning.TimeHillClimb.time_hillclimb": null, "structure_learning.TimePC.time_pc_orig": {"result": [32.7507296372205], "stats": [{"ci_99": [31.10153049044311, 34.39992878399789], "q_25": 32.73423764575273, "q_75": 32.767221628688276, "min": 32.717745654284954, "max": 32.78371362015605, "mean": 32.7507296372205, "std": 0.03298398293554783, "repeat": 2, "number": 1}]}, "structure_learning.TimePC.time_pc_stable": {"result": [32.67919391300529], "stats": [{"ci_99": [25.467595950700343, 39.890791875310235], "q_25": 32.60707793338224, "q_75": 32.75130989262834, "min": 32.53496195375919, "max": 32.82342587225139, "mean": 32.67919391300529, "std": 0.144231959246099, "repeat": 2, "number": 1}]}}, "params": {"arch": "x86_64", "cpu": "Intel(R) Core(TM) i9-9820X CPU @ 3.30GHz", "machine": "graveyard", "num_cpu": "20", "os": "Linux 4.15.0-112-generic", "ram": "131688676", "python": "3.7"}, "requirements": {}, "commit_hash": "467ada830ca3b9fff0acf8ce49e86e4de00e050e", "date": 1626761204000, "env_name": "conda-py3.7", "python": "3.7", "profiles": {}, "started_at": {"factor.TimeDiscreteFactor.time_factor_marginalize": 1627062577048, "factor.TimeDiscreteFactor.time_factor_multiply_large": 1627062577256, "factor.TimeDiscreteFactor.time_factor_reduce": 1627062577463, "import.TimeImport.time_import": 1627062577670, "inference.TimeVariableElimination.time_query_alarm": 1627062577877, "inference.TimeVariableElimination.time_query_munin": 1627062596182, "readwrite.TimeRead.time_asia_read": 1627062615894, "readwrite.TimeRead.time_asia_write": 1627062639966, "readwrite.TimeRead.time_munin_read": 1627062664139, "readwrite.TimeRead.time_munin_write": 1627062704405, "readwrite.TimeRead.time_pathfinder_read": 1627062728027, "readwrite.TimeRead.time_pathfinder_write": 1627062767489, "sampling.TimeSampling.time_forward_sample": 1627062792364, "sampling.TimeSampling.time_gibbs_sampling": 1627061756465, "sampling.TimeSampling.time_likelihood_sample": 1627062794178, "sampling.TimeSampling.time_rejection_sample": 1627062796042, "structure_learning.TimeHillClimb.time_hillclimb": 1627062435095, "structure_learning.TimePC.time_pc_orig": 1627062873276, "structure_learning.TimePC.time_pc_stable": 1627062944227}, "ended_at": {"factor.TimeDiscreteFactor.time_factor_marginalize": 1627062577255, "factor.TimeDiscreteFactor.time_factor_multiply_large": 1627062577462, "factor.TimeDiscreteFactor.time_factor_reduce": 1627062577669, "import.TimeImport.time_import": 1627062577876, "inference.TimeVariableElimination.time_query_alarm": 1627062596182, "inference.TimeVariableElimination.time_query_munin": 1627062615893, "readwrite.TimeRead.time_asia_read": 1627062639966,