{"results": {"factor.TimeDiscreteFactor.time_factor_compare": {"result": [5.778075244865919e-05], "stats": [{"ci_99": [5.739821415198477e-05, 5.8276500356824776e-05], "q_25": 5.763894388158071e-05, "q_75": 5.7944123584188916e-05, "min": 5.739821415198477e-05, "max": 5.8276500356824776e-05, "mean": 5.777234211564064e-05, "std": 2.5732378804297274e-07, "repeat": 10, "number": 190}]}, "factor.TimeDiscreteFactor.time_factor_marginalize": {"result": [4.8276674416330124e-05], "stats": [{"ci_99": [4.8055996497472124e-05, 4.9023893144395615e-05], "q_25": 4.81225632958942e-05, "q_75": 4.878591332170699e-05, "min": 4.8055996497472124e-05, "max": 4.9023893144395615e-05, "mean": 4.843010256687801e-05, "std": 3.701105440602901e-07, "repeat": 10, "number": 225}]}, "factor.TimeDiscreteFactor.time_factor_multiply_large": {"result": [2.5697346697085826e-05], "stats": [{"ci_99": [2.5426079640762257e-05, 2.5831835428496155e-05], "q_25": 2.5629787097492582e-05, "q_75": 2.5716126894228817e-05, "min": 2.5426079640762257e-05, "max": 2.5831835428496155e-05, "mean": 2.567050646716229e-05, "std": 1.1681299783305969e-07, "repeat": 10, "number": 421}]}, "factor.TimeDiscreteFactor.time_factor_reduce": {"result": [1.6422013746585677e-05], "stats": [{"ci_99": [1.613650482125625e-05, 1.660704579271242e-05], "q_25": 1.634371712313084e-05, "q_75": 1.6463201766287137e-05, "min": 1.613650482125625e-05, "max": 1.660704579271242e-05, "mean": 1.6396656398198562e-05, "std": 1.203757826073919e-07, "repeat": 10, "number": 668}]}, "import.TimeImport.time_import": {"result": [1.2787255873199492e-07], "stats": [{"ci_99": [1.2646788304437438e-07, 1.8067079842695474e-07], "q_25": 1.2655607651100814e-07, "q_75": 1.2836236185083685e-07, "min": 1.2646788304437438e-07, "max": 1.8067079842695474e-07, "mean": 1.3281619524755373e-07, "std": 1.5975302857390095e-08, "repeat": 10, "number": 86027}]}, "inference.TimeBeliefPropagation.time_query_alarm": null, "inference.TimeVariableElimination.time_query_alarm": null, "inference.TimeVariableElimination.time_query_munin": null, "parameter_learning.TimeBayesianEstimator.time_alarm_bayesian_estimator": null, "parameter_learning.TimeBayesianEstimator.time_munin_bayesian_estimator": null, "parameter_learning.TimeExpectationMaximization.time_alarm_em": null, "parameter_learning.TimeExpectationMaximization.time_munin_em": null, "parameter_learning.TimeMLE.time_alarm_mle": null, "parameter_learning.TimeMLE.time_munin_mle": null, "readwrite.TimeRead.time_asia_read": null, "readwrite.TimeRead.time_asia_write": null, "readwrite.TimeRead.time_munin_read": null, "readwrite.TimeRead.time_munin_write": null, "readwrite.TimeRead.time_pathfinder_read": null, "readwrite.TimeRead.time_pathfinder_write": null, "sampling.TimeSampling.time_forward_sample": null, "sampling.TimeSampling.time_gibbs_sampling": null, "sampling.TimeSampling.time_likelihood_sample": null, "sampling.TimeSampling.time_rejection_sample": null, "structure_learning.TimeHillClimbAlarmModel.time_hillclimb": null, "structure_learning.TimeMmhcAlarmModel.time_mmhc": null, "structure_learning.TimePCAlarmModel.time_pc_orig": null, "structure_learning.TimePCAlarmModel.time_pc_stable": null, "structure_learning.TimeTreeSearchAlarmModel.time_tan": null}, "params": {"arch": "x86_64", "cpu": "Intel(R) Core(TM) i9-9820X CPU @ 3.30GHz", "machine": "graveyard", "num_cpu": "20", "os": "Linux 4.15.0-112-generic", "ram": "131688676", "python": "3.8"}, "requirements": {}, "commit_hash": "46d72da0a2b47d0252f7f5424da5ce09c4963467", "date": 1475668487000, "env_name": "conda-py3.8", "python": "3.8", "profiles": {}, "started_at": {"factor.TimeDiscreteFactor.time_factor_compare": 1654477992086, "factor.TimeDiscreteFactor.time_factor_marginalize": 1654477992292, "factor.TimeDiscreteFactor.time_factor_multiply_large": 1654477992497, "factor.TimeDiscreteFactor.time_factor_reduce": 1654477992701, "import.TimeImport.time_import": 1654477992907, "inference.TimeBeliefPropagation.time_query_alarm": 1654477990780, "inference.TimeVariableElimination.time_query_alarm": 1654477990833, "inference.TimeVariableElimination.time_query_munin": 1654477990887, "parameter_learning.TimeBayesianEstimator.time_alarm_bayesian_estimator": 1654477990942, "parameter_learning.TimeBayesianEstimator.time_munin_bayesian_estimator": 1654477990996, "parameter_learning.TimeExpectationMaximization.time_alarm_em": 1654477991051, "parameter_learning.TimeExpectationMaximization.time_munin_em": 1654477991105, "parameter_learning.TimeMLE.time_alarm_mle": 1654477991160, "parameter_learning.TimeMLE.time_munin_mle": 1654477991214, "readwrite.TimeRead.time_asia_read": 1654477991269, "readwrite.TimeRead.time_asia_write": 1654477991323, "readwrite.TimeRead.time_munin_read": 1654477991378, "readwrite.TimeRead.time_munin_write": 1654477991432, "readwrite.TimeRead.time_pathfinder_read": 1654477991487, "readwrite.TimeRead.time_pathfinder_write": 1654477991541, "sampling.TimeSampling.time_forward_sample": 1654477991596, "sampling.TimeSampling.time_gibbs_sampling": 1654477991650, "sampling.TimeSampling.time_likelihood_sample": 1654477991705, "sampling.TimeSampling.time_rejection_sample": 1654477991759, "structure_learning.TimeHillClimbAlarmModel.time_hillclimb": 1654477991814, "structure_learning.TimeMmhcAlarmModel.time_mmhc": 1654477991868, "structure_learning.TimePCAlarmModel.time_pc_orig": 1654477991923, "structure_learning.TimePCAlarmModel.time_pc_stable": 1654477991977, "structure_learning.TimeTreeSearchAlarmModel.time_tan": 1654477992032}, "ended_at": {"factor.TimeDiscreteFactor.time_factor_compare": 1654477992291, "factor.TimeDiscreteFactor.time_factor_marginalize": 1654477992496, "factor.TimeDiscreteFactor.time_factor_multiply_large": 1654477992701, "factor.TimeDiscreteFactor.time_factor_reduce": 1654477992906, "import.TimeImport.time_import": 1654477993111, "inference.TimeBeliefPropagation.time_query_alarm": 1654477990833, "inference.TimeVariableElimination.time_query_alarm": 1654477990887, "inference.TimeVariableElimination.time_query_munin": 1654477990942, "parameter_learning.TimeBayesianEstimator.time_alarm_bayesian_estimator": 1654477990996, "parameter_learning.TimeBayesianEstimator.time_munin_bayesian_estimator": 1654477991051, "parameter_learning.TimeExpectationMaximization.time_alarm_em": 1654477991105, "parameter_learning.TimeExpectationMaximization.time_munin_em": 1654477991160, "parameter_learning.TimeMLE.time_alarm_mle": 1654477991214, "parameter_learning.TimeMLE.time_munin_mle": 1654477991268, "readwrite.TimeRead.time_asia_read": 1654477991323, "readwrite.TimeRead.time_asia_write": 1654477991378, "readwrite.TimeRead.time_munin_read": 1654477991432, "readwrite.TimeRead.time_munin_write": 1654477991486, "readwrite.TimeRead.time_pathfinder_read": 1654477991541, "readwrite.TimeRead.time_pathfinder_write": 1654477991595, "sampling.TimeSampling.time_forward_sample": 1654477991650, "sampling.TimeSampling.time_gibbs_sampling": 1654477991704, "sampling.TimeSampling.time_likelihood_sample": 1654477991759, "sampling.TimeSampling.time_rejection_sample": 1654477991814, "structure_learning.TimeHillClimbAlarmModel.time_hillclimb": 1654477991868, "structure_learning.TimeMmhcAlarmModel.time_mmhc": 1654477991923, "structure_learning.TimePCAlarmModel.time_pc_orig": 1654477991977, "structure_learning.TimePCAlarmModel.time_pc_stable": 1654477992032, "structure_learning.TimeTreeSearchAlarmModel.time_tan": 1654477992086}, "benchmark_version": {"factor.TimeDiscreteFactor.time_factor_compare": "95feb42df85ffe5cf519cf4af677309a5cdb891db99ad54b655196c3e1f2e13a", "factor.TimeDiscreteFactor.time_factor_marginalize": "a3ae79cdcf3bcd4bc49df94b3b3d5f93c4126249a9b3cf2481ac381ee836f851", "factor.TimeDiscreteFactor.time_factor_multiply_large": "cfb6b66fddb2953948ffb6566ae101535dd1e8d0fd9af855331f39ef905f4450", "factor.TimeDiscreteFactor.time_factor_reduce": "cb3858b638914f7572792153a60efb4aecbde56d5abf039791451adb0f26c263",