{"results": {"factor.TimeDiscreteFactor.time_factor_marginalize": {"result": [6.774928467937662e-05], "stats": [{"ci_99": [6.708988471876217e-05, 6.820551485200471e-05], "q_25": 6.739361966146698e-05, "q_75": 6.810428362481202e-05, "min": 6.708988471876217e-05, "max": 6.820551485200471e-05, "mean": 6.772439360995837e-05, "std": 3.844584863431329e-07, "repeat": 10, "number": 158}]}, "factor.TimeDiscreteFactor.time_factor_multiply_large": {"result": [5.872594452770063e-05], "stats": [{"ci_99": [5.778784775201169e-05, 5.9294509155124256e-05], "q_25": 5.8485439577915144e-05, "q_75": 5.8873514930962186e-05, "min": 5.778784775201169e-05, "max": 5.9294509155124256e-05, "mean": 5.863887054960155e-05, "std": 4.480057867267099e-07, "repeat": 10, "number": 179}]}, "factor.TimeDiscreteFactor.time_factor_reduce": {"result": [3.463018256184468e-05], "stats": [{"ci_99": [3.4431732517907926e-05, 3.48917536460722e-05], "q_25": 3.446516438715183e-05, "q_75": 3.471873364066038e-05, "min": 3.4431732517907926e-05, "max": 3.48917536460722e-05, "mean": 3.4619759872694994e-05, "std": 1.5001802171874958e-07, "repeat": 10, "number": 321}]}, "import.TimeImport.time_import": {"result": [1.3676072936563338e-07], "stats": [{"ci_99": [1.3573917581368997e-07, 1.3771283862200933e-07], "q_25": 1.3649082875111574e-07, "q_75": 1.3731700613727472e-07, "min": 1.3573917581368997e-07, "max": 1.3771283862200933e-07, "mean": 1.3680433012972957e-07, "std": 5.849548617043687e-10, "repeat": 10, "number": 79930}]}, "inference.TimeVariableElimination.time_query_alarm": {"result": [0.1080333013087511], "stats": [{"ci_99": [0.0851948557314596, 0.14468495939996626], "q_25": 0.10750794038176537, "q_75": 0.11546526849269867, "min": 0.10695355013012886, "max": 0.13673947751522064, "mean": 0.11493990756571293, "std": 0.01259600673791446, "repeat": 4, "number": 1}]}, "inference.TimeVariableElimination.time_query_munin": {"result": [0.5328172892332077], "stats": [{"ci_99": [0.5013460756494379, 0.5670439733908798], "q_25": 0.5283077917993069, "q_75": 0.5387045219540596, "min": 0.5182712785899639, "max": 0.5528742410242558, "mean": 0.5341950245201588, "std": 0.012338809527762248, "repeat": 4, "number": 1}]}, "readwrite.TimeRead.time_asia_read": {"result": [0.00936088152229786], "stats": [{"ci_99": [0.004657981917262077, 0.014063781127333638], "q_25": 0.009313852526247501, "q_75": 0.009407910518348217, "min": 0.009266823530197144, "max": 0.009454939514398575, "mean": 0.00936088152229786, "std": 9.405799210071564e-05, "repeat": 2, "number": 2}]}, "readwrite.TimeRead.time_asia_write": {"result": [0.0005498723156990544], "stats": [{"ci_99": [-0.004251912716896304, 0.005351657348294408], "q_25": 0.0005018544653731008, "q_75": 0.000597890166025008, "min": 0.0004538366150471472, "max": 0.0006459080163509615, "mean": 0.0005498723156990544, "std": 9.603570065190716e-05, "repeat": 2, "number": 62}]}, "readwrite.TimeRead.time_munin_read": {"result": [6.079941917210817], "stats": [{"ci_99": [-9.992211569100618, 22.15209540352224], "q_25": 5.919220382347703, "q_75": 6.240663452073932, "min": 5.758498847484589, "max": 6.401384986937046, "mean": 6.079941917210817, "std": 0.3214430697262287, "repeat": 2, "number": 1}]}, "readwrite.TimeRead.time_munin_write": {"result": [0.04298112541437149], "stats": [{"ci_99": [0.02005140483379364, 0.06591084599494931], "q_25": 0.04275182820856571, "q_75": 0.04321042262017727, "min": 0.042522531002759933, "max": 0.04343971982598305, "mean": 0.04298112541437149, "std": 0.000458594411611557, "repeat": 2, "number": 1}]}, "readwrite.TimeRead.time_pathfinder_read": {"result": [6.7566155679523945], "stats": [{"ci_99": [-9.268481355160475, 22.78171249106525], "q_25": 6.596364598721266, "q_75": 6.916866537183523, "min": 6.436113629490137, "max": 7.077117506414652, "mean": 6.7566155679523945, "std": 0.3205019384622574, "repeat": 2, "number": 1}]}, "readwrite.TimeRead.time_pathfinder_write": {"result": [0.02564268931746483], "stats": [{"ci_99": [0.015762846916913986, 0.035522531718015664], "q_25": 0.02554389089345932, "q_75": 0.025741487741470337, "min": 0.02544509246945381, "max": 0.025840286165475845, "mean": 0.02564268931746483, "std": 0.00019759684801101685, "repeat": 2, "number": 1}]}, "sampling.TimeSampling.time_forward_sample": {"result": [0.206057732924819], "stats": [{"ci_99": [0.20202866941690445, 0.21602968871593475], "q_25": 0.2030984703451395, "q_75": 0.2085160817950964, "min": 0.20202866941690445, "max": 0.21602968871593475, "mean": 0.20717289224267005, "std": 0.004881294957954605, "repeat": 10, "number": 1}]}, "sampling.TimeSampling.time_gibbs_sampling": null, "sampling.TimeSampling.time_likelihood_sample": {"result": [0.2150959987193346], "stats": [{"ci_99": [0.21254266798496246, 0.22025420144200325], "q_25": 0.2127344198524952, "q_75": 0.2173574110493064, "min": 0.21254266798496246, "max": 0.22025420144200325, "mean": 0.21532282158732413, "std": 0.002732096647452999, "repeat": 10, "number": 1}]}, "sampling.TimeSampling.time_rejection_sample": {"result": [37.12765151821077], "stats": [{"ci_99": [5.492603370919824, 68.76269966550169], "q_25": 36.81130103673786, "q_75": 37.44400199968368, "min": 36.49495055526495, "max": 37.76035248115659, "mean": 37.12765151821077, "std": 0.6327009629458189, "repeat": 2, "number": 1}]}, "structure_learning.TimeHillClimb.time_hillclimb": null, "structure_learning.TimePC.time_pc_orig": {"result": [45.54977376200259], "stats": [{"ci_99": [29.66671405546367, 61.43283346854149], "q_25": 45.3909431649372, "q_75": 45.70860435906798, "min": 45.23211256787181, "max": 45.867434956133366, "mean": 45.54977376200259, "std": 0.3176611941307783, "repeat": 2, "number": 1}]}, "structure_learning.TimePC.time_pc_stable": {"result": [45.2878532987088], "stats": [{"ci_99": [20.192659744992852, 70.38304685242471], "q_25": 45.03690136317164, "q_75": 45.538805234245956, "min": 44.78594942763448, "max": 45.789757169783115, "mean": 45.2878532987088, "std": 0.5019038710743189, "repeat": 2, "number": 1}]}}, "params": {"arch": "x86_64", "cpu": "Intel(R) Core(TM) i9-9820X CPU @ 3.30GHz", "machine": "graveyard", "num_cpu": "20", "os": "Linux 4.15.0-112-generic", "ram": "131688676", "python": "3.6"}, "requirements": {}, "commit_hash": "4a0c160626d703ea7ae9cd4ed40119ecc7df25b6", "date": 1633016406000, "env_name": "conda-py3.6", "python": "3.6", "profiles": {}, "started_at": {"factor.TimeDiscreteFactor.time_factor_marginalize": 1633018283175, "factor.TimeDiscreteFactor.time_factor_multiply_large": 1633018283379, "factor.TimeDiscreteFactor.time_factor_reduce": 1633018283584, "import.TimeImport.time_import": 1633018283790, "inference.TimeVariableElimination.time_query_alarm": 1633018283994, "inference.TimeVariableElimination.time_query_munin": 1633018303687, "readwrite.TimeRead.time_asia_read": 1633018325288, "readwrite.TimeRead.time_asia_write": 1633018350816, "readwrite.TimeRead.time_munin_read": 1633018376241, "readwrite.TimeRead.time_munin_write": 1633018416856, "readwrite.TimeRead.time_pathfinder_read": 1633018442382, "readwrite.TimeRead.time_pathfinder_write": 1633018483448, "sampling.TimeSampling.time_forward_sample": 1633018508973, "sampling.TimeSampling.time_gibbs_sampling": 1633017426803, "sampling.TimeSampling.time_likelihood_sample": 1633018510786, "sampling.TimeSampling.time_rejection_sample": 1633018512651, "structure_learning.TimeHillClimb.time_hillclimb": 1633018104910, "structure_learning.TimePC.time_pc_orig": 1633018585921, "structure_learning.TimePC.time_pc_stable": 1633018673814}, "ended_at": {"factor.TimeDiscreteFactor.time_factor_marginalize": 1633018283379, "factor.TimeDiscreteFactor.time_factor_multiply_large": 1633018283583, "factor.TimeDiscreteFactor.time_factor_reduce": 1633018283789, "import.TimeImport.time_import": 1633018283994, "inference.TimeVariableElimination.time_query_alarm": 1633018303687, "inference.TimeVariableElimination.time_query_munin": 1633018325288, "readwrite.TimeRead.time_asia_read": 1633018350815,