{"results": {"factor.TimeDiscreteFactor.time_factor_compare": {"result": [6.853800341986971e-05], "stats": [{"ci_99": [6.810031931272288e-05, 6.89872009242141e-05], "q_25": 6.835880195534469e-05, "q_75": 6.868043951940217e-05, "min": 6.810031931272288e-05, "max": 6.89872009242141e-05, "mean": 6.853169542831063e-05, "std": 2.7272517556979753e-07, "repeat": 10, "number": 149}]}, "factor.TimeDiscreteFactor.time_factor_marginalize": {"result": [6.323781174918017e-05], "stats": [{"ci_99": [6.255193702166988e-05, 6.395034004180204e-05], "q_25": 6.302588597117435e-05, "q_75": 6.345359309177314e-05, "min": 6.255193702166988e-05, "max": 6.395034004180204e-05, "mean": 6.325369634266411e-05, "std": 3.820421566435854e-07, "repeat": 10, "number": 168}]}, "factor.TimeDiscreteFactor.time_factor_multiply_large": {"result": [4.729814394268879e-05], "stats": [{"ci_99": [4.6663869952046595e-05, 4.999141187168831e-05], "q_25": 4.691900252256282e-05, "q_75": 4.762985505336939e-05, "min": 4.6663869952046595e-05, "max": 4.999141187168831e-05, "mean": 4.7721578631290166e-05, "std": 1.178249837973549e-06, "repeat": 10, "number": 215}]}, "factor.TimeDiscreteFactor.time_factor_reduce": {"result": [2.5830483794070762e-05], "stats": [{"ci_99": [2.5546279981413815e-05, 2.621938507658852e-05], "q_25": 2.579657790071891e-05, "q_75": 2.5862819048401297e-05, "min": 2.5546279981413815e-05, "max": 2.621938507658852e-05, "mean": 2.5844387710094453e-05, "std": 1.606517449186288e-07, "repeat": 10, "number": 421}]}, "import.TimeImport.time_import": {"result": [1.1373503404572047e-07], "stats": [{"ci_99": [1.1101269558460128e-07, 1.1554016159829998e-07], "q_25": 1.1236203243430417e-07, "q_75": 1.1417260468276048e-07, "min": 1.1101269558460128e-07, "max": 1.1554016159829998e-07, "mean": 1.1336822739597945e-07, "std": 1.3867405726829286e-09, "repeat": 10, "number": 98269}]}, "inference.TimeBeliefPropagation.time_query_alarm": {"result": [98.25580493919551], "stats": [{"ci_99": [96.37169205956161, 100.13991781882942], "q_25": 98.23696381039917, "q_75": 98.27464606799185, "min": 98.21812268160284, "max": 98.29348719678819, "mean": 98.25580493919551, "std": 0.03768225759267807, "repeat": 2, "number": 1}]}, "inference.TimeVariableElimination.time_query_alarm": {"result": [0.3058680072426796], "stats": [{"ci_99": [0.2808131904976907, 0.3397859247697051], "q_25": 0.3040322517044842, "q_75": 0.31213531317189336, "min": 0.2992897443473339, "max": 0.33017247170209885, "mean": 0.310299557633698, "std": 0.011785117182991032, "repeat": 4, "number": 1}]}, "inference.TimeVariableElimination.time_query_munin": null, "parameter_learning.TimeBayesianEstimator.time_alarm_bayesian_estimator": null, "parameter_learning.TimeBayesianEstimator.time_munin_bayesian_estimator": null, "parameter_learning.TimeExpectationMaximization.time_alarm_em": null, "parameter_learning.TimeExpectationMaximization.time_munin_em": null, "parameter_learning.TimeMLE.time_alarm_mle": null, "parameter_learning.TimeMLE.time_munin_mle": null, "readwrite.TimeRead.time_asia_read": {"result": [0.1478503104299307], "stats": [{"ci_99": [0.043207092210650444, 0.2524935286492108], "q_25": 0.14680387824773788, "q_75": 0.1488967426121235, "min": 0.14575744606554508, "max": 0.1499431747943163, "mean": 0.1478503104299307, "std": 0.002092864364385605, "repeat": 2, "number": 1}]}, "readwrite.TimeRead.time_asia_write": {"result": [0.00019678496126387571], "stats": [{"ci_99": [0.0001068280103641586, 0.00028674191216359273], "q_25": 0.00019588539175487854, "q_75": 0.00019768453077287286, "min": 0.00019498582224588136, "max": 0.00019858410028187004, "mean": 0.00019678496126387571, "std": 1.799139017994342e-06, "repeat": 2, "number": 74}]}, "readwrite.TimeRead.time_munin_read": {"result": [4.886982023715973], "stats": [{"ci_99": [4.66672321036458, 5.107240837067366], "q_25": 4.884779435582459, "q_75": 4.889184611849487, "min": 4.882576847448945, "max": 4.891387199983001, "mean": 4.886982023715973, "std": 0.004405176267027855, "repeat": 2, "number": 1}]}, "readwrite.TimeRead.time_munin_write": {"result": [0.03512774221599102], "stats": [{"ci_99": [0.026759715750813484, 0.04349576868116855], "q_25": 0.035044061951339245, "q_75": 0.035211422480642796, "min": 0.03496038168668747, "max": 0.03529510274529457, "mean": 0.03512774221599102, "std": 0.00016736052930355072, "repeat": 2, "number": 1}]}, "readwrite.TimeRead.time_pathfinder_read": {"result": [5.4180844239890575], "stats": [{"ci_99": [4.941966712474823, 5.894202135503292], "q_25": 5.413323246873915, "q_75": 5.4228456011042, "min": 5.408562069758773, "max": 5.427606778219342, "mean": 5.4180844239890575, "std": 0.00952235423028469, "repeat": 2, "number": 1}]}, "readwrite.TimeRead.time_pathfinder_write": {"result": [0.020948005840182304], "stats": [{"ci_99": [0.020438292995095253, 0.021457718685269356], "q_25": 0.020942908711731434, "q_75": 0.020953102968633175, "min": 0.020937811583280563, "max": 0.020958200097084045, "mean": 0.020948005840182304, "std": 1.0194256901741028e-05, "repeat": 2, "number": 1}]}, "sampling.TimeSampling.time_forward_sample": null, "sampling.TimeSampling.time_gibbs_sampling": null, "sampling.TimeSampling.time_likelihood_sample": {"result": [4.4962730798870325], "stats": [{"ci_99": [4.4699077692528375, 4.5223060601676695], "q_25": 4.4907633676193655, "q_75": 4.5016166269779205, "min": 4.482799407094717, "max": 4.509082091972232, "mean": 4.4961069147102535, "std": 0.009510558956879248, "repeat": 4, "number": 1}]}, "sampling.TimeSampling.time_rejection_sample": null, "structure_learning.TimeHillClimbAlarmModel.time_hillclimb": null, "structure_learning.TimeMmhcAlarmModel.time_mmhc": null, "structure_learning.TimePCAlarmModel.time_pc_orig": null, "structure_learning.TimePCAlarmModel.time_pc_stable": null, "structure_learning.TimeTreeSearchAlarmModel.time_tan": null}, "params": {"arch": "x86_64", "cpu": "Intel(R) Core(TM) i9-9820X CPU @ 3.30GHz", "machine": "graveyard", "num_cpu": "20", "os": "Linux 4.15.0-112-generic", "ram": "131688676", "python": "3.9"}, "requirements": {}, "commit_hash": "4c968943c31e2395dacf4dab6a909665d046c4f9", "date": 1596273609000, "env_name": "conda-py3.9", "python": "3.9", "profiles": {}, "started_at": {"factor.TimeDiscreteFactor.time_factor_compare": 1654401922778, "factor.TimeDiscreteFactor.time_factor_marginalize": 1654401922986, "factor.TimeDiscreteFactor.time_factor_multiply_large": 1654401923193, "factor.TimeDiscreteFactor.time_factor_reduce": 1654401923400, "import.TimeImport.time_import": 1654401923608, "inference.TimeBeliefPropagation.time_query_alarm": 1654401923814, "inference.TimeVariableElimination.time_query_alarm": 1654402120593, "inference.TimeVariableElimination.time_query_munin": 1654401083777, "parameter_learning.TimeBayesianEstimator.time_alarm_bayesian_estimator": 1654401143852, "parameter_learning.TimeBayesianEstimator.time_munin_bayesian_estimator": 1654401143910, "parameter_learning.TimeExpectationMaximization.time_alarm_em": 1654401143966, "parameter_learning.TimeExpectationMaximization.time_munin_em": 1654401144023, "parameter_learning.TimeMLE.time_alarm_mle": 1654401144079, "parameter_learning.TimeMLE.time_munin_mle": 1654401144136, "readwrite.TimeRead.time_asia_read": 1654402139515, "readwrite.TimeRead.time_asia_write": 1654402162786, "readwrite.TimeRead.time_munin_read": 1654402185807, "readwrite.TimeRead.time_munin_write": 1654402220761, "readwrite.TimeRead.time_pathfinder_read": 1654402243832, "readwrite.TimeRead.time_pathfinder_write": 1654402278585, "sampling.TimeSampling.time_forward_sample": 1654401306463, "sampling.TimeSampling.time_gibbs_sampling": 1654401306721, "sampling.TimeSampling.time_likelihood_sample": 1654402301558, "sampling.TimeSampling.time_rejection_sample": 1654401921181, "structure_learning.TimeHillClimbAlarmModel.time_hillclimb": 1654401921439, "structure_learning.TimeMmhcAlarmModel.time_mmhc": 1654401921697, "structure_learning.TimePCAlarmModel.time_pc_orig": 1654401921954,