{"results": {"factor.TimeDiscreteFactor.time_factor_marginalize": {"result": [0.00010190009285348007], "stats": [{"ci_99": [0.0001016513343496495, 0.00010261598256338073], "q_25": 0.00010176979886165943, "q_75": 0.0001019626499591283, "min": 0.0001016513343496495, "max": 0.00010261598256338073, "mean": 0.00010192686725542489, "std": 2.5147226317334743e-07, "repeat": 10, "number": 166}]}, "factor.TimeDiscreteFactor.time_factor_multiply_large": {"result": [5.7461188438741916e-05], "stats": [{"ci_99": [5.717508315561927e-05, 5.765408177904904e-05], "q_25": 5.730557290309253e-05, "q_75": 5.7582386126891175e-05, "min": 5.717508315561927e-05, "max": 5.765408177904904e-05, "mean": 5.743192299642665e-05, "std": 1.6670597867709793e-07, "repeat": 10, "number": 187}]}, "factor.TimeDiscreteFactor.time_factor_reduce": {"result": [3.358732224844488e-05], "stats": [{"ci_99": [3.3527934624824995e-05, 3.385611947763849e-05], "q_25": 3.3550908685558374e-05, "q_75": 3.361497160599188e-05, "min": 3.3527934624824995e-05, "max": 3.385611947763849e-05, "mean": 3.36144142496733e-05, "std": 9.446867606649099e-08, "repeat": 10, "number": 324}]}, "import.TimeImport.time_import": {"result": [1.3316347548392243e-07], "stats": [{"ci_99": [1.32655118372113e-07, 1.3383147039738282e-07], "q_25": 1.330947285926637e-07, "q_75": 1.335060647710852e-07, "min": 1.32655118372113e-07, "max": 1.3383147039738282e-07, "mean": 1.3323927588216069e-07, "std": 3.6640539761889227e-10, "repeat": 10, "number": 76040}]}, "readwrite.TimeRead.time_asia_read": {"result": [0.18663145694881678], "stats": [{"ci_99": [-0.04972787480801344, 0.42299078870564677], "q_25": 0.18426786363124847, "q_75": 0.18899505026638508, "min": 0.18190427031368017, "max": 0.19135864358395338, "mean": 0.18663145694881678, "std": 0.004727186635136604, "repeat": 2, "number": 1}]}, "readwrite.TimeRead.time_asia_write": {"result": [0.00022729164081030203], "stats": [{"ci_99": [0.00018147438703501828, 0.00027310889458558577], "q_25": 0.0002268334682725492, "q_75": 0.00022774981334805489, "min": 0.00022637529573479637, "max": 0.00022820798588580772, "mean": 0.00022729164081030203, "std": 9.163450755056754e-07, "repeat": 2, "number": 61}]}, "readwrite.TimeRead.time_munin_read": {"result": [5.794475526548922], "stats": [{"ci_99": [2.0608734535053372, 9.528077599592503], "q_25": 5.757139505818486, "q_75": 5.831811547279358, "min": 5.71980348508805, "max": 5.869147568009794, "mean": 5.794475526548922, "std": 0.0746720414608717, "repeat": 2, "number": 1}]}, "readwrite.TimeRead.time_munin_write": {"result": [0.04273254377767444], "stats": [{"ci_99": [0.04200264299288392, 0.04346244456246495], "q_25": 0.04272524476982653, "q_75": 0.04273984278552234, "min": 0.042717945761978626, "max": 0.04274714179337025, "mean": 0.04273254377767444, "std": 1.4598015695810318e-05, "repeat": 2, "number": 1}]}, "readwrite.TimeRead.time_pathfinder_read": {"result": [6.42061998648569], "stats": [{"ci_99": [2.314337939489633, 10.526902033481743], "q_25": 6.379557166015729, "q_75": 6.4616828069556504, "min": 6.338494345545769, "max": 6.502745627425611, "mean": 6.42061998648569, "std": 0.08212564093992114, "repeat": 2, "number": 1}]}, "readwrite.TimeRead.time_pathfinder_write": {"result": [0.02554862666875124], "stats": [{"ci_99": [0.02223023120313883, 0.028867022134363648], "q_25": 0.025515442714095116, "q_75": 0.025581810623407364, "min": 0.02548225875943899, "max": 0.025614994578063488, "mean": 0.02554862666875124, "std": 6.636790931224823e-05, "repeat": 2, "number": 1}]}, "sampling.TimeSampling.time_forward_sample": {"result": [5.739093655254692], "stats": [{"ci_99": [5.028459955472499, 6.449727355036884], "q_25": 5.73198731825687, "q_75": 5.746199992252514, "min": 5.724880981259048, "max": 5.753306329250336, "mean": 5.739093655254692, "std": 0.014212673995643854, "repeat": 2, "number": 1}]}, "sampling.TimeSampling.time_gibbs_sampling": null, "sampling.TimeSampling.time_likelihood_sample": {"result": [5.392244327813387], "stats": [{"ci_99": [5.0876733008772135, 5.69681535474956], "q_25": 5.389198617544025, "q_75": 5.395290038082749, "min": 5.3861529072746634, "max": 5.39833574835211, "mean": 5.392244327813387, "std": 0.006091420538723469, "repeat": 2, "number": 1}]}, "sampling.TimeSampling.time_rejection_sample": null, "structure_learning.TimeHillClimb.time_hillclimb": null, "structure_learning.TimePC.time_pc_orig": {"result": [34.905417250003666], "stats": [{"ci_99": [30.28130048001185, 39.52953401999548], "q_25": 34.85917608230375, "q_75": 34.951658417703584, "min": 34.81293491460383, "max": 34.9978995854035, "mean": 34.905417250003666, "std": 0.0924823353998363, "repeat": 2, "number": 1}]}, "structure_learning.TimePC.time_pc_stable": {"result": [40.12846815865487], "stats": [{"ci_99": [38.93433552701026, 41.322600790299475], "q_25": 40.11652683233842, "q_75": 40.140409484971315, "min": 40.10458550602198, "max": 40.15235081128776, "mean": 40.12846815865487, "std": 0.023882652632892132, "repeat": 2, "number": 1}]}}, "params": {"arch": "x86_64", "cpu": "Intel(R) Core(TM) i9-9820X CPU @ 3.30GHz", "machine": "graveyard", "num_cpu": "20", "os": "Linux 4.15.0-112-generic", "ram": "131688676", "python": "3.6"}, "requirements": {}, "commit_hash": "4c968943c31e2395dacf4dab6a909665d046c4f9", "date": 1596273609000, "env_name": "conda-py3.6", "python": "3.6", "profiles": {}, "started_at": {"factor.TimeDiscreteFactor.time_factor_marginalize": 1610452445401, "factor.TimeDiscreteFactor.time_factor_multiply_large": 1610452445609, "factor.TimeDiscreteFactor.time_factor_reduce": 1610452445816, "import.TimeImport.time_import": 1610452446023, "readwrite.TimeRead.time_asia_read": 1610452446230, "readwrite.TimeRead.time_asia_write": 1610452473209, "readwrite.TimeRead.time_munin_read": 1610452499939, "readwrite.TimeRead.time_munin_write": 1610452539152, "readwrite.TimeRead.time_pathfinder_read": 1610452565982, "readwrite.TimeRead.time_pathfinder_write": 1610452605646, "sampling.TimeSampling.time_forward_sample": 1610452632325, "sampling.TimeSampling.time_gibbs_sampling": 1610451029071, "sampling.TimeSampling.time_likelihood_sample": 1610452644315, "sampling.TimeSampling.time_rejection_sample": 1610451640599, "structure_learning.TimeHillClimb.time_hillclimb": 1610452240681, "structure_learning.TimePC.time_pc_orig": 1610452655603, "structure_learning.TimePC.time_pc_stable": 1610452749006}, "ended_at": {"factor.TimeDiscreteFactor.time_factor_marginalize": 1610452445609, "factor.TimeDiscreteFactor.time_factor_multiply_large": 1610452445816, "factor.TimeDiscreteFactor.time_factor_reduce": 1610452446022, "import.TimeImport.time_import": 1610452446229, "readwrite.TimeRead.time_asia_read": 1610452473208, "readwrite.TimeRead.time_asia_write": 1610452499938, "readwrite.TimeRead.time_munin_read": 1610452539152, "readwrite.TimeRead.time_munin_write": 1610452565981, "readwrite.TimeRead.time_pathfinder_read": 1610452605645, "readwrite.TimeRead.time_pathfinder_write": 1610452632325, "sampling.TimeSampling.time_forward_sample": 1610452644315, "sampling.TimeSampling.time_gibbs_sampling": 1610451629312, "sampling.TimeSampling.time_likelihood_sample": 1610452655602, "sampling.TimeSampling.time_rejection_sample": 1610452240681, "structure_learning.TimeHillClimb.time_hillclimb": 1610452246754, "structure_learning.TimePC.time_pc_orig": 1610452749005, "structure_learning.TimePC.time_pc_stable": 1610452854444}, "benchmark_version": {"factor.TimeDiscreteFactor.time_factor_marginalize": "a3ae79cdcf3bcd4bc49df94b3b3d5f93c4126249a9b3cf2481ac381ee836f851", "factor.TimeDiscreteFactor.time_factor_multiply_large": "cfb6b66fddb2953948ffb6566ae101535dd1e8d0fd9af855331f39ef905f4450", "factor.TimeDiscreteFactor.time_factor_reduce": "cb3858b638914f7572792153a60efb4aecbde56d5abf039791451adb0f26c263", "import.TimeImport.time_import": "b8454f897532cbfc3dc91dd442b9d4429c7671f8720779f25b6975fed7999d6c", "readwrite.TimeRead.time_asia_read": "00ee50175421b36358b2284cbbaaf9e6caad1078a142202d8afbc8a5431e3d42",