{"results": {"factor.TimeDiscreteFactor.time_factor_marginalize": {"result": [6.449662325297587e-05], "stats": [{"ci_99": [6.420641432147054e-05, 6.489762099536918e-05], "q_25": 6.428621323591859e-05, "q_75": 6.47179859541577e-05, "min": 6.420641432147054e-05, "max": 6.489762099536918e-05, "mean": 6.45128723520499e-05, "std": 2.4077327986076265e-07, "repeat": 10, "number": 169}]}, "factor.TimeDiscreteFactor.time_factor_multiply_large": {"result": [5.62086155977697e-05], "stats": [{"ci_99": [5.5546074776359685e-05, 5.692082009592109e-05], "q_25": 5.611956623789356e-05, "q_75": 5.626089572494859e-05, "min": 5.5546074776359685e-05, "max": 5.692082009592109e-05, "mean": 5.6197353283674e-05, "std": 3.182466412767889e-07, "repeat": 10, "number": 181}]}, "factor.TimeDiscreteFactor.time_factor_reduce": {"result": [3.269508837939736e-05], "stats": [{"ci_99": [3.243300751476231e-05, 3.298672061123534e-05], "q_25": 3.2552979429235715e-05, "q_75": 3.279846797357062e-05, "min": 3.243300751476231e-05, "max": 3.298672061123534e-05, "mean": 3.269029457768994e-05, "std": 1.682311496472588e-07, "repeat": 10, "number": 334}]}, "import.TimeImport.time_import": {"result": [1.27537674353836e-07], "stats": [{"ci_99": [1.2658237931052669e-07, 1.2848851512891928e-07], "q_25": 1.2732537475304807e-07, "q_75": 1.2771811138769054e-07, "min": 1.2658237931052669e-07, "max": 1.2848851512891928e-07, "mean": 1.2749821490933516e-07, "std": 5.101748141788399e-10, "repeat": 10, "number": 83216}]}, "inference.TimeVariableElimination.time_query_alarm": {"result": [0.12224909849464893], "stats": [{"ci_99": [0.12078698657933516, 0.12355793892856795], "q_25": 0.12178369052708149, "q_75": 0.122637870721519, "min": 0.12155350670218468, "max": 0.12263814732432365, "mean": 0.12217246275395155, "std": 0.0004779798928113749, "repeat": 4, "number": 1}]}, "inference.TimeVariableElimination.time_query_munin": {"result": [0.6040541930124164], "stats": [{"ci_99": [0.5971448078220606, 0.6136756389001489], "q_25": 0.6036485088989139, "q_75": 0.6058159074746072, "min": 0.6024511680006981, "max": 0.6110813394188881, "mean": 0.6054102233611047, "std": 0.0033389852096992845, "repeat": 4, "number": 1}]}, "readwrite.TimeRead.time_asia_read": {"result": [0.009251553565263748], "stats": [{"ci_99": [0.008240696042776108, 0.010262411087751389], "q_25": 0.009241444990038872, "q_75": 0.009261662140488625, "min": 0.009231336414813995, "max": 0.009271770715713501, "mean": 0.009251553565263748, "std": 2.0217150449752808e-05, "repeat": 2, "number": 2}]}, "readwrite.TimeRead.time_asia_write": {"result": [0.0007601345423609018], "stats": [{"ci_99": [-0.017929438630946808, 0.019449707715668594], "q_25": 0.0005732388106278247, "q_75": 0.0009470302740939788, "min": 0.00038634307889474765, "max": 0.001133926005827056, "mean": 0.0007601345423609018, "std": 0.0003737914634661542, "repeat": 2, "number": 36}]}, "readwrite.TimeRead.time_munin_read": {"result": [5.593913650140166], "stats": [{"ci_99": [5.205741940066218, 5.982085360214114], "q_25": 5.590031933039427, "q_75": 5.597795367240906, "min": 5.586150215938687, "max": 5.601677084341645, "mean": 5.593913650140166, "std": 0.007763434201478958, "repeat": 2, "number": 1}]}, "readwrite.TimeRead.time_munin_write": {"result": [0.1406665900722146], "stats": [{"ci_99": [0.13076192792505026, 0.15057125221937895], "q_25": 0.14056754345074296, "q_75": 0.14076563669368625, "min": 0.14046849682927132, "max": 0.1408646833151579, "mean": 0.1406665900722146, "std": 0.0001980932429432869, "repeat": 2, "number": 1}]}, "readwrite.TimeRead.time_pathfinder_read": {"result": [6.208955802954733], "stats": [{"ci_99": [5.921933128498495, 6.495978477410972], "q_25": 6.206085576210171, "q_75": 6.211826029699296, "min": 6.203215349465609, "max": 6.214696256443858, "mean": 6.208955802954733, "std": 0.005740453489124775, "repeat": 2, "number": 1}]}, "readwrite.TimeRead.time_pathfinder_write": {"result": [0.1401302209123969], "stats": [{"ci_99": [0.1251789079979062, 0.1550815338268876], "q_25": 0.139980707783252, "q_75": 0.14027973404154181, "min": 0.1398311946541071, "max": 0.14042924717068672, "mean": 0.1401302209123969, "std": 0.000299026258289814, "repeat": 2, "number": 1}]}, "sampling.TimeSampling.time_forward_sample": {"result": [0.2084176056087017], "stats": [{"ci_99": [0.20682749338448048, 0.2096646074205637], "q_25": 0.20714555587619543, "q_75": 0.20889068441465497, "min": 0.20682749338448048, "max": 0.2096646074205637, "mean": 0.20814432427287102, "std": 0.0009748016190039447, "repeat": 10, "number": 1}]}, "sampling.TimeSampling.time_gibbs_sampling": null, "sampling.TimeSampling.time_likelihood_sample": {"result": [0.20982127729803324], "stats": [{"ci_99": [0.20856212824583054, 0.21122866496443748], "q_25": 0.20950715150684118, "q_75": 0.2101263403892517, "min": 0.20856212824583054, "max": 0.21122866496443748, "mean": 0.20984176807105542, "std": 0.0006546682290832673, "repeat": 10, "number": 1}]}, "sampling.TimeSampling.time_rejection_sample": {"result": [36.18917900510132], "stats": [{"ci_99": [34.07603537105024, 38.30232263915241], "q_25": 36.16804756876081, "q_75": 36.210310441441834, "min": 36.1469161324203, "max": 36.231441877782345, "mean": 36.18917900510132, "std": 0.04226287268102169, "repeat": 2, "number": 1}]}, "structure_learning.TimeHillClimb.time_hillclimb": null, "structure_learning.TimePC.time_pc_orig": {"result": [45.88735743658617], "stats": [{"ci_99": [44.23855421831831, 47.53616065485403], "q_25": 45.87086940440349, "q_75": 45.90384546876885, "min": 45.854381372220814, "max": 45.92033350095153, "mean": 45.88735743658617, "std": 0.03297606436535716, "repeat": 2, "number": 1}]}, "structure_learning.TimePC.time_pc_stable": {"result": [46.02607389586046], "stats": [{"ci_99": [42.676260239910334, 49.37588755181059], "q_25": 45.99257575930096, "q_75": 46.059572032419965, "min": 45.95907762274146, "max": 46.093070168979466, "mean": 46.02607389586046, "std": 0.06699627311900258, "repeat": 2, "number": 1}]}, "factor.TimeDiscreteFactor.time_factor_compare": {"result": [6.816041644049596e-05], "stats": [{"ci_99": [6.792515139036541e-05, 6.910488952564288e-05], "q_25": 6.80197130511456e-05, "q_75": 6.83406774614808e-05, "min": 6.792515139036541e-05, "max": 6.910488952564288e-05, "mean": 6.824134129889404e-05, "std": 3.282441568860784e-07, "repeat": 10, "number": 158}]}, "inference.TimeBeliefPropagation.time_query_alarm": {"result": [112.65555915609002], "stats": [{"ci_99": [104.91036881878972, 120.40074949339032], "q_25": 112.57810725271702, "q_75": 112.73301105946302, "min": 112.50065534934402, "max": 112.81046296283603, "mean": 112.65555915609002, "std": 0.154903806746006, "repeat": 2, "number": 1}]}, "inference.TimeBeliefPropagation.time_query_munin": null, "parameter_learning.TimeBayesianEstimator.time_alarm_bayesian_estimator": {"result": [1.743290750309825], "stats": [{"ci_99": [1.6318638454840262, 1.8539023865296762], "q_25": 1.7134010326117277, "q_75": 1.7727728337049484, "min": 1.6928127761930227, "max": 1.7921381872147322, "mean": 1.7428831160068512, "std": 0.03871019111901592, "repeat": 4, "number": 1}]}, "parameter_learning.TimeBayesianEstimator.time_munin_bayesian_estimator": {"result": [19.788879328407347], "stats": [{"ci_99": [19.142150352708995, 20.4356083041057], "q_25": 19.782412038650364, "q_75": 19.79534661816433, "min": 19.77594474889338, "max": 19.801813907921314, "mean": 19.788879328407347, "std": 0.012934579513967037, "repeat": 2, "number": 1}]}, "parameter_learning.TimeExpectationMaximization.time_alarm_em": {"result": [21.238156598061323], "stats": [{"ci_99": [20.84233072027564, 21.633982475847006], "q_25": 21.234198339283466, "q_75": 21.24211485683918, "min": 21.23024008050561, "max": 21.246073115617037, "mean": 21.238156598061323, "std": 0.007916517555713654, "repeat": 2, "number": 1}]}, "parameter_learning.TimeExpectationMaximization.time_munin_em": {"result": [117.09744118899107], "stats": [{"ci_99": [114.3315398953855, 119.86334248259664],