{"results": {"factor.TimeDiscreteFactor.time_factor_marginalize": {"result": [6.726064683893059e-05], "stats": [{"ci_99": [6.626904765261879e-05, 6.79901789260816e-05], "q_25": 6.638453754631778e-05, "q_75": 6.789768326886093e-05, "min": 6.626904765261879e-05, "max": 6.79901789260816e-05, "mean": 6.715816363126417e-05, "std": 7.34622791891155e-07, "repeat": 10, "number": 158}]}, "factor.TimeDiscreteFactor.time_factor_multiply_large": {"result": [5.19175638458622e-05], "stats": [{"ci_99": [5.14556556495268e-05, 0.0001040293988007218], "q_25": 5.1553773494502206e-05, "q_75": 5.263085963565911e-05, "min": 5.14556556495268e-05, "max": 0.0001040293988007218, "mean": 5.750137367355289e-05, "std": 1.5561653643007103e-05, "repeat": 10, "number": 201}]}, "factor.TimeDiscreteFactor.time_factor_reduce": {"result": [3.0380703229725534e-05], "stats": [{"ci_99": [3.0199554279146002e-05, 3.060338863034757e-05], "q_25": 3.026676517226854e-05, "q_75": 3.0516013395717577e-05, "min": 3.0199554279146002e-05, "max": 3.060338863034757e-05, "mean": 3.0394698297256004e-05, "std": 1.4897517626859444e-07, "repeat": 10, "number": 347}]}, "import.TimeImport.time_import": {"result": [1.370826076395196e-07], "stats": [{"ci_99": [1.3574050573850333e-07, 1.3842683596337545e-07], "q_25": 1.3600901725111397e-07, "q_75": 1.3831910986344949e-07, "min": 1.3574050573850333e-07, "max": 1.3842683596337545e-07, "mean": 1.3711125865582704e-07, "std": 1.1717717157484341e-09, "repeat": 10, "number": 73580}]}, "inference.TimeVariableElimination.time_query_alarm": {"result": [0.09262524358928204], "stats": [{"ci_99": [0.08966135825710812, 0.09533670697612247], "q_25": 0.09216909296810627, "q_75": 0.09295518323779106, "min": 0.09086718782782555, "max": 0.09387845546007156, "mean": 0.0924990326166153, "std": 0.0010722135186882163, "repeat": 4, "number": 1}]}, "inference.TimeVariableElimination.time_query_munin": {"result": [0.5496125891804695], "stats": [{"ci_99": [0.5058460388796236, 0.5961992773695083], "q_25": 0.539943739771843, "q_75": 0.5606915075331926, "min": 0.5305918715894222, "max": 0.5742735825479031, "mean": 0.5510226581245661, "std": 0.016185216951630478, "repeat": 4, "number": 1}]}, "readwrite.TimeRead.time_asia_read": {"result": [0.008873901329934597], "stats": [{"ci_99": [0.005971201695501804, 0.011776600964367386], "q_25": 0.008844874333590269, "q_75": 0.008902928326278925, "min": 0.008815847337245941, "max": 0.008931955322623253, "mean": 0.008873901329934597, "std": 5.805399268865585e-05, "repeat": 2, "number": 2}]}, "readwrite.TimeRead.time_asia_write": {"result": [0.0004123006947338581], "stats": [{"ci_99": [-0.0005252255230314214, 0.0013498269124991367], "q_25": 0.0004029254325562053, "q_75": 0.0004216759569115109, "min": 0.0003935501703785525, "max": 0.0004310512190891637, "mean": 0.0004123006947338581, "std": 1.875052435530559e-05, "repeat": 2, "number": 72}]}, "readwrite.TimeRead.time_munin_read": {"result": [5.411642221733928], "stats": [{"ci_99": [1.3076349068433046, 9.515649536624547], "q_25": 5.3706021485850215, "q_75": 5.452682294882834, "min": 5.329562075436115, "max": 5.49372236803174, "mean": 5.411642221733928, "std": 0.08208014629781246, "repeat": 2, "number": 1}]}, "readwrite.TimeRead.time_munin_write": {"result": [0.04038575664162636], "stats": [{"ci_99": [0.019880641251802444, 0.06089087203145026], "q_25": 0.04018070548772812, "q_75": 0.0405908077955246, "min": 0.03997565433382988, "max": 0.040795858949422836, "mean": 0.04038575664162636, "std": 0.00041010230779647827, "repeat": 2, "number": 1}]}, "readwrite.TimeRead.time_pathfinder_read": {"result": [6.117926605045795], "stats": [{"ci_99": [1.3795547857880592, 10.856298424303528], "q_25": 6.070542886853218, "q_75": 6.165310323238373, "min": 6.023159168660641, "max": 6.21269404143095, "mean": 6.117926605045795, "std": 0.09476743638515472, "repeat": 2, "number": 1}]}, "readwrite.TimeRead.time_pathfinder_write": {"result": [0.026674943044781685], "stats": [{"ci_99": [0.018262026831507683, 0.03508785925805568], "q_25": 0.026590813882648945, "q_75": 0.026759072206914425, "min": 0.026506684720516205, "max": 0.026843201369047165, "mean": 0.026674943044781685, "std": 0.00016825832426548004, "repeat": 2, "number": 1}]}, "sampling.TimeSampling.time_forward_sample": {"result": [0.20420414954423904], "stats": [{"ci_99": [0.20067736133933067, 0.22945014759898186], "q_25": 0.20175544638186693, "q_75": 0.20640076231211424, "min": 0.20067736133933067, "max": 0.22945014759898186, "mean": 0.2062329515814781, "std": 0.008057096726521834, "repeat": 10, "number": 1}]}, "sampling.TimeSampling.time_gibbs_sampling": null, "sampling.TimeSampling.time_likelihood_sample": {"result": [0.2119727861136198], "stats": [{"ci_99": [0.20800522714853287, 0.26395153626799583], "q_25": 0.20896458625793457, "q_75": 0.2155373590067029, "min": 0.20800522714853287, "max": 0.26395153626799583, "mean": 0.21692252419888974, "std": 0.016000846592341734, "repeat": 10, "number": 1}]}, "sampling.TimeSampling.time_rejection_sample": {"result": [35.13267062418163], "stats": [{"ci_99": [-2.8029703181236982, 73.06831156648693], "q_25": 34.753314214758575, "q_75": 35.51202703360468, "min": 34.37395780533552, "max": 35.891383443027735, "mean": 35.13267062418163, "std": 0.7587128188461065, "repeat": 2, "number": 1}]}, "structure_learning.TimeHillClimb.time_hillclimb": null, "structure_learning.TimePC.time_pc_orig": {"result": [35.5500020571053], "stats": [{"ci_99": [-7.1051483489573, 78.20515246316788], "q_25": 35.12345055304468, "q_75": 35.97655356116593, "min": 34.69689904898405, "max": 36.403105065226555, "mean": 35.5500020571053, "std": 0.8531030081212521, "repeat": 2, "number": 1}]}, "structure_learning.TimePC.time_pc_stable": {"result": [35.50253159739077], "stats": [{"ci_99": [-5.23397127725184, 76.23903447203335], "q_25": 35.095166568644345, "q_75": 35.9098966261372, "min": 34.68780153989792, "max": 36.31726165488362, "mean": 35.50253159739077, "std": 0.8147300574928522, "repeat": 2, "number": 1}]}}, "params": {"arch": "x86_64", "cpu": "Intel(R) Core(TM) i9-9820X CPU @ 3.30GHz", "machine": "graveyard", "num_cpu": "20", "os": "Linux 4.15.0-112-generic", "ram": "131688676", "python": "3.8"}, "requirements": {}, "commit_hash": "508d17eb14eca8078054ca98d9da8bfa82970b2c", "date": 1629191092000, "env_name": "conda-py3.8", "python": "3.8", "profiles": {}, "started_at": {"factor.TimeDiscreteFactor.time_factor_marginalize": 1630592995857, "factor.TimeDiscreteFactor.time_factor_multiply_large": 1630592996065, "factor.TimeDiscreteFactor.time_factor_reduce": 1630592996273, "import.TimeImport.time_import": 1630592996478, "inference.TimeVariableElimination.time_query_alarm": 1630592996686, "inference.TimeVariableElimination.time_query_munin": 1630593015583, "readwrite.TimeRead.time_asia_read": 1630593035686, "readwrite.TimeRead.time_asia_write": 1630593060200, "readwrite.TimeRead.time_munin_read": 1630593084605, "readwrite.TimeRead.time_munin_write": 1630593121480, "readwrite.TimeRead.time_pathfinder_read": 1630593145400, "readwrite.TimeRead.time_pathfinder_write": 1630593183260, "sampling.TimeSampling.time_forward_sample": 1630593207334, "sampling.TimeSampling.time_gibbs_sampling": 1630592170159, "sampling.TimeSampling.time_likelihood_sample": 1630593209148, "sampling.TimeSampling.time_rejection_sample": 1630593211011, "structure_learning.TimeHillClimb.time_hillclimb": 1630592846757, "structure_learning.TimePC.time_pc_orig": 1630593285123, "structure_learning.TimePC.time_pc_stable": 1630593356376}, "ended_at": {"factor.TimeDiscreteFactor.time_factor_marginalize": 1630592996065, "factor.TimeDiscreteFactor.time_factor_multiply_large": 1630592996272, "factor.TimeDiscreteFactor.time_factor_reduce": 1630592996478, "import.TimeImport.time_import": 1630592996685, "inference.TimeVariableElimination.time_query_alarm": 1630593015582, "inference.TimeVariableElimination.time_query_munin": 1630593035686, "readwrite.TimeRead.time_asia_read": 1630593060200,