{"results": {"factor.TimeDiscreteFactor.time_factor_marginalize": {"result": [6.58787517662508e-05], "stats": [{"ci_99": [6.57160957175565e-05, 6.639979869486338e-05], "q_25": 6.575749468911125e-05, "q_75": 6.604572780520083e-05, "min": 6.57160957175565e-05, "max": 6.639979869486338e-05, "mean": 6.594310727823212e-05, "std": 2.1435081564237502e-07, "repeat": 10, "number": 166}]}, "factor.TimeDiscreteFactor.time_factor_multiply_large": {"result": [5.684908302057357e-05], "stats": [{"ci_99": [5.6603815032060816e-05, 5.753673415966135e-05], "q_25": 5.673799939729549e-05, "q_75": 5.706123731754444e-05, "min": 5.6603815032060816e-05, "max": 5.753673415966135e-05, "mean": 5.6940531998715074e-05, "std": 2.9168408780417216e-07, "repeat": 10, "number": 189}]}, "factor.TimeDiscreteFactor.time_factor_reduce": {"result": [3.338809713629857e-05], "stats": [{"ci_99": [3.3285503098569766e-05, 3.3615694089901225e-05], "q_25": 3.337260461383802e-05, "q_75": 3.35230503482687e-05, "min": 3.3285503098569766e-05, "max": 3.3615694089901225e-05, "mean": 3.342843197423256e-05, "std": 1.1179582366696021e-07, "repeat": 10, "number": 326}]}, "import.TimeImport.time_import": {"result": [1.4118355732197915e-07], "stats": [{"ci_99": [1.3928080389002303e-07, 1.4247825657057636e-07], "q_25": 1.3998097609840676e-07, "q_75": 1.421144067498837e-07, "min": 1.3928080389002303e-07, "max": 1.4247825657057636e-07, "mean": 1.4098386999882643e-07, "std": 1.2259000448612315e-09, "repeat": 10, "number": 76766}]}, "inference.TimeVariableElimination.time_query_alarm": {"result": [0.07152707688510418], "stats": [{"ci_99": [0.07068641613491299, 0.07253325600854633], "q_25": 0.0713376272469759, "q_75": 0.07179928570985794, "min": 0.07126852124929428, "max": 0.072116669267416, "mean": 0.07160983607172966, "std": 0.0003325888243765611, "repeat": 4, "number": 1}]}, "inference.TimeVariableElimination.time_query_munin": {"result": [0.514029186218977], "stats": [{"ci_99": [0.5012772365860065, 0.5292717475988546], "q_25": 0.5120661165565252, "q_75": 0.5172375617548823, "min": 0.5093419812619686, "max": 0.5236976146697998, "mean": 0.5152744920924306, "std": 0.005279000989918973, "repeat": 4, "number": 1}]}, "readwrite.TimeRead.time_asia_read": {"result": [0.00921325758099556], "stats": [{"ci_99": [0.0038745440542697906, 0.014551971107721325], "q_25": 0.009159870445728302, "q_75": 0.009266644716262817, "min": 0.009106483310461044, "max": 0.009320031851530075, "mean": 0.00921325758099556, "std": 0.00010677427053451538, "repeat": 2, "number": 2}]}, "readwrite.TimeRead.time_asia_write": {"result": [0.0006863646990349216], "stats": [{"ci_99": [0.00048192887897452897, 0.000890800519095314], "q_25": 0.0006843203408343178, "q_75": 0.0006884090572355254, "min": 0.0006822759826337137, "max": 0.0006904534154361295, "mean": 0.0006863646990349216, "std": 4.088716401207853e-06, "repeat": 2, "number": 62}]}, "readwrite.TimeRead.time_munin_read": {"result": [5.598979948088527], "stats": [{"ci_99": [2.2817455623298883, 8.916214333847162], "q_25": 5.56580760423094, "q_75": 5.632152291946113, "min": 5.532635260373354, "max": 5.6653246358036995, "mean": 5.598979948088527, "std": 0.06634468771517277, "repeat": 2, "number": 1}]}, "readwrite.TimeRead.time_munin_write": {"result": [0.04250276833772659], "stats": [{"ci_99": [0.0378485769033432, 0.04715695977210998], "q_25": 0.04245622642338276, "q_75": 0.04254931025207043, "min": 0.042409684509038925, "max": 0.04259585216641426, "mean": 0.04250276833772659, "std": 9.308382868766785e-05, "repeat": 2, "number": 1}]}, "readwrite.TimeRead.time_pathfinder_read": {"result": [6.347630813717842], "stats": [{"ci_99": [6.038839638233185, 6.656421989202499], "q_25": 6.3445429019629955, "q_75": 6.350718725472689, "min": 6.341454990208149, "max": 6.353806637227535, "mean": 6.347630813717842, "std": 0.006175823509693146, "repeat": 2, "number": 1}]}, "readwrite.TimeRead.time_pathfinder_write": {"result": [0.02536308951675892], "stats": [{"ci_99": [0.020378371700644493, 0.03034780733287334], "q_25": 0.025313242338597775, "q_75": 0.025412936694920063, "min": 0.02526339516043663, "max": 0.025462783873081207, "mean": 0.02536308951675892, "std": 9.969435632228851e-05, "repeat": 2, "number": 1}]}, "sampling.TimeSampling.time_forward_sample": {"result": [0.20137066766619682], "stats": [{"ci_99": [0.19973284751176834, 0.2399071268737316], "q_25": 0.20002175867557526, "q_75": 0.20282657910138369, "min": 0.19973284751176834, "max": 0.2399071268737316, "mean": 0.20520054660737513, "std": 0.011671034696349378, "repeat": 10, "number": 1}]}, "sampling.TimeSampling.time_gibbs_sampling": null, "sampling.TimeSampling.time_likelihood_sample": {"result": [0.21300166472792625], "stats": [{"ci_99": [0.21101056039333344, 0.27167804539203644], "q_25": 0.2118549980223179, "q_75": 0.25211598351597786, "min": 0.21101056039333344, "max": 0.27167804539203644, "mean": 0.23033031187951564, "std": 0.022957503639890152, "repeat": 10, "number": 1}]}, "sampling.TimeSampling.time_rejection_sample": {"result": [35.308365339413285], "stats": [{"ci_99": [-49.589729027822614, 120.20645970664911], "q_25": 34.459384395740926, "q_75": 36.157346283085644, "min": 33.61040345206857, "max": 37.006327226758, "mean": 35.308365339413285, "std": 1.697961887344718, "repeat": 2, "number": 1}]}, "structure_learning.TimeHillClimb.time_hillclimb": null, "structure_learning.TimePC.time_pc_orig": {"result": [33.76841616630554], "stats": [{"ci_99": [33.411813497543335, 34.12501883506775], "q_25": 33.76485013961792, "q_75": 33.771982192993164, "min": 33.7612841129303, "max": 33.775548219680786, "mean": 33.76841616630554, "std": 0.007132053375244141, "repeat": 2, "number": 1}]}, "structure_learning.TimePC.time_pc_stable": {"result": [34.545093681663275], "stats": [{"ci_99": [-4.655666928738356, 73.74585429206488], "q_25": 34.15308607555926, "q_75": 34.93710128776729, "min": 33.76107846945524, "max": 35.32910889387131, "mean": 34.545093681663275, "std": 0.7840152122080326, "repeat": 2, "number": 1}]}}, "params": {"arch": "x86_64", "cpu": "Intel(R) Core(TM) i9-9820X CPU @ 3.30GHz", "machine": "graveyard", "num_cpu": "20", "os": "Linux 4.15.0-112-generic", "ram": "131688676", "python": "3.6"}, "requirements": {}, "commit_hash": "508d17eb14eca8078054ca98d9da8bfa82970b2c", "date": 1629191092000, "env_name": "conda-py3.6", "python": "3.6", "profiles": {}, "started_at": {"factor.TimeDiscreteFactor.time_factor_marginalize": 1630589995550, "factor.TimeDiscreteFactor.time_factor_multiply_large": 1630589995758, "factor.TimeDiscreteFactor.time_factor_reduce": 1630589995965, "import.TimeImport.time_import": 1630589996172, "inference.TimeVariableElimination.time_query_alarm": 1630589996379, "inference.TimeVariableElimination.time_query_munin": 1630590015889, "readwrite.TimeRead.time_asia_read": 1630590036302, "readwrite.TimeRead.time_asia_write": 1630590061624, "readwrite.TimeRead.time_munin_read": 1630590086899, "readwrite.TimeRead.time_munin_write": 1630590125311, "readwrite.TimeRead.time_pathfinder_read": 1630590151090, "readwrite.TimeRead.time_pathfinder_write": 1630590190153, "sampling.TimeSampling.time_forward_sample": 1630590215881, "sampling.TimeSampling.time_gibbs_sampling": 1630589166589, "sampling.TimeSampling.time_likelihood_sample": 1630590217744, "sampling.TimeSampling.time_rejection_sample": 1630590219958, "structure_learning.TimeHillClimb.time_hillclimb": 1630589839758, "structure_learning.TimePC.time_pc_orig": 1630590294378, "structure_learning.TimePC.time_pc_stable": 1630590371993}, "ended_at": {"factor.TimeDiscreteFactor.time_factor_marginalize": 1630589995758, "factor.TimeDiscreteFactor.time_factor_multiply_large": 1630589995965, "factor.TimeDiscreteFactor.time_factor_reduce": 1630589996172, "import.TimeImport.time_import": 1630589996378, "inference.TimeVariableElimination.time_query_alarm": 1630590015888, "inference.TimeVariableElimination.time_query_munin": 1630590036301, "readwrite.TimeRead.time_asia_read": 1630590061623,