{"results": {"factor.TimeDiscreteFactor.time_factor_marginalize": {"result": [6.232363561731438e-05], "stats": [{"ci_99": [6.095153214626534e-05, 6.50689309073049e-05], "q_25": 6.192695176185564e-05, "q_75": 6.364626799125311e-05, "min": 6.095153214626534e-05, "max": 6.50689309073049e-05, "mean": 6.27007616987062e-05, "std": 1.2514641074863633e-06, "repeat": 10, "number": 172}]}, "factor.TimeDiscreteFactor.time_factor_multiply_large": {"result": [4.9027131062071274e-05], "stats": [{"ci_99": [4.8759823911032585e-05, 5.056218788871225e-05], "q_25": 4.891850238771371e-05, "q_75": 4.947719708928522e-05, "min": 4.8759823911032585e-05, "max": 5.056218788871225e-05, "mean": 4.931500550570354e-05, "std": 6.199842903669587e-07, "repeat": 10, "number": 212}]}, "factor.TimeDiscreteFactor.time_factor_reduce": {"result": [2.9170546784169144e-05], "stats": [{"ci_99": [2.910983231332567e-05, 2.9409992405109935e-05], "q_25": 2.9120339442872338e-05, "q_75": 2.925697739960419e-05, "min": 2.910983231332567e-05, "max": 2.9409992405109935e-05, "mean": 2.920043344298999e-05, "std": 9.486756370012501e-08, "repeat": 10, "number": 360}]}, "import.TimeImport.time_import": {"result": [1.3045039727480122e-07], "stats": [{"ci_99": [1.289196388714621e-07, 1.313603055113993e-07], "q_25": 1.29234902885357e-07, "q_75": 1.3074176832978664e-07, "min": 1.289196388714621e-07, "max": 1.313603055113993e-07, "mean": 1.3011594790702288e-07, "std": 8.319996840649965e-10, "repeat": 10, "number": 78718}]}, "inference.TimeVariableElimination.time_query_alarm": {"result": [0.06585918553173542], "stats": [{"ci_99": [0.040333730471294404, 0.10728645294441663], "q_25": 0.06559436628594995, "q_75": 0.07407491095364094, "min": 0.06509134732186794, "max": 0.09843064844608307, "mean": 0.07381009170785546, "std": 0.014218306954435487, "repeat": 4, "number": 1}]}, "inference.TimeVariableElimination.time_query_munin": {"result": [0.5032589612528682], "stats": [{"ci_99": [0.48459782511241534, 0.518709306006657], "q_25": 0.4978322028182447, "q_75": 0.5070803239941597, "min": 0.4926495924592018, "max": 0.5074467472732067, "mean": 0.5016535655595362, "std": 0.006065384534999302, "repeat": 4, "number": 1}]}, "readwrite.TimeRead.time_asia_read": {"result": [0.008456462994217873], "stats": [{"ci_99": [0.00817348062992096, 0.008739445358514786], "q_25": 0.008453633170574903, "q_75": 0.008459292817860842, "min": 0.008450803346931934, "max": 0.008462122641503811, "mean": 0.008456462994217873, "std": 5.659647285938263e-06, "repeat": 2, "number": 2}]}, "readwrite.TimeRead.time_asia_write": {"result": [0.0005618874889074101], "stats": [{"ci_99": [6.989111554705336e-05, 0.0010538838622677661], "q_25": 0.0005569675251738065, "q_75": 0.0005668074526410135, "min": 0.0005520475614402029, "max": 0.0005717274163746171, "mean": 0.0005618874889074101, "std": 9.839927467207132e-06, "repeat": 2, "number": 72}]}, "readwrite.TimeRead.time_munin_read": {"result": [5.111439546570182], "stats": [{"ci_99": [5.010003803297877, 5.212875289842486], "q_25": 5.110425189137459, "q_75": 5.112453904002905, "min": 5.109410831704736, "max": 5.113468261435628, "mean": 5.111439546570182, "std": 0.0020287148654460907, "repeat": 2, "number": 1}]}, "readwrite.TimeRead.time_munin_write": {"result": [0.03998745512217283], "stats": [{"ci_99": [0.03996095899492502, 0.04001395124942064], "q_25": 0.039987190160900354, "q_75": 0.03998772008344531, "min": 0.039986925199627876, "max": 0.03998798504471779, "mean": 0.03998745512217283, "std": 5.299225449562073e-07, "repeat": 2, "number": 1}]}, "readwrite.TimeRead.time_pathfinder_read": {"result": [5.736685447394848], "stats": [{"ci_99": [4.671721249818802, 6.801649644970893], "q_25": 5.726035805419087, "q_75": 5.747335089370608, "min": 5.715386163443327, "max": 5.757984731346369, "mean": 5.736685447394848, "std": 0.02129928395152092, "repeat": 2, "number": 1}]}, "readwrite.TimeRead.time_pathfinder_write": {"result": [0.025594250299036503], "stats": [{"ci_99": [0.015609866939485073, 0.035578633658587926], "q_25": 0.02549440646544099, "q_75": 0.025694094132632017, "min": 0.025394562631845474, "max": 0.02579393796622753, "mean": 0.025594250299036503, "std": 0.0001996876671910286, "repeat": 2, "number": 1}]}, "sampling.TimeSampling.time_forward_sample": {"result": [0.2051891377195716], "stats": [{"ci_99": [0.20450270362198353, 0.2365557011216879], "q_25": 0.20476577384397388, "q_75": 0.205510922241956, "min": 0.20450270362198353, "max": 0.2365557011216879, "mean": 0.20820382330566645, "std": 0.00945783979887662, "repeat": 10, "number": 1}]}, "sampling.TimeSampling.time_gibbs_sampling": null, "sampling.TimeSampling.time_likelihood_sample": {"result": [0.20324251148849726], "stats": [{"ci_99": [0.20243841968476772, 0.2047294471412897], "q_25": 0.20282971765846014, "q_75": 0.2036063652485609, "min": 0.20243841968476772, "max": 0.2047294471412897, "mean": 0.20328334532678127, "std": 0.0006669676649642405, "repeat": 10, "number": 1}]}, "sampling.TimeSampling.time_rejection_sample": {"result": [36.84213185682893], "stats": [{"ci_99": [36.270948369055986, 37.41331534460187], "q_25": 36.8364200219512, "q_75": 36.84784369170666, "min": 36.83070818707347, "max": 36.85355552658439, "mean": 36.84213185682893, "std": 0.011423669755458832, "repeat": 2, "number": 1}]}, "structure_learning.TimeHillClimb.time_hillclimb": null, "structure_learning.TimePC.time_pc_orig": {"result": [35.5500020571053], "stats": [{"ci_99": [-7.1051483489573, 78.20515246316788], "q_25": 35.12345055304468, "q_75": 35.97655356116593, "min": 34.69689904898405, "max": 36.403105065226555, "mean": 35.5500020571053, "std": 0.8531030081212521, "repeat": 2, "number": 1}]}, "structure_learning.TimePC.time_pc_stable": {"result": [35.50253159739077], "stats": [{"ci_99": [-5.23397127725184, 76.23903447203335], "q_25": 35.095166568644345, "q_75": 35.9098966261372, "min": 34.68780153989792, "max": 36.31726165488362, "mean": 35.50253159739077, "std": 0.8147300574928522, "repeat": 2, "number": 1}]}, "factor.TimeDiscreteFactor.time_factor_compare": {"result": [6.286795980420457e-05], "stats": [{"ci_99": [6.250246057668364e-05, 6.36801572449236e-05], "q_25": 6.280398748096931e-05, "q_75": 6.297151053167251e-05, "min": 6.250246057668364e-05, "max": 6.36801572449236e-05, "mean": 6.292939343186747e-05, "std": 2.8573622661605356e-07, "repeat": 10, "number": 166}]}, "inference.TimeBeliefPropagation.time_query_alarm": {"result": [66.76937066856772], "stats": [{"ci_99": [62.88590049277991, 70.65284084435552], "q_25": 66.73053596680984, "q_75": 66.8082053703256, "min": 66.69170126505196, "max": 66.84704007208347, "mean": 66.76937066856772, "std": 0.07766940351575613, "repeat": 2, "number": 1}]}, "parameter_learning.TimeBayesianEstimator.time_alarm_bayesian_estimator": {"result": [1.6792371207848191], "stats": [{"ci_99": [1.577215807068565, 1.8156859581140494], "q_25": 1.659304067492485, "q_75": 1.7163839358836412, "min": 1.6591345965862274, "max": 1.768194692209363, "mean": 1.6964508825913072, "std": 0.04450410689867951, "repeat": 4, "number": 1}]}, "parameter_learning.TimeBayesianEstimator.time_munin_bayesian_estimator": {"result": [19.886657126247883], "stats": [{"ci_99": [16.254192866384983, 23.51912138611078], "q_25": 19.850332483649254, "q_75": 19.922981768846512, "min": 19.814007841050625, "max": 19.95930641144514, "mean": 19.886657126247883, "std": 0.072649285197258, "repeat": 2, "number": 1}]}, "parameter_learning.TimeExpectationMaximization.time_alarm_em": {"result": [18.248346663080156], "stats": [{"ci_99": [16.444924456067383, 20.05176887009293], "q_25": 18.230312441010028, "q_75": 18.266380885150284, "min": 18.2122782189399, "max": 18.28441510722041, "mean": 18.248346663080156, "std": 0.03606844414025545, "repeat": 2, "number": 1}]}, "parameter_learning.TimeExpectationMaximization.time_munin_em": {"result": [114.1362844100222], "stats": [{"ci_99": [113.14414493460208, 115.12842388544232], "q_25": 114.126363015268, "q_75": 114.1462058047764, "min": 114.1164416205138,