{"results": {"factor.TimeDiscreteFactor.time_factor_marginalize": {"result": [6.06425795596459e-05], "stats": [{"ci_99": [6.0381292435475165e-05, 6.150517806496924e-05], "q_25": 6.05219409860283e-05, "q_75": 6.0963692046658836e-05, "min": 6.0381292435475165e-05, "max": 6.150517806496924e-05, "mean": 6.078592679231843e-05, "std": 3.6908264027150393e-07, "repeat": 10, "number": 173}]}, "factor.TimeDiscreteFactor.time_factor_multiply_large": {"result": [4.8537033601341964e-05], "stats": [{"ci_99": [4.7946122483672386e-05, 4.9055719347757715e-05], "q_25": 4.8418224693458775e-05, "q_75": 4.869994324431798e-05, "min": 4.7946122483672386e-05, "max": 4.9055719347757715e-05, "mean": 4.8524684438081553e-05, "std": 2.952463408653463e-07, "repeat": 10, "number": 214}]}, "factor.TimeDiscreteFactor.time_factor_reduce": {"result": [2.904392404263246e-05], "stats": [{"ci_99": [2.895594267538806e-05, 2.9302602789921468e-05], "q_25": 2.9015382127472144e-05, "q_75": 2.9098643146080675e-05, "min": 2.895594267538806e-05, "max": 2.9302602789921468e-05, "mean": 2.906918577724995e-05, "std": 9.033258234916331e-08, "repeat": 10, "number": 358}]}, "import.TimeImport.time_import": {"result": [1.296261780797671e-07], "stats": [{"ci_99": [1.2854613257322282e-07, 1.2986210917748233e-07], "q_25": 1.291132053464281e-07, "q_75": 1.2981767574372417e-07, "min": 1.2854613257322282e-07, "max": 1.2986210917748233e-07, "mean": 1.2941869536443675e-07, "std": 4.891804756239391e-10, "repeat": 10, "number": 84783}]}, "inference.TimeVariableElimination.time_query_alarm": {"result": [0.10459208395332098], "stats": [{"ci_99": [0.08016788746792011, 0.1430151465199595], "q_25": 0.1037502447143197, "q_75": 0.11243335623294115, "min": 0.10271945223212242, "max": 0.13446244783699512, "mean": 0.11159151699393988, "std": 0.013231341827444284, "repeat": 4, "number": 1}]}, "inference.TimeVariableElimination.time_query_munin": {"result": [0.5014569200575352], "stats": [{"ci_99": [0.4746076052934344, 0.5302063154130764], "q_25": 0.49780170200392604, "q_75": 0.5060621784068644, "min": 0.48864099010825157, "max": 0.5180730111896992, "mean": 0.5024069603532553, "std": 0.010457726784099338, "repeat": 4, "number": 1}]}, "readwrite.TimeRead.time_asia_read": {"result": [0.008512760512530804], "stats": [{"ci_99": [0.00825981330126524, 0.008765707723796368], "q_25": 0.008510231040418148, "q_75": 0.00851528998464346, "min": 0.008507701568305492, "max": 0.008517819456756115, "mean": 0.008512760512530804, "std": 5.058944225311279e-06, "repeat": 2, "number": 2}]}, "readwrite.TimeRead.time_asia_write": {"result": [0.0003850945616013383], "stats": [{"ci_99": [-0.009268640578813749, 0.010038829702016418], "q_25": 0.00028855721019718745, "q_75": 0.0004816319130054892, "min": 0.00019201985879303658, "max": 0.00057816926440964, "mean": 0.0003850945616013383, "std": 0.0001930747028083017, "repeat": 2, "number": 73}]}, "readwrite.TimeRead.time_munin_read": {"result": [5.123462923802435], "stats": [{"ci_99": [4.602328664623201, 5.64459718298167], "q_25": 5.118251581210643, "q_75": 5.128674266394228, "min": 5.113040238618851, "max": 5.13388560898602, "mean": 5.123462923802435, "std": 0.01042268518358469, "repeat": 2, "number": 1}]}, "readwrite.TimeRead.time_munin_write": {"result": [0.039985072799026966], "stats": [{"ci_99": [0.036306208930909634, 0.0436639366671443], "q_25": 0.03994828416034579, "q_75": 0.04002186143770814, "min": 0.03991149552166462, "max": 0.04005865007638931, "mean": 0.039985072799026966, "std": 7.357727736234665e-05, "repeat": 2, "number": 1}]}, "readwrite.TimeRead.time_pathfinder_read": {"result": [5.708785275928676], "stats": [{"ci_99": [5.406156801618636, 6.011413750238717], "q_25": 5.705758991185576, "q_75": 5.7118115606717765, "min": 5.702732706442475, "max": 5.714837845414877, "mean": 5.708785275928676, "std": 0.0060525694862008095, "repeat": 2, "number": 1}]}, "readwrite.TimeRead.time_pathfinder_write": {"result": [0.026010156609117985], "stats": [{"ci_99": [0.005935451947152615, 0.04608486127108334], "q_25": 0.02580940956249833, "q_75": 0.02621090365573764, "min": 0.025608662515878677, "max": 0.026411650702357292, "mean": 0.026010156609117985, "std": 0.0004014940932393074, "repeat": 2, "number": 1}]}, "sampling.TimeSampling.time_forward_sample": null, "sampling.TimeSampling.time_gibbs_sampling": null, "sampling.TimeSampling.time_likelihood_sample": {"result": [0.20673841889947653], "stats": [{"ci_99": [0.2054193913936615, 0.23493210412561893], "q_25": 0.20586876291781664, "q_75": 0.20746022183448076, "min": 0.2054193913936615, "max": 0.23493210412561893, "mean": 0.20941996872425078, "std": 0.008546223577752785, "repeat": 10, "number": 1}]}, "sampling.TimeSampling.time_rejection_sample": null, "structure_learning.TimeHillClimb.time_hillclimb": null, "structure_learning.TimePC.time_pc_orig": {"result": [32.18154391553253], "stats": [{"ci_99": [25.131934707053006, 39.231153124012046], "q_25": 32.111047823447734, "q_75": 32.252040007617325, "min": 32.04055173136294, "max": 32.32253609970212, "mean": 32.18154391553253, "std": 0.14099218416959047, "repeat": 2, "number": 1}]}, "structure_learning.TimePC.time_pc_stable": {"result": [32.205615654587746], "stats": [{"ci_99": [22.79758294671774, 41.613648362457745], "q_25": 32.111535327509046, "q_75": 32.299695981666446, "min": 32.017455000430346, "max": 32.393776308745146, "mean": 32.205615654587746, "std": 0.18816065415740013, "repeat": 2, "number": 1}]}, "factor.TimeDiscreteFactor.time_factor_compare": {"result": [6.190834004850783e-05], "stats": [{"ci_99": [6.153856641089423e-05, 6.227873089398153e-05], "q_25": 6.174668669700623e-05, "q_75": 6.207064918336078e-05, "min": 6.153856641089423e-05, "max": 6.227873089398153e-05, "mean": 6.190430505212242e-05, "std": 2.1278316348059076e-07, "repeat": 10, "number": 169}]}, "inference.TimeBeliefPropagation.time_query_alarm": {"result": [9.462329999543726], "stats": [{"ci_99": [7.355905438773334, 11.568754560314117], "q_25": 9.441265753936023, "q_75": 9.48339424515143, "min": 9.420201508328319, "max": 9.504458490759134, "mean": 9.462329999543726, "std": 0.04212849121540785, "repeat": 2, "number": 1}]}, "parameter_learning.TimeBayesianEstimator.time_alarm_bayesian_estimator": null, "parameter_learning.TimeBayesianEstimator.time_munin_bayesian_estimator": null, "parameter_learning.TimeExpectationMaximization.time_alarm_em": null, "parameter_learning.TimeExpectationMaximization.time_munin_em": null, "parameter_learning.TimeMLE.time_alarm_mle": null, "parameter_learning.TimeMLE.time_munin_mle": null, "structure_learning.TimeHillClimbAlarmModel.time_hillclimb": null, "structure_learning.TimeMmhcAlarmModel.time_mmhc": null, "structure_learning.TimePCAlarmModel.time_pc_orig": null, "structure_learning.TimePCAlarmModel.time_pc_stable": null, "structure_learning.TimeTreeSearchAlarmModel.time_tan": null}, "params": {"arch": "x86_64", "cpu": "Intel(R) Core(TM) i9-9820X CPU @ 3.30GHz", "machine": "graveyard", "num_cpu": "20", "os": "Linux 4.15.0-112-generic", "ram": "131688676", "python": "3.8"}, "requirements": {}, "commit_hash": "564cd7ce1f4c42918b36365ecf6cdf60dd7ec7a0", "date": 1625044326000, "env_name": "conda-py3.8", "python": "3.8", "profiles": {}, "started_at": {"factor.TimeDiscreteFactor.time_factor_marginalize": 1653968576999, "factor.TimeDiscreteFactor.time_factor_multiply_large": 1653968577206, "factor.TimeDiscreteFactor.time_factor_reduce": 1653968577412, "import.TimeImport.time_import": 1653968577618, "inference.TimeVariableElimination.time_query_alarm": 1653968596991, "inference.TimeVariableElimination.time_query_munin": 1653968614950, "readwrite.TimeRead.time_asia_read": 1653968634063, "readwrite.TimeRead.time_asia_write": 1653968657585, "readwrite.TimeRead.time_munin_read": 1653968681105, "readwrite.TimeRead.time_munin_write": 1653968716660, "readwrite.TimeRead.time_pathfinder_read": 1653968740230, "readwrite.TimeRead.time_pathfinder_write": 1653968775834,