{"results": {"factor.TimeDiscreteFactor.time_factor_marginalize": {"result": [6.282892951994765e-05], "stats": [{"ci_99": [6.25550287005342e-05, 6.303399295350652e-05], "q_25": 6.27661054884946e-05, "q_75": 6.293512616352534e-05, "min": 6.25550287005342e-05, "max": 6.303399295350652e-05, "mean": 6.282161691306549e-05, "std": 1.440633407764296e-07, "repeat": 10, "number": 162}]}, "factor.TimeDiscreteFactor.time_factor_multiply_large": {"result": [5.0504908177524946e-05], "stats": [{"ci_99": [5.00707794422222e-05, 5.112517783992098e-05], "q_25": 5.044924510175018e-05, "q_75": 5.0769926830066885e-05, "min": 5.00707794422222e-05, "max": 5.112517783992098e-05, "mean": 5.0562646646070256e-05, "std": 3.029105966385196e-07, "repeat": 10, "number": 211}]}, "factor.TimeDiscreteFactor.time_factor_reduce": {"result": [2.986851567269055e-05], "stats": [{"ci_99": [2.96776906125525e-05, 3.0054596057935567e-05], "q_25": 2.980168994227931e-05, "q_75": 2.9948274511577063e-05, "min": 2.96776906125525e-05, "max": 3.0054596057935567e-05, "mean": 2.987268180679797e-05, "std": 1.1112165457749586e-07, "repeat": 10, "number": 349}]}, "import.TimeImport.time_import": {"result": [1.3279041921703043e-07], "stats": [{"ci_99": [1.323037974726607e-07, 1.3332220729319933e-07], "q_25": 1.324323059057647e-07, "q_75": 1.3318038590973535e-07, "min": 1.323037974726607e-07, "max": 1.3332220729319933e-07, "mean": 1.3280703261117855e-07, "std": 3.933128975947313e-10, "repeat": 10, "number": 82933}]}, "inference.TimeVariableElimination.time_query_alarm": {"result": [0.06586534809321165], "stats": [{"ci_99": [0.020533206148755936, 0.1119209851857896], "q_25": 0.050628849770873785, "q_75": 0.08146359398961067, "min": 0.050568314269185066, "max": 0.08260937221348286, "mean": 0.0662270956672728, "std": 0.015627787112714998, "repeat": 4, "number": 1}]}, "inference.TimeVariableElimination.time_query_munin": {"result": [0.5030444636940956], "stats": [{"ci_99": [0.4827233640057587, 0.5251955228345847], "q_25": 0.49980468582361937, "q_75": 0.507199221290648, "min": 0.4938209094107151, "max": 0.5159279368817806, "mean": 0.5039594434201717, "std": 0.00791849194004591, "repeat": 4, "number": 1}]}, "readwrite.TimeRead.time_asia_read": {"result": [0.008598543237894773], "stats": [{"ci_99": [0.008274792227894068, 0.00892229424789548], "q_25": 0.008595305727794766, "q_75": 0.00860178074799478, "min": 0.00859206821769476, "max": 0.008605018258094788, "mean": 0.008598543237894773, "std": 6.475020200014114e-06, "repeat": 2, "number": 2}]}, "readwrite.TimeRead.time_asia_write": {"result": [0.0005833844746082602], "stats": [{"ci_99": [-0.00011246564837408572, 0.0012792345975906052], "q_25": 0.0005764259733784366, "q_75": 0.0005903429758380836, "min": 0.0005694674721486132, "max": 0.000597301477067907, "mean": 0.0005833844746082602, "std": 1.3917002459646916e-05, "repeat": 2, "number": 71}]}, "readwrite.TimeRead.time_munin_read": {"result": [5.196436768397689], "stats": [{"ci_99": [4.506033746525645, 5.886839790269732], "q_25": 5.189532738178968, "q_75": 5.203340798616409, "min": 5.182628707960248, "max": 5.21024482883513, "mean": 5.196436768397689, "std": 0.013808060437440872, "repeat": 2, "number": 1}]}, "readwrite.TimeRead.time_munin_write": {"result": [0.040782016701996326], "stats": [{"ci_99": [0.03590752091258764, 0.045656512491405], "q_25": 0.04073327174410224, "q_75": 0.04083076165989041, "min": 0.04068452678620815, "max": 0.0408795066177845, "mean": 0.040782016701996326, "std": 9.748991578817368e-05, "repeat": 2, "number": 1}]}, "readwrite.TimeRead.time_pathfinder_read": {"result": [5.835674844682217], "stats": [{"ci_99": [5.43962861597538, 6.231721073389053], "q_25": 5.831714382395148, "q_75": 5.839635306969285, "min": 5.82775392010808, "max": 5.843595769256353, "mean": 5.835674844682217, "std": 0.007920924574136734, "repeat": 2, "number": 1}]}, "readwrite.TimeRead.time_pathfinder_write": {"result": [0.026065587997436523], "stats": [{"ci_99": [0.019542604684829712, 0.03258857131004333], "q_25": 0.026000358164310455, "q_75": 0.02613081783056259, "min": 0.025935128331184387, "max": 0.02619604766368866, "mean": 0.026065587997436523, "std": 0.00013045966625213623, "repeat": 2, "number": 1}]}, "sampling.TimeSampling.time_forward_sample": {"result": [0.19843083899468184], "stats": [{"ci_99": [0.19795575365424156, 0.22502554766833782], "q_25": 0.19825869146734476, "q_75": 0.1986454352736473, "min": 0.19795575365424156, "max": 0.22502554766833782, "mean": 0.20103821344673634, "std": 0.007999195529732798, "repeat": 10, "number": 1}]}, "sampling.TimeSampling.time_gibbs_sampling": null, "sampling.TimeSampling.time_likelihood_sample": {"result": [0.20704961568117142], "stats": [{"ci_99": [0.20635652169585228, 0.20818903855979443], "q_25": 0.20677698589861393, "q_75": 0.20749213639646769, "min": 0.20635652169585228, "max": 0.20818903855979443, "mean": 0.20718262922018765, "std": 0.0005548688355726224, "repeat": 10, "number": 1}]}, "sampling.TimeSampling.time_rejection_sample": {"result": [34.1844119457528], "stats": [{"ci_99": [-68.16978381481022, 136.53860770631573], "q_25": 33.16086998814717, "q_75": 35.20795390335843, "min": 32.13732803054154, "max": 36.23149586096406, "mean": 34.1844119457528, "std": 2.0470839152112603, "repeat": 2, "number": 1}]}, "structure_learning.TimeHillClimb.time_hillclimb": null, "structure_learning.TimePC.time_pc_orig": {"result": [32.18154391553253], "stats": [{"ci_99": [25.131934707053006, 39.231153124012046], "q_25": 32.111047823447734, "q_75": 32.252040007617325, "min": 32.04055173136294, "max": 32.32253609970212, "mean": 32.18154391553253, "std": 0.14099218416959047, "repeat": 2, "number": 1}]}, "structure_learning.TimePC.time_pc_stable": {"result": [32.205615654587746], "stats": [{"ci_99": [22.79758294671774, 41.613648362457745], "q_25": 32.111535327509046, "q_75": 32.299695981666446, "min": 32.017455000430346, "max": 32.393776308745146, "mean": 32.205615654587746, "std": 0.18816065415740013, "repeat": 2, "number": 1}]}}, "params": {"arch": "x86_64", "cpu": "Intel(R) Core(TM) i9-9820X CPU @ 3.30GHz", "machine": "graveyard", "num_cpu": "20", "os": "Linux 4.15.0-112-generic", "ram": "131688676", "python": "3.8"}, "requirements": {}, "commit_hash": "564cd7ce1f4c42918b36365ecf6cdf60dd7ec7a0", "date": 1625044326000, "env_name": "conda-py3.8", "python": "3.8", "profiles": {}, "started_at": {"factor.TimeDiscreteFactor.time_factor_marginalize": 1625716828052, "factor.TimeDiscreteFactor.time_factor_multiply_large": 1625716828259, "factor.TimeDiscreteFactor.time_factor_reduce": 1625716828466, "import.TimeImport.time_import": 1625716828673, "inference.TimeVariableElimination.time_query_alarm": 1625716828880, "inference.TimeVariableElimination.time_query_munin": 1625716846834, "readwrite.TimeRead.time_asia_read": 1625716865993, "readwrite.TimeRead.time_asia_write": 1625716889713, "readwrite.TimeRead.time_munin_read": 1625716913484, "readwrite.TimeRead.time_munin_write": 1625716949437, "readwrite.TimeRead.time_pathfinder_read": 1625716973209, "readwrite.TimeRead.time_pathfinder_write": 1625717009313, "sampling.TimeSampling.time_forward_sample": 1625717032984, "sampling.TimeSampling.time_gibbs_sampling": 1625716007866, "sampling.TimeSampling.time_likelihood_sample": 1625717034796, "sampling.TimeSampling.time_rejection_sample": 1625717036657, "structure_learning.TimeHillClimb.time_hillclimb": 1625716678630, "structure_learning.TimePC.time_pc_orig": 1625717109727, "structure_learning.TimePC.time_pc_stable": 1625717184836}, "ended_at": {"factor.TimeDiscreteFactor.time_factor_marginalize": 1625716828259, "factor.TimeDiscreteFactor.time_factor_multiply_large": 1625716828466, "factor.TimeDiscreteFactor.time_factor_reduce": 1625716828673, "import.TimeImport.time_import": 1625716828879, "inference.TimeVariableElimination.time_query_alarm": 1625716846834, "inference.TimeVariableElimination.time_query_munin": 1625716865992, "readwrite.TimeRead.time_asia_read": 1625716889712,