{"results": {"factor.TimeDiscreteFactor.time_factor_marginalize": {"result": [6.429841631047783e-05], "stats": [{"ci_99": [6.417757166283471e-05, 6.491024534971941e-05], "q_25": 6.420235149562359e-05, "q_75": 6.447987176389212e-05, "min": 6.417757166283471e-05, "max": 6.491024534971941e-05, "mean": 6.437547660122315e-05, "std": 2.1443912749766366e-07, "repeat": 10, "number": 168}]}, "factor.TimeDiscreteFactor.time_factor_multiply_large": {"result": [5.615553083388429e-05], "stats": [{"ci_99": [5.573990117562445e-05, 5.76308977447058e-05], "q_25": 5.5985836508242706e-05, "q_75": 5.633622947099962e-05, "min": 5.573990117562445e-05, "max": 5.76308977447058e-05, "mean": 5.6263404457192666e-05, "std": 5.098187634074216e-07, "repeat": 10, "number": 190}]}, "factor.TimeDiscreteFactor.time_factor_reduce": {"result": [3.282602481318243e-05], "stats": [{"ci_99": [3.264076217557445e-05, 3.319583607442451e-05], "q_25": 3.275470525929422e-05, "q_75": 3.2860336994582956e-05, "min": 3.264076217557445e-05, "max": 3.319583607442451e-05, "mean": 3.2848151908679444e-05, "std": 1.63796622142857e-07, "repeat": 10, "number": 330}]}, "import.TimeImport.time_import": {"result": [1.2769817588765607e-07], "stats": [{"ci_99": [1.2678521072596348e-07, 1.2845113504763737e-07], "q_25": 1.275188858815145e-07, "q_75": 1.277899193479642e-07, "min": 1.2678521072596348e-07, "max": 1.2845113504763737e-07, "mean": 1.277104395987833e-07, "std": 4.4913255935122664e-10, "repeat": 10, "number": 85434}]}, "inference.TimeVariableElimination.time_query_alarm": {"result": [0.09661888424307108], "stats": [{"ci_99": [0.09483649680047597, 0.09860254260123406], "q_25": 0.09613697277382016, "q_75": 0.09720143117010593, "min": 0.09601635299623013, "max": 0.09762395732104778, "mean": 0.09671951970085502, "std": 0.0006562987525277282, "repeat": 4, "number": 1}]}, "inference.TimeVariableElimination.time_query_munin": {"result": [0.5188359506428242], "stats": [{"ci_99": [0.51186059781488, 0.5249084402513879], "q_25": 0.5170012675225735, "q_75": 0.5202192021533847, "min": 0.5148975159972906, "max": 0.520968658849597, "mean": 0.518384519033134, "std": 0.0023352670473927293, "repeat": 4, "number": 1}]}, "readwrite.TimeRead.time_asia_read": {"result": [0.009153368882834911], "stats": [{"ci_99": [0.008741584606468678, 0.009565153159201145], "q_25": 0.009149251040071249, "q_75": 0.009157486725598574, "min": 0.009145133197307587, "max": 0.009161604568362236, "mean": 0.009153368882834911, "std": 8.235685527324677e-06, "repeat": 2, "number": 2}]}, "readwrite.TimeRead.time_asia_write": {"result": [0.000567798280999774], "stats": [{"ci_99": [-0.00201520122705944, 0.003150797789058986], "q_25": 0.0005419682859191819, "q_75": 0.0005936282760803662, "min": 0.0005161382908385897, "max": 0.0006194582711609583, "mean": 0.000567798280999774, "std": 5.165999016118429e-05, "repeat": 2, "number": 63}]}, "readwrite.TimeRead.time_munin_read": {"result": [5.574394196271896], "stats": [{"ci_99": [5.094937693327665, 6.053850699216127], "q_25": 5.569599631242454, "q_75": 5.579188761301339, "min": 5.564805066213012, "max": 5.583983326330781, "mean": 5.574394196271896, "std": 0.00958913005888462, "repeat": 2, "number": 1}]}, "readwrite.TimeRead.time_munin_write": {"result": [0.04215261805802584], "stats": [{"ci_99": [0.022260266356170177, 0.06204496975988148], "q_25": 0.04195369454100728, "q_75": 0.042351541575044394, "min": 0.041754771023988724, "max": 0.04255046509206295, "mean": 0.04215261805802584, "std": 0.0003978470340371132, "repeat": 2, "number": 1}]}, "readwrite.TimeRead.time_pathfinder_read": {"result": [6.2067303424701095], "stats": [{"ci_99": [5.827459608204663, 6.586001076735556], "q_25": 6.202937635127455, "q_75": 6.210523049812764, "min": 6.1991449277848005, "max": 6.214315757155418, "mean": 6.2067303424701095, "std": 0.007585414685308933, "repeat": 2, "number": 1}]}, "readwrite.TimeRead.time_pathfinder_write": {"result": [0.02481189277023077], "stats": [{"ci_99": [0.02414511237293482, 0.025478673167526722], "q_25": 0.02480522496625781, "q_75": 0.02481856057420373, "min": 0.02479855716228485, "max": 0.02482522837817669, "mean": 0.02481189277023077, "std": 1.3335607945919037e-05, "repeat": 2, "number": 1}]}, "sampling.TimeSampling.time_forward_sample": null, "sampling.TimeSampling.time_gibbs_sampling": null, "sampling.TimeSampling.time_likelihood_sample": {"result": [0.21117905713617802], "stats": [{"ci_99": [0.20991078950464725, 0.24475958198308945], "q_25": 0.21035184245556593, "q_75": 0.21204959694296122, "min": 0.20991078950464725, "max": 0.24475958198308945, "mean": 0.2171496408060193, "std": 0.012555037302184402, "repeat": 10, "number": 1}]}, "sampling.TimeSampling.time_rejection_sample": null, "structure_learning.TimeHillClimb.time_hillclimb": null, "structure_learning.TimePC.time_pc_orig": {"result": [35.31237672176212], "stats": [{"ci_99": [33.55794767010957, 37.06680577341467], "q_25": 35.294832431245595, "q_75": 35.329921012278646, "min": 35.27728814072907, "max": 35.34746530279517, "mean": 35.31237672176212, "std": 0.035088581033051014, "repeat": 2, "number": 1}]}, "structure_learning.TimePC.time_pc_stable": {"result": [35.26357114408165], "stats": [{"ci_99": [32.692768472246826, 37.83437381591648], "q_25": 35.237863117363304, "q_75": 35.2892791708, "min": 35.212155090644956, "max": 35.31498719751835, "mean": 35.26357114408165, "std": 0.05141605343669653, "repeat": 2, "number": 1}]}, "factor.TimeDiscreteFactor.time_factor_compare": {"result": [6.736449388243397e-05], "stats": [{"ci_99": [6.699474146647482e-05, 6.802598743335061e-05], "q_25": 6.724846323732264e-05, "q_75": 6.774251250931936e-05, "min": 6.699474146647482e-05, "max": 6.802598743335061e-05, "mean": 6.746979349333307e-05, "std": 3.2198047268611426e-07, "repeat": 10, "number": 161}]}, "inference.TimeBeliefPropagation.time_query_alarm": {"result": [61.26404167339206], "stats": [{"ci_99": [57.59695754572749, 64.93112580105662], "q_25": 61.22737083211541, "q_75": 61.3007125146687, "min": 61.190699990838766, "max": 61.33738335594535, "mean": 61.26404167339206, "std": 0.07334168255329132, "repeat": 2, "number": 1}]}, "parameter_learning.TimeBayesianEstimator.time_alarm_bayesian_estimator": null, "parameter_learning.TimeBayesianEstimator.time_munin_bayesian_estimator": null, "parameter_learning.TimeExpectationMaximization.time_alarm_em": null, "parameter_learning.TimeExpectationMaximization.time_munin_em": null, "parameter_learning.TimeMLE.time_alarm_mle": null, "parameter_learning.TimeMLE.time_munin_mle": null, "structure_learning.TimeHillClimbAlarmModel.time_hillclimb": null, "structure_learning.TimeMmhcAlarmModel.time_mmhc": null, "structure_learning.TimePCAlarmModel.time_pc_orig": null, "structure_learning.TimePCAlarmModel.time_pc_stable": null, "structure_learning.TimeTreeSearchAlarmModel.time_tan": null}, "params": {"arch": "x86_64", "cpu": "Intel(R) Core(TM) i9-9820X CPU @ 3.30GHz", "machine": "graveyard", "num_cpu": "20", "os": "Linux 4.15.0-112-generic", "ram": "131688676", "python": "3.6"}, "requirements": {}, "commit_hash": "564cd7ce1f4c42918b36365ecf6cdf60dd7ec7a0", "date": 1625044326000, "env_name": "conda-py3.6", "python": "3.6", "profiles": {}, "started_at": {"factor.TimeDiscreteFactor.time_factor_marginalize": 1653966071425, "factor.TimeDiscreteFactor.time_factor_multiply_large": 1653966071632, "factor.TimeDiscreteFactor.time_factor_reduce": 1653966071838, "import.TimeImport.time_import": 1653966072045, "inference.TimeVariableElimination.time_query_alarm": 1653966194765, "inference.TimeVariableElimination.time_query_munin": 1653966214051, "readwrite.TimeRead.time_asia_read": 1653966234469, "readwrite.TimeRead.time_asia_write": 1653966259745, "readwrite.TimeRead.time_munin_read": 1653966285021, "readwrite.TimeRead.time_munin_write": 1653966323183, "readwrite.TimeRead.time_pathfinder_read": 1653966348509, "readwrite.TimeRead.time_pathfinder_write": 1653966386920, "sampling.TimeSampling.time_forward_sample": 1653965467919,