{"results": {"factor.TimeDiscreteFactor.time_factor_marginalize": {"result": [6.705265121985667e-05], "stats": [{"ci_99": [6.66325553233579e-05, 6.740082124745624e-05], "q_25": 6.676319789904985e-05, "q_75": 6.709281378281043e-05, "min": 6.66325553233579e-05, "max": 6.740082124745624e-05, "mean": 6.69800659051593e-05, "std": 2.411482415095209e-07, "repeat": 10, "number": 161}]}, "factor.TimeDiscreteFactor.time_factor_multiply_large": {"result": [5.763436534575053e-05], "stats": [{"ci_99": [5.7015482868467056e-05, 5.831457674503327e-05], "q_25": 5.72713916855199e-05, "q_75": 5.780419334769249e-05, "min": 5.7015482868467056e-05, "max": 5.831457674503327e-05, "mean": 5.758402070828847e-05, "std": 3.8653890218858046e-07, "repeat": 10, "number": 175}]}, "factor.TimeDiscreteFactor.time_factor_reduce": {"result": [3.425010336225465e-05], "stats": [{"ci_99": [3.401871970635933e-05, 3.458327620021449e-05], "q_25": 3.41638747677707e-05, "q_75": 3.430369660108281e-05, "min": 3.401871970635933e-05, "max": 3.458327620021449e-05, "mean": 3.424641807507348e-05, "std": 1.5475893720996269e-07, "repeat": 10, "number": 298}]}, "import.TimeImport.time_import": {"result": [1.278178197930492e-07], "stats": [{"ci_99": [1.2710535558218474e-07, 1.2873413661103052e-07], "q_25": 1.2732636770059368e-07, "q_75": 1.2828573791143425e-07, "min": 1.2710535558218474e-07, "max": 1.2873413661103052e-07, "mean": 1.2783459629406712e-07, "std": 5.299634421187388e-10, "repeat": 10, "number": 85835}]}, "inference.TimeVariableElimination.time_query_alarm": {"result": [0.070084392093122], "stats": [{"ci_99": [0.06960612531056841, 0.07044955626824657], "q_25": 0.06996019091457129, "q_75": 0.07015204196795821, "min": 0.06977157853543758, "max": 0.07017100043594837, "mean": 0.07002784078940749, "std": 0.00015818024488201452, "repeat": 4, "number": 1}]}, "inference.TimeVariableElimination.time_query_munin": {"result": [0.5239584343507886], "stats": [{"ci_99": [0.5186868313251212, 0.5281199269445465], "q_25": 0.5228352560661733, "q_75": 0.5245265574194491, "min": 0.520427480340004, "max": 0.5252691674977541, "mean": 0.5234033791348338, "std": 0.0018137574042999135, "repeat": 4, "number": 1}]}, "readwrite.TimeRead.time_asia_read": {"result": [0.009402583353221416], "stats": [{"ci_99": [0.009133477695286274, 0.009671689011156559], "q_25": 0.009399892296642065, "q_75": 0.009405274409800768, "min": 0.009397201240062714, "max": 0.00940796546638012, "mean": 0.009402583353221416, "std": 5.38211315870285e-06, "repeat": 2, "number": 2}]}, "readwrite.TimeRead.time_asia_write": {"result": [0.0006465060665966973], "stats": [{"ci_99": [0.0006454594374176046, 0.00064755269577579], "q_25": 0.0006464956003049063, "q_75": 0.0006465165328884882, "min": 0.0006464851340131154, "max": 0.0006465269991802791, "mean": 0.0006465060665966973, "std": 2.0932583581854264e-08, "repeat": 2, "number": 63}]}, "readwrite.TimeRead.time_munin_read": {"result": [5.7546306094154716], "stats": [{"ci_99": [5.70332754123956, 5.8059336775913835], "q_25": 5.754117578733712, "q_75": 5.755143640097231, "min": 5.753604548051953, "max": 5.75565667077899, "mean": 5.7546306094154716, "std": 0.001026061363518238, "repeat": 2, "number": 1}]}, "readwrite.TimeRead.time_munin_write": {"result": [0.04315978568047285], "stats": [{"ci_99": [0.0352680841460824, 0.05105148721486329], "q_25": 0.043080868665128946, "q_75": 0.043238702695816755, "min": 0.04300195164978504, "max": 0.04331761971116066, "mean": 0.04315978568047285, "std": 0.000157834030687809, "repeat": 2, "number": 1}]}, "readwrite.TimeRead.time_pathfinder_read": {"result": [6.481341223232448], "stats": [{"ci_99": [4.234303531236947, 8.728378915227948], "q_25": 6.458870846312493, "q_75": 6.503811600152403, "min": 6.436400469392538, "max": 6.526281977072358, "mean": 6.481341223232448, "std": 0.04494075383991003, "repeat": 2, "number": 1}]}, "readwrite.TimeRead.time_pathfinder_write": {"result": [0.02990630827844143], "stats": [{"ci_99": [-0.1625844705849886, 0.22239708714187129], "q_25": 0.02798140048980713, "q_75": 0.03183121606707573, "min": 0.02605649270117283, "max": 0.03375612385571003, "mean": 0.02990630827844143, "std": 0.0038498155772686005, "repeat": 2, "number": 1}]}, "sampling.TimeSampling.time_forward_sample": {"result": [0.20480314642190933], "stats": [{"ci_99": [0.2039988674223423, 0.20823749713599682], "q_25": 0.20422794856131077, "q_75": 0.20548593066632748, "min": 0.2039988674223423, "max": 0.20823749713599682, "mean": 0.20510030630975962, "std": 0.0012003925753270625, "repeat": 10, "number": 1}]}, "sampling.TimeSampling.time_gibbs_sampling": null, "sampling.TimeSampling.time_likelihood_sample": {"result": [0.21161770075559616], "stats": [{"ci_99": [0.20864392258226871, 0.2142010349780321], "q_25": 0.21030585328117013, "q_75": 0.21347575914114714, "min": 0.20864392258226871, "max": 0.2142010349780321, "mean": 0.21172286551445724, "std": 0.001910728661998395, "repeat": 10, "number": 1}]}, "sampling.TimeSampling.time_rejection_sample": {"result": [34.211999158374965], "stats": [{"ci_99": [-59.519928387366235, 127.94392670411608], "q_25": 33.27467988291755, "q_75": 35.14931843383238, "min": 32.33736060746014, "max": 36.08663770928979, "mean": 34.211999158374965, "std": 1.874638550914824, "repeat": 2, "number": 1}]}, "structure_learning.TimeHillClimb.time_hillclimb": null, "structure_learning.TimePC.time_pc_orig": {"result": [35.31237672176212], "stats": [{"ci_99": [33.55794767010957, 37.06680577341467], "q_25": 35.294832431245595, "q_75": 35.329921012278646, "min": 35.27728814072907, "max": 35.34746530279517, "mean": 35.31237672176212, "std": 0.035088581033051014, "repeat": 2, "number": 1}]}, "structure_learning.TimePC.time_pc_stable": {"result": [35.26357114408165], "stats": [{"ci_99": [32.692768472246826, 37.83437381591648], "q_25": 35.237863117363304, "q_75": 35.2892791708, "min": 35.212155090644956, "max": 35.31498719751835, "mean": 35.26357114408165, "std": 0.05141605343669653, "repeat": 2, "number": 1}]}}, "params": {"arch": "x86_64", "cpu": "Intel(R) Core(TM) i9-9820X CPU @ 3.30GHz", "machine": "graveyard", "num_cpu": "20", "os": "Linux 4.15.0-112-generic", "ram": "131688676", "python": "3.6"}, "requirements": {}, "commit_hash": "564cd7ce1f4c42918b36365ecf6cdf60dd7ec7a0", "date": 1625044326000, "env_name": "conda-py3.6", "python": "3.6", "profiles": {}, "started_at": {"factor.TimeDiscreteFactor.time_factor_marginalize": 1625713873743, "factor.TimeDiscreteFactor.time_factor_multiply_large": 1625713873951, "factor.TimeDiscreteFactor.time_factor_reduce": 1625713874157, "import.TimeImport.time_import": 1625713874364, "inference.TimeVariableElimination.time_query_alarm": 1625713874571, "inference.TimeVariableElimination.time_query_munin": 1625713894331, "readwrite.TimeRead.time_asia_read": 1625713915345, "readwrite.TimeRead.time_asia_write": 1625713941422, "readwrite.TimeRead.time_munin_read": 1625713967750, "readwrite.TimeRead.time_munin_write": 1625714006962, "readwrite.TimeRead.time_pathfinder_read": 1625714033340, "readwrite.TimeRead.time_pathfinder_write": 1625714073053, "sampling.TimeSampling.time_forward_sample": 1625714099181, "sampling.TimeSampling.time_gibbs_sampling": 1625713055626, "sampling.TimeSampling.time_likelihood_sample": 1625714101044, "sampling.TimeSampling.time_rejection_sample": 1625714102957, "structure_learning.TimeHillClimb.time_hillclimb": 1625713726525, "structure_learning.TimePC.time_pc_orig": 1625714175426, "structure_learning.TimePC.time_pc_stable": 1625714248628}, "ended_at": {"factor.TimeDiscreteFactor.time_factor_marginalize": 1625713873950, "factor.TimeDiscreteFactor.time_factor_multiply_large": 1625713874157, "factor.TimeDiscreteFactor.time_factor_reduce": 1625713874364, "import.TimeImport.time_import": 1625713874570, "inference.TimeVariableElimination.time_query_alarm": 1625713894330, "inference.TimeVariableElimination.time_query_munin": 1625713915344, "readwrite.TimeRead.time_asia_read": 1625713941421,