{"results": {"factor.TimeDiscreteFactor.time_factor_marginalize": {"result": [6.334415544369067e-05], "stats": [{"ci_99": [6.317291735557087e-05, 6.395576205867076e-05], "q_25": 6.326989199944407e-05, "q_75": 6.338942534568017e-05, "min": 6.317291735557087e-05, "max": 6.395576205867076e-05, "mean": 6.338609219120258e-05, "std": 2.0760371681228873e-07, "repeat": 10, "number": 171}]}, "factor.TimeDiscreteFactor.time_factor_multiply_large": {"result": [5.0915841850937834e-05], "stats": [{"ci_99": [5.063207811145691e-05, 5.177774747307791e-05], "q_25": 5.074910391745955e-05, "q_75": 5.12412455128996e-05, "min": 5.063207811145691e-05, "max": 5.177774747307791e-05, "mean": 5.103244165484415e-05, "std": 3.596264069425739e-07, "repeat": 10, "number": 209}]}, "factor.TimeDiscreteFactor.time_factor_reduce": {"result": [3.020847081274226e-05], "stats": [{"ci_99": [3.0050761457802592e-05, 3.0415229823278344e-05], "q_25": 3.0168382100005082e-05, "q_75": 3.0281610678935395e-05, "min": 3.0050761457802592e-05, "max": 3.0415229823278344e-05, "mean": 3.0215972683567935e-05, "std": 1.0098253422091603e-07, "repeat": 10, "number": 345}]}, "import.TimeImport.time_import": {"result": [1.3578779509101938e-07], "stats": [{"ci_99": [1.3521009938528188e-07, 1.3637341773307197e-07], "q_25": 1.356194228037789e-07, "q_75": 1.3614154906820562e-07, "min": 1.3521009938528188e-07, "max": 1.3637341773307197e-07, "mean": 1.3582862690175258e-07, "std": 3.6095159583669903e-10, "repeat": 10, "number": 80597}]}, "inference.TimeVariableElimination.time_query_alarm": {"result": [0.06783895939588547], "stats": [{"ci_99": [0.066949927355531, 0.06885117374789403], "q_25": 0.06759437453001738, "q_75": 0.0681451354175806, "min": 0.06756666675209999, "max": 0.06835761666297913, "mean": 0.06790055055171251, "std": 0.000331192168417482, "repeat": 4, "number": 1}]}, "inference.TimeVariableElimination.time_query_munin": {"result": [0.5030231270939112], "stats": [{"ci_99": [0.48755497787464497, 0.5183300969718017], "q_25": 0.49811642896384, "q_75": 0.5078492355532944, "min": 0.49692822992801666, "max": 0.508795665577054, "mean": 0.5029425374232233, "std": 0.005271043336431236, "repeat": 4, "number": 1}]}, "readwrite.TimeRead.time_asia_read": {"result": [0.00857865670695901], "stats": [{"ci_99": [0.00824391609057784, 0.008913397323340178], "q_25": 0.008575309300795197, "q_75": 0.00858200411312282, "min": 0.008571961894631386, "max": 0.008585351519286633, "mean": 0.00857865670695901, "std": 6.694812327623367e-06, "repeat": 2, "number": 2}]}, "readwrite.TimeRead.time_asia_write": {"result": [0.0006093150963458944], "stats": [{"ci_99": [9.878939839408634e-05, 0.0011198407942977022], "q_25": 0.0006042098393663764, "q_75": 0.0006144203533254125, "min": 0.0005991045823868583, "max": 0.0006195256103049306, "mean": 0.0006093150963458944, "std": 1.0210513959036163e-05, "repeat": 2, "number": 68}]}, "readwrite.TimeRead.time_munin_read": {"result": [5.165975744836032], "stats": [{"ci_99": [5.0930813597515225, 5.238870129920542], "q_25": 5.165246800985187, "q_75": 5.1667046886868775, "min": 5.164517857134342, "max": 5.167433632537723, "mean": 5.165975744836032, "std": 0.001457887701690197, "repeat": 2, "number": 1}]}, "readwrite.TimeRead.time_munin_write": {"result": [0.0408496605232358], "stats": [{"ci_99": [0.039570908062160015, 0.04212841298431158], "q_25": 0.04083687299862504, "q_75": 0.040862448047846556, "min": 0.04082408547401428, "max": 0.040875235572457314, "mean": 0.0408496605232358, "std": 2.5575049221515656e-05, "repeat": 2, "number": 1}]}, "readwrite.TimeRead.time_pathfinder_read": {"result": [5.794003973715007], "stats": [{"ci_99": [5.028628692962229, 6.5593792544677845], "q_25": 5.7863502209074795, "q_75": 5.801657726522535, "min": 5.778696468099952, "max": 5.809311479330063, "mean": 5.794003973715007, "std": 0.015307505615055561, "repeat": 2, "number": 1}]}, "readwrite.TimeRead.time_pathfinder_write": {"result": [0.026289083994925022], "stats": [{"ci_99": [0.02280095499008894, 0.0297772129997611], "q_25": 0.02625420270487666, "q_75": 0.026323965284973383, "min": 0.0262193214148283, "max": 0.026358846575021744, "mean": 0.026289083994925022, "std": 6.976258009672165e-05, "repeat": 2, "number": 1}]}, "sampling.TimeSampling.time_forward_sample": {"result": [0.1974015161395073], "stats": [{"ci_99": [0.19662475027143955, 0.1980055756866932], "q_25": 0.1969177220016718, "q_75": 0.19785680063068867, "min": 0.19662475027143955, "max": 0.1980055756866932, "mean": 0.19737306293100118, "std": 0.0005012578826749093, "repeat": 10, "number": 1}]}, "sampling.TimeSampling.time_gibbs_sampling": null, "sampling.TimeSampling.time_likelihood_sample": {"result": [0.20712091773748398], "stats": [{"ci_99": [0.2055696900933981, 0.23899120464920998], "q_25": 0.20606937166303396, "q_75": 0.20756244519725442, "min": 0.2055696900933981, "max": 0.23899120464920998, "mean": 0.20997785665094854, "std": 0.00969800339044043, "repeat": 10, "number": 1}]}, "sampling.TimeSampling.time_rejection_sample": {"result": [35.511527540162206], "stats": [{"ci_99": [-97.20700098760426, 168.23005606792856], "q_25": 34.18434225488454, "q_75": 36.83871282543987, "min": 32.857156969606876, "max": 38.165898110717535, "mean": 35.511527540162206, "std": 2.6543705705553293, "repeat": 2, "number": 1}]}, "structure_learning.TimeHillClimb.time_hillclimb": null, "structure_learning.TimePC.time_pc_orig": {"result": [33.44771009776741], "stats": [{"ci_99": [27.51256227400154, 39.38285792153328], "q_25": 33.388358619529754, "q_75": 33.50706157600507, "min": 33.329007141292095, "max": 33.56641305424273, "mean": 33.44771009776741, "std": 0.11870295647531748, "repeat": 2, "number": 1}]}, "structure_learning.TimePC.time_pc_stable": {"result": [33.426111962646246], "stats": [{"ci_99": [28.663701962679625, 38.18852196261286], "q_25": 33.37848786264658, "q_75": 33.47373606264591, "min": 33.33086376264691, "max": 33.52136016264558, "mean": 33.426111962646246, "std": 0.09524819999933243, "repeat": 2, "number": 1}]}}, "params": {"arch": "x86_64", "cpu": "Intel(R) Core(TM) i9-9820X CPU @ 3.30GHz", "machine": "graveyard", "num_cpu": "20", "os": "Linux 4.15.0-112-generic", "ram": "131688676", "python": "3.8"}, "requirements": {}, "commit_hash": "56b7574807e372d80db5381c10f44f805be00275", "date": 1625324871000, "env_name": "conda-py3.8", "python": "3.8", "profiles": {}, "started_at": {"factor.TimeDiscreteFactor.time_factor_marginalize": 1625685701860, "factor.TimeDiscreteFactor.time_factor_multiply_large": 1625685702068, "factor.TimeDiscreteFactor.time_factor_reduce": 1625685702275, "import.TimeImport.time_import": 1625685702481, "inference.TimeVariableElimination.time_query_alarm": 1625685702688, "inference.TimeVariableElimination.time_query_munin": 1625685720643, "readwrite.TimeRead.time_asia_read": 1625685739852, "readwrite.TimeRead.time_asia_write": 1625685763672, "readwrite.TimeRead.time_munin_read": 1625685787493, "readwrite.TimeRead.time_munin_write": 1625685823246, "readwrite.TimeRead.time_pathfinder_read": 1625685846968, "readwrite.TimeRead.time_pathfinder_write": 1625685883072, "sampling.TimeSampling.time_forward_sample": 1625685906844, "sampling.TimeSampling.time_gibbs_sampling": 1625684883183, "sampling.TimeSampling.time_likelihood_sample": 1625685908657, "sampling.TimeSampling.time_rejection_sample": 1625685910571, "structure_learning.TimeHillClimb.time_hillclimb": 1625685560811, "structure_learning.TimePC.time_pc_orig": 1625685979982, "structure_learning.TimePC.time_pc_stable": 1625686050729}, "ended_at": {"factor.TimeDiscreteFactor.time_factor_marginalize": 1625685702067, "factor.TimeDiscreteFactor.time_factor_multiply_large": 1625685702274, "factor.TimeDiscreteFactor.time_factor_reduce": 1625685702481, "import.TimeImport.time_import": 1625685702688, "inference.TimeVariableElimination.time_query_alarm": 1625685720643, "inference.TimeVariableElimination.time_query_munin": 1625685739852, "readwrite.TimeRead.time_asia_read": 1625685763671,