{"results": {"factor.TimeDiscreteFactor.time_factor_marginalize": {"result": [6.498747097793967e-05], "stats": [{"ci_99": [6.262566470964389e-05, 0.00012799705092964524], "q_25": 6.28571182129566e-05, "q_75": 6.722588560395789e-05, "min": 6.262566470964389e-05, "max": 0.00012799705092964524, "mean": 7.106735535092992e-05, "std": 1.908921784682053e-05, "repeat": 10, "number": 176}]}, "factor.TimeDiscreteFactor.time_factor_multiply_large": {"result": [5.292415984773211e-05], "stats": [{"ci_99": [5.2352490530786464e-05, 5.3554350434213266e-05], "q_25": 5.2838247122091e-05, "q_75": 5.3208636129465024e-05, "min": 5.2352490530786464e-05, "max": 5.3554350434213266e-05, "mean": 5.298167139253751e-05, "std": 3.263947709178157e-07, "repeat": 10, "number": 196}]}, "factor.TimeDiscreteFactor.time_factor_reduce": {"result": [3.0625169232146104e-05], "stats": [{"ci_99": [3.0217432072733056e-05, 3.107302397873818e-05], "q_25": 3.05639240986809e-05, "q_75": 3.082929365870604e-05, "min": 3.0217432072733056e-05, "max": 3.107302397873818e-05, "mean": 3.0664665848657186e-05, "std": 2.239682632561772e-07, "repeat": 10, "number": 349}]}, "import.TimeImport.time_import": {"result": [1.273974225471983e-07], "stats": [{"ci_99": [1.234836000138188e-07, 1.331473588022052e-07], "q_25": 1.2465581461813575e-07, "q_75": 1.296254546407493e-07, "min": 1.234836000138188e-07, "max": 1.331473588022052e-07, "mean": 1.2761838967644425e-07, "std": 3.161997755307957e-09, "repeat": 10, "number": 83123}]}, "readwrite.TimeRead.time_asia_read": {"result": [0.15979147562757134], "stats": [{"ci_99": [-0.2222857060842216, 0.541868657339364], "q_25": 0.15597070381045341, "q_75": 0.16361224744468927, "min": 0.15214993199333549, "max": 0.1674330192618072, "mean": 0.15979147562757134, "std": 0.007641543634235859, "repeat": 2, "number": 1}]}, "readwrite.TimeRead.time_asia_write": {"result": [0.0003501847713778261], "stats": [{"ci_99": [-0.006931296204129467, 0.007631665746885113], "q_25": 0.0002773699616227532, "q_75": 0.00042299958113289904, "min": 0.00020455515186768025, "max": 0.000495814390887972, "mean": 0.0003501847713778261, "std": 0.00014562961951014586, "repeat": 2, "number": 64}]}, "readwrite.TimeRead.time_munin_read": {"result": [5.677721805870533], "stats": [{"ci_99": [3.190684544853866, 8.164759066887198], "q_25": 5.652851433260366, "q_75": 5.7025921784807, "min": 5.6279810606502, "max": 5.727462551090866, "mean": 5.677721805870533, "std": 0.04974074522033334, "repeat": 2, "number": 1}]}, "readwrite.TimeRead.time_munin_write": {"result": [0.04052338842302561], "stats": [{"ci_99": [0.012882805429399014, 0.06816397141665217], "q_25": 0.04024698259308934, "q_75": 0.040799794252961874, "min": 0.039970576763153076, "max": 0.04107620008289814, "mean": 0.04052338842302561, "std": 0.0005528116598725319, "repeat": 2, "number": 1}]}, "readwrite.TimeRead.time_pathfinder_read": {"result": [6.33623050712049], "stats": [{"ci_99": [5.273543463088572, 7.398917551152407], "q_25": 6.325603636680171, "q_75": 6.346857377560809, "min": 6.314976766239852, "max": 6.357484248001128, "mean": 6.33623050712049, "std": 0.02125374088063836, "repeat": 2, "number": 1}]}, "readwrite.TimeRead.time_pathfinder_write": {"result": [0.025016895961016417], "stats": [{"ci_99": [0.019752804655581713, 0.030280987266451117], "q_25": 0.02496425504796207, "q_75": 0.025069536874070764, "min": 0.024911614134907722, "max": 0.02512217778712511, "mean": 0.025016895961016417, "std": 0.00010528182610869408, "repeat": 2, "number": 1}]}, "sampling.TimeSampling.time_forward_sample": {"result": [0.644720456795767], "stats": [{"ci_99": [0.5967238591983914, 0.6641449299640954], "q_25": 0.6050276539754122, "q_75": 0.6574854223290458, "min": 0.5967238591983914, "max": 0.6641449299640954, "mean": 0.633727625478059, "std": 0.026852409520081756, "repeat": 10, "number": 1}]}, "sampling.TimeSampling.time_gibbs_sampling": null, "sampling.TimeSampling.time_likelihood_sample": {"result": [0.659595969831571], "stats": [{"ci_99": [0.6306775002740324, 0.7040253379382193], "q_25": 0.6393046355806291, "q_75": 0.6888559065992013, "min": 0.6306775002740324, "max": 0.7040253379382193, "mean": 0.6638144791126251, "std": 0.026395216430529087, "repeat": 10, "number": 1}]}, "sampling.TimeSampling.time_rejection_sample": {"result": [98.79159463313408], "stats": [{"ci_99": [74.31806598766707, 123.26512327860107], "q_25": 98.54685934667941, "q_75": 99.03632991958875, "min": 98.30212406022474, "max": 99.28106520604342, "mean": 98.79159463313408, "std": 0.48947057290934026, "repeat": 2, "number": 1}]}, "structure_learning.TimeHillClimb.time_hillclimb": null, "structure_learning.TimePC.time_pc_orig": {"result": [37.30165177304298], "stats": [{"ci_99": [33.77893342450261, 40.82437012158334], "q_25": 37.26642458955757, "q_75": 37.33687895652838, "min": 37.23119740607217, "max": 37.372106140013784, "mean": 37.30165177304298, "std": 0.07045436697080731, "repeat": 2, "number": 1}]}, "structure_learning.TimePC.time_pc_stable": {"result": [45.00355034763925], "stats": [{"ci_99": [39.44057582342066, 50.56652487185783], "q_25": 44.94792060239706, "q_75": 45.059180092881434, "min": 44.892290857154876, "max": 45.11480983812362, "mean": 45.00355034763925, "std": 0.11125949048437178, "repeat": 2, "number": 1}]}}, "params": {"arch": "x86_64", "cpu": "Intel(R) Core(TM) i9-9820X CPU @ 3.30GHz", "machine": "graveyard", "num_cpu": "20", "os": "Linux 4.15.0-112-generic", "ram": "131688676", "python": "3.7"}, "requirements": {}, "commit_hash": "5756e278a8467120440ff27599b6fb58d023aaa6", "date": 1606963356000, "env_name": "conda-py3.7", "python": "3.7", "profiles": {}, "started_at": {"factor.TimeDiscreteFactor.time_factor_marginalize": 1610317046053, "factor.TimeDiscreteFactor.time_factor_multiply_large": 1610317046261, "factor.TimeDiscreteFactor.time_factor_reduce": 1610317046466, "import.TimeImport.time_import": 1610317046673, "readwrite.TimeRead.time_asia_read": 1610317046880, "readwrite.TimeRead.time_asia_write": 1610317073244, "readwrite.TimeRead.time_munin_read": 1610317099465, "readwrite.TimeRead.time_munin_write": 1610317139071, "readwrite.TimeRead.time_pathfinder_read": 1610317165291, "readwrite.TimeRead.time_pathfinder_write": 1610317204800, "sampling.TimeSampling.time_forward_sample": 1610317231025, "sampling.TimeSampling.time_gibbs_sampling": 1610316066287, "sampling.TimeSampling.time_likelihood_sample": 1610317236149, "sampling.TimeSampling.time_rejection_sample": 1610317241468, "structure_learning.TimeHillClimb.time_hillclimb": 1610316870839, "structure_learning.TimePC.time_pc_orig": 1610317439252, "structure_learning.TimePC.time_pc_stable": 1610317518803}, "ended_at": {"factor.TimeDiscreteFactor.time_factor_marginalize": 1610317046261, "factor.TimeDiscreteFactor.time_factor_multiply_large": 1610317046466, "factor.TimeDiscreteFactor.time_factor_reduce": 1610317046673, "import.TimeImport.time_import": 1610317046879, "readwrite.TimeRead.time_asia_read": 1610317073244, "readwrite.TimeRead.time_asia_write": 1610317099465, "readwrite.TimeRead.time_munin_read": 1610317139071, "readwrite.TimeRead.time_munin_write": 1610317165291, "readwrite.TimeRead.time_pathfinder_read": 1610317204800, "readwrite.TimeRead.time_pathfinder_write": 1610317231025, "sampling.TimeSampling.time_forward_sample": 1610317236148, "sampling.TimeSampling.time_gibbs_sampling": 1610316666574, "sampling.TimeSampling.time_likelihood_sample": 1610317241468, "sampling.TimeSampling.time_rejection_sample": 1610317439251, "structure_learning.TimeHillClimb.time_hillclimb": 1610316871798, "structure_learning.TimePC.time_pc_orig": 1610317518803, "structure_learning.TimePC.time_pc_stable": 1610317613635}, "benchmark_version": {"factor.TimeDiscreteFactor.time_factor_marginalize": "a3ae79cdcf3bcd4bc49df94b3b3d5f93c4126249a9b3cf2481ac381ee836f851", "factor.TimeDiscreteFactor.time_factor_multiply_large": "cfb6b66fddb2953948ffb6566ae101535dd1e8d0fd9af855331f39ef905f4450",