{"results": {"factor.TimeDiscreteFactor.time_factor_marginalize": {"result": [6.470337838811033e-05], "stats": [{"ci_99": [6.352713441147524e-05, 6.579033044331214e-05], "q_25": 6.360875387840411e-05, "q_75": 6.568841088344069e-05, "min": 6.352713441147524e-05, "max": 6.579033044331214e-05, "mean": 6.466768791570383e-05, "std": 1.0232051589574207e-06, "repeat": 10, "number": 170}]}, "factor.TimeDiscreteFactor.time_factor_multiply_large": {"result": [5.219944436194861e-05], "stats": [{"ci_99": [5.149677524278904e-05, 5.623818434811578e-05], "q_25": 5.196122764586815e-05, "q_75": 5.245819605262996e-05, "min": 5.149677524278904e-05, "max": 5.623818434811578e-05, "mean": 5.258038052784398e-05, "std": 1.2703810259834339e-06, "repeat": 10, "number": 203}]}, "factor.TimeDiscreteFactor.time_factor_reduce": {"result": [3.0449004496920075e-05], "stats": [{"ci_99": [3.0067861400395206e-05, 3.064557226817724e-05], "q_25": 3.0163806305403012e-05, "q_75": 3.056678077723714e-05, "min": 3.0067861400395206e-05, "max": 3.064557226817724e-05, "mean": 3.0375143411678705e-05, "std": 2.1810732022790399e-07, "repeat": 10, "number": 349}]}, "import.TimeImport.time_import": {"result": [1.4619305209762464e-07], "stats": [{"ci_99": [1.4304802053232394e-07, 1.6068538981441743e-07], "q_25": 1.4591714431288814e-07, "q_75": 1.5313676520773546e-07, "min": 1.4304802053232394e-07, "max": 1.6068538981441743e-07, "mean": 1.4899273149984242e-07, "std": 5.831757569695487e-09, "repeat": 10, "number": 76783}]}, "inference.TimeVariableElimination.time_query_alarm": {"result": [0.08589914254844189], "stats": [{"ci_99": [0.08144615566785574, 0.09054766805414914], "q_25": 0.08459139615297318, "q_75": 0.08730465825647116, "min": 0.0842279065400362, "max": 0.0879614558070898, "mean": 0.08599691186100245, "std": 0.0015671542487692668, "repeat": 4, "number": 1}]}, "inference.TimeVariableElimination.time_query_munin": {"result": [0.6257562334649265], "stats": [{"ci_99": [0.6133866804906667, 0.6356038277714012], "q_25": 0.6225742336828262, "q_75": 0.6276772539131343, "min": 0.6179494047537446, "max": 0.6285191448405385, "mean": 0.624495254131034, "std": 0.0041110138010575096, "repeat": 4, "number": 1}]}, "readwrite.TimeRead.time_asia_read": {"result": [0.009252784308046103], "stats": [{"ci_99": [0.008254872169345617, 0.010250696446746588], "q_25": 0.009242805186659098, "q_75": 0.009262763429433107, "min": 0.009232826065272093, "max": 0.009272742550820112, "mean": 0.009252784308046103, "std": 1.9958242774009705e-05, "repeat": 2, "number": 2}]}, "readwrite.TimeRead.time_asia_write": {"result": [0.0007563096652221349], "stats": [{"ci_99": [-0.018847511188747983, 0.020360130519192235], "q_25": 0.0005602714566824337, "q_75": 0.000952347873761836, "min": 0.00036423324814273254, "max": 0.0011483860823015373, "mean": 0.0007563096652221349, "std": 0.00039207641707940236, "repeat": 2, "number": 36}]}, "readwrite.TimeRead.time_munin_read": {"result": [5.433637867216021], "stats": [{"ci_99": [4.036380080040544, 6.8308956543914965], "q_25": 5.419665289344266, "q_75": 5.447610445087776, "min": 5.405692711472511, "max": 5.46158302295953, "mean": 5.433637867216021, "std": 0.02794515574350953, "repeat": 2, "number": 1}]}, "readwrite.TimeRead.time_munin_write": {"result": [0.14037102228030562], "stats": [{"ci_99": [0.1356250257231295, 0.14511701883748174], "q_25": 0.14032356231473386, "q_75": 0.14041848224587739, "min": 0.1402761023491621, "max": 0.14046594221144915, "mean": 0.14037102228030562, "std": 9.491993114352226e-05, "repeat": 2, "number": 1}]}, "readwrite.TimeRead.time_pathfinder_read": {"result": [6.045952091459185], "stats": [{"ci_99": [5.252770103048533, 6.839134079869836], "q_25": 6.038020271575078, "q_75": 6.053883911343291, "min": 6.030088451690972, "max": 6.061815731227398, "mean": 6.045952091459185, "std": 0.015863639768213034, "repeat": 2, "number": 1}]}, "readwrite.TimeRead.time_pathfinder_write": {"result": [0.13377743493765593], "stats": [{"ci_99": [0.11748701985925436, 0.1500678500160575], "q_25": 0.1336145307868719, "q_75": 0.13394033908843994, "min": 0.1334516266360879, "max": 0.13410324323922396, "mean": 0.13377743493765593, "std": 0.0003258083015680313, "repeat": 2, "number": 1}]}, "sampling.TimeSampling.time_forward_sample": {"result": [0.21824564971029758], "stats": [{"ci_99": [0.21527829207479954, 0.23206453770399094], "q_25": 0.21644453098997474, "q_75": 0.2209448148496449, "min": 0.21527829207479954, "max": 0.23206453770399094, "mean": 0.21958227567374705, "std": 0.004799862979133326, "repeat": 10, "number": 1}]}, "sampling.TimeSampling.time_gibbs_sampling": null, "sampling.TimeSampling.time_likelihood_sample": {"result": [0.2258777553215623], "stats": [{"ci_99": [0.22370975464582443, 0.25846257619559765], "q_25": 0.22475352021865547, "q_75": 0.23034215671941638, "min": 0.22370975464582443, "max": 0.25846257619559765, "mean": 0.2314184474758804, "std": 0.01100996729404923, "repeat": 10, "number": 1}]}, "sampling.TimeSampling.time_rejection_sample": {"result": [41.03922904934734], "stats": [{"ci_99": [37.884454620070755, 44.19400347862393], "q_25": 41.007681305054575, "q_75": 41.07077679364011, "min": 40.97613356076181, "max": 41.10232453793287, "mean": 41.03922904934734, "std": 0.06309548858553171, "repeat": 2, "number": 1}]}, "structure_learning.TimeHillClimb.time_hillclimb": null, "structure_learning.TimePC.time_pc_orig": {"result": [35.50407987460494], "stats": [{"ci_99": [30.41218932159245, 40.595970427617424], "q_25": 35.453160969074816, "q_75": 35.554998780135065, "min": 35.40224206354469, "max": 35.60591768566519, "mean": 35.50407987460494, "std": 0.1018378110602498, "repeat": 2, "number": 1}]}, "structure_learning.TimePC.time_pc_stable": {"result": [35.49496414978057], "stats": [{"ci_99": [34.62019055057317, 36.36973774898797], "q_25": 35.4862164137885, "q_75": 35.503711885772645, "min": 35.47746867779642, "max": 35.51245962176472, "mean": 35.49496414978057, "std": 0.017495471984148026, "repeat": 2, "number": 1}]}}, "params": {"arch": "x86_64", "cpu": "Intel(R) Core(TM) i9-9820X CPU @ 3.30GHz", "machine": "graveyard", "num_cpu": "20", "os": "Linux 4.15.0-112-generic", "ram": "131688676", "python": "3.8"}, "requirements": {}, "commit_hash": "578a839ed9a5d6603d5fc9dd4411aa2d1304c712", "date": 1646319633000, "env_name": "conda-py3.8", "python": "3.8", "profiles": {}, "started_at": {"factor.TimeDiscreteFactor.time_factor_marginalize": 1648687149661, "factor.TimeDiscreteFactor.time_factor_multiply_large": 1648687149869, "factor.TimeDiscreteFactor.time_factor_reduce": 1648687150076, "import.TimeImport.time_import": 1648687150284, "inference.TimeVariableElimination.time_query_alarm": 1648687150491, "inference.TimeVariableElimination.time_query_munin": 1648687169693, "readwrite.TimeRead.time_asia_read": 1648687190243, "readwrite.TimeRead.time_asia_write": 1648687215109, "readwrite.TimeRead.time_munin_read": 1648687239975, "readwrite.TimeRead.time_munin_write": 1648687277521, "readwrite.TimeRead.time_pathfinder_read": 1648687302638, "readwrite.TimeRead.time_pathfinder_write": 1648687340682, "sampling.TimeSampling.time_forward_sample": 1648687365750, "sampling.TimeSampling.time_gibbs_sampling": 1648686316827, "sampling.TimeSampling.time_likelihood_sample": 1648687367763, "sampling.TimeSampling.time_rejection_sample": 1648687369828, "structure_learning.TimeHillClimb.time_hillclimb": 1648687001703, "structure_learning.TimePC.time_pc_orig": 1648687451832, "structure_learning.TimePC.time_pc_stable": 1648687525407}, "ended_at": {"factor.TimeDiscreteFactor.time_factor_marginalize": 1648687149869, "factor.TimeDiscreteFactor.time_factor_multiply_large": 1648687150076, "factor.TimeDiscreteFactor.time_factor_reduce": 1648687150283, "import.TimeImport.time_import": 1648687150491, "inference.TimeVariableElimination.time_query_alarm": 1648687169693, "inference.TimeVariableElimination.time_query_munin": 1648687190243, "readwrite.TimeRead.time_asia_read": 1648687215108,