{"results": {"factor.TimeDiscreteFactor.time_factor_compare": {"result": [6.782532436773182e-05], "stats": [{"ci_99": [6.646832916885614e-05, 6.95507973432541e-05], "q_25": 6.682558450847863e-05, "q_75": 6.889794021844864e-05, "min": 6.646832916885614e-05, "max": 6.95507973432541e-05, "mean": 6.788111641071737e-05, "std": 1.144257756307803e-06, "repeat": 10, "number": 160}]}, "factor.TimeDiscreteFactor.time_factor_marginalize": {"result": [6.362685967169836e-05], "stats": [{"ci_99": [6.307505383462963e-05, 6.4004123389364e-05], "q_25": 6.332537884305337e-05, "q_75": 6.387440465435297e-05, "min": 6.307505383462963e-05, "max": 6.4004123389364e-05, "mean": 6.359258477023976e-05, "std": 3.244120839796785e-07, "repeat": 10, "number": 167}]}, "factor.TimeDiscreteFactor.time_factor_multiply_large": {"result": [4.709527385815726e-05], "stats": [{"ci_99": [4.543505324903181e-05, 4.801686884740652e-05], "q_25": 4.643013393032854e-05, "q_75": 4.758884325244669e-05, "min": 4.543505324903181e-05, "max": 4.801686884740652e-05, "mean": 4.693933888890986e-05, "std": 8.362952898029777e-07, "repeat": 10, "number": 236}]}, "factor.TimeDiscreteFactor.time_factor_reduce": {"result": [2.5465365718392765e-05], "stats": [{"ci_99": [2.5185144999447992e-05, 2.5672895066878377e-05], "q_25": 2.5392176912111395e-05, "q_75": 2.564646303653717e-05, "min": 2.5185144999447992e-05, "max": 2.5672895066878377e-05, "mean": 2.5481627267949726e-05, "std": 1.6348096411003115e-07, "repeat": 10, "number": 425}]}, "import.TimeImport.time_import": {"result": [1.1697240435002711e-07], "stats": [{"ci_99": [1.1436185079950343e-07, 1.2034029938077874e-07], "q_25": 1.1548218716193946e-07, "q_75": 1.1866129810646798e-07, "min": 1.1436185079950343e-07, "max": 1.2034029938077874e-07, "mean": 1.1709069148464925e-07, "std": 1.9459731501903498e-09, "repeat": 10, "number": 91226}]}, "inference.TimeBeliefPropagation.time_query_alarm": {"result": [244.4241769965738], "stats": [{"ci_99": [242.26783321984112, 246.5805207733065], "q_25": 244.40261355880648, "q_75": 244.44574043434113, "min": 244.38105012103915, "max": 244.46730387210846, "mean": 244.4241769965738, "std": 0.043126875534653664, "repeat": 2, "number": 1}]}, "inference.TimeVariableElimination.time_query_alarm": {"result": [0.14470284152776003], "stats": [{"ci_99": [0.1275595160361442, 0.17089239655322702], "q_25": 0.1441027927212417, "q_75": 0.14982600510120392, "min": 0.14266165159642696, "max": 0.1648364905267954, "mean": 0.1492259562946856, "std": 0.00905158343385352, "repeat": 4, "number": 1}]}, "inference.TimeVariableElimination.time_query_munin": null, "parameter_learning.TimeBayesianEstimator.time_alarm_bayesian_estimator": null, "parameter_learning.TimeBayesianEstimator.time_munin_bayesian_estimator": null, "parameter_learning.TimeExpectationMaximization.time_alarm_em": null, "parameter_learning.TimeExpectationMaximization.time_munin_em": null, "parameter_learning.TimeMLE.time_alarm_mle": null, "parameter_learning.TimeMLE.time_munin_mle": null, "readwrite.TimeRead.time_asia_read": {"result": [0.1507113203406334], "stats": [{"ci_99": [-0.29464275762438774, 0.5960653983056541], "q_25": 0.14625777956098318, "q_75": 0.1551648611202836, "min": 0.14180423878133297, "max": 0.15961840189993382, "mean": 0.1507113203406334, "std": 0.008907081559300423, "repeat": 2, "number": 1}]}, "readwrite.TimeRead.time_asia_write": {"result": [0.0003596478834366187], "stats": [{"ci_99": [-0.008532900649767656, 0.009252196416640884], "q_25": 0.00027072239810457593, "q_75": 0.00044857336876866146, "min": 0.00018179691277253322, "max": 0.0005374988541007042, "mean": 0.0003596478834366187, "std": 0.00017785097066408547, "repeat": 2, "number": 78}]}, "readwrite.TimeRead.time_munin_read": {"result": [4.951856518164277], "stats": [{"ci_99": [4.799352819100022, 5.104360217228532], "q_25": 4.9503314811736345, "q_75": 4.95338155515492, "min": 4.948806444182992, "max": 4.954906592145562, "mean": 4.951856518164277, "std": 0.003050073981285095, "repeat": 2, "number": 1}]}, "readwrite.TimeRead.time_munin_write": {"result": [0.04216524865478277], "stats": [{"ci_99": [-0.3487995443865657, 0.4331300416961309], "q_25": 0.03825560072436929, "q_75": 0.04607489658519626, "min": 0.0343459527939558, "max": 0.04998454451560974, "mean": 0.04216524865478277, "std": 0.00781929586082697, "repeat": 2, "number": 1}]}, "readwrite.TimeRead.time_pathfinder_read": {"result": [5.485742027871311], "stats": [{"ci_99": [4.460010119713843, 6.511473936028778], "q_25": 5.475484708789736, "q_75": 5.495999346952885, "min": 5.465227389708161, "max": 5.50625666603446, "mean": 5.485742027871311, "std": 0.020514638163149357, "repeat": 2, "number": 1}]}, "readwrite.TimeRead.time_pathfinder_write": {"result": [0.022336103953421116], "stats": [{"ci_99": [-0.04234988335520029, 0.08702209126204247], "q_25": 0.021689244080334902, "q_75": 0.02298296382650733, "min": 0.021042384207248688, "max": 0.023629823699593544, "mean": 0.022336103953421116, "std": 0.0012937197461724281, "repeat": 2, "number": 1}]}, "sampling.TimeSampling.time_forward_sample": null, "sampling.TimeSampling.time_gibbs_sampling": null, "sampling.TimeSampling.time_likelihood_sample": {"result": [4.374507748521864], "stats": [{"ci_99": [4.3542901224490995, 4.398160241261423], "q_25": 4.371524130925536, "q_75": 4.37920879945159, "min": 4.366568610072136, "max": 4.3893166203051805, "mean": 4.376225181855261, "std": 0.008277704322708999, "repeat": 4, "number": 1}]}, "sampling.TimeSampling.time_rejection_sample": null, "structure_learning.TimeHillClimbAlarmModel.time_hillclimb": null, "structure_learning.TimeMmhcAlarmModel.time_mmhc": null, "structure_learning.TimePCAlarmModel.time_pc_orig": null, "structure_learning.TimePCAlarmModel.time_pc_stable": null, "structure_learning.TimeTreeSearchAlarmModel.time_tan": null}, "params": {"arch": "x86_64", "cpu": "Intel(R) Core(TM) i9-9820X CPU @ 3.30GHz", "machine": "graveyard", "num_cpu": "20", "os": "Linux 4.15.0-112-generic", "ram": "131688676", "python": "3.9"}, "requirements": {}, "commit_hash": "5ef14685cfce100cca733acf0c7b0f2ebd8c7397", "date": 1596876555000, "env_name": "conda-py3.9", "python": "3.9", "profiles": {}, "started_at": {"factor.TimeDiscreteFactor.time_factor_compare": 1654384340734, "factor.TimeDiscreteFactor.time_factor_marginalize": 1654384340942, "factor.TimeDiscreteFactor.time_factor_multiply_large": 1654384341149, "factor.TimeDiscreteFactor.time_factor_reduce": 1654384341356, "import.TimeImport.time_import": 1654384341563, "inference.TimeBeliefPropagation.time_query_alarm": 1654384341770, "inference.TimeVariableElimination.time_query_alarm": 1654384831041, "inference.TimeVariableElimination.time_query_munin": 1654383500804, "parameter_learning.TimeBayesianEstimator.time_alarm_bayesian_estimator": 1654383560880, "parameter_learning.TimeBayesianEstimator.time_munin_bayesian_estimator": 1654383560937, "parameter_learning.TimeExpectationMaximization.time_alarm_em": 1654383560994, "parameter_learning.TimeExpectationMaximization.time_munin_em": 1654383561050, "parameter_learning.TimeMLE.time_alarm_mle": 1654383561107, "parameter_learning.TimeMLE.time_munin_mle": 1654383561163, "readwrite.TimeRead.time_asia_read": 1654384849464, "readwrite.TimeRead.time_asia_write": 1654384872836, "readwrite.TimeRead.time_munin_read": 1654384896058, "readwrite.TimeRead.time_munin_write": 1654384931312, "readwrite.TimeRead.time_pathfinder_read": 1654384954483, "readwrite.TimeRead.time_pathfinder_write": 1654384989536, "sampling.TimeSampling.time_forward_sample": 1654383724662, "sampling.TimeSampling.time_gibbs_sampling": 1654383724919, "sampling.TimeSampling.time_likelihood_sample": 1654385012659, "sampling.TimeSampling.time_rejection_sample": 1654384339188, "structure_learning.TimeHillClimbAlarmModel.time_hillclimb": 1654384339446, "structure_learning.TimeMmhcAlarmModel.time_mmhc": 1654384339704, "structure_learning.TimePCAlarmModel.time_pc_orig": 1654384339961,