{"results": {"factor.TimeDiscreteFactor.time_factor_marginalize": {"result": [6.39882385295037e-05], "stats": [{"ci_99": [6.339028041962295e-05, 7.196119305683159e-05], "q_25": 6.362751169860015e-05, "q_75": 6.414041990599437e-05, "min": 6.339028041962295e-05, "max": 7.196119305683159e-05, "mean": 6.467838668160969e-05, "std": 2.4455767644451683e-06, "repeat": 10, "number": 171}]}, "factor.TimeDiscreteFactor.time_factor_multiply_large": {"result": [5.510337554763273e-05], "stats": [{"ci_99": [5.477418182129712e-05, 5.5499835727141074e-05], "q_25": 5.508142945923142e-05, "q_75": 5.5226187711370356e-05, "min": 5.477418182129712e-05, "max": 5.5499835727141074e-05, "mean": 5.511579478217154e-05, "std": 1.9302750120759633e-07, "repeat": 10, "number": 194}]}, "factor.TimeDiscreteFactor.time_factor_reduce": {"result": [3.212948747045562e-05], "stats": [{"ci_99": [3.189460902256499e-05, 3.241686266501509e-05], "q_25": 3.200262171445685e-05, "q_75": 3.226268732538916e-05, "min": 3.189460902256499e-05, "max": 3.241686266501509e-05, "mean": 3.213823140109682e-05, "std": 1.5908377363138754e-07, "repeat": 10, "number": 337}]}, "import.TimeImport.time_import": {"result": [1.279261070046418e-07], "stats": [{"ci_99": [1.2671235074810675e-07, 1.2960874982745335e-07], "q_25": 1.2765932879398144e-07, "q_75": 1.286495825269361e-07, "min": 1.2671235074810675e-07, "max": 1.2960874982745335e-07, "mean": 1.2809882206238274e-07, "std": 8.395236704653081e-10, "repeat": 10, "number": 85039}]}, "readwrite.TimeRead.time_asia_read": {"result": [0.14234368037432432], "stats": [{"ci_99": [0.1360437022522092, 0.14864365849643946], "q_25": 0.14228068059310317, "q_75": 0.14240668015554547, "min": 0.14221768081188202, "max": 0.14246967993676662, "mean": 0.14234368037432432, "std": 0.0001259995624423027, "repeat": 2, "number": 1}]}, "readwrite.TimeRead.time_asia_write": {"result": [0.00044811128209980706], "stats": [{"ci_99": [-0.010398713738790581, 0.011294936302990185], "q_25": 0.0003396430318909032, "q_75": 0.000556579532308711, "min": 0.00023117478168199933, "max": 0.0006650477825176148, "mean": 0.00044811128209980706, "std": 0.00021693650041780776, "repeat": 2, "number": 63}]}, "readwrite.TimeRead.time_munin_read": {"result": [5.734731130301952], "stats": [{"ci_99": [4.77437699586153, 6.6950852647423735], "q_25": 5.725127588957548, "q_75": 5.744334671646357, "min": 5.715524047613144, "max": 5.753938212990761, "mean": 5.734731130301952, "std": 0.01920708268880844, "repeat": 2, "number": 1}]}, "readwrite.TimeRead.time_munin_write": {"result": [0.04187067784368992], "stats": [{"ci_99": [0.040937772020697594, 0.04280358366668224], "q_25": 0.041861348785459995, "q_75": 0.04188000690191984, "min": 0.04185201972723007, "max": 0.041889335960149765, "mean": 0.04187067784368992, "std": 1.8658116459846497e-05, "repeat": 2, "number": 1}]}, "readwrite.TimeRead.time_pathfinder_read": {"result": [6.35117653850466], "stats": [{"ci_99": [6.046378082595766, 6.655974994413555], "q_25": 6.348128553945571, "q_75": 6.354224523063749, "min": 6.345080569386482, "max": 6.357272507622838, "mean": 6.35117653850466, "std": 0.006095969118177891, "repeat": 2, "number": 1}]}, "readwrite.TimeRead.time_pathfinder_write": {"result": [0.02508919406682253], "stats": [{"ci_99": [0.015145323239266872, 0.03503306489437818], "q_25": 0.024989755358546972, "q_75": 0.025188632775098085, "min": 0.024890316650271416, "max": 0.025288071483373642, "mean": 0.02508919406682253, "std": 0.00019887741655111313, "repeat": 2, "number": 1}]}, "sampling.TimeSampling.time_forward_sample": null, "sampling.TimeSampling.time_gibbs_sampling": null, "sampling.TimeSampling.time_likelihood_sample": {"result": [5.476923940703273], "stats": [{"ci_99": [5.408763142302632, 5.545084739103913], "q_25": 5.476242332719266, "q_75": 5.477605548687279, "min": 5.47556072473526, "max": 5.478287156671286, "mean": 5.476923940703273, "std": 0.0013632159680128098, "repeat": 2, "number": 1}]}, "sampling.TimeSampling.time_rejection_sample": null, "structure_learning.TimeHillClimb.time_hillclimb": null, "structure_learning.TimePC.time_pc_orig": {"result": [39.332999830599874], "stats": [{"ci_99": [37.07624073745683, 41.58975892374292], "q_25": 39.310432239668444, "q_75": 39.355567421531305, "min": 39.28786464873701, "max": 39.378135012462735, "mean": 39.332999830599874, "std": 0.04513518186286092, "repeat": 2, "number": 1}]}, "structure_learning.TimePC.time_pc_stable": {"result": [47.58856566157192], "stats": [{"ci_99": [42.657155212946236, 52.5199761101976], "q_25": 47.53925155708566, "q_75": 47.63787976605818, "min": 47.489937452599406, "max": 47.687193870544434, "mean": 47.58856566157192, "std": 0.09862820897251368, "repeat": 2, "number": 1}]}, "factor.TimeDiscreteFactor.time_factor_compare": {"result": [7.496100281261736e-05], "stats": [{"ci_99": [7.474941149767902e-05, 7.621943950653076e-05], "q_25": 7.487693478146361e-05, "q_75": 7.51038929188831e-05, "min": 7.474941149767902e-05, "max": 7.621943950653076e-05, "mean": 7.510517154716784e-05, "std": 4.0838591971815983e-07, "repeat": 10, "number": 144}]}, "inference.TimeBeliefPropagation.time_query_alarm": {"result": [49.56551397591829], "stats": [{"ci_99": [38.71288372576237, 60.41814422607421], "q_25": 49.456987673416734, "q_75": 49.67404027841985, "min": 49.348461370915174, "max": 49.78256658092141, "mean": 49.56551397591829, "std": 0.21705260500311852, "repeat": 2, "number": 1}]}, "inference.TimeVariableElimination.time_query_alarm": {"result": [1.1085391659289598], "stats": [{"ci_99": [1.0836002255573538, 1.1327407921880814], "q_25": 1.102961752563715, "q_75": 1.1137479222379625, "min": 1.0957081820815802, "max": 1.1198955215513706, "mean": 1.1081705088727176, "std": 0.008846226913857985, "repeat": 4, "number": 1}]}, "inference.TimeVariableElimination.time_query_munin": null, "parameter_learning.TimeBayesianEstimator.time_alarm_bayesian_estimator": null, "parameter_learning.TimeBayesianEstimator.time_munin_bayesian_estimator": null, "parameter_learning.TimeExpectationMaximization.time_alarm_em": null, "parameter_learning.TimeExpectationMaximization.time_munin_em": null, "parameter_learning.TimeMLE.time_alarm_mle": null, "parameter_learning.TimeMLE.time_munin_mle": null, "structure_learning.TimeHillClimbAlarmModel.time_hillclimb": null, "structure_learning.TimeMmhcAlarmModel.time_mmhc": null, "structure_learning.TimePCAlarmModel.time_pc_orig": null, "structure_learning.TimePCAlarmModel.time_pc_stable": null, "structure_learning.TimeTreeSearchAlarmModel.time_tan": null}, "params": {"arch": "x86_64", "cpu": "Intel(R) Core(TM) i9-9820X CPU @ 3.30GHz", "machine": "graveyard", "num_cpu": "20", "os": "Linux 4.15.0-112-generic", "ram": "131688676", "python": "3.6"}, "requirements": {}, "commit_hash": "604f1f90f0baf230af884555f0e70ea2d36b04bb", "date": 1596874853000, "env_name": "conda-py3.6", "python": "3.6", "profiles": {}, "started_at": {"factor.TimeDiscreteFactor.time_factor_marginalize": 1654373494898, "factor.TimeDiscreteFactor.time_factor_multiply_large": 1654373495105, "factor.TimeDiscreteFactor.time_factor_reduce": 1654373495312, "import.TimeImport.time_import": 1654373495519, "readwrite.TimeRead.time_asia_read": 1654373618019, "readwrite.TimeRead.time_asia_write": 1654373644249, "readwrite.TimeRead.time_munin_read": 1654373670277, "readwrite.TimeRead.time_munin_write": 1654373709438, "readwrite.TimeRead.time_pathfinder_read": 1654373735567, "readwrite.TimeRead.time_pathfinder_write": 1654373774881, "sampling.TimeSampling.time_forward_sample": 1654372881142, "sampling.TimeSampling.time_gibbs_sampling": 1654372881449, "sampling.TimeSampling.time_likelihood_sample": 1654373800960, "sampling.TimeSampling.time_rejection_sample": 1654373493102, "structure_learning.TimeHillClimb.time_hillclimb": 1610428207569, "structure_learning.TimePC.time_pc_orig": 1610428620493, "structure_learning.TimePC.time_pc_stable": 1610428710190, "factor.TimeDiscreteFactor.time_factor_compare": 1654373494691,