{"results": {"factor.TimeDiscreteFactor.time_factor_marginalize": {"result": [6.117630705592178e-05], "stats": [{"ci_99": [6.0454565322115306e-05, 6.202333385036105e-05], "q_25": 6.0545959665129587e-05, "q_75": 6.177285242648352e-05, "min": 6.0454565322115306e-05, "max": 6.202333385036105e-05, "mean": 6.119511422834225e-05, "std": 6.468725127704089e-07, "repeat": 10, "number": 168}]}, "factor.TimeDiscreteFactor.time_factor_multiply_large": {"result": [4.9054406063501225e-05], "stats": [{"ci_99": [4.8154341273529584e-05, 5.027041878811149e-05], "q_25": 4.858248542214549e-05, "q_75": 4.9497778419145315e-05, "min": 4.8154341273529584e-05, "max": 5.027041878811149e-05, "mean": 4.9067199403463417e-05, "std": 6.636463987145278e-07, "repeat": 10, "number": 215}]}, "factor.TimeDiscreteFactor.time_factor_reduce": {"result": [2.880366891622543e-05], "stats": [{"ci_99": [2.82466858625412e-05, 2.9294500748316447e-05], "q_25": 2.8441088895003e-05, "q_75": 2.9206532984971998e-05, "min": 2.82466858625412e-05, "max": 2.9294500748316447e-05, "mean": 2.8798958659172063e-05, "std": 4.088578027133245e-07, "repeat": 10, "number": 375}]}, "import.TimeImport.time_import": {"result": [1.2920258119893157e-07], "stats": [{"ci_99": [1.2739406200387538e-07, 1.3065085790177516e-07], "q_25": 1.2744020667328202e-07, "q_75": 1.3050408644597794e-07, "min": 1.2739406200387538e-07, "max": 1.3065085790177516e-07, "mean": 1.2902944074388413e-07, "std": 1.4877035799757783e-09, "repeat": 10, "number": 86291}]}, "inference.TimeVariableElimination.time_query_alarm": {"result": [0.054023935459554195], "stats": [{"ci_99": [0.05322135023263543, 0.05493581884118468], "q_25": 0.05388116464018822, "q_75": 0.054221355356276035, "min": 0.053699539974331856, "max": 0.05456692725419998, "mean": 0.05407858453691006, "std": 0.0003168792108218644, "repeat": 4, "number": 1}]}, "inference.TimeVariableElimination.time_query_munin": {"result": [0.25141596514731646], "stats": [{"ci_99": [0.23084321042656544, 0.2795663086497818], "q_25": 0.25011270120739937, "q_75": 0.25650802347809076, "min": 0.24624507315456867, "max": 0.2717420347034931, "mean": 0.2552047595381737, "std": 0.009778391622876597, "repeat": 4, "number": 1}]}, "readwrite.TimeRead.time_asia_read": {"result": [0.008783821016550064], "stats": [{"ci_99": [0.008015898987650871, 0.009551743045449257], "q_25": 0.008776141796261072, "q_75": 0.008791500236839056, "min": 0.00876846257597208, "max": 0.008799179457128048, "mean": 0.008783821016550064, "std": 1.5358440577983856e-05, "repeat": 2, "number": 2}]}, "readwrite.TimeRead.time_asia_write": {"result": [0.000394446322960513], "stats": [{"ci_99": [-0.009628392676157614, 0.01041728532207863], "q_25": 0.0002942179329693317, "q_75": 0.0004946747129516943, "min": 0.0001939895429781505, "max": 0.0005949031029428755, "mean": 0.000394446322960513, "std": 0.0002004567799823625, "repeat": 2, "number": 70}]}, "readwrite.TimeRead.time_munin_read": {"result": [5.244105101563036], "stats": [{"ci_99": [4.535426224581897, 5.952783978544175], "q_25": 5.237018312793225, "q_75": 5.251191890332848, "min": 5.229931524023414, "max": 5.258278679102659, "mean": 5.244105101563036, "std": 0.014173577539622784, "repeat": 2, "number": 1}]}, "readwrite.TimeRead.time_munin_write": {"result": [0.04246846027672291], "stats": [{"ci_99": [0.03188798390328884, 0.05304893665015697], "q_25": 0.04236265551298857, "q_75": 0.04257426504045725, "min": 0.04225685074925423, "max": 0.04268006980419159, "mean": 0.04246846027672291, "std": 0.00021160952746868134, "repeat": 2, "number": 1}]}, "readwrite.TimeRead.time_pathfinder_read": {"result": [6.109269259497523], "stats": [{"ci_99": [-5.763094669207931, 17.981633188202967], "q_25": 5.990545620210469, "q_75": 6.227992898784578, "min": 5.871821980923414, "max": 6.346716538071632, "mean": 6.109269259497523, "std": 0.23744727857410908, "repeat": 2, "number": 1}]}, "readwrite.TimeRead.time_pathfinder_write": {"result": [0.028288481757044792], "stats": [{"ci_99": [0.02226375602185726, 0.034313207492232316], "q_25": 0.028228234499692917, "q_75": 0.028348729014396667, "min": 0.02816798724234104, "max": 0.028408976271748543, "mean": 0.028288481757044792, "std": 0.00012049451470375061, "repeat": 2, "number": 1}]}, "sampling.TimeSampling.time_forward_sample": {"result": [0.1962221385911107], "stats": [{"ci_99": [0.19322502240538597, 0.1987810768187046], "q_25": 0.1947900471277535, "q_75": 0.19733283249661326, "min": 0.19322502240538597, "max": 0.1987810768187046, "mean": 0.19599415007978677, "std": 0.0017947126601227513, "repeat": 10, "number": 1}]}, "sampling.TimeSampling.time_gibbs_sampling": null, "sampling.TimeSampling.time_likelihood_sample": {"result": [0.20560831483453512], "stats": [{"ci_99": [0.20159330032765865, 0.23367343470454216], "q_25": 0.20418402878567576, "q_75": 0.2070772424340248, "min": 0.20159330032765865, "max": 0.23367343470454216, "mean": 0.20795126240700484, "std": 0.008762491381151217, "repeat": 10, "number": 1}]}, "sampling.TimeSampling.time_rejection_sample": {"result": [34.36525927018374], "stats": [{"ci_99": [-61.62101941090077, 130.35153795126817], "q_25": 33.4053964833729, "q_75": 35.32512205699459, "min": 32.44553369656205, "max": 36.28498484380543, "mean": 34.36525927018374, "std": 1.9197255736216903, "repeat": 2, "number": 1}]}, "structure_learning.TimeHillClimb.time_hillclimb": null, "structure_learning.TimePC.time_pc_orig": {"result": [34.62207521870732], "stats": [{"ci_99": [32.44429239630699, 36.799858041107655], "q_25": 34.60029739048332, "q_75": 34.643853046931326, "min": 34.578519562259316, "max": 34.66563087515533, "mean": 34.62207521870732, "std": 0.04355565644800663, "repeat": 2, "number": 1}]}, "structure_learning.TimePC.time_pc_stable": {"result": [34.477639618329704], "stats": [{"ci_99": [32.332519442774355, 36.62275979388505], "q_25": 34.45618841657415, "q_75": 34.49909082008526, "min": 34.4347372148186, "max": 34.52054202184081, "mean": 34.477639618329704, "std": 0.04290240351110697, "repeat": 2, "number": 1}]}}, "params": {"arch": "x86_64", "cpu": "Intel(R) Core(TM) i9-9820X CPU @ 3.30GHz", "machine": "graveyard", "num_cpu": "20", "os": "Linux 4.15.0-112-generic", "ram": "131688676", "python": "3.8"}, "requirements": {}, "commit_hash": "60abe0a503810dc36a7a5d3e7f3e5b501df495d0", "date": 1623487324000, "env_name": "conda-py3.8", "python": "3.8", "profiles": {}, "started_at": {"factor.TimeDiscreteFactor.time_factor_marginalize": 1625113631633, "factor.TimeDiscreteFactor.time_factor_multiply_large": 1625113631841, "factor.TimeDiscreteFactor.time_factor_reduce": 1625113632047, "import.TimeImport.time_import": 1625113632254, "inference.TimeVariableElimination.time_query_alarm": 1625113632461, "inference.TimeVariableElimination.time_query_munin": 1625113650716, "readwrite.TimeRead.time_asia_read": 1625113669574, "readwrite.TimeRead.time_asia_write": 1625113693695, "readwrite.TimeRead.time_munin_read": 1625113717767, "readwrite.TimeRead.time_munin_write": 1625113754172, "readwrite.TimeRead.time_pathfinder_read": 1625113778496, "readwrite.TimeRead.time_pathfinder_write": 1625113816906, "sampling.TimeSampling.time_forward_sample": 1625113840979, "sampling.TimeSampling.time_gibbs_sampling": 1625112814803, "sampling.TimeSampling.time_likelihood_sample": 1625113842792, "sampling.TimeSampling.time_rejection_sample": 1625113844706, "structure_learning.TimeHillClimb.time_hillclimb": 1625113485773, "structure_learning.TimePC.time_pc_orig": 1625113917628, "structure_learning.TimePC.time_pc_stable": 1625113990532}, "ended_at": {"factor.TimeDiscreteFactor.time_factor_marginalize": 1625113631840, "factor.TimeDiscreteFactor.time_factor_multiply_large": 1625113632047, "factor.TimeDiscreteFactor.time_factor_reduce": 1625113632254, "import.TimeImport.time_import": 1625113632460, "inference.TimeVariableElimination.time_query_alarm": 1625113650716, "inference.TimeVariableElimination.time_query_munin": 1625113669573, "readwrite.TimeRead.time_asia_read": 1625113693695,