{"results": {"factor.TimeDiscreteFactor.time_factor_marginalize": {"result": [6.207997267622324e-05], "stats": [{"ci_99": [6.101016576091448e-05, 6.251087013099874e-05], "q_25": 6.111305750285587e-05, "q_75": 6.233354742150931e-05, "min": 6.101016576091448e-05, "max": 6.251087013099874e-05, "mean": 6.18037867492863e-05, "std": 6.197184620557976e-07, "repeat": 10, "number": 168}]}, "factor.TimeDiscreteFactor.time_factor_multiply_large": {"result": [4.938342807134746e-05], "stats": [{"ci_99": [4.917608300374018e-05, 5.0170664891812474e-05], "q_25": 4.9290401746311454e-05, "q_75": 4.9620498218948806e-05, "min": 4.917608300374018e-05, "max": 5.0170664891812474e-05, "mean": 4.951186584070395e-05, "std": 3.1467306207833995e-07, "repeat": 10, "number": 211}]}, "factor.TimeDiscreteFactor.time_factor_reduce": {"result": [2.9490395672717637e-05], "stats": [{"ci_99": [2.898386431400883e-05, 3.0054359409299564e-05], "q_25": 2.9115668574156424e-05, "q_75": 2.9834063532012746e-05, "min": 2.898386431400883e-05, "max": 3.0054359409299564e-05, "mean": 2.9489265799050594e-05, "std": 4.023089070243058e-07, "repeat": 10, "number": 379}]}, "import.TimeImport.time_import": {"result": [1.273713411544663e-07], "stats": [{"ci_99": [1.250578782066161e-07, 1.2953063511001348e-07], "q_25": 1.2649142665790632e-07, "q_75": 1.2896503024349023e-07, "min": 1.250578782066161e-07, "max": 1.2953063511001348e-07, "mean": 1.2747841314373155e-07, "std": 1.4698724937369569e-09, "repeat": 10, "number": 84295}]}, "inference.TimeVariableElimination.time_query_alarm": {"result": [0.0631084693595767], "stats": [{"ci_99": [0.06174135164621134, 0.0649256850287054], "q_25": 0.06288954429328442, "q_75": 0.06355244340375066, "min": 0.06277885288000107, "max": 0.06433828175067902, "mean": 0.06333351833745837, "std": 0.0006092548121814438, "repeat": 4, "number": 1}]}, "inference.TimeVariableElimination.time_query_munin": {"result": [0.2579261716455221], "stats": [{"ci_99": [0.232950574796602, 0.28521275046844785], "q_25": 0.2523827156983316, "q_75": 0.2646251185797155, "min": 0.24772410839796066, "max": 0.27275019884109497, "mean": 0.25908166263252497, "std": 0.009358723282132489, "repeat": 4, "number": 1}]}, "readwrite.TimeRead.time_asia_read": {"result": [0.008391615934669971], "stats": [{"ci_99": [0.007833846844732761, 0.008949385024607182], "q_25": 0.0083860382437706, "q_75": 0.008397193625569344, "min": 0.008380460552871227, "max": 0.008402771316468716, "mean": 0.008391615934669971, "std": 1.1155381798744202e-05, "repeat": 2, "number": 2}]}, "readwrite.TimeRead.time_asia_write": {"result": [0.0003684181216600779], "stats": [{"ci_99": [-0.008471421393993738, 0.009208257637313887], "q_25": 0.00028001972650353973, "q_75": 0.0004568165168166161, "min": 0.00019162133134700157, "max": 0.0005452149119731542, "mean": 0.0003684181216600779, "std": 0.00017679679031307635, "repeat": 2, "number": 74}]}, "readwrite.TimeRead.time_munin_read": {"result": [5.243000582791865], "stats": [{"ci_99": [-3.3513486767187715, 13.837349842302494], "q_25": 5.1570570901967585, "q_75": 5.328944075386971, "min": 5.071113597601652, "max": 5.414887567982078, "mean": 5.243000582791865, "std": 0.17188698519021273, "repeat": 2, "number": 1}]}, "readwrite.TimeRead.time_munin_write": {"result": [0.04079183004796505], "stats": [{"ci_99": [0.03149033896625042, 0.05009332112967967], "q_25": 0.0406988151371479, "q_75": 0.040884844958782196, "min": 0.04060580022633076, "max": 0.04097785986959934, "mean": 0.04079183004796505, "std": 0.0001860298216342926, "repeat": 2, "number": 1}]}, "readwrite.TimeRead.time_pathfinder_read": {"result": [5.925193039700389], "stats": [{"ci_99": [-7.3456351812928915, 19.19602126069366], "q_25": 5.792484757490456, "q_75": 6.057901321910322, "min": 5.659776475280523, "max": 6.1906096041202545, "mean": 5.925193039700389, "std": 0.2654165644198656, "repeat": 2, "number": 1}]}, "readwrite.TimeRead.time_pathfinder_write": {"result": [0.02997627481818199], "stats": [{"ci_99": [-0.18722454085946083, 0.24717709049582462], "q_25": 0.027804266661405563, "q_75": 0.03214828297495842, "min": 0.025632258504629135, "max": 0.03432029113173485, "mean": 0.02997627481818199, "std": 0.0043440163135528564, "repeat": 2, "number": 1}]}, "sampling.TimeSampling.time_forward_sample": {"result": [0.6360662924125791], "stats": [{"ci_99": [0.6329559125006199, 0.6406391635537148], "q_25": 0.63452632073313, "q_75": 0.6370893740095198, "min": 0.6329559125006199, "max": 0.6406391635537148, "mean": 0.6362892800942064, "std": 0.002326031073682192, "repeat": 10, "number": 1}]}, "sampling.TimeSampling.time_gibbs_sampling": null, "sampling.TimeSampling.time_likelihood_sample": {"result": [3.8087301151826978], "stats": [{"ci_99": [3.6021274276061797, 4.107996356302605], "q_25": 3.796160944737494, "q_75": 3.867631062399596, "min": 3.770487731322646, "max": 4.032299606129527, "mean": 3.855061891954392, "std": 0.10355125087835738, "repeat": 4, "number": 1}]}, "sampling.TimeSampling.time_rejection_sample": {"result": [108.55627083964646], "stats": [{"ci_99": [66.53699135221541, 150.57555032707748], "q_25": 108.13607804477215, "q_75": 108.97646363452077, "min": 107.71588524989784, "max": 109.39665642939508, "mean": 108.55627083964646, "std": 0.840385589748621, "repeat": 2, "number": 1}]}, "structure_learning.TimeHillClimb.time_hillclimb": null, "structure_learning.TimePC.time_pc_orig": {"result": [33.84037134703249], "stats": [{"ci_99": [33.373031304217875, 34.3077113898471], "q_25": 33.83569794660434, "q_75": 33.84504474746063, "min": 33.831024546176195, "max": 33.84971814788878, "mean": 33.84037134703249, "std": 0.009346800856292248, "repeat": 2, "number": 1}]}, "structure_learning.TimePC.time_pc_stable": {"result": [33.73416621983051], "stats": [{"ci_99": [29.853423841297626, 37.6149085983634], "q_25": 33.695358796045184, "q_75": 33.77297364361584, "min": 33.656551372259855, "max": 33.81178106740117, "mean": 33.73416621983051, "std": 0.07761484757065773, "repeat": 2, "number": 1}]}}, "params": {"arch": "x86_64", "cpu": "Intel(R) Core(TM) i9-9820X CPU @ 3.30GHz", "machine": "graveyard", "num_cpu": "20", "os": "Linux 4.15.0-112-generic", "ram": "131688676", "python": "3.8"}, "requirements": {}, "commit_hash": "6461ef9fa3d5434c40b0d0369700b69ddbd92b20", "date": 1621079510000, "env_name": "conda-py3.8", "python": "3.8", "profiles": {}, "started_at": {"factor.TimeDiscreteFactor.time_factor_marginalize": 1621537555909, "factor.TimeDiscreteFactor.time_factor_multiply_large": 1621537556117, "factor.TimeDiscreteFactor.time_factor_reduce": 1621537556324, "import.TimeImport.time_import": 1621537556530, "inference.TimeVariableElimination.time_query_alarm": 1621537556737, "inference.TimeVariableElimination.time_query_munin": 1621537574942, "readwrite.TimeRead.time_asia_read": 1621537594502, "readwrite.TimeRead.time_asia_write": 1621537617671, "readwrite.TimeRead.time_munin_read": 1621537643046, "readwrite.TimeRead.time_munin_write": 1621537681255, "readwrite.TimeRead.time_pathfinder_read": 1621537704926, "readwrite.TimeRead.time_pathfinder_write": 1621537744238, "sampling.TimeSampling.time_forward_sample": 1621537768961, "sampling.TimeSampling.time_gibbs_sampling": 1621536588490, "sampling.TimeSampling.time_likelihood_sample": 1621537773382, "sampling.TimeSampling.time_rejection_sample": 1621537785371, "structure_learning.TimeHillClimb.time_hillclimb": 1621537416569, "structure_learning.TimePC.time_pc_orig": 1621538004126, "structure_learning.TimePC.time_pc_stable": 1621538073267}, "ended_at": {"factor.TimeDiscreteFactor.time_factor_marginalize": 1621537556116, "factor.TimeDiscreteFactor.time_factor_multiply_large": 1621537556323, "factor.TimeDiscreteFactor.time_factor_reduce": 1621537556530, "import.TimeImport.time_import": 1621537556737, "inference.TimeVariableElimination.time_query_alarm": 1621537574942, "inference.TimeVariableElimination.time_query_munin": 1621537594502, "readwrite.TimeRead.time_asia_read": 1621537617671,