{"results": {"factor.TimeDiscreteFactor.time_factor_compare": {"result": [3.854938221114282e-05], "stats": [{"ci_99": [3.829142718597223e-05, 3.878395464129121e-05], "q_25": 3.8444976329462216e-05, "q_75": 3.861866976696116e-05, "min": 3.829142718597223e-05, "max": 3.878395464129121e-05, "mean": 3.8536611716938387e-05, "std": 1.3391301842484277e-07, "repeat": 10, "number": 262}]}, "factor.TimeDiscreteFactor.time_factor_marginalize": {"result": [3.6797807069127776e-05], "stats": [{"ci_99": [3.661719278547676e-05, 3.7275248496827477e-05], "q_25": 3.673757635131727e-05, "q_75": 3.6896365292893604e-05, "min": 3.661719278547676e-05, "max": 3.7275248496827477e-05, "mean": 3.683370690680666e-05, "std": 1.854036085369159e-07, "repeat": 10, "number": 299}]}, "factor.TimeDiscreteFactor.time_factor_multiply_large": {"result": [1.5040996882116347e-05], "stats": [{"ci_99": [1.4841085058923225e-05, 1.5221261555362643e-05], "q_25": 1.4993347232754606e-05, "q_75": 1.5059720481304201e-05, "min": 1.4841085058923225e-05, "max": 1.5221261555362643e-05, "mean": 1.5027875466704866e-05, "std": 9.859892115776767e-08, "repeat": 10, "number": 719}]}, "factor.TimeDiscreteFactor.time_factor_reduce": {"result": [7.713353679610225e-06], "stats": [{"ci_99": [7.634745453467626e-06, 7.810574415290427e-06], "q_25": 7.67279339641957e-06, "q_75": 7.747425377078934e-06, "min": 7.634745453467626e-06, "max": 7.810574415290427e-06, "mean": 7.716798736619021e-06, "std": 5.8257276182984275e-08, "repeat": 10, "number": 1336}]}, "import.TimeImport.time_import": {"result": [1.1645568145296191e-07], "stats": [{"ci_99": [1.1526566413948172e-07, 1.1945682598257136e-07], "q_25": 1.1559426210268413e-07, "q_75": 1.1806421840672692e-07, "min": 1.1526566413948172e-07, "max": 1.1945682598257136e-07, "mean": 1.1684772040622075e-07, "std": 1.4096467159643292e-09, "repeat": 10, "number": 95233}]}, "inference.TimeBeliefPropagation.time_query_alarm": {"result": [106.38487412966788], "stats": [{"ci_99": [105.22809400595725, 107.54165425337851], "q_25": 106.37330632843077, "q_75": 106.39644193090498, "min": 106.36173852719367, "max": 106.40800973214209, "mean": 106.38487412966788, "std": 0.023135602474212646, "repeat": 2, "number": 1}]}, "inference.TimeVariableElimination.time_query_alarm": {"result": [0.015555701218545437], "stats": [{"ci_99": [-0.002597242211154066, 0.044490019408217056], "q_25": 0.014665958937257528, "q_75": 0.021836130879819393, "min": 0.01466028019785881, "max": 0.038013871759176254, "mean": 0.020946388598531485, "std": 0.009880659316594825, "repeat": 4, "number": 1}]}, "inference.TimeVariableElimination.time_query_munin": {"result": [0.5067502772435546], "stats": [{"ci_99": [0.47833971345666326, 0.5473822351371915], "q_25": 0.5030898987315595, "q_75": 0.5165213528089225, "min": 0.5020084194839001, "max": 0.5359349232167006, "mean": 0.5128609742969275, "std": 0.013662400863072601, "repeat": 4, "number": 1}]}, "parameter_learning.TimeBayesianEstimator.time_alarm_bayesian_estimator": {"result": [2.1207696283236146], "stats": [{"ci_99": [1.887847775194465, 2.3455896353613155], "q_25": 2.0492397248744965, "q_75": 2.188248608727008, "min": 2.020438203588128, "max": 2.2048973608762026, "mean": 2.11671870527789, "std": 0.0786586462654627, "repeat": 4, "number": 1}]}, "parameter_learning.TimeBayesianEstimator.time_munin_bayesian_estimator": {"result": [35.63381476700306], "stats": [{"ci_99": [34.297196347266436, 36.97043318673968], "q_25": 35.62044858280569, "q_75": 35.647180951200426, "min": 35.60708239860833, "max": 35.66054713539779, "mean": 35.63381476700306, "std": 0.026732368394732475, "repeat": 2, "number": 1}]}, "parameter_learning.TimeExpectationMaximization.time_alarm_em": {"result": [7.079745002090931], "stats": [{"ci_99": [6.015986122190952, 8.14350388199091], "q_25": 7.069107413291931, "q_75": 7.090382590889931, "min": 7.058469824492931, "max": 7.1010201796889305, "mean": 7.079745002090931, "std": 0.021275177597999573, "repeat": 2, "number": 1}]}, "parameter_learning.TimeExpectationMaximization.time_munin_em": {"result": [81.78469659108669], "stats": [{"ci_99": [76.25968590658158, 87.30970727559179], "q_25": 81.72944648424163, "q_75": 81.83994669793174, "min": 81.67419637739658, "max": 81.89519680477679, "mean": 81.78469659108669, "std": 0.1105002136901021, "repeat": 2, "number": 1}]}, "parameter_learning.TimeMLE.time_alarm_mle": {"result": [2.1556731835007668], "stats": [{"ci_99": [1.9490564524410916, 2.357717723284786], "q_25": 2.0928499312140048, "q_75": 2.2162103401497006, "min": 2.0682005379348993, "max": 2.2340014465153217, "mean": 2.1533870878629386, "std": 0.07023118633656993, "repeat": 4, "number": 1}]}, "parameter_learning.TimeMLE.time_munin_mle": {"result": [35.37294664140791], "stats": [{"ci_99": [28.613936432637274, 42.13195685017853], "q_25": 35.3053565393202, "q_75": 35.44053674349561, "min": 35.237766437232494, "max": 35.50812684558332, "mean": 35.37294664140791, "std": 0.13518020417541265, "repeat": 2, "number": 1}]}, "readwrite.TimeRead.time_asia_read": {"result": [0.009019791148602962], "stats": [{"ci_99": [0.007984439842402935, 0.01005514245480299], "q_25": 0.009009437635540962, "q_75": 0.009030144661664963, "min": 0.008999084122478962, "max": 0.009040498174726963, "mean": 0.009019791148602962, "std": 2.070702612400055e-05, "repeat": 2, "number": 2}]}, "readwrite.TimeRead.time_asia_write": {"result": [0.0007746769796784332], "stats": [{"ci_99": [-0.008307660271118327, 0.009857014230475185], "q_25": 0.0006838536071704655, "q_75": 0.0008655003521864008, "min": 0.0005930302346624979, "max": 0.0009563237246943683, "mean": 0.0007746769796784332, "std": 0.00018164674501593522, "repeat": 2, "number": 41}]}, "readwrite.TimeRead.time_munin_read": {"result": [4.861792966723442], "stats": [{"ci_99": [4.290132641792297, 5.433453291654587], "q_25": 4.856076363474131, "q_75": 4.8675095699727535, "min": 4.850359760224819, "max": 4.873226173222065, "mean": 4.861792966723442, "std": 0.011433206498622894, "repeat": 2, "number": 1}]}, "readwrite.TimeRead.time_munin_write": {"result": [0.11476086266338825], "stats": [{"ci_99": [0.10358843766152859, 0.12593328766524792], "q_25": 0.11464913841336966, "q_75": 0.11487258691340685, "min": 0.11453741416335106, "max": 0.11498431116342545, "mean": 0.11476086266338825, "std": 0.0002234485000371933, "repeat": 2, "number": 1}]}, "readwrite.TimeRead.time_pathfinder_read": {"result": [5.464135463349521], "stats": [{"ci_99": [4.39809060562402, 6.530180321075021], "q_25": 5.453475014772266, "q_75": 5.474795911926776, "min": 5.442814566195011, "max": 5.485456360504031, "mean": 5.464135463349521, "std": 0.02132089715451002, "repeat": 2, "number": 1}]}, "readwrite.TimeRead.time_pathfinder_write": {"result": [0.11274599563330412], "stats": [{"ci_99": [0.10238554421812296, 0.12310644704848527], "q_25": 0.11264239111915231, "q_75": 0.11284960014745593, "min": 0.1125387866050005, "max": 0.11295320466160774, "mean": 0.11274599563330412, "std": 0.0002072090283036232, "repeat": 2, "number": 1}]}, "sampling.TimeSampling.time_forward_sample": {"result": [0.24527012929320335], "stats": [{"ci_99": [0.2432765606790781, 0.2475769091397524], "q_25": 0.24360927008092403, "q_75": 0.24603965552523732, "min": 0.2432765606790781, "max": 0.2475769091397524, "mean": 0.24509605281054975, "std": 0.0014311833464899977, "repeat": 10, "number": 1}]}, "sampling.TimeSampling.time_gibbs_sampling": null, "sampling.TimeSampling.time_likelihood_sample": {"result": [0.2450292045250535], "stats": [{"ci_99": [0.24392455630004406, 0.26858418248593807], "q_25": 0.2443016809411347, "q_75": 0.24547757068648934, "min": 0.24392455630004406, "max": 0.26858418248593807, "mean": 0.2472236255183816, "std": 0.0071483776786083865, "repeat": 10, "number": 1}]}, "sampling.TimeSampling.time_rejection_sample": {"result": [44.83415300305933], "stats": [{"ci_99": [41.8316245758906, 47.836681430228055], "q_25": 44.80412771878764, "q_75": 44.864178287331015, "min": 44.77410243451595,