{"results": {"factor.TimeDiscreteFactor.time_factor_marginalize": {"result": [6.149638572643543e-05], "stats": [{"ci_99": [6.1307894601219e-05, 6.184863975678368e-05], "q_25": 6.14520943798553e-05, "q_75": 6.157511995099057e-05, "min": 6.1307894601219e-05, "max": 6.184863975678368e-05, "mean": 6.151826859548174e-05, "std": 1.4116789312149374e-07, "repeat": 10, "number": 174}]}, "factor.TimeDiscreteFactor.time_factor_multiply_large": {"result": [4.8916542054341995e-05], "stats": [{"ci_99": [4.8664708932240806e-05, 4.9580264609184624e-05], "q_25": 4.876384450376314e-05, "q_75": 4.916261453094057e-05, "min": 4.8664708932240806e-05, "max": 4.9580264609184624e-05, "mean": 4.899481337674906e-05, "std": 2.7897928842848484e-07, "repeat": 10, "number": 213}]}, "factor.TimeDiscreteFactor.time_factor_reduce": {"result": [2.9453665308633554e-05], "stats": [{"ci_99": [2.9351868378750794e-05, 3.01286329133929e-05], "q_25": 2.9409086347290398e-05, "q_75": 2.9691322486131638e-05, "min": 2.9351868378750794e-05, "max": 3.01286329133929e-05, "mean": 2.959559886900495e-05, "std": 2.680894323685391e-07, "repeat": 10, "number": 359}]}, "import.TimeImport.time_import": {"result": [1.2837293684308002e-07], "stats": [{"ci_99": [1.281942121081108e-07, 1.2889002794968982e-07], "q_25": 1.28294322302598e-07, "q_75": 1.2844160774179523e-07, "min": 1.281942121081108e-07, "max": 1.2889002794968982e-07, "mean": 1.2840097899959918e-07, "std": 1.817347894113245e-10, "repeat": 10, "number": 85699}]}, "inference.TimeVariableElimination.time_query_alarm": {"result": [0.08269139379262924], "stats": [{"ci_99": [0.03896303072544186, 0.1279738352823031], "q_25": 0.06833429588004947, "q_75": 0.09782553091645241, "min": 0.06818948872387409, "max": 0.10030145570635796, "mean": 0.08346843300387263, "std": 0.015227356453146107, "repeat": 4, "number": 1}]}, "inference.TimeVariableElimination.time_query_munin": {"result": [0.5032185977324843], "stats": [{"ci_99": [0.4787519056338599, 0.5315865973022053], "q_25": 0.500219174195081, "q_75": 0.5081686750054359, "min": 0.4931791424751282, "max": 0.5210606679320335, "mean": 0.5051692514680326, "std": 0.010059349958417455, "repeat": 4, "number": 1}]}, "readwrite.TimeRead.time_asia_read": {"result": [0.008479481562972069], "stats": [{"ci_99": [0.004047270864248276, 0.012911692261695858], "q_25": 0.00843515945598483, "q_75": 0.008523803669959307, "min": 0.008390837348997593, "max": 0.008568125776946545, "mean": 0.008479481562972069, "std": 8.864421397447586e-05, "repeat": 2, "number": 2}]}, "readwrite.TimeRead.time_asia_write": {"result": [0.0005692569666529355], "stats": [{"ci_99": [2.232311318998558e-05, 0.001116190820115885], "q_25": 0.000563787628118306, "q_75": 0.000574726305187565, "min": 0.0005583182895836765, "max": 0.0005801956437221945, "mean": 0.0005692569666529355, "std": 1.0938677069258999e-05, "repeat": 2, "number": 73}]}, "readwrite.TimeRead.time_munin_read": {"result": [5.02912624925375], "stats": [{"ci_99": [4.766682155430317, 5.291570343077183], "q_25": 5.0265018083155155, "q_75": 5.031750690191984, "min": 5.023877367377281, "max": 5.0343751311302185, "mean": 5.02912624925375, "std": 0.0052488818764686584, "repeat": 2, "number": 1}]}, "readwrite.TimeRead.time_munin_write": {"result": [0.04014914948493242], "stats": [{"ci_99": [0.033463324420154095, 0.046834974549710744], "q_25": 0.04008229123428464, "q_75": 0.040216007735580206, "min": 0.040015432983636856, "max": 0.04028286598622799, "mean": 0.04014914948493242, "std": 0.00013371650129556656, "repeat": 2, "number": 1}]}, "readwrite.TimeRead.time_pathfinder_read": {"result": [5.6220971662551165], "stats": [{"ci_99": [4.822045253589749, 6.422149078920483], "q_25": 5.614096647128463, "q_75": 5.63009768538177, "min": 5.606096128001809, "max": 5.638098204508424, "mean": 5.6220971662551165, "std": 0.016001038253307343, "repeat": 2, "number": 1}]}, "readwrite.TimeRead.time_pathfinder_write": {"result": [0.025678666308522224], "stats": [{"ci_99": [0.022690424695611, 0.028666907921433445], "q_25": 0.025648783892393112, "q_75": 0.025708548724651337, "min": 0.025618901476264, "max": 0.02573843114078045, "mean": 0.025678666308522224, "std": 5.976483225822449e-05, "repeat": 2, "number": 1}]}, "sampling.TimeSampling.time_forward_sample": null, "sampling.TimeSampling.time_gibbs_sampling": null, "sampling.TimeSampling.time_likelihood_sample": {"result": [0.20504025742411613], "stats": [{"ci_99": [0.20372336730360985, 0.20820437744259834], "q_25": 0.20445607136934996, "q_75": 0.20516127906739712, "min": 0.20372336730360985, "max": 0.20820437744259834, "mean": 0.20509595908224582, "std": 0.0011447049808405393, "repeat": 10, "number": 1}]}, "sampling.TimeSampling.time_rejection_sample": null, "structure_learning.TimeHillClimb.time_hillclimb": null, "structure_learning.TimePC.time_pc_orig": {"result": [34.78804649878293], "stats": [{"ci_99": [26.870757482014596, 42.70533551555126], "q_25": 34.70887360861525, "q_75": 34.867219388950616, "min": 34.629700718447566, "max": 34.9463922791183, "mean": 34.78804649878293, "std": 0.15834578033536673, "repeat": 2, "number": 1}]}, "structure_learning.TimePC.time_pc_stable": {"result": [35.42321118991822], "stats": [{"ci_99": [12.087095570750535, 58.759326809085884], "q_25": 35.18985003372654, "q_75": 35.6565723461099, "min": 34.956488877534866, "max": 35.889933502301574, "mean": 35.42321118991822, "std": 0.4667223123833537, "repeat": 2, "number": 1}]}, "factor.TimeDiscreteFactor.time_factor_compare": {"result": [6.311323426394578e-05], "stats": [{"ci_99": [6.244624459958938e-05, 6.356167730437704e-05], "q_25": 6.25833958746439e-05, "q_75": 6.331919120198274e-05, "min": 6.244624459958938e-05, "max": 6.356167730437704e-05, "mean": 6.300592795014382e-05, "std": 3.9182664520293654e-07, "repeat": 10, "number": 166}]}, "inference.TimeBeliefPropagation.time_query_alarm": {"result": [65.65845377650112], "stats": [{"ci_99": [58.921419707126915, 72.39548784587532], "q_25": 65.59108343580738, "q_75": 65.72582411719486, "min": 65.52371309511364, "max": 65.7931944578886, "mean": 65.65845377650112, "std": 0.13474068138748407, "repeat": 2, "number": 1}]}, "parameter_learning.TimeBayesianEstimator.time_alarm_bayesian_estimator": null, "parameter_learning.TimeBayesianEstimator.time_munin_bayesian_estimator": null, "parameter_learning.TimeExpectationMaximization.time_alarm_em": null, "parameter_learning.TimeExpectationMaximization.time_munin_em": null, "parameter_learning.TimeMLE.time_alarm_mle": null, "parameter_learning.TimeMLE.time_munin_mle": null, "structure_learning.TimeHillClimbAlarmModel.time_hillclimb": null, "structure_learning.TimeMmhcAlarmModel.time_mmhc": null, "structure_learning.TimePCAlarmModel.time_pc_orig": null, "structure_learning.TimePCAlarmModel.time_pc_stable": null, "structure_learning.TimeTreeSearchAlarmModel.time_tan": null}, "params": {"arch": "x86_64", "cpu": "Intel(R) Core(TM) i9-9820X CPU @ 3.30GHz", "machine": "graveyard", "num_cpu": "20", "os": "Linux 4.15.0-112-generic", "ram": "131688676", "python": "3.8"}, "requirements": {}, "commit_hash": "6a8c6515342f8cb24a1b451c20efb816a57a5fe2", "date": 1626943692000, "env_name": "conda-py3.8", "python": "3.8", "profiles": {}, "started_at": {"factor.TimeDiscreteFactor.time_factor_marginalize": 1653883933238, "factor.TimeDiscreteFactor.time_factor_multiply_large": 1653883933444, "factor.TimeDiscreteFactor.time_factor_reduce": 1653883933651, "import.TimeImport.time_import": 1653883933857, "inference.TimeVariableElimination.time_query_alarm": 1653884065761, "inference.TimeVariableElimination.time_query_munin": 1653884083471, "readwrite.TimeRead.time_asia_read": 1653884102383, "readwrite.TimeRead.time_asia_write": 1653884125605, "readwrite.TimeRead.time_munin_read": 1653884148825, "readwrite.TimeRead.time_munin_write": 1653884183829, "readwrite.TimeRead.time_pathfinder_read": 1653884207000, "readwrite.TimeRead.time_pathfinder_write": 1653884242204, "sampling.TimeSampling.time_forward_sample": 1653883329452,