{"results": {"factor.TimeDiscreteFactor.time_factor_marginalize": {"result": [6.122144864883252e-05], "stats": [{"ci_99": [6.111181469377644e-05, 6.18159057137495e-05], "q_25": 6.115189223678527e-05, "q_75": 6.137777978699364e-05, "min": 6.111181469377644e-05, "max": 6.18159057137495e-05, "mean": 6.13197539291696e-05, "std": 2.448633706959804e-07, "repeat": 10, "number": 167}]}, "factor.TimeDiscreteFactor.time_factor_multiply_large": {"result": [4.958332697220889e-05], "stats": [{"ci_99": [4.933835382427649e-05, 5.04780366522441e-05], "q_25": 4.94052920825956e-05, "q_75": 5.0114262495984396e-05, "min": 4.933835382427649e-05, "max": 5.04780366522441e-05, "mean": 4.975147792513336e-05, "std": 3.9379920887118835e-07, "repeat": 10, "number": 211}]}, "factor.TimeDiscreteFactor.time_factor_reduce": {"result": [2.9520974633331867e-05], "stats": [{"ci_99": [2.933766561633526e-05, 2.9693890191352142e-05], "q_25": 2.9487007860407272e-05, "q_75": 2.9559977867496693e-05, "min": 2.933766561633526e-05, "max": 2.9693890191352142e-05, "mean": 2.9517004523820028e-05, "std": 1.0235888585379529e-07, "repeat": 10, "number": 369}]}, "import.TimeImport.time_import": {"result": [1.292104198188014e-07], "stats": [{"ci_99": [1.2895315389393708e-07, 1.3081385116139933e-07], "q_25": 1.291753859337719e-07, "q_75": 1.2929965295430873e-07, "min": 1.2895315389393708e-07, "max": 1.3081385116139933e-07, "mean": 1.2935849689527982e-07, "std": 4.955412372375923e-10, "repeat": 10, "number": 83193}]}, "inference.TimeVariableElimination.time_query_alarm": {"result": [0.08004549518227577], "stats": [{"ci_99": [0.07860433177845688, 0.08108549790633707], "q_25": 0.07973243109881878, "q_75": 0.08015797892585397, "min": 0.07901046425104141, "max": 0.08027820475399494, "mean": 0.07984491484239697, "std": 0.0004937101514903366, "repeat": 4, "number": 1}]}, "inference.TimeVariableElimination.time_query_munin": {"result": [0.588030869141221], "stats": [{"ci_99": [0.5622969594314762, 0.6107422431468897], "q_25": 0.5821481388993561, "q_75": 0.5924023315310478, "min": 0.5729801710695028, "max": 0.5970364958047867, "mean": 0.5865196012891829, "std": 0.008866651438625852, "repeat": 4, "number": 1}]}, "readwrite.TimeRead.time_asia_read": {"result": [0.008461149875074625], "stats": [{"ci_99": [0.008215769659727812, 0.008706530090421438], "q_25": 0.008458696072921157, "q_75": 0.008463603677228093, "min": 0.008456242270767689, "max": 0.008466057479381561, "mean": 0.008461149875074625, "std": 4.907604306936264e-06, "repeat": 2, "number": 2}]}, "readwrite.TimeRead.time_asia_write": {"result": [0.0010171003247562206], "stats": [{"ci_99": [0.0002029185232363251, 0.0018312821262761155], "q_25": 0.0010089585067410217, "q_75": 0.0010252421427714197, "min": 0.0010008166887258228, "max": 0.0010333839607866186, "mean": 0.0010171003247562206, "std": 1.628363603039791e-05, "repeat": 2, "number": 38}]}, "readwrite.TimeRead.time_munin_read": {"result": [5.090646591037512], "stats": [{"ci_99": [5.079011671245098, 5.1022815108299255], "q_25": 5.090530241839588, "q_75": 5.090762940235436, "min": 5.0904138926416636, "max": 5.09087928943336, "mean": 5.090646591037512, "std": 0.00023269839584827423, "repeat": 2, "number": 1}]}, "readwrite.TimeRead.time_munin_write": {"result": [0.12647841963917017], "stats": [{"ci_99": [0.12411719094961882, 0.12883964832872152], "q_25": 0.12645480735227466, "q_75": 0.12650203192606568, "min": 0.12643119506537914, "max": 0.1265256442129612, "mean": 0.12647841963917017, "std": 4.722457379102707e-05, "repeat": 2, "number": 1}]}, "readwrite.TimeRead.time_pathfinder_read": {"result": [5.694726049900055], "stats": [{"ci_99": [5.252876725047827, 6.136575374752283], "q_25": 5.690307556651533, "q_75": 5.699144543148577, "min": 5.68588906340301, "max": 5.7035630363970995, "mean": 5.694726049900055, "std": 0.008836986497044563, "repeat": 2, "number": 1}]}, "readwrite.TimeRead.time_pathfinder_write": {"result": [0.12163333129137754], "stats": [{"ci_99": [0.08028991986066103, 0.16297674272209403], "q_25": 0.12121989717707038, "q_75": 0.12204676540568471, "min": 0.12080646306276321, "max": 0.12246019951999187, "mean": 0.12163333129137754, "std": 0.0008268682286143303, "repeat": 2, "number": 1}]}, "sampling.TimeSampling.time_forward_sample": {"result": [0.20390582829713821], "stats": [{"ci_99": [0.20332715846598148, 0.20489916019141674], "q_25": 0.20352113153785467, "q_75": 0.20419911853969097, "min": 0.20332715846598148, "max": 0.20489916019141674, "mean": 0.20394219364970922, "std": 0.0004954415401572095, "repeat": 10, "number": 1}]}, "sampling.TimeSampling.time_gibbs_sampling": null, "sampling.TimeSampling.time_likelihood_sample": {"result": [0.20555345062166452], "stats": [{"ci_99": [0.2047124318778515, 0.2339414581656456], "q_25": 0.20514772087335587, "q_75": 0.20584478275850415, "min": 0.2047124318778515, "max": 0.2339414581656456, "mean": 0.20823981445282697, "std": 0.008576763761840637, "repeat": 10, "number": 1}]}, "sampling.TimeSampling.time_rejection_sample": {"result": [36.98131817113608], "stats": [{"ci_99": [28.383215309120715, 45.57942103315144], "q_25": 36.89533714251593, "q_75": 37.067299199756235, "min": 36.809356113895774, "max": 37.15328022837639, "mean": 36.98131817113608, "std": 0.17196205724030733, "repeat": 2, "number": 1}]}, "structure_learning.TimeHillClimb.time_hillclimb": null, "structure_learning.TimePC.time_pc_orig": {"result": [33.19931270740926], "stats": [{"ci_99": [30.19259654171765, 36.20602887310088], "q_25": 33.16924554575235, "q_75": 33.22937986906618, "min": 33.13917838409543, "max": 33.259447030723095, "mean": 33.19931270740926, "std": 0.06013432331383228, "repeat": 2, "number": 1}]}, "structure_learning.TimePC.time_pc_stable": {"result": [33.39258588850498], "stats": [{"ci_99": [31.04507716372609, 35.74009461328387], "q_25": 33.36911080125719, "q_75": 33.41606097575277, "min": 33.345635714009404, "max": 33.43953606300056, "mean": 33.39258588850498, "std": 0.04695017449557781, "repeat": 2, "number": 1}]}, "factor.TimeDiscreteFactor.time_factor_compare": {"result": [6.273567920462008e-05], "stats": [{"ci_99": [6.255878889489741e-05, 6.316413748122396e-05], "q_25": 6.2662925172065e-05, "q_75": 6.295050150670467e-05, "min": 6.255878889489741e-05, "max": 6.316413748122396e-05, "mean": 6.28091206419326e-05, "std": 1.9672872962318828e-07, "repeat": 10, "number": 168}]}, "inference.TimeBeliefPropagation.time_query_alarm": {"result": [49.6231335978955], "stats": [{"ci_99": [47.486610693857074, 51.75965650193393], "q_25": 49.60176836885512, "q_75": 49.64449882693589, "min": 49.580403139814734, "max": 49.66586405597627, "mean": 49.6231335978955, "std": 0.042730458080768585, "repeat": 2, "number": 1}]}, "inference.TimeBeliefPropagation.time_query_munin": null, "parameter_learning.TimeBayesianEstimator.time_alarm_bayesian_estimator": {"result": [1.6688568191602826], "stats": [{"ci_99": [1.591916013638511, 1.7517472886116952], "q_25": 1.6576939108781517, "q_75": 1.6829945594072342, "min": 1.6327074561268091, "max": 1.7169055100530386, "mean": 1.6718316511251032, "std": 0.02998382387210299, "repeat": 4, "number": 1}]}, "parameter_learning.TimeBayesianEstimator.time_munin_bayesian_estimator": {"result": [20.166874307207763], "stats": [{"ci_99": [8.984285083599389, 31.34946353081613], "q_25": 20.05504841497168, "q_75": 20.278700199443847, "min": 19.943222522735596, "max": 20.39052609167993, "mean": 20.166874307207763, "std": 0.2236517844721675, "repeat": 2, "number": 1}]}, "parameter_learning.TimeExpectationMaximization.time_alarm_em": {"result": [17.916665064170957], "stats": [{"ci_99": [17.16181200556457, 18.671518122777343], "q_25": 17.909116533584893, "q_75": 17.92421359475702, "min": 17.90156800299883, "max": 17.931762125343084, "mean": 17.916665064170957, "std": 0.015097061172127724, "repeat": 2, "number": 1}]}, "parameter_learning.TimeExpectationMaximization.time_munin_em": {"result": [113.38523480761796], "stats": [{"ci_99": [92.48251606430858, 134.2879535509273],