{"results": {"factor.TimeDiscreteFactor.time_factor_compare": {"result": [3.8351936076956616e-05], "stats": [{"ci_99": [3.817507026756143e-05, 3.870752789861673e-05], "q_25": 3.8330808731277924e-05, "q_75": 3.855065499608229e-05, "min": 3.817507026756143e-05, "max": 3.870752789861673e-05, "mean": 3.8413499918329965e-05, "std": 1.7518374660937477e-07, "repeat": 10, "number": 286}]}, "factor.TimeDiscreteFactor.time_factor_marginalize": {"result": [3.7375037518746045e-05], "stats": [{"ci_99": [3.72364314550415e-05, 3.752308725940843e-05], "q_25": 3.733421784845438e-05, "q_75": 3.7404038969770813e-05, "min": 3.72364314550415e-05, "max": 3.752308725940843e-05, "mean": 3.738197273449272e-05, "std": 8.011196713345239e-08, "repeat": 10, "number": 282}]}, "factor.TimeDiscreteFactor.time_factor_multiply_large": {"result": [1.4786874704639344e-05], "stats": [{"ci_99": [1.4693138688631932e-05, 1.5042405335344695e-05], "q_25": 1.4751601862830556e-05, "q_75": 1.4896622497353565e-05, "min": 1.4693138688631932e-05, "max": 1.5042405335344695e-05, "mean": 1.482349142624348e-05, "std": 1.0409512905062055e-07, "repeat": 10, "number": 698}]}, "factor.TimeDiscreteFactor.time_factor_reduce": {"result": [7.889895636244075e-06], "stats": [{"ci_99": [7.720409446780079e-06, 8.043298843455977e-06], "q_25": 7.801885740407467e-06, "q_75": 7.996522624865677e-06, "min": 7.720409446780079e-06, "max": 8.043298843455977e-06, "mean": 7.886043662285107e-06, "std": 1.1346901387082886e-07, "repeat": 10, "number": 1331}]}, "import.TimeImport.time_import": {"result": [1.0849527931843866e-07], "stats": [{"ci_99": [1.0747312686694749e-07, 1.0922769033097027e-07], "q_25": 1.0782330235784403e-07, "q_75": 1.0890828201671984e-07, "min": 1.0747312686694749e-07, "max": 1.0922769033097027e-07, "mean": 1.0838679006327014e-07, "std": 6.075763729806396e-10, "repeat": 10, "number": 101571}]}, "inference.TimeBeliefPropagation.time_query_alarm": {"result": [116.02154223085381], "stats": [{"ci_99": [114.59248072071932, 117.4506037409883], "q_25": 116.00725161575247, "q_75": 116.03583284595516, "min": 115.99296100065112, "max": 116.0501234610565, "mean": 116.02154223085381, "std": 0.028581230202689767, "repeat": 2, "number": 1}]}, "inference.TimeVariableElimination.time_query_alarm": {"result": [0.004526621972521147], "stats": [{"ci_99": [0.00449564643137596, 0.00454907350619195], "q_25": 0.004520470354085167, "q_75": 0.004528511587219934, "min": 0.004504210626085599, "max": 0.004531985304007928, "mean": 0.004522359968783955, "std": 1.071734419865874e-05, "repeat": 4, "number": 3}]}, "inference.TimeVariableElimination.time_query_munin": {"result": [0.1589352679438889], "stats": [{"ci_99": [0.1545075718041662, 0.16316410645766524], "q_25": 0.15792157116811723, "q_75": 0.15984953590668738, "min": 0.156617839820683, "max": 0.160854980815202, "mean": 0.1588358391309157, "std": 0.0015561961171570524, "repeat": 4, "number": 1}]}, "parameter_learning.TimeBayesianEstimator.time_alarm_bayesian_estimator": {"result": [1.6295073828659952], "stats": [{"ci_99": [1.5019309118044195, 1.768149887432474], "q_25": 1.5958458178211004, "q_75": 1.6687019646633416, "min": 1.5821656766347587, "max": 1.6989811561070383, "mean": 1.6350403996184468, "std": 0.046473599810820464, "repeat": 4, "number": 1}]}, "parameter_learning.TimeBayesianEstimator.time_munin_bayesian_estimator": {"result": [19.000233761733398], "stats": [{"ci_99": [15.561098040314391, 22.4393694831524], "q_25": 18.965842404519208, "q_75": 19.034625118947588, "min": 18.931451047305018, "max": 19.069016476161778, "mean": 19.000233761733398, "std": 0.06878271442838013, "repeat": 2, "number": 1}]}, "parameter_learning.TimeExpectationMaximization.time_alarm_em": {"result": [9.478501722915098], "stats": [{"ci_99": [6.856158716836944, 12.10084472899325], "q_25": 9.452278292854317, "q_75": 9.50472515297588, "min": 9.426054862793535, "max": 9.530948583036661, "mean": 9.478501722915098, "std": 0.05244686012156308, "repeat": 2, "number": 1}]}, "parameter_learning.TimeExpectationMaximization.time_munin_em": {"result": [89.62316841748543], "stats": [{"ci_99": [75.92720174393617, 103.31913509103468], "q_25": 89.48620875074994, "q_75": 89.76012808422092, "min": 89.34924908401445, "max": 89.89708775095642, "mean": 89.62316841748543, "std": 0.2739193334709853, "repeat": 2, "number": 1}]}, "parameter_learning.TimeMLE.time_alarm_mle": {"result": [1.6422561171930283], "stats": [{"ci_99": [1.5836387685422464, 1.6901318080335244], "q_25": 1.6322776218876243, "q_75": 1.6468637835932896, "min": 1.6033836998976767, "max": 1.6596452188678086, "mean": 1.6368852882878855, "std": 0.020605239321026342, "repeat": 4, "number": 1}]}, "parameter_learning.TimeMLE.time_munin_mle": {"result": [19.18627808871679], "stats": [{"ci_99": [11.36074568447657, 27.011810492957004], "q_25": 19.108022764674388, "q_75": 19.264533412759192, "min": 19.029767440631986, "max": 19.342788736801594, "mean": 19.18627808871679, "std": 0.15651064808480442, "repeat": 2, "number": 1}]}, "readwrite.TimeRead.time_asia_read": {"result": [0.011904095532372594], "stats": [{"ci_99": [0.011407875223085284, 0.012400315841659904], "q_25": 0.01189913332927972, "q_75": 0.011909057735465467, "min": 0.011894171126186848, "max": 0.01191401993855834, "mean": 0.011904095532372594, "std": 9.924406185746193e-06, "repeat": 2, "number": 1}]}, "readwrite.TimeRead.time_asia_write": {"result": [0.0010286087218003394], "stats": [{"ci_99": [-0.00040722442552065547, 0.0024644418691213334], "q_25": 0.0010142503903271295, "q_75": 0.0010429670532735495, "min": 0.0009998920588539196, "max": 0.0010573253847467594, "mean": 0.0010286087218003394, "std": 2.8716662946419902e-05, "repeat": 2, "number": 39}]}, "readwrite.TimeRead.time_munin_read": {"result": [6.717864709673449], "stats": [{"ci_99": [6.017913477728143, 7.417815941618755], "q_25": 6.710865197353996, "q_75": 6.7248642219929025, "min": 6.703865685034543, "max": 6.7318637343123555, "mean": 6.717864709673449, "std": 0.013999024638906121, "repeat": 2, "number": 1}]}, "readwrite.TimeRead.time_munin_write": {"result": [0.12038350873626769], "stats": [{"ci_99": [0.0769009308423847, 0.16386608663015065], "q_25": 0.11994868295732886, "q_75": 0.12081833451520652, "min": 0.11951385717839003, "max": 0.12125316029414535, "mean": 0.12038350873626769, "std": 0.0008696515578776598, "repeat": 2, "number": 1}]}, "readwrite.TimeRead.time_pathfinder_read": {"result": [7.633585862349719], "stats": [{"ci_99": [6.996811444405466, 8.270360280293971], "q_25": 7.627218118170276, "q_75": 7.639953606529161, "min": 7.620850373990834, "max": 7.646321350708604, "mean": 7.633585862349719, "std": 0.01273548835888505, "repeat": 2, "number": 1}]}, "readwrite.TimeRead.time_pathfinder_write": {"result": [0.1162401360925287], "stats": [{"ci_99": [0.10163463489152491, 0.1308456372935325], "q_25": 0.11609408108051866, "q_75": 0.11638619110453874, "min": 0.11594802606850863, "max": 0.11653224611654878, "mean": 0.1162401360925287, "std": 0.0002921100240200758, "repeat": 2, "number": 1}]}, "sampling.TimeSampling.time_forward_sample": {"result": [0.18753433832898736], "stats": [{"ci_99": [0.18675174936652184, 0.1892009018920362], "q_25": 0.1872471427777782, "q_75": 0.18798976624384522, "min": 0.18675174936652184, "max": 0.1892009018920362, "mean": 0.18769510937854647, "std": 0.0007198716698445932, "repeat": 10, "number": 1}]}, "sampling.TimeSampling.time_gibbs_sampling": null, "sampling.TimeSampling.time_likelihood_sample": {"result": [0.1880927993915975], "stats": [{"ci_99": [0.18641841784119606, 0.21817911276593804], "q_25": 0.18705783528275788, "q_75": 0.18846928467974067, "min": 0.18641841784119606, "max": 0.21817911276593804, "mean": 0.1907808226533234, "std": 0.009181540570434892, "repeat": 10, "number": 1}]}, "sampling.TimeSampling.time_rejection_sample": {"result": [34.13633769005537], "stats": [{"ci_99": [32.54102698620409, 35.73164839390665], "q_25": 34.12038458301686, "q_75": 34.15229079709388, "min": 34.104431475978345,