{"results": {"factor.TimeDiscreteFactor.time_factor_marginalize": {"result": [6.124205636174491e-05], "stats": [{"ci_99": [6.060367136189107e-05, 6.148966259500953e-05], "q_25": 6.0915669656536544e-05, "q_75": 6.140823203944758e-05, "min": 6.060367136189107e-05, "max": 6.148966259500953e-05, "mean": 6.115913098112921e-05, "std": 2.972344836793989e-07, "repeat": 10, "number": 178}]}, "factor.TimeDiscreteFactor.time_factor_multiply_large": {"result": [5.135298314913411e-05], "stats": [{"ci_99": [5.104724387420672e-05, 5.243022308171353e-05], "q_25": 5.1199858921153523e-05, "q_75": 5.1660743916285374e-05, "min": 5.104724387420672e-05, "max": 5.243022308171353e-05, "mean": 5.1488209446178424e-05, "std": 4.098037618217112e-07, "repeat": 10, "number": 214}]}, "factor.TimeDiscreteFactor.time_factor_reduce": {"result": [2.9652184584056556e-05], "stats": [{"ci_99": [2.9445813118439652e-05, 2.9738886160371095e-05], "q_25": 2.9544378934509083e-05, "q_75": 2.9699821227594562e-05, "min": 2.9445813118439652e-05, "max": 2.9738886160371095e-05, "mean": 2.961767149036345e-05, "std": 1.0001697684731656e-07, "repeat": 10, "number": 368}]}, "import.TimeImport.time_import": {"result": [1.234093666142372e-07], "stats": [{"ci_99": [1.2283529968098217e-07, 1.2413247952403094e-07], "q_25": 1.2314283142211397e-07, "q_75": 1.234897252983404e-07, "min": 1.2283529968098217e-07, "max": 1.2413247952403094e-07, "mean": 1.233673412226238e-07, "std": 3.3793078139906015e-10, "repeat": 10, "number": 88892}]}, "inference.TimeVariableElimination.time_query_alarm": {"result": [0.22478918451815844], "stats": [{"ci_99": [0.21590821633206073, 0.23335847163482246], "q_25": 0.2227597525343299, "q_75": 0.22666277596727014, "min": 0.2202126681804657, "max": 0.2287423387169838, "mean": 0.2246333439834416, "std": 0.0031329495444770363, "repeat": 4, "number": 1}]}, "inference.TimeVariableElimination.time_query_munin": {"result": [0.25634150113910437], "stats": [{"ci_99": [0.2534296684879625, 0.2601194237377679], "q_25": 0.2557190996594727, "q_75": 0.25739694759249687, "min": 0.25570641085505486, "max": 0.25870877131819725, "mean": 0.2567745461128652, "std": 0.0012269340767143717, "repeat": 4, "number": 1}]}, "readwrite.TimeRead.time_asia_read": {"result": [0.008588699158281088], "stats": [{"ci_99": [0.008535916451364756, 0.00864148186519742], "q_25": 0.008588171331211925, "q_75": 0.008589226985350251, "min": 0.008587643504142761, "max": 0.008589754812419415, "mean": 0.008588699158281088, "std": 1.055654138326645e-06, "repeat": 2, "number": 2}]}, "readwrite.TimeRead.time_asia_write": {"result": [0.0005838839013291442], "stats": [{"ci_99": [-0.00014457569552072378, 0.0013123434981790114], "q_25": 0.0005765993053606455, "q_75": 0.0005911684972976429, "min": 0.0005693147093921468, "max": 0.0005984530932661415, "mean": 0.0005838839013291442, "std": 1.4569191936997358e-05, "repeat": 2, "number": 69}]}, "readwrite.TimeRead.time_munin_read": {"result": [5.177163457497954], "stats": [{"ci_99": [4.926374586299062, 5.427952328696847], "q_25": 5.174655568785965, "q_75": 5.179671346209943, "min": 5.1721476800739765, "max": 5.182179234921932, "mean": 5.177163457497954, "std": 0.005015777423977852, "repeat": 2, "number": 1}]}, "readwrite.TimeRead.time_munin_write": {"result": [0.041242290288209915], "stats": [{"ci_99": [0.02682439237833023, 0.055660188198089586], "q_25": 0.04109811130911112, "q_75": 0.04138646926730871, "min": 0.04095393233001232, "max": 0.04153064824640751, "mean": 0.041242290288209915, "std": 0.0002883579581975937, "repeat": 2, "number": 1}]}, "readwrite.TimeRead.time_pathfinder_read": {"result": [5.764494785107672], "stats": [{"ci_99": [5.589707936160266, 5.939281634055078], "q_25": 5.762746916618198, "q_75": 5.766242653597146, "min": 5.760999048128724, "max": 5.76799052208662, "mean": 5.764494785107672, "std": 0.0034957369789481163, "repeat": 2, "number": 1}]}, "readwrite.TimeRead.time_pathfinder_write": {"result": [0.02605748549103737], "stats": [{"ci_99": [0.015134654939174652, 0.03698031604290008], "q_25": 0.02594825718551874, "q_75": 0.026166713796555996, "min": 0.025839028880000114, "max": 0.026275942102074623, "mean": 0.02605748549103737, "std": 0.00021845661103725433, "repeat": 2, "number": 1}]}, "sampling.TimeSampling.time_forward_sample": null, "sampling.TimeSampling.time_gibbs_sampling": null, "sampling.TimeSampling.time_likelihood_sample": {"result": [0.2100669089704752], "stats": [{"ci_99": [0.20961852557957172, 0.2350908536463976], "q_25": 0.2098534102551639, "q_75": 0.21035260846838355, "min": 0.20961852557957172, "max": 0.2350908536463976, "mean": 0.21255427766591312, "std": 0.007519533871136682, "repeat": 10, "number": 1}]}, "sampling.TimeSampling.time_rejection_sample": null, "structure_learning.TimeHillClimb.time_hillclimb": null, "structure_learning.TimePC.time_pc_orig": {"result": [37.58843768108636], "stats": [{"ci_99": [-31.60065143648535, 106.77752679865802], "q_25": 36.896546789910644, "q_75": 38.28032857226208, "min": 36.20465589873493, "max": 38.972219463437796, "mean": 37.58843768108636, "std": 1.3837817823514342, "repeat": 2, "number": 1}]}, "structure_learning.TimePC.time_pc_stable": {"result": [37.78363772947341], "stats": [{"ci_99": [-32.921757322736084, 108.48903278168285], "q_25": 37.07658377895132, "q_75": 38.49069167999551, "min": 36.36952982842922, "max": 39.1977456305176, "mean": 37.78363772947341, "std": 1.41410790104419, "repeat": 2, "number": 1}]}, "factor.TimeDiscreteFactor.time_factor_compare": {"result": [7.131096514824189e-05], "stats": [{"ci_99": [7.050000376215106e-05, 7.18110608623216e-05], "q_25": 7.078664892009998e-05, "q_75": 7.148460779143007e-05, "min": 7.050000376215106e-05, "max": 7.18110608623216e-05, "mean": 7.118456751892442e-05, "std": 4.2105691838598294e-07, "repeat": 10, "number": 152}]}, "inference.TimeBeliefPropagation.time_query_alarm": {"result": [26.780700981616974], "stats": [{"ci_99": [23.84834310039878, 29.713058862835165], "q_25": 26.751377402804792, "q_75": 26.810024560429156, "min": 26.72205382399261, "max": 26.839348139241338, "mean": 26.780700981616974, "std": 0.0586471576243639, "repeat": 2, "number": 1}]}, "parameter_learning.TimeBayesianEstimator.time_alarm_bayesian_estimator": null, "parameter_learning.TimeBayesianEstimator.time_munin_bayesian_estimator": null, "parameter_learning.TimeExpectationMaximization.time_alarm_em": null, "parameter_learning.TimeExpectationMaximization.time_munin_em": null, "parameter_learning.TimeMLE.time_alarm_mle": null, "parameter_learning.TimeMLE.time_munin_mle": null, "structure_learning.TimeHillClimbAlarmModel.time_hillclimb": null, "structure_learning.TimeMmhcAlarmModel.time_mmhc": null, "structure_learning.TimePCAlarmModel.time_pc_orig": null, "structure_learning.TimePCAlarmModel.time_pc_stable": null, "structure_learning.TimeTreeSearchAlarmModel.time_tan": null}, "params": {"arch": "x86_64", "cpu": "Intel(R) Core(TM) i9-9820X CPU @ 3.30GHz", "machine": "graveyard", "num_cpu": "20", "os": "Linux 4.15.0-112-generic", "ram": "131688676", "python": "3.7"}, "requirements": {}, "commit_hash": "6ff275ff3d8e0cfa14a7120ae1dcb740d07ec4ba", "date": 1623329843000, "env_name": "conda-py3.7", "python": "3.7", "profiles": {}, "started_at": {"factor.TimeDiscreteFactor.time_factor_marginalize": 1654064979384, "factor.TimeDiscreteFactor.time_factor_multiply_large": 1654064979590, "factor.TimeDiscreteFactor.time_factor_reduce": 1654064979797, "import.TimeImport.time_import": 1654064980004, "inference.TimeVariableElimination.time_query_alarm": 1654065033985, "inference.TimeVariableElimination.time_query_munin": 1654065052445, "readwrite.TimeRead.time_asia_read": 1654065071108, "readwrite.TimeRead.time_asia_write": 1654065094830, "readwrite.TimeRead.time_munin_read": 1654065118553, "readwrite.TimeRead.time_munin_write": 1654065154408, "readwrite.TimeRead.time_pathfinder_read": 1654065178130, "readwrite.TimeRead.time_pathfinder_write": 1654065214186,