{"results": {"factor.TimeDiscreteFactor.time_factor_marginalize": {"result": [6.452398429784549e-05], "stats": [{"ci_99": [6.43668553003898e-05, 6.654195090722755e-05], "q_25": 6.446274570547618e-05, "q_75": 6.51627696345191e-05, "min": 6.43668553003898e-05, "max": 6.654195090722755e-05, "mean": 6.492965298115149e-05, "std": 7.19607381366876e-07, "repeat": 10, "number": 169}]}, "factor.TimeDiscreteFactor.time_factor_multiply_large": {"result": [5.705427126182864e-05], "stats": [{"ci_99": [5.625252379104495e-05, 5.773593632814785e-05], "q_25": 5.658095566711078e-05, "q_75": 5.747421285680806e-05, "min": 5.625252379104495e-05, "max": 5.773593632814785e-05, "mean": 5.70202333619818e-05, "std": 4.816516897230062e-07, "repeat": 10, "number": 192}]}, "factor.TimeDiscreteFactor.time_factor_reduce": {"result": [3.31878750806763e-05], "stats": [{"ci_99": [3.280272441250937e-05, 3.344673840772538e-05], "q_25": 3.30852773336191e-05, "q_75": 3.326835909060069e-05, "min": 3.280272441250937e-05, "max": 3.344673840772538e-05, "mean": 3.317621787862172e-05, "std": 1.8532009915442447e-07, "repeat": 10, "number": 315}]}, "import.TimeImport.time_import": {"result": [1.300799354262365e-07], "stats": [{"ci_99": [1.2927261119986265e-07, 1.3133849896471665e-07], "q_25": 1.2992031983271365e-07, "q_75": 1.3047438410761794e-07, "min": 1.2927261119986265e-07, "max": 1.3133849896471665e-07, "mean": 1.3014915215334886e-07, "std": 5.703640239606497e-10, "repeat": 10, "number": 85112}]}, "inference.TimeVariableElimination.time_query_alarm": {"result": [0.23211253434419632], "stats": [{"ci_99": [0.20634742852193957, 0.2716221955801759], "q_25": 0.23088508332148194, "q_75": 0.2402122630737722, "min": 0.2292373701930046, "max": 0.262476809322834, "mean": 0.23898481205105782, "std": 0.0136222511626216, "repeat": 4, "number": 1}]}, "inference.TimeVariableElimination.time_query_munin": {"result": [0.26196141075342894], "stats": [{"ci_99": [0.25600807178331536, 0.26809185840623456], "q_25": 0.26050987420603633, "q_75": 0.26350150164216757, "min": 0.25931394286453724, "max": 0.26496309600770473, "mean": 0.26204996509477496, "std": 0.0021333658535349328, "repeat": 4, "number": 1}]}, "readwrite.TimeRead.time_asia_read": {"result": [0.009286081418395042], "stats": [{"ci_99": [0.008810874074697495, 0.00976128876209259], "q_25": 0.009281329344958067, "q_75": 0.009290833491832018, "min": 0.009276577271521091, "max": 0.009295585565268993, "mean": 0.009286081418395042, "std": 9.504146873950958e-06, "repeat": 2, "number": 2}]}, "readwrite.TimeRead.time_asia_write": {"result": [0.0005006874423651468], "stats": [{"ci_99": [-0.005234201837863241, 0.00623557672259353], "q_25": 0.0004433385495628629, "q_75": 0.0005580363351674307, "min": 0.0003859896567605791, "max": 0.0006153852279697146, "mean": 0.0005006874423651468, "std": 0.00011469778560456776, "repeat": 2, "number": 63}]}, "readwrite.TimeRead.time_munin_read": {"result": [5.542769288644195], "stats": [{"ci_99": [5.155529273673892, 5.930009303614497], "q_25": 5.538896888494492, "q_75": 5.546641688793898, "min": 5.5350244883447886, "max": 5.550514088943601, "mean": 5.542769288644195, "std": 0.007744800299406052, "repeat": 2, "number": 1}]}, "readwrite.TimeRead.time_munin_write": {"result": [0.05044451355934143], "stats": [{"ci_99": [-0.3487764075398445, 0.44966543465852704], "q_25": 0.04645230434834957, "q_75": 0.05443672277033329, "min": 0.04246009513735771, "max": 0.05842893198132515, "mean": 0.05044451355934143, "std": 0.007984418421983719, "repeat": 2, "number": 1}]}, "readwrite.TimeRead.time_pathfinder_read": {"result": [6.141356213949621], "stats": [{"ci_99": [5.642401867546141, 6.6403105603531], "q_25": 6.136366670485586, "q_75": 6.1463457574136555, "min": 6.131377127021551, "max": 6.15133530087769, "mean": 6.141356213949621, "std": 0.009979086928069592, "repeat": 2, "number": 1}]}, "readwrite.TimeRead.time_pathfinder_write": {"result": [0.025773491710424423], "stats": [{"ci_99": [0.022376026958227158, 0.029170956462621685], "q_25": 0.02573951706290245, "q_75": 0.025807466357946396, "min": 0.025705542415380478, "max": 0.02584144100546837, "mean": 0.025773491710424423, "std": 6.794929504394531e-05, "repeat": 2, "number": 1}]}, "sampling.TimeSampling.time_forward_sample": null, "sampling.TimeSampling.time_gibbs_sampling": null, "sampling.TimeSampling.time_likelihood_sample": {"result": [0.21025638468563557], "stats": [{"ci_99": [0.20953982882201672, 0.21170607395470142], "q_25": 0.20998956495895982, "q_75": 0.2109872722066939, "min": 0.20953982882201672, "max": 0.21170607395470142, "mean": 0.21045830957591533, "std": 0.0007132315521282067, "repeat": 10, "number": 1}]}, "sampling.TimeSampling.time_rejection_sample": null, "structure_learning.TimeHillClimb.time_hillclimb": null, "structure_learning.TimePC.time_pc_orig": {"result": [39.96830387227237], "stats": [{"ci_99": [37.990161499008536, 41.94644624553621], "q_25": 39.948522448539734, "q_75": 39.98808529600501, "min": 39.928741024807096, "max": 40.00786671973765, "mean": 39.96830387227237, "std": 0.03956284746527672, "repeat": 2, "number": 1}]}, "structure_learning.TimePC.time_pc_stable": {"result": [40.37223043292761], "stats": [{"ci_99": [21.29646646231413, 59.447994403541074], "q_25": 40.181472793221474, "q_75": 40.56298807263374, "min": 39.99071515351534, "max": 40.75374571233988, "mean": 40.37223043292761, "std": 0.3815152794122696, "repeat": 2, "number": 1}]}, "factor.TimeDiscreteFactor.time_factor_compare": {"result": [7.556002811157614e-05], "stats": [{"ci_99": [7.501139508602315e-05, 7.65571944919744e-05], "q_25": 7.536122225280992e-05, "q_75": 7.583106398806536e-05, "min": 7.501139508602315e-05, "max": 7.65571944919744e-05, "mean": 7.562493359235893e-05, "std": 4.443128331135202e-07, "repeat": 10, "number": 133}]}, "inference.TimeBeliefPropagation.time_query_alarm": {"result": [76.09308434370905], "stats": [{"ci_99": [56.71157047804445, 95.47459820937364], "q_25": 75.8992692050524, "q_75": 76.2868994823657, "min": 75.70545406639576, "max": 76.48071462102234, "mean": 76.09308434370905, "std": 0.387630277313292, "repeat": 2, "number": 1}]}, "parameter_learning.TimeBayesianEstimator.time_alarm_bayesian_estimator": null, "parameter_learning.TimeBayesianEstimator.time_munin_bayesian_estimator": null, "parameter_learning.TimeExpectationMaximization.time_alarm_em": null, "parameter_learning.TimeExpectationMaximization.time_munin_em": null, "parameter_learning.TimeMLE.time_alarm_mle": null, "parameter_learning.TimeMLE.time_munin_mle": null, "structure_learning.TimeHillClimbAlarmModel.time_hillclimb": null, "structure_learning.TimeMmhcAlarmModel.time_mmhc": null, "structure_learning.TimePCAlarmModel.time_pc_orig": null, "structure_learning.TimePCAlarmModel.time_pc_stable": null, "structure_learning.TimeTreeSearchAlarmModel.time_tan": null}, "params": {"arch": "x86_64", "cpu": "Intel(R) Core(TM) i9-9820X CPU @ 3.30GHz", "machine": "graveyard", "num_cpu": "20", "os": "Linux 4.15.0-112-generic", "ram": "131688676", "python": "3.6"}, "requirements": {}, "commit_hash": "6ff275ff3d8e0cfa14a7120ae1dcb740d07ec4ba", "date": 1623329843000, "env_name": "conda-py3.6", "python": "3.6", "profiles": {}, "started_at": {"factor.TimeDiscreteFactor.time_factor_marginalize": 1654063742450, "factor.TimeDiscreteFactor.time_factor_multiply_large": 1654063742657, "factor.TimeDiscreteFactor.time_factor_reduce": 1654063742863, "import.TimeImport.time_import": 1654063743070, "inference.TimeVariableElimination.time_query_alarm": 1654063896027, "inference.TimeVariableElimination.time_query_munin": 1654063915540, "readwrite.TimeRead.time_asia_read": 1654063935106, "readwrite.TimeRead.time_asia_write": 1654063960282, "readwrite.TimeRead.time_munin_read": 1654063985408, "readwrite.TimeRead.time_munin_write": 1654064023268, "readwrite.TimeRead.time_pathfinder_read": 1654064048446, "readwrite.TimeRead.time_pathfinder_write": 1654064086506, "sampling.TimeSampling.time_forward_sample": 1654063139011,