{"results": {"factor.TimeDiscreteFactor.time_factor_marginalize": {"result": [6.132399853826924e-05], "stats": [{"ci_99": [6.114877760410309e-05, 6.218562537634915e-05], "q_25": 6.130764483135532e-05, "q_75": 6.168963260609995e-05, "min": 6.114877760410309e-05, "max": 6.218562537634915e-05, "mean": 6.149293833666226e-05, "std": 3.2659563937843366e-07, "repeat": 10, "number": 176}]}, "factor.TimeDiscreteFactor.time_factor_multiply_large": {"result": [4.918985591035023e-05], "stats": [{"ci_99": [4.877925580628565e-05, 4.956967884970603e-05], "q_25": 4.8861756189682776e-05, "q_75": 4.931964702625698e-05, "min": 4.877925580628565e-05, "max": 4.956967884970603e-05, "mean": 4.912971771348303e-05, "std": 2.692749672484988e-07, "repeat": 10, "number": 214}]}, "factor.TimeDiscreteFactor.time_factor_reduce": {"result": [2.9368866920977747e-05], "stats": [{"ci_99": [2.9273848273598776e-05, 2.961325599012564e-05], "q_25": 2.9361541659990724e-05, "q_75": 2.9447645466067637e-05, "min": 2.9273848273598776e-05, "max": 2.961325599012564e-05, "mean": 2.9407507573747767e-05, "std": 9.013851629729426e-08, "repeat": 10, "number": 353}]}, "import.TimeImport.time_import": {"result": [1.3196079572159896e-07], "stats": [{"ci_99": [1.2953424338116997e-07, 1.3413301558126779e-07], "q_25": 1.3072621456604346e-07, "q_75": 1.3317921815939186e-07, "min": 1.2953424338116997e-07, "max": 1.3413301558126779e-07, "mean": 1.3194743679837247e-07, "std": 1.4982330323409492e-09, "repeat": 10, "number": 82794}]}, "inference.TimeVariableElimination.time_query_alarm": {"result": [0.03984406869858503], "stats": [{"ci_99": [0.01637714559992191, 0.07831827254186041], "q_25": 0.03961381781846285, "q_75": 0.04757795995101333, "min": 0.03955371677875519, "max": 0.07014898210763931, "mean": 0.04734770907089114, "std": 0.013165693944514988, "repeat": 4, "number": 1}]}, "inference.TimeVariableElimination.time_query_munin": {"result": [0.2547547835856676], "stats": [{"ci_99": [0.23493948627245573, 0.28106309704500293], "q_25": 0.25318404752761126, "q_75": 0.25957202771678567, "min": 0.2491467334330082, "max": 0.27334886603057384, "mean": 0.2580012916587293, "std": 0.009153306616125907, "repeat": 4, "number": 1}]}, "readwrite.TimeRead.time_asia_read": {"result": [0.008552192244678736], "stats": [{"ci_99": [0.008365112822502851, 0.00873927166685462], "q_25": 0.008550321450456977, "q_75": 0.008554063038900495, "min": 0.008548450656235218, "max": 0.008555933833122253, "mean": 0.008552192244678736, "std": 3.741588443517685e-06, "repeat": 2, "number": 2}]}, "readwrite.TimeRead.time_asia_write": {"result": [0.0005792871012654103], "stats": [{"ci_99": [-2.2485012739475747e-05, 0.0011810592152702959], "q_25": 0.0005732693801253615, "q_75": 0.0005853048224054591, "min": 0.0005672516589853126, "max": 0.000591322543545508, "mean": 0.0005792871012654103, "std": 1.203544228009772e-05, "repeat": 2, "number": 71}]}, "readwrite.TimeRead.time_munin_read": {"result": [5.158491765148938], "stats": [{"ci_99": [4.772320582531393, 5.544662947766483], "q_25": 5.154630053322762, "q_75": 5.162353476975113, "min": 5.150768341496587, "max": 5.166215188801289, "mean": 5.158491765148938, "std": 0.0077234236523509026, "repeat": 2, "number": 1}]}, "readwrite.TimeRead.time_munin_write": {"result": [0.04036102630198002], "stats": [{"ci_99": [0.03831593506038189, 0.04240611754357815], "q_25": 0.04034057538956404, "q_75": 0.040381477214396, "min": 0.040320124477148056, "max": 0.04040192812681198, "mean": 0.04036102630198002, "std": 4.0901824831962585e-05, "repeat": 2, "number": 1}]}, "readwrite.TimeRead.time_pathfinder_read": {"result": [5.7724755350500345], "stats": [{"ci_99": [5.417699096724391, 6.127251973375678], "q_25": 5.768927770666778, "q_75": 5.776023299433291, "min": 5.765380006283522, "max": 5.779571063816547, "mean": 5.7724755350500345, "std": 0.007095528766512871, "repeat": 2, "number": 1}]}, "readwrite.TimeRead.time_pathfinder_write": {"result": [0.026020732708275318], "stats": [{"ci_99": [0.014943535439670086, 0.03709792997688054], "q_25": 0.025909960735589266, "q_75": 0.02613150468096137, "min": 0.025799188762903214, "max": 0.026242276653647423, "mean": 0.026020732708275318, "std": 0.00022154394537210464, "repeat": 2, "number": 1}]}, "sampling.TimeSampling.time_forward_sample": null, "sampling.TimeSampling.time_gibbs_sampling": null, "sampling.TimeSampling.time_likelihood_sample": {"result": [0.6294441502541304], "stats": [{"ci_99": [0.6269299723207951, 0.6318674627691507], "q_25": 0.6275316565297544, "q_75": 0.6307423296384513, "min": 0.6269299723207951, "max": 0.6318674627691507, "mean": 0.6293387971818447, "std": 0.0017985322015769245, "repeat": 10, "number": 1}]}, "sampling.TimeSampling.time_rejection_sample": null, "structure_learning.TimeHillClimb.time_hillclimb": null, "structure_learning.TimePC.time_pc_orig": {"result": [50.058269346132874], "stats": [{"ci_99": [47.3759031239897, 52.74063556827605], "q_25": 50.03144568391144, "q_75": 50.085093008354306, "min": 50.00462202169001, "max": 50.11191667057574, "mean": 50.058269346132874, "std": 0.053647324442863464, "repeat": 2, "number": 1}]}, "structure_learning.TimePC.time_pc_stable": {"result": [50.43874742509797], "stats": [{"ci_99": [48.50515670655295, 52.37233814364299], "q_25": 50.41941151791252, "q_75": 50.45808333228342, "min": 50.40007561072707, "max": 50.47741923946887, "mean": 50.43874742509797, "std": 0.03867181437090039, "repeat": 2, "number": 1}]}, "factor.TimeDiscreteFactor.time_factor_compare": {"result": [7.119799360028796e-05], "stats": [{"ci_99": [7.090930248031745e-05, 7.19416987251591e-05], "q_25": 7.113148898792428e-05, "q_75": 7.156708051224013e-05, "min": 7.090930248031745e-05, "max": 7.19416987251591e-05, "mean": 7.134388276451344e-05, "std": 3.052082818974285e-07, "repeat": 10, "number": 148}]}, "inference.TimeBeliefPropagation.time_query_alarm": {"result": [57.176130563020706], "stats": [{"ci_99": [54.02866845950484, 60.32359266653657], "q_25": 57.14465594198555, "q_75": 57.207605184055865, "min": 57.11318132095039, "max": 57.23907980509102, "mean": 57.176130563020706, "std": 0.06294924207031727, "repeat": 2, "number": 1}]}, "parameter_learning.TimeBayesianEstimator.time_alarm_bayesian_estimator": null, "parameter_learning.TimeBayesianEstimator.time_munin_bayesian_estimator": null, "parameter_learning.TimeExpectationMaximization.time_alarm_em": null, "parameter_learning.TimeExpectationMaximization.time_munin_em": null, "parameter_learning.TimeMLE.time_alarm_mle": null, "parameter_learning.TimeMLE.time_munin_mle": null, "structure_learning.TimeHillClimbAlarmModel.time_hillclimb": null, "structure_learning.TimeMmhcAlarmModel.time_mmhc": null, "structure_learning.TimePCAlarmModel.time_pc_orig": null, "structure_learning.TimePCAlarmModel.time_pc_stable": null, "structure_learning.TimeTreeSearchAlarmModel.time_tan": null}, "params": {"arch": "x86_64", "cpu": "Intel(R) Core(TM) i9-9820X CPU @ 3.30GHz", "machine": "graveyard", "num_cpu": "20", "os": "Linux 4.15.0-112-generic", "ram": "131688676", "python": "3.8"}, "requirements": {}, "commit_hash": "72b07a3c7133b4c79effa5568e6128622ed292cc", "date": 1619445737000, "env_name": "conda-py3.8", "python": "3.8", "profiles": {}, "started_at": {"factor.TimeDiscreteFactor.time_factor_marginalize": 1654196483842, "factor.TimeDiscreteFactor.time_factor_multiply_large": 1654196484049, "factor.TimeDiscreteFactor.time_factor_reduce": 1654196484256, "import.TimeImport.time_import": 1654196484463, "inference.TimeVariableElimination.time_query_alarm": 1654196599255, "inference.TimeVariableElimination.time_query_munin": 1654196617518, "readwrite.TimeRead.time_asia_read": 1654196636279, "readwrite.TimeRead.time_asia_write": 1654196660000, "readwrite.TimeRead.time_munin_read": 1654196683723, "readwrite.TimeRead.time_munin_write": 1654196719528, "readwrite.TimeRead.time_pathfinder_read": 1654196743250, "readwrite.TimeRead.time_pathfinder_write": 1654196779254,