{"results": {"factor.TimeDiscreteFactor.time_factor_compare": {"result": [3.918312462185746e-05], "stats": [{"ci_99": [3.891327738094686e-05, 3.927910644839059e-05], "q_25": 3.906259132521366e-05, "q_75": 3.9223272270008704e-05, "min": 3.891327738094686e-05, "max": 3.927910644839059e-05, "mean": 3.914579248695232e-05, "std": 1.1415349891446454e-07, "repeat": 10, "number": 268}]}, "factor.TimeDiscreteFactor.time_factor_marginalize": {"result": [3.7178836185924134e-05], "stats": [{"ci_99": [3.681932685752509e-05, 3.7581794691406917e-05], "q_25": 3.6976913222259145e-05, "q_75": 3.722670365764637e-05, "min": 3.681932685752509e-05, "max": 3.7581794691406917e-05, "mean": 3.7142149602323264e-05, "std": 2.037300770243731e-07, "repeat": 10, "number": 297}]}, "factor.TimeDiscreteFactor.time_factor_multiply_large": {"result": [1.4289945216947479e-05], "stats": [{"ci_99": [1.4147686919099407e-05, 1.4424975961446763e-05], "q_25": 1.4221706231565851e-05, "q_75": 1.4379262728126427e-05, "min": 1.4147686919099407e-05, "max": 1.4424975961446763e-05, "mean": 1.4293194797478222e-05, "std": 9.204279571511938e-08, "repeat": 10, "number": 760}]}, "factor.TimeDiscreteFactor.time_factor_reduce": {"result": [7.484879915534195e-06], "stats": [{"ci_99": [7.3621218608788326e-06, 7.599962844135282e-06], "q_25": 7.466054281399747e-06, "q_75": 7.525027222990903e-06, "min": 7.3621218608788326e-06, "max": 7.599962844135282e-06, "mean": 7.487164192123525e-06, "std": 6.883166030562366e-08, "repeat": 10, "number": 1377}]}, "import.TimeImport.time_import": {"result": [1.1665636057539977e-07], "stats": [{"ci_99": [1.1612674214199742e-07, 1.1752536254246502e-07], "q_25": 1.1643828419073452e-07, "q_75": 1.1675821222890709e-07, "min": 1.1612674214199742e-07, "max": 1.1752536254246502e-07, "mean": 1.1665730997105221e-07, "std": 3.632581687209241e-10, "repeat": 10, "number": 91622}]}, "inference.TimeBeliefPropagation.time_query_alarm": {"result": [41.73962254077196], "stats": [{"ci_99": [41.03923434391618, 42.440010737627745], "q_25": 41.7326186588034, "q_75": 41.74662642274052, "min": 41.725614776834846, "max": 41.75363030470908, "mean": 41.73962254077196, "std": 0.01400776393711567, "repeat": 2, "number": 1}]}, "inference.TimeVariableElimination.time_query_alarm": {"result": [0.004429427285989126], "stats": [{"ci_99": [0.004338357834334363, 0.004499614933316718], "q_25": 0.004410369787365198, "q_75": 0.004438043882449468, "min": 0.004366951063275337, "max": 0.0044501399000485735, "mean": 0.0044189863838255405, "std": 3.1377850371038046e-05, "repeat": 4, "number": 3}]}, "inference.TimeVariableElimination.time_query_munin": {"result": [0.1604246897622943], "stats": [{"ci_99": [0.1530746792339023, 0.16815092387718594], "q_25": 0.15892914310097694, "q_75": 0.1621083482168615, "min": 0.15704214200377464, "max": 0.16455968469381332, "mean": 0.16061280155554414, "std": 0.002734047969590777, "repeat": 4, "number": 1}]}, "parameter_learning.TimeBayesianEstimator.time_alarm_bayesian_estimator": {"result": [2.2057851385325193], "stats": [{"ci_99": [2.060019319929132, 2.302642461791685], "q_25": 2.1770215909928083, "q_75": 2.2100944384001195, "min": 2.0945728830993176, "max": 2.219180403277278, "mean": 2.1813308908604085, "std": 0.050395530709701146, "repeat": 4, "number": 1}]}, "parameter_learning.TimeBayesianEstimator.time_munin_bayesian_estimator": {"result": [35.819802675396204], "stats": [{"ci_99": [35.506428088992834, 36.133177261799574], "q_25": 35.81666892953217, "q_75": 35.82293642126024, "min": 35.81353518366814, "max": 35.82607016712427, "mean": 35.819802675396204, "std": 0.006267491728067398, "repeat": 2, "number": 1}]}, "parameter_learning.TimeExpectationMaximization.time_alarm_em": {"result": [7.236589687876403], "stats": [{"ci_99": [7.17064865026623, 7.302530725486577], "q_25": 7.235930277500302, "q_75": 7.237249098252505, "min": 7.2352708671242, "max": 7.237908508628607, "mean": 7.236589687876403, "std": 0.0013188207522034645, "repeat": 2, "number": 1}]}, "parameter_learning.TimeExpectationMaximization.time_munin_em": {"result": [82.03714657016098], "stats": [{"ci_99": [78.4980607163161, 85.57623242400587], "q_25": 82.00175571162254, "q_75": 82.07253742869943, "min": 81.96636485308409, "max": 82.10792828723788, "mean": 82.03714657016098, "std": 0.07078171707689762, "repeat": 2, "number": 1}]}, "parameter_learning.TimeMLE.time_alarm_mle": {"result": [2.1133533474057913], "stats": [{"ci_99": [2.0480049303634864, 2.162589648282637], "q_25": 2.0994301941245794, "q_75": 2.1192204426042736, "min": 2.0678001940250397, "max": 2.1266822684556246, "mean": 2.1052972893230617, "std": 0.022449922033635814, "repeat": 4, "number": 1}]}, "parameter_learning.TimeMLE.time_munin_mle": {"result": [35.42402149364352], "stats": [{"ci_99": [31.98026367649436, 38.867779310792685], "q_25": 35.38958391547203, "q_75": 35.458459071815014, "min": 35.35514633730054, "max": 35.492896649986506, "mean": 35.42402149364352, "std": 0.06887515634298325, "repeat": 2, "number": 1}]}, "readwrite.TimeRead.time_asia_read": {"result": [0.008824903517961502], "stats": [{"ci_99": [0.0077699944376945496, 0.009879812598228455], "q_25": 0.008814354427158833, "q_75": 0.008835452608764172, "min": 0.008803805336356163, "max": 0.008846001699566841, "mean": 0.008824903517961502, "std": 2.109818160533905e-05, "repeat": 2, "number": 2}]}, "readwrite.TimeRead.time_asia_write": {"result": [0.0009363361944754918], "stats": [{"ci_99": [0.0005183076219899328, 0.0013543647669610505], "q_25": 0.0009321559087506363, "q_75": 0.0009405164802003473, "min": 0.0009279756230257806, "max": 0.000944696765925203, "mean": 0.0009363361944754918, "std": 8.360571449711181e-06, "repeat": 2, "number": 42}]}, "readwrite.TimeRead.time_munin_read": {"result": [4.767025602050126], "stats": [{"ci_99": [4.598578359000385, 4.935472845099866], "q_25": 4.765341129619628, "q_75": 4.768710074480623, "min": 4.763656657189131, "max": 4.77039454691112, "mean": 4.767025602050126, "std": 0.003368944860994816, "repeat": 2, "number": 1}]}, "readwrite.TimeRead.time_munin_write": {"result": [0.11612121108919382], "stats": [{"ci_99": [0.08773491811007261, 0.144507504068315], "q_25": 0.11583734815940261, "q_75": 0.11640507401898503, "min": 0.1155534852296114, "max": 0.11668893694877625, "mean": 0.11612121108919382, "std": 0.0005677258595824242, "repeat": 2, "number": 1}]}, "readwrite.TimeRead.time_pathfinder_read": {"result": [5.298610527999699], "stats": [{"ci_99": [5.202142692171037, 5.395078363828361], "q_25": 5.2976458496414125, "q_75": 5.299575206357986, "min": 5.296681171283126, "max": 5.300539884716272, "mean": 5.298610527999699, "std": 0.0019293567165732384, "repeat": 2, "number": 1}]}, "readwrite.TimeRead.time_pathfinder_write": {"result": [0.11567122582346201], "stats": [{"ci_99": [0.11284573283046484, 0.11849671881645918], "q_25": 0.11564297089353204, "q_75": 0.11569948075339198, "min": 0.11561471596360207, "max": 0.11572773568332195, "mean": 0.11567122582346201, "std": 5.650985985994339e-05, "repeat": 2, "number": 1}]}, "sampling.TimeSampling.time_forward_sample": {"result": [0.22996472753584385], "stats": [{"ci_99": [0.22850560769438744, 0.2315821796655655], "q_25": 0.2294457689858973, "q_75": 0.2308303783647716, "min": 0.22850560769438744, "max": 0.2315821796655655, "mean": 0.23009657487273216, "std": 0.0009344914172499149, "repeat": 10, "number": 1}]}, "sampling.TimeSampling.time_gibbs_sampling": null, "sampling.TimeSampling.time_likelihood_sample": {"result": [0.22875576000660658], "stats": [{"ci_99": [0.22724255733191967, 0.22936470620334148], "q_25": 0.22837879555299878, "q_75": 0.22911527147516608, "min": 0.22724255733191967, "max": 0.22936470620334148, "mean": 0.22858617827296257, "std": 0.0006866378116944261, "repeat": 10, "number": 1}]}, "sampling.TimeSampling.time_rejection_sample": {"result": [40.706093546934426], "stats": [{"ci_99": [39.67977704759687, 41.73241004627198], "q_25": 40.69583038194105, "q_75": 40.7163567119278, "min": 40.685567216947675,