{"results": {"factor.TimeDiscreteFactor.time_factor_marginalize": {"result": [6.072077504749405e-05], "stats": [{"ci_99": [6.051153444045083e-05, 6.135315868441619e-05], "q_25": 6.06555044234798e-05, "q_75": 6.088824921896338e-05, "min": 6.051153444045083e-05, "max": 6.135315868441619e-05, "mean": 6.079625900231259e-05, "std": 2.228437017577224e-07, "repeat": 10, "number": 179}]}, "factor.TimeDiscreteFactor.time_factor_multiply_large": {"result": [4.9207276476660805e-05], "stats": [{"ci_99": [4.878140846048722e-05, 4.962409361147545e-05], "q_25": 4.8853738994245796e-05, "q_75": 4.9501561293019936e-05, "min": 4.878140846048722e-05, "max": 4.962409361147545e-05, "mean": 4.919439186932336e-05, "std": 3.2923751202362775e-07, "repeat": 10, "number": 213}]}, "factor.TimeDiscreteFactor.time_factor_reduce": {"result": [2.8677011699709174e-05], "stats": [{"ci_99": [2.841289116911692e-05, 2.89063084207169e-05], "q_25": 2.860278401472797e-05, "q_75": 2.874948135385775e-05, "min": 2.841289116911692e-05, "max": 2.89063084207169e-05, "mean": 2.8667408615758974e-05, "std": 1.305599137151261e-07, "repeat": 10, "number": 365}]}, "import.TimeImport.time_import": {"result": [1.3227145492692614e-07], "stats": [{"ci_99": [1.282532004775205e-07, 1.3445081271725183e-07], "q_25": 1.2928870158017296e-07, "q_75": 1.3356349178148601e-07, "min": 1.282532004775205e-07, "max": 1.3445081271725183e-07, "mean": 1.3150581649507997e-07, "std": 2.3122483237311182e-09, "repeat": 10, "number": 75138}]}, "inference.TimeVariableElimination.time_query_alarm": {"result": [0.09724531788378954], "stats": [{"ci_99": [0.07254730838083517, 0.13637158719158857], "q_25": 0.09669409738853574, "q_75": 0.10501066828146577, "min": 0.09556902945041656, "max": 0.12777812592685223, "mean": 0.10445944778621197, "std": 0.013481002561701478, "repeat": 4, "number": 1}]}, "inference.TimeVariableElimination.time_query_munin": {"result": [0.2563849249854684], "stats": [{"ci_99": [0.2389308819240825, 0.28411160691912013], "q_25": 0.2557479362003505, "q_75": 0.26215823320671916, "min": 0.25532739236950874, "max": 0.27798773534595966, "mean": 0.2615212444216013, "std": 0.009523212649961282, "repeat": 4, "number": 1}]}, "readwrite.TimeRead.time_asia_read": {"result": [0.00852305069565773], "stats": [{"ci_99": [0.007710844278335571, 0.009335257112979889], "q_25": 0.008514928631484509, "q_75": 0.008531172759830952, "min": 0.008506806567311287, "max": 0.008539294824004173, "mean": 0.00852305069565773, "std": 1.6244128346443176e-05, "repeat": 2, "number": 2}]}, "readwrite.TimeRead.time_asia_write": {"result": [0.0005889690912036753], "stats": [{"ci_99": [8.666373566905102e-05, 0.0010912744467382993], "q_25": 0.000583946037648329, "q_75": 0.0005939921447590216, "min": 0.0005789229840929828, "max": 0.0005990151983143678, "mean": 0.0005889690912036753, "std": 1.0046107110692486e-05, "repeat": 2, "number": 67}]}, "readwrite.TimeRead.time_munin_read": {"result": [5.10364664811641], "stats": [{"ci_99": [4.21538810338825, 5.991905192844569], "q_25": 5.094764062669128, "q_75": 5.112529233563691, "min": 5.085881477221847, "max": 5.121411819010973, "mean": 5.10364664811641, "std": 0.017765170894563198, "repeat": 2, "number": 1}]}, "readwrite.TimeRead.time_munin_write": {"result": [0.04006703104823828], "stats": [{"ci_99": [0.03664856497198343, 0.04348549712449312], "q_25": 0.04003284638747573, "q_75": 0.040101215709000826, "min": 0.03999866172671318, "max": 0.040135400369763374, "mean": 0.04006703104823828, "std": 6.83693215250969e-05, "repeat": 2, "number": 1}]}, "readwrite.TimeRead.time_pathfinder_read": {"result": [5.7080948408693075], "stats": [{"ci_99": [5.039005322381854, 6.37718435935676], "q_25": 5.701403945684433, "q_75": 5.714785736054182, "min": 5.6947130504995584, "max": 5.721476631239057, "mean": 5.7080948408693075, "std": 0.01338179036974907, "repeat": 2, "number": 1}]}, "readwrite.TimeRead.time_pathfinder_write": {"result": [0.025727437809109688], "stats": [{"ci_99": [0.024494273588061333, 0.026960602030158043], "q_25": 0.025715106166899204, "q_75": 0.02573976945132017, "min": 0.02570277452468872, "max": 0.025752101093530655, "mean": 0.025727437809109688, "std": 2.4663284420967102e-05, "repeat": 2, "number": 1}]}, "sampling.TimeSampling.time_forward_sample": null, "sampling.TimeSampling.time_gibbs_sampling": null, "sampling.TimeSampling.time_likelihood_sample": {"result": [0.20429905876517296], "stats": [{"ci_99": [0.202197240665555, 0.20546551421284676], "q_25": 0.20381173957139254, "q_75": 0.2048814231529832, "min": 0.202197240665555, "max": 0.20546551421284676, "mean": 0.2042362866923213, "std": 0.0009553964803144727, "repeat": 10, "number": 1}]}, "sampling.TimeSampling.time_rejection_sample": null, "structure_learning.TimeHillClimb.time_hillclimb": null, "structure_learning.TimePC.time_pc_orig": {"result": [39.33084920234978], "stats": [{"ci_99": [38.82553974352777, 39.836158661171794], "q_25": 39.32579610776156, "q_75": 39.335902296938, "min": 39.32074301317334, "max": 39.34095539152622, "mean": 39.33084920234978, "std": 0.010106189176440239, "repeat": 2, "number": 1}]}, "structure_learning.TimePC.time_pc_stable": {"result": [39.16803065594286], "stats": [{"ci_99": [35.264538255520165, 43.07152305636555], "q_25": 39.12899573193863, "q_75": 39.207065579947084, "min": 39.0899608079344, "max": 39.24610050395131, "mean": 39.16803065594286, "std": 0.07806984800845385, "repeat": 2, "number": 1}]}, "factor.TimeDiscreteFactor.time_factor_compare": {"result": [7.048934077223142e-05], "stats": [{"ci_99": [7.017434885104497e-05, 7.060870528221131e-05], "q_25": 7.044099271297455e-05, "q_75": 7.050182980795702e-05, "min": 7.017434885104497e-05, "max": 7.060870528221131e-05, "mean": 7.046059767405193e-05, "std": 1.1588930085120861e-07, "repeat": 10, "number": 150}]}, "inference.TimeBeliefPropagation.time_query_alarm": {"result": [60.36493668239564], "stats": [{"ci_99": [53.06546359229833, 67.66440977249295], "q_25": 60.291941951494664, "q_75": 60.43793141329661, "min": 60.21894722059369, "max": 60.51092614419758, "mean": 60.36493668239564, "std": 0.14598946180194616, "repeat": 2, "number": 1}]}, "parameter_learning.TimeBayesianEstimator.time_alarm_bayesian_estimator": null, "parameter_learning.TimeBayesianEstimator.time_munin_bayesian_estimator": null, "parameter_learning.TimeExpectationMaximization.time_alarm_em": null, "parameter_learning.TimeExpectationMaximization.time_munin_em": null, "parameter_learning.TimeMLE.time_alarm_mle": null, "parameter_learning.TimeMLE.time_munin_mle": null, "structure_learning.TimeHillClimbAlarmModel.time_hillclimb": null, "structure_learning.TimeMmhcAlarmModel.time_mmhc": null, "structure_learning.TimePCAlarmModel.time_pc_orig": null, "structure_learning.TimePCAlarmModel.time_pc_stable": null, "structure_learning.TimeTreeSearchAlarmModel.time_tan": null}, "params": {"arch": "x86_64", "cpu": "Intel(R) Core(TM) i9-9820X CPU @ 3.30GHz", "machine": "graveyard", "num_cpu": "20", "os": "Linux 4.15.0-112-generic", "ram": "131688676", "python": "3.8"}, "requirements": {}, "commit_hash": "74747c015780b701389fd0813f014570eab2091d", "date": 1622541141000, "env_name": "conda-py3.8", "python": "3.8", "profiles": {}, "started_at": {"factor.TimeDiscreteFactor.time_factor_marginalize": 1654100306504, "factor.TimeDiscreteFactor.time_factor_multiply_large": 1654100306710, "factor.TimeDiscreteFactor.time_factor_reduce": 1654100306917, "import.TimeImport.time_import": 1654100307123, "inference.TimeVariableElimination.time_query_alarm": 1654100428785, "inference.TimeVariableElimination.time_query_munin": 1654100446746, "readwrite.TimeRead.time_asia_read": 1654100465108, "readwrite.TimeRead.time_asia_write": 1654100488578, "readwrite.TimeRead.time_munin_read": 1654100511949, "readwrite.TimeRead.time_munin_write": 1654100547251, "readwrite.TimeRead.time_pathfinder_read": 1654100570623, "readwrite.TimeRead.time_pathfinder_write": 1654100606128, "sampling.TimeSampling.time_forward_sample": 1654099702726,