{"results": {"factor.TimeDiscreteFactor.time_factor_marginalize": {"result": [6.157791093838486e-05], "stats": [{"ci_99": [6.1393016949296e-05, 6.20400109751658e-05], "q_25": 6.14881203298203e-05, "q_75": 6.161200739866631e-05, "min": 6.1393016949296e-05, "max": 6.20400109751658e-05, "mean": 6.161909338764168e-05, "std": 2.1358329671853334e-07, "repeat": 10, "number": 176}]}, "factor.TimeDiscreteFactor.time_factor_multiply_large": {"result": [5.151600126872223e-05], "stats": [{"ci_99": [5.110953020992462e-05, 5.220120959875116e-05], "q_25": 5.1399913469427514e-05, "q_75": 5.179947536242635e-05, "min": 5.110953020992462e-05, "max": 5.220120959875116e-05, "mean": 5.161411454232686e-05, "std": 3.26603107054052e-07, "repeat": 10, "number": 209}]}, "factor.TimeDiscreteFactor.time_factor_reduce": {"result": [3.01348259565474e-05], "stats": [{"ci_99": [3.0038257439931233e-05, 3.061823054463014e-05], "q_25": 3.0098278236029474e-05, "q_75": 3.0284970945239753e-05, "min": 3.0038257439931233e-05, "max": 3.061823054463014e-05, "mean": 3.0216143798382805e-05, "std": 1.851761386536175e-07, "repeat": 10, "number": 348}]}, "import.TimeImport.time_import": {"result": [1.2499204482668262e-07], "stats": [{"ci_99": [1.2436969507680524e-07, 1.2530702908773472e-07], "q_25": 1.2458297247907945e-07, "q_75": 1.250921818540523e-07, "min": 1.2436969507680524e-07, "max": 1.2530702908773472e-07, "mean": 1.2488163370815807e-07, "std": 3.242610289264805e-10, "repeat": 10, "number": 86913}]}, "inference.TimeVariableElimination.time_query_alarm": {"result": [0.06235858518630266], "stats": [{"ci_99": [0.06066854771294592, 0.06401691112599375], "q_25": 0.06178663717582822, "q_75": 0.06291467742994428, "min": 0.06173846498131752, "max": 0.06291528232395649, "mean": 0.06234272941946983, "std": 0.0005726001868737146, "repeat": 4, "number": 1}]}, "inference.TimeVariableElimination.time_query_munin": {"result": [0.25613455567508936], "stats": [{"ci_99": [0.25285451904710793, 0.25866706716987825], "q_25": 0.25524903554469347, "q_75": 0.256646313238889, "min": 0.2540462575852871, "max": 0.25672780349850655, "mean": 0.2557607931084931, "std": 0.001075151272584859, "repeat": 4, "number": 1}]}, "readwrite.TimeRead.time_asia_read": {"result": [0.008806430734694004], "stats": [{"ci_99": [0.008742821402847767, 0.008870040066540241], "q_25": 0.008805794641375542, "q_75": 0.008807066828012466, "min": 0.00880515854805708, "max": 0.008807702921330929, "mean": 0.008806430734694004, "std": 1.2721866369247437e-06, "repeat": 2, "number": 2}]}, "readwrite.TimeRead.time_asia_write": {"result": [0.00043099442677151773], "stats": [{"ci_99": [-0.0104162247490979, 0.011278213602640927], "q_25": 0.00032252223501282355, "q_75": 0.0005394666185302119, "min": 0.00021405004325412934, "max": 0.0006479388102889061, "mean": 0.00043099442677151773, "std": 0.0002169443835173884, "repeat": 2, "number": 62}]}, "readwrite.TimeRead.time_munin_read": {"result": [5.326030400581658], "stats": [{"ci_99": [4.9894217839464545, 5.662639017216861], "q_25": 5.322664314415306, "q_75": 5.32939648674801, "min": 5.319298228248954, "max": 5.332762572914362, "mean": 5.326030400581658, "std": 0.006732172332704067, "repeat": 2, "number": 1}]}, "readwrite.TimeRead.time_munin_write": {"result": [0.040827264077961445], "stats": [{"ci_99": [0.04081259574741125, 0.04084193240851164], "q_25": 0.04082711739465594, "q_75": 0.04082741076126695, "min": 0.04082697071135044, "max": 0.04082755744457245, "mean": 0.040827264077961445, "std": 2.9336661100387573e-07, "repeat": 2, "number": 1}]}, "readwrite.TimeRead.time_pathfinder_read": {"result": [5.991836503148079], "stats": [{"ci_99": [5.487448588013649, 6.496224418282509], "q_25": 5.986792623996735, "q_75": 5.996880382299423, "min": 5.98174874484539, "max": 6.0019242614507675, "mean": 5.991836503148079, "std": 0.010087758302688599, "repeat": 2, "number": 1}]}, "readwrite.TimeRead.time_pathfinder_write": {"result": [0.024383540265262127], "stats": [{"ci_99": [0.020074077881872654, 0.028693002648651596], "q_25": 0.024340445641428232, "q_75": 0.02442663488909602, "min": 0.024297351017594337, "max": 0.024469729512929916, "mean": 0.024383540265262127, "std": 8.618924766778946e-05, "repeat": 2, "number": 1}]}, "sampling.TimeSampling.time_forward_sample": null, "sampling.TimeSampling.time_gibbs_sampling": null, "sampling.TimeSampling.time_likelihood_sample": {"result": [0.2105409624055028], "stats": [{"ci_99": [0.20967181585729122, 0.2149962466210127], "q_25": 0.21014817245304585, "q_75": 0.21120604407042265, "min": 0.20967181585729122, "max": 0.2149962466210127, "mean": 0.21102345045655965, "std": 0.0014665732686811107, "repeat": 10, "number": 1}]}, "sampling.TimeSampling.time_rejection_sample": null, "structure_learning.TimeHillClimb.time_hillclimb": null, "structure_learning.TimePC.time_pc_orig": {"result": [42.10445677675307], "stats": [{"ci_99": [30.96299480460584, 53.24591874890029], "q_25": 41.993042157031596, "q_75": 42.21587139647454, "min": 41.88162753731012, "max": 42.32728601619601, "mean": 42.10445677675307, "std": 0.22282923944294453, "repeat": 2, "number": 1}]}, "structure_learning.TimePC.time_pc_stable": {"result": [41.84506249241531], "stats": [{"ci_99": [34.7079500798136, 48.98217490501701], "q_25": 41.77369136828929, "q_75": 41.916433616541326, "min": 41.702320244163275, "max": 41.98780474066734, "mean": 41.84506249241531, "std": 0.1427422482520342, "repeat": 2, "number": 1}]}, "factor.TimeDiscreteFactor.time_factor_compare": {"result": [7.20220369597276e-05], "stats": [{"ci_99": [7.155311604340871e-05, 7.255339374144871e-05], "q_25": 7.169217802584171e-05, "q_75": 7.216327513257663e-05, "min": 7.155311604340871e-05, "max": 7.255339374144871e-05, "mean": 7.200723762313524e-05, "std": 3.3890862280947237e-07, "repeat": 10, "number": 150}]}, "inference.TimeBeliefPropagation.time_query_alarm": {"result": [91.2846457650885], "stats": [{"ci_99": [90.81618552748114, 91.75310600269586], "q_25": 91.27996116271242, "q_75": 91.28933036746457, "min": 91.27527656033635, "max": 91.29401496984065, "mean": 91.2846457650885, "std": 0.009369204752147198, "repeat": 2, "number": 1}]}, "parameter_learning.TimeBayesianEstimator.time_alarm_bayesian_estimator": null, "parameter_learning.TimeBayesianEstimator.time_munin_bayesian_estimator": null, "parameter_learning.TimeExpectationMaximization.time_alarm_em": null, "parameter_learning.TimeExpectationMaximization.time_munin_em": null, "parameter_learning.TimeMLE.time_alarm_mle": null, "parameter_learning.TimeMLE.time_munin_mle": null, "structure_learning.TimeHillClimbAlarmModel.time_hillclimb": null, "structure_learning.TimeMmhcAlarmModel.time_mmhc": null, "structure_learning.TimePCAlarmModel.time_pc_orig": null, "structure_learning.TimePCAlarmModel.time_pc_stable": null, "structure_learning.TimeTreeSearchAlarmModel.time_tan": null}, "params": {"arch": "x86_64", "cpu": "Intel(R) Core(TM) i9-9820X CPU @ 3.30GHz", "machine": "graveyard", "num_cpu": "20", "os": "Linux 4.15.0-112-generic", "ram": "131688676", "python": "3.7"}, "requirements": {}, "commit_hash": "74747c015780b701389fd0813f014570eab2091d", "date": 1622541141000, "env_name": "conda-py3.7", "python": "3.7", "profiles": {}, "started_at": {"factor.TimeDiscreteFactor.time_factor_marginalize": 1654098981157, "factor.TimeDiscreteFactor.time_factor_multiply_large": 1654098981364, "factor.TimeDiscreteFactor.time_factor_reduce": 1654098981570, "import.TimeImport.time_import": 1654098981776, "inference.TimeVariableElimination.time_query_alarm": 1654099164635, "inference.TimeVariableElimination.time_query_munin": 1654099183197, "readwrite.TimeRead.time_asia_read": 1654099202262, "readwrite.TimeRead.time_asia_write": 1654099226736, "readwrite.TimeRead.time_munin_read": 1654099251260, "readwrite.TimeRead.time_munin_write": 1654099288168, "readwrite.TimeRead.time_pathfinder_read": 1654099312693, "readwrite.TimeRead.time_pathfinder_write": 1654099349900, "sampling.TimeSampling.time_forward_sample": 1654098377838,