{"results": {"factor.TimeDiscreteFactor.time_factor_marginalize": {"result": [6.115711241793097e-05], "stats": [{"ci_99": [6.094449356700597e-05, 6.177018951164203e-05], "q_25": 6.098878109471851e-05, "q_75": 6.145702706377828e-05, "min": 6.094449356700597e-05, "max": 6.177018951164203e-05, "mean": 6.12515914306212e-05, "std": 2.830179938208226e-07, "repeat": 10, "number": 178}]}, "factor.TimeDiscreteFactor.time_factor_multiply_large": {"result": [5.246544675678728e-05], "stats": [{"ci_99": [5.215926889027135e-05, 5.277626786790966e-05], "q_25": 5.235962801430215e-05, "q_75": 5.257280284993387e-05, "min": 5.215926889027135e-05, "max": 5.277626786790966e-05, "mean": 5.245077731221487e-05, "std": 1.8330342951043506e-07, "repeat": 10, "number": 209}]}, "factor.TimeDiscreteFactor.time_factor_reduce": {"result": [3.0007409422021164e-05], "stats": [{"ci_99": [2.9887513894783823e-05, 3.074115229940811e-05], "q_25": 2.9981391726273248e-05, "q_75": 3.0191736476408148e-05, "min": 2.9887513894783823e-05, "max": 3.074115229940811e-05, "mean": 3.011214425606741e-05, "std": 2.3431833734283116e-07, "repeat": 10, "number": 361}]}, "import.TimeImport.time_import": {"result": [1.3205298029766464e-07], "stats": [{"ci_99": [1.3181306332991812e-07, 1.3310308316183288e-07], "q_25": 1.3190784505942835e-07, "q_75": 1.3210607339415533e-07, "min": 1.3181306332991812e-07, "max": 1.3310308316183288e-07, "mean": 1.321927782012413e-07, "std": 4.49205541495534e-10, "repeat": 10, "number": 81418}]}, "inference.TimeVariableElimination.time_query_alarm": {"result": [0.08498669974505901], "stats": [{"ci_99": [0.08292199964320418, 0.08706884724402669], "q_25": 0.08428912470117211, "q_75": 0.08569299848750234, "min": 0.08428126387298107, "max": 0.08572703041136265, "mean": 0.08499542344361544, "std": 0.0007091102016009899, "repeat": 4, "number": 1}]}, "inference.TimeVariableElimination.time_query_munin": {"result": [0.25566941034048796], "stats": [{"ci_99": [0.23715167453691985, 0.28549298962398756], "q_25": 0.2553577767685056, "q_75": 0.261633965652436, "min": 0.2548854034394026, "max": 0.27906510420143604, "mean": 0.26132233208045363, "std": 0.010249373171264597, "repeat": 4, "number": 1}]}, "readwrite.TimeRead.time_asia_read": {"result": [0.008689225651323795], "stats": [{"ci_99": [0.007346258498728275, 0.010032192803919314], "q_25": 0.00867579597979784, "q_75": 0.00870265532284975, "min": 0.008662366308271885, "max": 0.008716084994375706, "mean": 0.008689225651323795, "std": 2.68593430519104e-05, "repeat": 2, "number": 2}]}, "readwrite.TimeRead.time_asia_write": {"result": [0.0005702066734649133], "stats": [{"ci_99": [0.0005533200405214142, 0.0005870933064084123], "q_25": 0.0005700378071354783, "q_75": 0.0005703755397943482, "min": 0.0005698689408060433, "max": 0.0005705444061237832, "mean": 0.0005702066734649133, "std": 3.3773265886998145e-07, "repeat": 2, "number": 69}]}, "readwrite.TimeRead.time_munin_read": {"result": [5.218629773706198], "stats": [{"ci_99": [5.092117425054312, 5.345142122358084], "q_25": 5.217364650219679, "q_75": 5.219894897192717, "min": 5.21609952673316, "max": 5.2211600206792355, "mean": 5.218629773706198, "std": 0.0025302469730377197, "repeat": 2, "number": 1}]}, "readwrite.TimeRead.time_munin_write": {"result": [0.04738337825983763], "stats": [{"ci_99": [-0.34275225829333067, 0.4375190148130056], "q_25": 0.043482021894305944, "q_75": 0.05128473462536931, "min": 0.03958066552877426, "max": 0.05518609099090099, "mean": 0.04738337825983763, "std": 0.007802712731063366, "repeat": 2, "number": 1}]}, "readwrite.TimeRead.time_pathfinder_read": {"result": [5.834385358728468], "stats": [{"ci_99": [5.76950444560498, 5.899266271851957], "q_25": 5.8337365495972335, "q_75": 5.835034167859703, "min": 5.833087740465999, "max": 5.835682976990938, "mean": 5.834385358728468, "std": 0.0012976182624697685, "repeat": 2, "number": 1}]}, "readwrite.TimeRead.time_pathfinder_write": {"result": [0.024440274573862553], "stats": [{"ci_99": [0.023519801907241344, 0.02536074724048376], "q_25": 0.02443106984719634, "q_75": 0.024449479300528765, "min": 0.02442186512053013, "max": 0.024458684027194977, "mean": 0.024440274573862553, "std": 1.8409453332424164e-05, "repeat": 2, "number": 1}]}, "sampling.TimeSampling.time_forward_sample": null, "sampling.TimeSampling.time_gibbs_sampling": null, "sampling.TimeSampling.time_likelihood_sample": {"result": [0.21172458492219448], "stats": [{"ci_99": [0.21117573976516724, 0.21274018473923206], "q_25": 0.2113121235743165, "q_75": 0.21227528573945165, "min": 0.21117573976516724, "max": 0.21274018473923206, "mean": 0.21182219982147216, "std": 0.0005442421946633881, "repeat": 10, "number": 1}]}, "sampling.TimeSampling.time_rejection_sample": null, "structure_learning.TimeHillClimb.time_hillclimb": null, "structure_learning.TimePC.time_pc_orig": {"result": [32.8593670502305], "stats": [{"ci_99": [23.832370351999998, 41.886363748461], "q_25": 32.7690970832482, "q_75": 32.94963701721281, "min": 32.67882711626589, "max": 33.03990698419511, "mean": 32.8593670502305, "std": 0.1805399339646101, "repeat": 2, "number": 1}]}, "structure_learning.TimePC.time_pc_stable": {"result": [32.858281220309436], "stats": [{"ci_99": [24.693486616946757, 41.02307582367211], "q_25": 32.77663327427581, "q_75": 32.93992916634306, "min": 32.69498532824218, "max": 33.02157711237669, "mean": 32.858281220309436, "std": 0.1632958920672536, "repeat": 2, "number": 1}]}, "factor.TimeDiscreteFactor.time_factor_compare": {"result": [7.229458566729005e-05], "stats": [{"ci_99": [7.186084985733032e-05, 7.28952691896812e-05], "q_25": 7.201300386886496e-05, "q_75": 7.262044762085368e-05, "min": 7.186084985733032e-05, "max": 7.28952691896812e-05, "mean": 7.233313981678102e-05, "std": 3.670478910446255e-07, "repeat": 10, "number": 143}]}, "inference.TimeBeliefPropagation.time_query_alarm": {"result": [77.52034259587526], "stats": [{"ci_99": [73.77580819278955, 81.26487699896097], "q_25": 77.4828972518444, "q_75": 77.55778793990612, "min": 77.44545190781355, "max": 77.59523328393698, "mean": 77.52034259587526, "std": 0.07489068806171417, "repeat": 2, "number": 1}]}, "parameter_learning.TimeBayesianEstimator.time_alarm_bayesian_estimator": null, "parameter_learning.TimeBayesianEstimator.time_munin_bayesian_estimator": null, "parameter_learning.TimeExpectationMaximization.time_alarm_em": null, "parameter_learning.TimeExpectationMaximization.time_munin_em": null, "parameter_learning.TimeMLE.time_alarm_mle": null, "parameter_learning.TimeMLE.time_munin_mle": null, "structure_learning.TimeHillClimbAlarmModel.time_hillclimb": null, "structure_learning.TimeMmhcAlarmModel.time_mmhc": null, "structure_learning.TimePCAlarmModel.time_pc_orig": null, "structure_learning.TimePCAlarmModel.time_pc_stable": null, "structure_learning.TimeTreeSearchAlarmModel.time_tan": null}, "params": {"arch": "x86_64", "cpu": "Intel(R) Core(TM) i9-9820X CPU @ 3.30GHz", "machine": "graveyard", "num_cpu": "20", "os": "Linux 4.15.0-112-generic", "ram": "131688676", "python": "3.7"}, "requirements": {}, "commit_hash": "748c6390f79a9ca588ee8f4ce777a82de5f9740e", "date": 1623082271000, "env_name": "conda-py3.7", "python": "3.7", "profiles": {}, "started_at": {"factor.TimeDiscreteFactor.time_factor_marginalize": 1654082095724, "factor.TimeDiscreteFactor.time_factor_multiply_large": 1654082095931, "factor.TimeDiscreteFactor.time_factor_reduce": 1654082096138, "import.TimeImport.time_import": 1654082096345, "inference.TimeVariableElimination.time_query_alarm": 1654082251497, "inference.TimeVariableElimination.time_query_munin": 1654082269859, "readwrite.TimeRead.time_asia_read": 1654082288672, "readwrite.TimeRead.time_asia_write": 1654082312593, "readwrite.TimeRead.time_munin_read": 1654082336516, "readwrite.TimeRead.time_munin_write": 1654082372672, "readwrite.TimeRead.time_pathfinder_read": 1654082396595, "readwrite.TimeRead.time_pathfinder_write": 1654082432901, "sampling.TimeSampling.time_forward_sample": 1654081492341,