{"results": {"factor.TimeDiscreteFactor.time_factor_marginalize": {"result": [6.679048305315687e-05], "stats": [{"ci_99": [6.64525671510507e-05, 6.706094899714387e-05], "q_25": 6.661488865779725e-05, "q_75": 6.696648451666169e-05, "min": 6.64525671510507e-05, "max": 6.706094899714387e-05, "mean": 6.678816893242843e-05, "std": 2.086883835103888e-07, "repeat": 10, "number": 151}]}, "factor.TimeDiscreteFactor.time_factor_multiply_large": {"result": [5.787108389158098e-05], "stats": [{"ci_99": [5.7121531830893626e-05, 5.8838969500607286e-05], "q_25": 5.74967661310756e-05, "q_75": 5.7964649780717475e-05, "min": 5.7121531830893626e-05, "max": 5.8838969500607286e-05, "mean": 5.779831458336462e-05, "std": 4.6538318678723355e-07, "repeat": 10, "number": 189}]}, "factor.TimeDiscreteFactor.time_factor_reduce": {"result": [3.402582031883276e-05], "stats": [{"ci_99": [3.383549559003547e-05, 3.4283823113336174e-05], "q_25": 3.394704864416213e-05, "q_75": 3.4141201490671475e-05, "min": 3.383549559003547e-05, "max": 3.4283823113336174e-05, "mean": 3.4052476709949475e-05, "std": 1.398355141988505e-07, "repeat": 10, "number": 317}]}, "import.TimeImport.time_import": {"result": [1.3013151449769282e-07], "stats": [{"ci_99": [1.2923424223242881e-07, 1.3074697272936724e-07], "q_25": 1.298388904897524e-07, "q_75": 1.3028808154919913e-07, "min": 1.2923424223242881e-07, "max": 1.3074697272936724e-07, "mean": 1.300587302966736e-07, "std": 4.0453804072616194e-10, "repeat": 10, "number": 83914}]}, "inference.TimeVariableElimination.time_query_alarm": {"result": [0.11089740507304668], "stats": [{"ci_99": [0.10962153009594158, 0.11196814507722182], "q_25": 0.11057411693036556, "q_75": 0.11111812572926283, "min": 0.11013197153806686, "max": 0.1112525686621666, "mean": 0.11079483758658171, "std": 0.00042773689313246096, "repeat": 4, "number": 1}]}, "inference.TimeVariableElimination.time_query_munin": {"result": [0.5203773137181997], "stats": [{"ci_99": [0.5167137848796561, 0.5238003061501071], "q_25": 0.5192073248326778, "q_75": 0.5214270344004035, "min": 0.5187624916434288, "max": 0.5215110629796982, "mean": 0.5202570455148816, "std": 0.001216857359128121, "repeat": 4, "number": 1}]}, "readwrite.TimeRead.time_asia_read": {"result": [0.009538551792502403], "stats": [{"ci_99": [0.006951244547963142, 0.012125859037041662], "q_25": 0.00951267872005701, "q_75": 0.009564424864947796, "min": 0.009486805647611618, "max": 0.009590297937393188, "mean": 0.009538551792502403, "std": 5.174614489078522e-05, "repeat": 2, "number": 2}]}, "readwrite.TimeRead.time_asia_write": {"result": [0.0006869660721997082], "stats": [{"ci_99": [-0.0001762373593904202, 0.001550169503789836], "q_25": 0.000678334037883807, "q_75": 0.0006955981065156097, "min": 0.0006697020035679057, "max": 0.0007042301408315109, "mean": 0.0006869660721997082, "std": 1.726406863180257e-05, "repeat": 2, "number": 59}]}, "readwrite.TimeRead.time_munin_read": {"result": [5.737752931192517], "stats": [{"ci_99": [2.3526279237121344, 9.122877938672897], "q_25": 5.7039016811177135, "q_75": 5.771604181267321, "min": 5.67005043104291, "max": 5.805455431342125, "mean": 5.737752931192517, "std": 0.06770250014960766, "repeat": 2, "number": 1}]}, "readwrite.TimeRead.time_munin_write": {"result": [0.04234151914715767], "stats": [{"ci_99": [0.02882411703467369, 0.05585892125964163], "q_25": 0.04220634512603283, "q_75": 0.04247669316828251, "min": 0.04207117110490799, "max": 0.04261186718940735, "mean": 0.04234151914715767, "std": 0.00027034804224967957, "repeat": 2, "number": 1}]}, "readwrite.TimeRead.time_pathfinder_read": {"result": [6.5196328684687614], "stats": [{"ci_99": [-4.775028221309185, 17.8142939582467], "q_25": 6.406686257570982, "q_75": 6.632579479366541, "min": 6.2937396466732025, "max": 6.74552609026432, "mean": 6.5196328684687614, "std": 0.22589322179555893, "repeat": 2, "number": 1}]}, "readwrite.TimeRead.time_pathfinder_write": {"result": [0.0250996146351099], "stats": [{"ci_99": [0.015942757949233055, 0.03425647132098674], "q_25": 0.025008046068251133, "q_75": 0.02519118320196867, "min": 0.024916477501392365, "max": 0.02528275176882744, "mean": 0.0250996146351099, "std": 0.00018313713371753693, "repeat": 2, "number": 1}]}, "sampling.TimeSampling.time_forward_sample": {"result": [0.20189207047224045], "stats": [{"ci_99": [0.19983157142996788, 0.20325474813580513], "q_25": 0.20014266576617956, "q_75": 0.2031907243654132, "min": 0.19983157142996788, "max": 0.20325474813580513, "mean": 0.20168324187397957, "std": 0.0014678787316952681, "repeat": 10, "number": 1}]}, "sampling.TimeSampling.time_gibbs_sampling": null, "sampling.TimeSampling.time_likelihood_sample": {"result": [0.21371391601860523], "stats": [{"ci_99": [0.21276964619755745, 0.21452590823173523], "q_25": 0.21354337688535452, "q_75": 0.21396171860396862, "min": 0.21276964619755745, "max": 0.21452590823173523, "mean": 0.213715635612607, "std": 0.00044115597882147877, "repeat": 10, "number": 1}]}, "sampling.TimeSampling.time_rejection_sample": {"result": [37.16813921555877], "stats": [{"ci_99": [36.285499293357134, 38.0507791377604], "q_25": 37.15931281633675, "q_75": 37.176965614780784, "min": 37.150486417114735, "max": 37.1857920140028, "mean": 37.16813921555877, "std": 0.01765279844403267, "repeat": 2, "number": 1}]}, "structure_learning.TimeHillClimb.time_hillclimb": null, "structure_learning.TimePC.time_pc_orig": {"result": [36.21653505600989], "stats": [{"ci_99": [33.207796616479754, 39.22527349554002], "q_25": 36.18644767161459, "q_75": 36.24662244040519, "min": 36.156360287219286, "max": 36.27670982480049, "mean": 36.21653505600989, "std": 0.060174768790602684, "repeat": 2, "number": 1}]}, "structure_learning.TimePC.time_pc_stable": {"result": [35.94643850065768], "stats": [{"ci_99": [32.58530473522842, 39.307572266086936], "q_25": 35.912827163003385, "q_75": 35.98004983831197, "min": 35.87921582534909, "max": 36.01366117596626, "mean": 35.94643850065768, "std": 0.06722267530858517, "repeat": 2, "number": 1}]}}, "params": {"arch": "x86_64", "cpu": "Intel(R) Core(TM) i9-9820X CPU @ 3.30GHz", "machine": "graveyard", "num_cpu": "20", "os": "Linux 4.15.0-112-generic", "ram": "131688676", "python": "3.6"}, "requirements": {}, "commit_hash": "7b691d27f0dc39999db1a44a186813e42c515f7c", "date": 1628006584000, "env_name": "conda-py3.6", "python": "3.6", "profiles": {}, "started_at": {"factor.TimeDiscreteFactor.time_factor_marginalize": 1630628590259, "factor.TimeDiscreteFactor.time_factor_multiply_large": 1630628590466, "factor.TimeDiscreteFactor.time_factor_reduce": 1630628590673, "import.TimeImport.time_import": 1630628590880, "inference.TimeVariableElimination.time_query_alarm": 1630628591087, "inference.TimeVariableElimination.time_query_munin": 1630628610897, "readwrite.TimeRead.time_asia_read": 1630628631911, "readwrite.TimeRead.time_asia_write": 1630628657989, "readwrite.TimeRead.time_munin_read": 1630628684166, "readwrite.TimeRead.time_munin_write": 1630628722777, "readwrite.TimeRead.time_pathfinder_read": 1630628748906, "readwrite.TimeRead.time_pathfinder_write": 1630628789372, "sampling.TimeSampling.time_forward_sample": 1630628815449, "sampling.TimeSampling.time_gibbs_sampling": 1630627771716, "sampling.TimeSampling.time_likelihood_sample": 1630628817312, "sampling.TimeSampling.time_rejection_sample": 1630628819226, "structure_learning.TimeHillClimb.time_hillclimb": 1630628448607, "structure_learning.TimePC.time_pc_orig": 1630628894099, "structure_learning.TimePC.time_pc_stable": 1630628964647}, "ended_at": {"factor.TimeDiscreteFactor.time_factor_marginalize": 1630628590466, "factor.TimeDiscreteFactor.time_factor_multiply_large": 1630628590673, "factor.TimeDiscreteFactor.time_factor_reduce": 1630628590880, "import.TimeImport.time_import": 1630628591087, "inference.TimeVariableElimination.time_query_alarm": 1630628610897, "inference.TimeVariableElimination.time_query_munin": 1630628631911, "readwrite.TimeRead.time_asia_read": 1630628657988,