{"results": {"factor.TimeDiscreteFactor.time_factor_marginalize": {"result": [6.289008008532746e-05], "stats": [{"ci_99": [6.276375592447991e-05, 6.369061681420303e-05], "q_25": 6.282793054747027e-05, "q_75": 6.314960503300955e-05, "min": 6.276375592447991e-05, "max": 6.369061681420303e-05, "mean": 6.304905901468077e-05, "std": 3.240350709355185e-07, "repeat": 10, "number": 172}]}, "factor.TimeDiscreteFactor.time_factor_multiply_large": {"result": [5.2309824504714086e-05], "stats": [{"ci_99": [5.190819501876831e-05, 5.2891797633562687e-05], "q_25": 5.214830077644707e-05, "q_75": 5.233641443909079e-05, "min": 5.190819501876831e-05, "max": 5.2891797633562687e-05, "mean": 5.2305408146070396e-05, "std": 2.4925287327664756e-07, "repeat": 10, "number": 207}]}, "factor.TimeDiscreteFactor.time_factor_reduce": {"result": [3.057463663298877e-05], "stats": [{"ci_99": [3.034939744225403e-05, 3.07430781904055e-05], "q_25": 3.0494947247311513e-05, "q_75": 3.0593375260589506e-05, "min": 3.034939744225403e-05, "max": 3.07430781904055e-05, "mean": 3.0549887974723044e-05, "std": 1.090710132751383e-07, "repeat": 10, "number": 357}]}, "import.TimeImport.time_import": {"result": [1.2867516808343164e-07], "stats": [{"ci_99": [1.2839565032265188e-07, 1.2960488900215014e-07], "q_25": 1.2856643984570725e-07, "q_75": 1.288479164662171e-07, "min": 1.2839565032265188e-07, "max": 1.2960488900215014e-07, "mean": 1.2877320786065228e-07, "std": 3.529211054427625e-10, "repeat": 10, "number": 80825}]}, "inference.TimeVariableElimination.time_query_alarm": {"result": [0.06496819108724594], "stats": [{"ci_99": [0.040475603505920985, 0.10446172176306251], "q_25": 0.06467937026172876, "q_75": 0.0727574834600091, "min": 0.06397043168544769, "max": 0.0959678366780281, "mean": 0.07246866263449192, "std": 0.013573418609795183, "repeat": 4, "number": 1}]}, "inference.TimeVariableElimination.time_query_munin": {"result": [0.501370407640934], "stats": [{"ci_99": [0.47686066739852745, 0.5380119711101499], "q_25": 0.49932741932570934, "q_75": 0.5094793075695634, "min": 0.4980927146971226, "max": 0.5289117470383644, "mean": 0.5074363192543387, "std": 0.012524082552769546, "repeat": 4, "number": 1}]}, "readwrite.TimeRead.time_asia_read": {"result": [0.00869368202984333], "stats": [{"ci_99": [0.007348852232098579, 0.01003851182758808], "q_25": 0.008680233731865883, "q_75": 0.008707130327820778, "min": 0.008666785433888435, "max": 0.008720578625798225, "mean": 0.00869368202984333, "std": 2.689659595489502e-05, "repeat": 2, "number": 2}]}, "readwrite.TimeRead.time_asia_write": {"result": [0.0006106901050045869], "stats": [{"ci_99": [0.0004941087648056559, 0.000727271445203518], "q_25": 0.0006095242916025977, "q_75": 0.0006118559184065763, "min": 0.0006083584782006084, "max": 0.0006130217318085656, "mean": 0.0006106901050045869, "std": 2.3316268039786227e-06, "repeat": 2, "number": 69}]}, "readwrite.TimeRead.time_munin_read": {"result": [5.552454024553299], "stats": [{"ci_99": [-10.430548794567585, 21.53545684367417], "q_25": 5.39262399636209, "q_75": 5.712284052744508, "min": 5.232793968170881, "max": 5.872114080935717, "mean": 5.552454024553299, "std": 0.3196600563824177, "repeat": 2, "number": 1}]}, "readwrite.TimeRead.time_munin_write": {"result": [0.04075104184448719], "stats": [{"ci_99": [0.04011560045182705, 0.04138648323714733], "q_25": 0.04074468743056059, "q_75": 0.04075739625841379, "min": 0.04073833301663399, "max": 0.04076375067234039, "mean": 0.04075104184448719, "std": 1.270882785320282e-05, "repeat": 2, "number": 1}]}, "readwrite.TimeRead.time_pathfinder_read": {"result": [5.878695998340845], "stats": [{"ci_99": [5.5471967570483685, 6.210195239633322], "q_25": 5.87538100592792, "q_75": 5.88201099075377, "min": 5.872066013514996, "max": 5.885325983166695, "mean": 5.878695998340845, "std": 0.006629984825849533, "repeat": 2, "number": 1}]}, "readwrite.TimeRead.time_pathfinder_write": {"result": [0.024822894483804703], "stats": [{"ci_99": [0.02210492268204689, 0.027540866285562512], "q_25": 0.024795714765787125, "q_75": 0.02485007420182228, "min": 0.024768535047769547, "max": 0.02487725391983986, "mean": 0.024822894483804703, "std": 5.435943603515625e-05, "repeat": 2, "number": 1}]}, "sampling.TimeSampling.time_forward_sample": {"result": [0.20353667624294758], "stats": [{"ci_99": [0.20274264737963676, 0.20538869127631187], "q_25": 0.20326721668243408, "q_75": 0.20388709474354982, "min": 0.20274264737963676, "max": 0.20538869127631187, "mean": 0.20363956205546857, "std": 0.0007193097412334895, "repeat": 10, "number": 1}]}, "sampling.TimeSampling.time_gibbs_sampling": null, "sampling.TimeSampling.time_likelihood_sample": {"result": [0.2123317215591669], "stats": [{"ci_99": [0.21085013076663017, 0.21370859444141388], "q_25": 0.21140515338629484, "q_75": 0.2133925249800086, "min": 0.21085013076663017, "max": 0.21370859444141388, "mean": 0.21236105635762215, "std": 0.0010278695369172028, "repeat": 10, "number": 1}]}, "sampling.TimeSampling.time_rejection_sample": {"result": [38.334488961845636], "stats": [{"ci_99": [34.52510079368949, 42.14387713000178], "q_25": 38.296395080164075, "q_75": 38.3725828435272, "min": 38.25830119848251, "max": 38.41067672520876, "mean": 38.334488961845636, "std": 0.07618776336312294, "repeat": 2, "number": 1}]}, "structure_learning.TimeHillClimb.time_hillclimb": null, "structure_learning.TimePC.time_pc_orig": {"result": [33.817774038761854], "stats": [{"ci_99": [29.103133622556925, 38.532414454966776], "q_25": 33.770627634599805, "q_75": 33.8649204429239, "min": 33.723481230437756, "max": 33.91206684708595, "mean": 33.817774038761854, "std": 0.09429280832409859, "repeat": 2, "number": 1}]}, "structure_learning.TimePC.time_pc_stable": {"result": [33.791570795699954], "stats": [{"ci_99": [29.805077949538827, 37.77806364186108], "q_25": 33.75170586723834, "q_75": 33.831435724161565, "min": 33.71184093877673, "max": 33.87130065262318, "mean": 33.791570795699954, "std": 0.07972985692322254, "repeat": 2, "number": 1}]}}, "params": {"arch": "x86_64", "cpu": "Intel(R) Core(TM) i9-9820X CPU @ 3.30GHz", "machine": "graveyard", "num_cpu": "20", "os": "Linux 4.15.0-112-generic", "ram": "131688676", "python": "3.7"}, "requirements": {}, "commit_hash": "7b691d27f0dc39999db1a44a186813e42c515f7c", "date": 1628006584000, "env_name": "conda-py3.7", "python": "3.7", "profiles": {}, "started_at": {"factor.TimeDiscreteFactor.time_factor_marginalize": 1630630065319, "factor.TimeDiscreteFactor.time_factor_multiply_large": 1630630065527, "factor.TimeDiscreteFactor.time_factor_reduce": 1630630065734, "import.TimeImport.time_import": 1630630065941, "inference.TimeVariableElimination.time_query_alarm": 1630630066148, "inference.TimeVariableElimination.time_query_munin": 1630630084455, "readwrite.TimeRead.time_asia_read": 1630630104066, "readwrite.TimeRead.time_asia_write": 1630630128088, "readwrite.TimeRead.time_munin_read": 1630630152411, "readwrite.TimeRead.time_munin_write": 1630630188566, "readwrite.TimeRead.time_pathfinder_read": 1630630212788, "readwrite.TimeRead.time_pathfinder_write": 1630630250046, "sampling.TimeSampling.time_forward_sample": 1630630274069, "sampling.TimeSampling.time_gibbs_sampling": 1630629250664, "sampling.TimeSampling.time_likelihood_sample": 1630630275883, "sampling.TimeSampling.time_rejection_sample": 1630630277747, "structure_learning.TimeHillClimb.time_hillclimb": 1630629929729, "structure_learning.TimePC.time_pc_orig": 1630630354519, "structure_learning.TimePC.time_pc_stable": 1630630422358}, "ended_at": {"factor.TimeDiscreteFactor.time_factor_marginalize": 1630630065526, "factor.TimeDiscreteFactor.time_factor_multiply_large": 1630630065734, "factor.TimeDiscreteFactor.time_factor_reduce": 1630630065941, "import.TimeImport.time_import": 1630630066148, "inference.TimeVariableElimination.time_query_alarm": 1630630084454, "inference.TimeVariableElimination.time_query_munin": 1630630104065, "readwrite.TimeRead.time_asia_read": 1630630128088,