{"results": {"factor.TimeDiscreteFactor.time_factor_compare": {"result": [5.840426994919103e-05], "stats": [{"ci_99": [5.816893473183368e-05, 0.0001322490578822497], "q_25": 5.835582012847318e-05, "q_75": 5.990343883970363e-05, "min": 5.816893473183368e-05, "max": 0.0001322490578822497, "mean": 6.799957699189752e-05, "std": 2.2270265615599118e-05, "repeat": 10, "number": 177}]}, "factor.TimeDiscreteFactor.time_factor_marginalize": {"result": [4.8265587367595886e-05], "stats": [{"ci_99": [4.8066703004574554e-05, 4.856261091494779e-05], "q_25": 4.8144019866755246e-05, "q_75": 4.8353071879903115e-05, "min": 4.8066703004574554e-05, "max": 4.856261091494779e-05, "mean": 4.827597973133445e-05, "std": 1.5748255628113962e-07, "repeat": 10, "number": 218}]}, "factor.TimeDiscreteFactor.time_factor_multiply_large": {"result": [2.755597963267767e-05], "stats": [{"ci_99": [2.7228526129112544e-05, 2.7830646842640312e-05], "q_25": 2.73744069895763e-05, "q_75": 2.7631154142845393e-05, "min": 2.7228526129112544e-05, "max": 2.7830646842640312e-05, "mean": 2.753239552984038e-05, "std": 2.0033188790753186e-07, "repeat": 10, "number": 383}]}, "factor.TimeDiscreteFactor.time_factor_reduce": {"result": [1.7409063626907903e-05], "stats": [{"ci_99": [1.721405649623011e-05, 1.776462517218518e-05], "q_25": 1.7336539407952598e-05, "q_75": 1.746231615418982e-05, "min": 1.721405649623011e-05, "max": 1.776462517218518e-05, "mean": 1.741904541476939e-05, "std": 1.3745781419628644e-07, "repeat": 10, "number": 599}]}, "import.TimeImport.time_import": {"result": [1.367934901855678e-07], "stats": [{"ci_99": [1.3478984512155883e-07, 1.395234390090315e-07], "q_25": 1.3671633193169196e-07, "q_75": 1.36918148620237e-07, "min": 1.3478984512155883e-07, "max": 1.395234390090315e-07, "mean": 1.3687450989692703e-07, "std": 1.0723999742579968e-09, "repeat": 10, "number": 78819}]}, "inference.TimeBeliefPropagation.time_query_alarm": null, "inference.TimeVariableElimination.time_query_alarm": null, "inference.TimeVariableElimination.time_query_munin": null, "parameter_learning.TimeBayesianEstimator.time_alarm_bayesian_estimator": null, "parameter_learning.TimeBayesianEstimator.time_munin_bayesian_estimator": null, "parameter_learning.TimeExpectationMaximization.time_alarm_em": null, "parameter_learning.TimeExpectationMaximization.time_munin_em": null, "parameter_learning.TimeMLE.time_alarm_mle": null, "parameter_learning.TimeMLE.time_munin_mle": null, "readwrite.TimeRead.time_asia_read": null, "readwrite.TimeRead.time_asia_write": null, "readwrite.TimeRead.time_munin_read": null, "readwrite.TimeRead.time_munin_write": null, "readwrite.TimeRead.time_pathfinder_read": null, "readwrite.TimeRead.time_pathfinder_write": null, "sampling.TimeSampling.time_forward_sample": null, "sampling.TimeSampling.time_gibbs_sampling": null, "sampling.TimeSampling.time_likelihood_sample": null, "sampling.TimeSampling.time_rejection_sample": null, "structure_learning.TimeHillClimbAlarmModel.time_hillclimb": null, "structure_learning.TimeMmhcAlarmModel.time_mmhc": null, "structure_learning.TimePCAlarmModel.time_pc_orig": null, "structure_learning.TimePCAlarmModel.time_pc_stable": null, "structure_learning.TimeTreeSearchAlarmModel.time_tan": null}, "params": {"arch": "x86_64", "cpu": "Intel(R) Core(TM) i9-9820X CPU @ 3.30GHz", "machine": "graveyard", "num_cpu": "20", "os": "Linux 4.15.0-112-generic", "ram": "131688676", "python": "3.6"}, "requirements": {}, "commit_hash": "7b874c961344b571fbe136316222eb2d9ea61974", "date": 1475652334000, "env_name": "conda-py3.6", "python": "3.6", "profiles": {}, "started_at": {"factor.TimeDiscreteFactor.time_factor_compare": 1654478006198, "factor.TimeDiscreteFactor.time_factor_marginalize": 1654478006404, "factor.TimeDiscreteFactor.time_factor_multiply_large": 1654478006610, "factor.TimeDiscreteFactor.time_factor_reduce": 1654478006816, "import.TimeImport.time_import": 1654478007022, "inference.TimeBeliefPropagation.time_query_alarm": 1654478004892, "inference.TimeVariableElimination.time_query_alarm": 1654478004946, "inference.TimeVariableElimination.time_query_munin": 1654478005000, "parameter_learning.TimeBayesianEstimator.time_alarm_bayesian_estimator": 1654478005054, "parameter_learning.TimeBayesianEstimator.time_munin_bayesian_estimator": 1654478005109, "parameter_learning.TimeExpectationMaximization.time_alarm_em": 1654478005163, "parameter_learning.TimeExpectationMaximization.time_munin_em": 1654478005218, "parameter_learning.TimeMLE.time_alarm_mle": 1654478005272, "parameter_learning.TimeMLE.time_munin_mle": 1654478005327, "readwrite.TimeRead.time_asia_read": 1654478005381, "readwrite.TimeRead.time_asia_write": 1654478005436, "readwrite.TimeRead.time_munin_read": 1654478005490, "readwrite.TimeRead.time_munin_write": 1654478005545, "readwrite.TimeRead.time_pathfinder_read": 1654478005599, "readwrite.TimeRead.time_pathfinder_write": 1654478005653, "sampling.TimeSampling.time_forward_sample": 1654478005708, "sampling.TimeSampling.time_gibbs_sampling": 1654478005762, "sampling.TimeSampling.time_likelihood_sample": 1654478005817, "sampling.TimeSampling.time_rejection_sample": 1654478005871, "structure_learning.TimeHillClimbAlarmModel.time_hillclimb": 1654478005926, "structure_learning.TimeMmhcAlarmModel.time_mmhc": 1654478005980, "structure_learning.TimePCAlarmModel.time_pc_orig": 1654478006035, "structure_learning.TimePCAlarmModel.time_pc_stable": 1654478006089, "structure_learning.TimeTreeSearchAlarmModel.time_tan": 1654478006144}, "ended_at": {"factor.TimeDiscreteFactor.time_factor_compare": 1654478006404, "factor.TimeDiscreteFactor.time_factor_marginalize": 1654478006609, "factor.TimeDiscreteFactor.time_factor_multiply_large": 1654478006815, "factor.TimeDiscreteFactor.time_factor_reduce": 1654478007021, "import.TimeImport.time_import": 1654478007227, "inference.TimeBeliefPropagation.time_query_alarm": 1654478004946, "inference.TimeVariableElimination.time_query_alarm": 1654478005000, "inference.TimeVariableElimination.time_query_munin": 1654478005054, "parameter_learning.TimeBayesianEstimator.time_alarm_bayesian_estimator": 1654478005109, "parameter_learning.TimeBayesianEstimator.time_munin_bayesian_estimator": 1654478005163, "parameter_learning.TimeExpectationMaximization.time_alarm_em": 1654478005217, "parameter_learning.TimeExpectationMaximization.time_munin_em": 1654478005272, "parameter_learning.TimeMLE.time_alarm_mle": 1654478005326, "parameter_learning.TimeMLE.time_munin_mle": 1654478005381, "readwrite.TimeRead.time_asia_read": 1654478005436, "readwrite.TimeRead.time_asia_write": 1654478005490, "readwrite.TimeRead.time_munin_read": 1654478005544, "readwrite.TimeRead.time_munin_write": 1654478005599, "readwrite.TimeRead.time_pathfinder_read": 1654478005653, "readwrite.TimeRead.time_pathfinder_write": 1654478005708, "sampling.TimeSampling.time_forward_sample": 1654478005762, "sampling.TimeSampling.time_gibbs_sampling": 1654478005817, "sampling.TimeSampling.time_likelihood_sample": 1654478005871, "sampling.TimeSampling.time_rejection_sample": 1654478005926, "structure_learning.TimeHillClimbAlarmModel.time_hillclimb": 1654478005980, "structure_learning.TimeMmhcAlarmModel.time_mmhc": 1654478006035, "structure_learning.TimePCAlarmModel.time_pc_orig": 1654478006089, "structure_learning.TimePCAlarmModel.time_pc_stable": 1654478006144, "structure_learning.TimeTreeSearchAlarmModel.time_tan": 1654478006198}, "benchmark_version": {"factor.TimeDiscreteFactor.time_factor_compare": "95feb42df85ffe5cf519cf4af677309a5cdb891db99ad54b655196c3e1f2e13a", "factor.TimeDiscreteFactor.time_factor_marginalize": "a3ae79cdcf3bcd4bc49df94b3b3d5f93c4126249a9b3cf2481ac381ee836f851", "factor.TimeDiscreteFactor.time_factor_multiply_large": "cfb6b66fddb2953948ffb6566ae101535dd1e8d0fd9af855331f39ef905f4450", "factor.TimeDiscreteFactor.time_factor_reduce": "cb3858b638914f7572792153a60efb4aecbde56d5abf039791451adb0f26c263",