{"results": {"factor.TimeDiscreteFactor.time_factor_compare": {"result": [6.956938100424973e-05], "stats": [{"ci_99": [6.928386770792909e-05, 7.012821230533961e-05], "q_25": 6.946369791655122e-05, "q_75": 6.971051413062456e-05, "min": 6.928386770792909e-05, "max": 7.012821230533961e-05, "mean": 6.960162741912378e-05, "std": 2.3622280772302542e-07, "repeat": 10, "number": 148}]}, "factor.TimeDiscreteFactor.time_factor_marginalize": {"result": [5.926890023184951e-05], "stats": [{"ci_99": [5.907871754917167e-05, 5.9888009312590195e-05], "q_25": 5.9210326103769114e-05, "q_75": 5.948054742001923e-05, "min": 5.907871754917167e-05, "max": 5.9888009312590195e-05, "mean": 5.937502802123684e-05, "std": 2.505269882577767e-07, "repeat": 10, "number": 169}]}, "factor.TimeDiscreteFactor.time_factor_multiply_large": {"result": [4.819286171741749e-05], "stats": [{"ci_99": [4.757186269155845e-05, 4.87723503656651e-05], "q_25": 4.783674456556821e-05, "q_75": 4.834456000185233e-05, "min": 4.757186269155845e-05, "max": 4.87723503656651e-05, "mean": 4.8126671720759656e-05, "std": 3.7097360920411123e-07, "repeat": 10, "number": 217}]}, "factor.TimeDiscreteFactor.time_factor_reduce": {"result": [2.7342685066240352e-05], "stats": [{"ci_99": [2.7156991826504775e-05, 2.742817471783186e-05], "q_25": 2.7288113883936526e-05, "q_75": 2.7363552212638337e-05, "min": 2.7156991826504775e-05, "max": 2.742817471783186e-05, "mean": 2.732207307342401e-05, "std": 8.297984152859185e-08, "repeat": 10, "number": 388}]}, "import.TimeImport.time_import": {"result": [1.3640541734672858e-07], "stats": [{"ci_99": [1.3621774520230337e-07, 1.374942081563518e-07], "q_25": 1.3628509685511455e-07, "q_75": 1.3673622206892042e-07, "min": 1.3621774520230337e-07, "max": 1.374942081563518e-07, "mean": 1.3655859195807904e-07, "std": 3.7955764977224503e-10, "repeat": 10, "number": 78998}]}, "inference.TimeBeliefPropagation.time_query_alarm": null, "inference.TimeVariableElimination.time_query_alarm": null, "inference.TimeVariableElimination.time_query_munin": null, "parameter_learning.TimeBayesianEstimator.time_alarm_bayesian_estimator": null, "parameter_learning.TimeBayesianEstimator.time_munin_bayesian_estimator": null, "parameter_learning.TimeExpectationMaximization.time_alarm_em": null, "parameter_learning.TimeExpectationMaximization.time_munin_em": null, "parameter_learning.TimeMLE.time_alarm_mle": null, "parameter_learning.TimeMLE.time_munin_mle": null, "readwrite.TimeRead.time_asia_read": null, "readwrite.TimeRead.time_asia_write": null, "readwrite.TimeRead.time_munin_read": null, "readwrite.TimeRead.time_munin_write": null, "readwrite.TimeRead.time_pathfinder_read": null, "readwrite.TimeRead.time_pathfinder_write": null, "sampling.TimeSampling.time_forward_sample": null, "sampling.TimeSampling.time_gibbs_sampling": null, "sampling.TimeSampling.time_likelihood_sample": null, "sampling.TimeSampling.time_rejection_sample": null, "structure_learning.TimeHillClimbAlarmModel.time_hillclimb": null, "structure_learning.TimeMmhcAlarmModel.time_mmhc": null, "structure_learning.TimePCAlarmModel.time_pc_orig": null, "structure_learning.TimePCAlarmModel.time_pc_stable": null, "structure_learning.TimeTreeSearchAlarmModel.time_tan": null}, "params": {"arch": "x86_64", "cpu": "Intel(R) Core(TM) i9-9820X CPU @ 3.30GHz", "machine": "graveyard", "num_cpu": "20", "os": "Linux 4.15.0-112-generic", "ram": "131688676", "python": "3.8"}, "requirements": {}, "commit_hash": "7bf492b14d0187205acd984fce03a00d22704d0a", "date": 1575553497000, "env_name": "conda-py3.8", "python": "3.8", "profiles": {}, "started_at": {"factor.TimeDiscreteFactor.time_factor_compare": 1654472556591, "factor.TimeDiscreteFactor.time_factor_marginalize": 1654472556798, "factor.TimeDiscreteFactor.time_factor_multiply_large": 1654472557004, "factor.TimeDiscreteFactor.time_factor_reduce": 1654472557210, "import.TimeImport.time_import": 1654472557416, "inference.TimeBeliefPropagation.time_query_alarm": 1654472555254, "inference.TimeVariableElimination.time_query_alarm": 1654472555310, "inference.TimeVariableElimination.time_query_munin": 1654472555365, "parameter_learning.TimeBayesianEstimator.time_alarm_bayesian_estimator": 1654472555421, "parameter_learning.TimeBayesianEstimator.time_munin_bayesian_estimator": 1654472555477, "parameter_learning.TimeExpectationMaximization.time_alarm_em": 1654472555533, "parameter_learning.TimeExpectationMaximization.time_munin_em": 1654472555588, "parameter_learning.TimeMLE.time_alarm_mle": 1654472555644, "parameter_learning.TimeMLE.time_munin_mle": 1654472555700, "readwrite.TimeRead.time_asia_read": 1654472555756, "readwrite.TimeRead.time_asia_write": 1654472555811, "readwrite.TimeRead.time_munin_read": 1654472555867, "readwrite.TimeRead.time_munin_write": 1654472555923, "readwrite.TimeRead.time_pathfinder_read": 1654472555978, "readwrite.TimeRead.time_pathfinder_write": 1654472556034, "sampling.TimeSampling.time_forward_sample": 1654472556090, "sampling.TimeSampling.time_gibbs_sampling": 1654472556145, "sampling.TimeSampling.time_likelihood_sample": 1654472556201, "sampling.TimeSampling.time_rejection_sample": 1654472556257, "structure_learning.TimeHillClimbAlarmModel.time_hillclimb": 1654472556313, "structure_learning.TimeMmhcAlarmModel.time_mmhc": 1654472556368, "structure_learning.TimePCAlarmModel.time_pc_orig": 1654472556424, "structure_learning.TimePCAlarmModel.time_pc_stable": 1654472556480, "structure_learning.TimeTreeSearchAlarmModel.time_tan": 1654472556536}, "ended_at": {"factor.TimeDiscreteFactor.time_factor_compare": 1654472556798, "factor.TimeDiscreteFactor.time_factor_marginalize": 1654472557004, "factor.TimeDiscreteFactor.time_factor_multiply_large": 1654472557210, "factor.TimeDiscreteFactor.time_factor_reduce": 1654472557416, "import.TimeImport.time_import": 1654472557622, "inference.TimeBeliefPropagation.time_query_alarm": 1654472555310, "inference.TimeVariableElimination.time_query_alarm": 1654472555365, "inference.TimeVariableElimination.time_query_munin": 1654472555421, "parameter_learning.TimeBayesianEstimator.time_alarm_bayesian_estimator": 1654472555477, "parameter_learning.TimeBayesianEstimator.time_munin_bayesian_estimator": 1654472555532, "parameter_learning.TimeExpectationMaximization.time_alarm_em": 1654472555588, "parameter_learning.TimeExpectationMaximization.time_munin_em": 1654472555644, "parameter_learning.TimeMLE.time_alarm_mle": 1654472555700, "parameter_learning.TimeMLE.time_munin_mle": 1654472555756, "readwrite.TimeRead.time_asia_read": 1654472555811, "readwrite.TimeRead.time_asia_write": 1654472555867, "readwrite.TimeRead.time_munin_read": 1654472555923, "readwrite.TimeRead.time_munin_write": 1654472555978, "readwrite.TimeRead.time_pathfinder_read": 1654472556034, "readwrite.TimeRead.time_pathfinder_write": 1654472556090, "sampling.TimeSampling.time_forward_sample": 1654472556145, "sampling.TimeSampling.time_gibbs_sampling": 1654472556201, "sampling.TimeSampling.time_likelihood_sample": 1654472556257, "sampling.TimeSampling.time_rejection_sample": 1654472556313, "structure_learning.TimeHillClimbAlarmModel.time_hillclimb": 1654472556368, "structure_learning.TimeMmhcAlarmModel.time_mmhc": 1654472556424, "structure_learning.TimePCAlarmModel.time_pc_orig": 1654472556480, "structure_learning.TimePCAlarmModel.time_pc_stable": 1654472556536, "structure_learning.TimeTreeSearchAlarmModel.time_tan": 1654472556591}, "benchmark_version": {"factor.TimeDiscreteFactor.time_factor_compare": "95feb42df85ffe5cf519cf4af677309a5cdb891db99ad54b655196c3e1f2e13a", "factor.TimeDiscreteFactor.time_factor_marginalize": "a3ae79cdcf3bcd4bc49df94b3b3d5f93c4126249a9b3cf2481ac381ee836f851", "factor.TimeDiscreteFactor.time_factor_multiply_large": "cfb6b66fddb2953948ffb6566ae101535dd1e8d0fd9af855331f39ef905f4450", "factor.TimeDiscreteFactor.time_factor_reduce": "cb3858b638914f7572792153a60efb4aecbde56d5abf039791451adb0f26c263",