{"results": {"factor.TimeDiscreteFactor.time_factor_compare": {"result": [7.434422788146425e-05], "stats": [{"ci_99": [7.40568191833692e-05, 7.464323345928977e-05], "q_25": 7.421033750351977e-05, "q_75": 7.443230484344372e-05, "min": 7.40568191833692e-05, "max": 7.464323345928977e-05, "mean": 7.433173029798351e-05, "std": 1.8881722985771067e-07, "repeat": 10, "number": 146}]}, "factor.TimeDiscreteFactor.time_factor_marginalize": {"result": [6.281525481405647e-05], "stats": [{"ci_99": [6.251665222090345e-05, 6.388529572029446e-05], "q_25": 6.262273906708458e-05, "q_75": 6.309108873612658e-05, "min": 6.251665222090345e-05, "max": 6.388529572029446e-05, "mean": 6.291763748713705e-05, "std": 3.882375095602063e-07, "repeat": 10, "number": 172}]}, "factor.TimeDiscreteFactor.time_factor_multiply_large": {"result": [5.475534690600453e-05], "stats": [{"ci_99": [5.4357516946214616e-05, 5.4922058350510066e-05], "q_25": 5.45842351975164e-05, "q_75": 5.480214586537896e-05, "min": 5.4357516946214616e-05, "max": 5.4922058350510066e-05, "mean": 5.468938198655543e-05, "std": 1.7002801068928932e-07, "repeat": 10, "number": 198}]}, "factor.TimeDiscreteFactor.time_factor_reduce": {"result": [3.062950949488061e-05], "stats": [{"ci_99": [3.0487869981299625e-05, 3.078154528911194e-05], "q_25": 3.058777263994967e-05, "q_75": 3.0665413811384294e-05, "min": 3.0487869981299625e-05, "max": 3.078154528911194e-05, "mean": 3.062711003121365e-05, "std": 8.251870115669759e-08, "repeat": 10, "number": 356}]}, "import.TimeImport.time_import": {"result": [1.324685466890253e-07], "stats": [{"ci_99": [1.3074527229437114e-07, 1.3475892368309836e-07], "q_25": 1.313065012907348e-07, "q_75": 1.3380263546620952e-07, "min": 1.3074527229437114e-07, "max": 1.3475892368309836e-07, "mean": 1.3257982600332518e-07, "std": 1.3989617082339364e-09, "repeat": 10, "number": 82293}]}, "inference.TimeBeliefPropagation.time_query_alarm": null, "inference.TimeVariableElimination.time_query_alarm": null, "inference.TimeVariableElimination.time_query_munin": null, "parameter_learning.TimeBayesianEstimator.time_alarm_bayesian_estimator": null, "parameter_learning.TimeBayesianEstimator.time_munin_bayesian_estimator": null, "parameter_learning.TimeExpectationMaximization.time_alarm_em": null, "parameter_learning.TimeExpectationMaximization.time_munin_em": null, "parameter_learning.TimeMLE.time_alarm_mle": null, "parameter_learning.TimeMLE.time_munin_mle": null, "readwrite.TimeRead.time_asia_read": null, "readwrite.TimeRead.time_asia_write": null, "readwrite.TimeRead.time_munin_read": null, "readwrite.TimeRead.time_munin_write": null, "readwrite.TimeRead.time_pathfinder_read": null, "readwrite.TimeRead.time_pathfinder_write": null, "sampling.TimeSampling.time_forward_sample": null, "sampling.TimeSampling.time_gibbs_sampling": null, "sampling.TimeSampling.time_likelihood_sample": null, "sampling.TimeSampling.time_rejection_sample": null, "structure_learning.TimeHillClimbAlarmModel.time_hillclimb": null, "structure_learning.TimeMmhcAlarmModel.time_mmhc": null, "structure_learning.TimePCAlarmModel.time_pc_orig": null, "structure_learning.TimePCAlarmModel.time_pc_stable": null, "structure_learning.TimeTreeSearchAlarmModel.time_tan": null}, "params": {"arch": "x86_64", "cpu": "Intel(R) Core(TM) i9-9820X CPU @ 3.30GHz", "machine": "graveyard", "num_cpu": "20", "os": "Linux 4.15.0-112-generic", "ram": "131688676", "python": "3.6"}, "requirements": {}, "commit_hash": "7cde8e79eecb111c2541ffeeee52e69de31926aa", "date": 1578384495000, "env_name": "conda-py3.6", "python": "3.6", "profiles": {}, "started_at": {"factor.TimeDiscreteFactor.time_factor_compare": 1654472165774, "factor.TimeDiscreteFactor.time_factor_marginalize": 1654472165981, "factor.TimeDiscreteFactor.time_factor_multiply_large": 1654472166187, "factor.TimeDiscreteFactor.time_factor_reduce": 1654472166393, "import.TimeImport.time_import": 1654472166599, "inference.TimeBeliefPropagation.time_query_alarm": 1654472164435, "inference.TimeVariableElimination.time_query_alarm": 1654472164490, "inference.TimeVariableElimination.time_query_munin": 1654472164546, "parameter_learning.TimeBayesianEstimator.time_alarm_bayesian_estimator": 1654472164602, "parameter_learning.TimeBayesianEstimator.time_munin_bayesian_estimator": 1654472164657, "parameter_learning.TimeExpectationMaximization.time_alarm_em": 1654472164713, "parameter_learning.TimeExpectationMaximization.time_munin_em": 1654472164769, "parameter_learning.TimeMLE.time_alarm_mle": 1654472164825, "parameter_learning.TimeMLE.time_munin_mle": 1654472164880, "readwrite.TimeRead.time_asia_read": 1654472164936, "readwrite.TimeRead.time_asia_write": 1654472164992, "readwrite.TimeRead.time_munin_read": 1654472165048, "readwrite.TimeRead.time_munin_write": 1654472165104, "readwrite.TimeRead.time_pathfinder_read": 1654472165160, "readwrite.TimeRead.time_pathfinder_write": 1654472165216, "sampling.TimeSampling.time_forward_sample": 1654472165272, "sampling.TimeSampling.time_gibbs_sampling": 1654472165327, "sampling.TimeSampling.time_likelihood_sample": 1654472165383, "sampling.TimeSampling.time_rejection_sample": 1654472165439, "structure_learning.TimeHillClimbAlarmModel.time_hillclimb": 1654472165495, "structure_learning.TimeMmhcAlarmModel.time_mmhc": 1654472165551, "structure_learning.TimePCAlarmModel.time_pc_orig": 1654472165607, "structure_learning.TimePCAlarmModel.time_pc_stable": 1654472165662, "structure_learning.TimeTreeSearchAlarmModel.time_tan": 1654472165718}, "ended_at": {"factor.TimeDiscreteFactor.time_factor_compare": 1654472165980, "factor.TimeDiscreteFactor.time_factor_marginalize": 1654472166186, "factor.TimeDiscreteFactor.time_factor_multiply_large": 1654472166393, "factor.TimeDiscreteFactor.time_factor_reduce": 1654472166599, "import.TimeImport.time_import": 1654472166805, "inference.TimeBeliefPropagation.time_query_alarm": 1654472164490, "inference.TimeVariableElimination.time_query_alarm": 1654472164546, "inference.TimeVariableElimination.time_query_munin": 1654472164601, "parameter_learning.TimeBayesianEstimator.time_alarm_bayesian_estimator": 1654472164657, "parameter_learning.TimeBayesianEstimator.time_munin_bayesian_estimator": 1654472164713, "parameter_learning.TimeExpectationMaximization.time_alarm_em": 1654472164769, "parameter_learning.TimeExpectationMaximization.time_munin_em": 1654472164825, "parameter_learning.TimeMLE.time_alarm_mle": 1654472164880, "parameter_learning.TimeMLE.time_munin_mle": 1654472164936, "readwrite.TimeRead.time_asia_read": 1654472164992, "readwrite.TimeRead.time_asia_write": 1654472165048, "readwrite.TimeRead.time_munin_read": 1654472165104, "readwrite.TimeRead.time_munin_write": 1654472165160, "readwrite.TimeRead.time_pathfinder_read": 1654472165216, "readwrite.TimeRead.time_pathfinder_write": 1654472165272, "sampling.TimeSampling.time_forward_sample": 1654472165327, "sampling.TimeSampling.time_gibbs_sampling": 1654472165383, "sampling.TimeSampling.time_likelihood_sample": 1654472165439, "sampling.TimeSampling.time_rejection_sample": 1654472165495, "structure_learning.TimeHillClimbAlarmModel.time_hillclimb": 1654472165551, "structure_learning.TimeMmhcAlarmModel.time_mmhc": 1654472165606, "structure_learning.TimePCAlarmModel.time_pc_orig": 1654472165662, "structure_learning.TimePCAlarmModel.time_pc_stable": 1654472165718, "structure_learning.TimeTreeSearchAlarmModel.time_tan": 1654472165774}, "benchmark_version": {"factor.TimeDiscreteFactor.time_factor_compare": "95feb42df85ffe5cf519cf4af677309a5cdb891db99ad54b655196c3e1f2e13a", "factor.TimeDiscreteFactor.time_factor_marginalize": "a3ae79cdcf3bcd4bc49df94b3b3d5f93c4126249a9b3cf2481ac381ee836f851", "factor.TimeDiscreteFactor.time_factor_multiply_large": "cfb6b66fddb2953948ffb6566ae101535dd1e8d0fd9af855331f39ef905f4450", "factor.TimeDiscreteFactor.time_factor_reduce": "cb3858b638914f7572792153a60efb4aecbde56d5abf039791451adb0f26c263",