{"results": {"factor.TimeDiscreteFactor.time_factor_compare": {"result": [3.801270114972179e-05], "stats": [{"ci_99": [3.7751307612971254e-05, 3.850939718628288e-05], "q_25": 3.791984198684979e-05, "q_75": 3.8170010635727334e-05, "min": 3.7751307612971254e-05, "max": 3.850939718628288e-05, "mean": 3.806253671085924e-05, "std": 2.1035743000036696e-07, "repeat": 10, "number": 266}]}, "factor.TimeDiscreteFactor.time_factor_marginalize": {"result": [3.707762678257293e-05], "stats": [{"ci_99": [3.6686057380090155e-05, 3.769842442125082e-05], "q_25": 3.69083249501677e-05, "q_75": 3.727500411009209e-05, "min": 3.6686057380090155e-05, "max": 3.769842442125082e-05, "mean": 3.712527686730027e-05, "std": 3.018010619282904e-07, "repeat": 10, "number": 288}]}, "factor.TimeDiscreteFactor.time_factor_multiply_large": {"result": [1.482854062575857e-05], "stats": [{"ci_99": [1.4671094394276406e-05, 1.5084112108235731e-05], "q_25": 1.4779770450611321e-05, "q_75": 1.4986242908191166e-05, "min": 1.4671094394276406e-05, "max": 1.5084112108235731e-05, "mean": 1.4867166915752818e-05, "std": 1.3452286977880068e-07, "repeat": 10, "number": 742}]}, "factor.TimeDiscreteFactor.time_factor_reduce": {"result": [7.361535452450742e-06], "stats": [{"ci_99": [7.26435993929649e-06, 7.385160990699176e-06], "q_25": 7.319324095204597e-06, "q_75": 7.378519835193072e-06, "min": 7.26435993929649e-06, "max": 7.385160990699176e-06, "mean": 7.345987912112655e-06, "std": 4.043708631351323e-08, "repeat": 10, "number": 1444}]}, "import.TimeImport.time_import": {"result": [1.1580306782512848e-07], "stats": [{"ci_99": [1.1512491944443377e-07, 1.1718531782008099e-07], "q_25": 1.1525504106741567e-07, "q_75": 1.1634070127403014e-07, "min": 1.1512491944443377e-07, "max": 1.1718531782008099e-07, "mean": 1.158708346016543e-07, "std": 6.788856712776274e-10, "repeat": 10, "number": 93013}]}, "inference.TimeBeliefPropagation.time_query_alarm": {"result": [6.486565064638853], "stats": [{"ci_99": [5.292035084217787, 7.6810950450599185], "q_25": 6.474619764834642, "q_75": 6.498510364443064, "min": 6.462674465030432, "max": 6.510455664247274, "mean": 6.486565064638853, "std": 0.023890599608421326, "repeat": 2, "number": 1}]}, "inference.TimeVariableElimination.time_query_alarm": {"result": [0.004436218490203221], "stats": [{"ci_99": [0.004252925226186806, 0.004718497684503501], "q_25": 0.0044279817181328935, "q_75": 0.0044939482274154825, "min": 0.004416777441898982, "max": 0.0046536313990751905, "mean": 0.004485711455345154, "std": 9.732503423727394e-05, "repeat": 4, "number": 3}]}, "inference.TimeVariableElimination.time_query_munin": {"result": [0.15012565348297358], "stats": [{"ci_99": [0.14391697305971748, 0.15813273828690882], "q_25": 0.1489794608205557, "q_75": 0.15217104833573103, "min": 0.1485251896083355, "max": 0.15532292611896992, "mean": 0.15102485567331314, "std": 0.002660732961929275, "repeat": 4, "number": 1}]}, "parameter_learning.TimeBayesianEstimator.time_alarm_bayesian_estimator": {"result": [2.1282845605164766], "stats": [{"ci_99": [1.990294024881282, 2.25951016641005], "q_25": 2.106471278704703, "q_75": 2.14671537745744, "min": 2.0502686370164156, "max": 2.1927706245332956, "mean": 2.124902095645666, "std": 0.05054239264221249, "repeat": 4, "number": 1}]}, "parameter_learning.TimeBayesianEstimator.time_munin_bayesian_estimator": {"result": [36.066674165427685], "stats": [{"ci_99": [29.466662745922804, 42.66668558493256], "q_25": 36.000674051232636, "q_75": 36.132674279622734, "min": 35.93467393703759, "max": 36.19867439381778, "mean": 36.066674165427685, "std": 0.13200022839009762, "repeat": 2, "number": 1}]}, "parameter_learning.TimeExpectationMaximization.time_alarm_em": {"result": [7.211161152459681], "stats": [{"ci_99": [7.0754010966047645, 7.346921208314598], "q_25": 7.209803551901132, "q_75": 7.21251875301823, "min": 7.208445951342583, "max": 7.213876353576779, "mean": 7.211161152459681, "std": 0.0027152011170983315, "repeat": 2, "number": 1}]}, "parameter_learning.TimeExpectationMaximization.time_munin_em": {"result": [81.17967393435538], "stats": [{"ci_99": [81.09021304361522, 81.26913482509553], "q_25": 81.17877932544798, "q_75": 81.18056854326278, "min": 81.17788471654058, "max": 81.18146315217018, "mean": 81.17967393435538, "std": 0.0017892178148031235, "repeat": 2, "number": 1}]}, "parameter_learning.TimeMLE.time_alarm_mle": {"result": [2.135696870274842], "stats": [{"ci_99": [1.9531427838192021, 2.298091664695676], "q_25": 2.0946381762623787, "q_75": 2.1666759182699025, "min": 2.0294893868267536, "max": 2.2015857696533203, "mean": 2.1256172242574394, "std": 0.06317285574130653, "repeat": 4, "number": 1}]}, "parameter_learning.TimeMLE.time_munin_mle": {"result": [35.61033502779901], "stats": [{"ci_99": [32.683192832395434, 38.537477223202586], "q_25": 35.581063605844975, "q_75": 35.639606449753046, "min": 35.55179218389094, "max": 35.66887787170708, "mean": 35.61033502779901, "std": 0.05854284390807152, "repeat": 2, "number": 1}]}, "readwrite.TimeRead.time_asia_read": {"result": [0.008925652597099543], "stats": [{"ci_99": [0.007416979875415564, 0.01043432531878352], "q_25": 0.008910565869882703, "q_75": 0.008940739324316382, "min": 0.008895479142665863, "max": 0.008955826051533222, "mean": 0.008925652597099543, "std": 3.017345443367958e-05, "repeat": 2, "number": 2}]}, "readwrite.TimeRead.time_asia_write": {"result": [0.0008946793704209002], "stats": [{"ci_99": [-0.0005712975028224972, 0.0023606562436642962], "q_25": 0.0008800196016884663, "q_75": 0.0009093391391533343, "min": 0.0008653598329560323, "max": 0.0009239989078857682, "mean": 0.0008946793704209002, "std": 2.931953746486795e-05, "repeat": 2, "number": 44}]}, "readwrite.TimeRead.time_munin_read": {"result": [4.888588847592473], "stats": [{"ci_99": [4.298372758552432, 5.478804936632513], "q_25": 4.882686686702073, "q_75": 4.894491008482873, "min": 4.876784525811672, "max": 4.900393169373274, "mean": 4.888588847592473, "std": 0.01180432178080082, "repeat": 2, "number": 1}]}, "readwrite.TimeRead.time_munin_write": {"result": [0.10950115509331226], "stats": [{"ci_99": [0.08165759034454823, 0.13734471984207627], "q_25": 0.10922271944582462, "q_75": 0.1097795907407999, "min": 0.10894428379833698, "max": 0.11005802638828754, "mean": 0.10950115509331226, "std": 0.0005568712949752808, "repeat": 2, "number": 1}]}, "readwrite.TimeRead.time_pathfinder_read": {"result": [5.493956138379872], "stats": [{"ci_99": [4.398296433500946, 6.589615843258797], "q_25": 5.482999541331083, "q_75": 5.504912735428661, "min": 5.472042944282293, "max": 5.51586933247745, "mean": 5.493956138379872, "std": 0.021913194097578526, "repeat": 2, "number": 1}]}, "readwrite.TimeRead.time_pathfinder_write": {"result": [0.10476052295416594], "stats": [{"ci_99": [0.10001576039940119, 0.10950528550893068], "q_25": 0.10471307532861829, "q_75": 0.10480797057971358, "min": 0.10466562770307064, "max": 0.10485541820526123, "mean": 0.10476052295416594, "std": 9.489525109529495e-05, "repeat": 2, "number": 1}]}, "sampling.TimeSampling.time_forward_sample": {"result": [0.24107549153268337], "stats": [{"ci_99": [0.240194259211421, 0.24218196608126163], "q_25": 0.24045960512012243, "q_75": 0.24155913013964891, "min": 0.240194259211421, "max": 0.24218196608126163, "mean": 0.24110673256218434, "std": 0.0007042099073225704, "repeat": 10, "number": 1}]}, "sampling.TimeSampling.time_gibbs_sampling": null, "sampling.TimeSampling.time_likelihood_sample": {"result": [0.24023109674453735], "stats": [{"ci_99": [0.23905296251177788, 0.2666125800460577], "q_25": 0.2399750337935984, "q_75": 0.24077062215656042, "min": 0.23905296251177788, "max": 0.2666125800460577, "mean": 0.24283375404775143, "std": 0.007942294628756712, "repeat": 10, "number": 1}]}, "sampling.TimeSampling.time_rejection_sample": {"result": [44.30701318476349], "stats": [{"ci_99": [34.879926967434585, 53.73409940209239], "q_25": 44.2127423225902, "q_75": 44.40128404693678, "min": 44.11847146041691,