{"results": {"factor.TimeDiscreteFactor.time_factor_compare": {"result": [3.846683058874463e-05], "stats": [{"ci_99": [3.8087447555039703e-05, 3.890050873425508e-05], "q_25": 3.825307382913671e-05, "q_75": 3.8558671920431044e-05, "min": 3.8087447555039703e-05, "max": 3.890050873425508e-05, "mean": 3.845195793066161e-05, "std": 2.646814718297644e-07, "repeat": 10, "number": 281}]}, "factor.TimeDiscreteFactor.time_factor_marginalize": {"result": [3.729509090295466e-05], "stats": [{"ci_99": [3.716685010445076e-05, 3.8913659937016904e-05], "q_25": 3.722970443529166e-05, "q_75": 3.745121337818081e-05, "min": 3.716685010445076e-05, "max": 3.8913659937016904e-05, "mean": 3.75817612715039e-05, "std": 5.945274097818162e-07, "repeat": 10, "number": 281}]}, "factor.TimeDiscreteFactor.time_factor_multiply_large": {"result": [1.4609781404336293e-05], "stats": [{"ci_99": [1.447828245811722e-05, 1.4823142971311297e-05], "q_25": 1.4559419660949384e-05, "q_75": 1.4778193035701505e-05, "min": 1.447828245811722e-05, "max": 1.4823142971311297e-05, "mean": 1.465204875079953e-05, "std": 1.1833853070829127e-07, "repeat": 10, "number": 735}]}, "factor.TimeDiscreteFactor.time_factor_reduce": {"result": [7.758087410432536e-06], "stats": [{"ci_99": [7.622979495840059e-06, 8.050858749977315e-06], "q_25": 7.65198845699579e-06, "q_75": 7.79091051834471e-06, "min": 7.622979495840059e-06, "max": 8.050858749977315e-06, "mean": 7.750267240417909e-06, "std": 1.2068180288725144e-07, "repeat": 10, "number": 1394}]}, "import.TimeImport.time_import": {"result": [1.1051960912641191e-07], "stats": [{"ci_99": [1.1008424047957956e-07, 1.1342021499593185e-07], "q_25": 1.1025295337822723e-07, "q_75": 1.1114338088820093e-07, "min": 1.1008424047957956e-07, "max": 1.1342021499593185e-07, "mean": 1.109810113288528e-07, "std": 1.0562954119370944e-09, "repeat": 10, "number": 92540}]}, "inference.TimeBeliefPropagation.time_query_alarm": {"result": [91.68170606251806], "stats": [{"ci_99": [86.11047374550253, 97.25293837953359], "q_25": 91.6259937393479, "q_75": 91.73741838568822, "min": 91.57028141617775, "max": 91.79313070885837, "mean": 91.68170606251806, "std": 0.11142464634031057, "repeat": 2, "number": 1}]}, "inference.TimeVariableElimination.time_query_alarm": {"result": [0.0045032526055971776], "stats": [{"ci_99": [0.004467625333627753, 0.004538915578265296], "q_25": 0.004493192303925753, "q_75": 0.0045133307576179504, "min": 0.004487952217459679, "max": 0.004518624395132065, "mean": 0.004503270455946525, "std": 1.2335159217114776e-05, "repeat": 4, "number": 3}]}, "inference.TimeVariableElimination.time_query_munin": {"result": [0.15948358457535505], "stats": [{"ci_99": [0.15325842534534537, 0.16730615480460323], "q_25": 0.15834004757925868, "q_75": 0.16142582707107067, "min": 0.15767505951225758, "max": 0.1644869316369295, "mean": 0.1602822900749743, "std": 0.002619743656261852, "repeat": 4, "number": 1}]}, "parameter_learning.TimeBayesianEstimator.time_alarm_bayesian_estimator": {"result": [1.663079297170043], "stats": [{"ci_99": [1.6095318090508552, 1.7145905844529294], "q_25": 1.6485948315821588, "q_75": 1.6765456623397768, "min": 1.6374840755015612, "max": 1.6846021171659231, "mean": 1.6620611967518926, "std": 0.01834840453524096, "repeat": 4, "number": 1}]}, "parameter_learning.TimeBayesianEstimator.time_munin_bayesian_estimator": {"result": [19.10762983094901], "stats": [{"ci_99": [8.936097432859242, 29.279162229038768], "q_25": 19.00591450696811, "q_75": 19.209345154929906, "min": 18.904199182987213, "max": 19.311060478910804, "mean": 19.10762983094901, "std": 0.20343064796179533, "repeat": 2, "number": 1}]}, "parameter_learning.TimeExpectationMaximization.time_alarm_em": {"result": [9.464849380776286], "stats": [{"ci_99": [7.8879762794822454, 11.041722482070325], "q_25": 9.449080649763346, "q_75": 9.480618111789227, "min": 9.433311918750405, "max": 9.496386842802167, "mean": 9.464849380776286, "std": 0.031537462025880814, "repeat": 2, "number": 1}]}, "parameter_learning.TimeExpectationMaximization.time_munin_em": {"result": [89.40305031929165], "stats": [{"ci_99": [61.39625615533441, 117.40984448324886], "q_25": 89.12298237765208, "q_75": 89.68311826093122, "min": 88.8429144360125, "max": 89.9631862025708, "mean": 89.40305031929165, "std": 0.5601358832791448, "repeat": 2, "number": 1}]}, "parameter_learning.TimeMLE.time_alarm_mle": {"result": [1.6015118090435863], "stats": [{"ci_99": [1.4580360494757774, 1.7823487834801213], "q_25": 1.578316805884242, "q_75": 1.6433874196372926, "min": 1.5578030925244093, "max": 1.719942955300212, "mean": 1.6201924164779484, "std": 0.06139144338404386, "repeat": 4, "number": 1}]}, "parameter_learning.TimeMLE.time_munin_mle": {"result": [19.204493457451463], "stats": [{"ci_99": [11.510701136663556, 26.898285778239362], "q_25": 19.127555534243584, "q_75": 19.281431380659342, "min": 19.050617611035705, "max": 19.35836930386722, "mean": 19.204493457451463, "std": 0.15387584641575813, "repeat": 2, "number": 1}]}, "readwrite.TimeRead.time_asia_read": {"result": [0.012117823585867882], "stats": [{"ci_99": [0.00636858306825161, 0.017867064103484147], "q_25": 0.012060331180691719, "q_75": 0.012175315991044044, "min": 0.012002838775515556, "max": 0.012232808396220207, "mean": 0.012117823585867882, "std": 0.00011498481035232544, "repeat": 2, "number": 1}]}, "readwrite.TimeRead.time_asia_write": {"result": [0.0008166276996857242], "stats": [{"ci_99": [-0.009665621101464093, 0.011298876500835534], "q_25": 0.0007118052116742259, "q_75": 0.0009214501876972222, "min": 0.0006069827236627278, "max": 0.0010262726757087205, "mean": 0.0008166276996857242, "std": 0.00020964497602299635, "repeat": 2, "number": 38}]}, "readwrite.TimeRead.time_munin_read": {"result": [6.791482439264655], "stats": [{"ci_99": [6.525742953643203, 7.0572219248861074], "q_25": 6.788825044408441, "q_75": 6.79413983412087, "min": 6.786167649552226, "max": 6.796797228977084, "mean": 6.791482439264655, "std": 0.005314789712429047, "repeat": 2, "number": 1}]}, "readwrite.TimeRead.time_munin_write": {"result": [0.12952187191694975], "stats": [{"ci_99": [-0.24916175659745932, 0.5082055004313585], "q_25": 0.12573503563180566, "q_75": 0.13330870820209384, "min": 0.12194819934666157, "max": 0.13709554448723793, "mean": 0.12952187191694975, "std": 0.007573672570288181, "repeat": 2, "number": 1}]}, "readwrite.TimeRead.time_pathfinder_read": {"result": [7.702544491738081], "stats": [{"ci_99": [7.6116964891552925, 7.7933924943208694], "q_25": 7.701636011712253, "q_75": 7.703452971763909, "min": 7.700727531686425, "max": 7.704361451789737, "mean": 7.702544491738081, "std": 0.0018169600516557693, "repeat": 2, "number": 1}]}, "readwrite.TimeRead.time_pathfinder_write": {"result": [0.11569901835173368], "stats": [{"ci_99": [0.09854065719991922, 0.13285737950354815], "q_25": 0.11552743474021554, "q_75": 0.11587060196325183, "min": 0.1153558511286974, "max": 0.11604218557476997, "mean": 0.11569901835173368, "std": 0.0003431672230362892, "repeat": 2, "number": 1}]}, "sampling.TimeSampling.time_forward_sample": {"result": [0.18751501571387053], "stats": [{"ci_99": [0.18686441145837307, 0.18866864778101444], "q_25": 0.18720010295510292, "q_75": 0.18813389539718628, "min": 0.18686441145837307, "max": 0.18866864778101444, "mean": 0.18768645003437995, "std": 0.0005988537913923294, "repeat": 10, "number": 1}]}, "sampling.TimeSampling.time_gibbs_sampling": null, "sampling.TimeSampling.time_likelihood_sample": {"result": [0.18730912078171968], "stats": [{"ci_99": [0.18564948625862598, 0.19925415329635143], "q_25": 0.18666228093206882, "q_75": 0.18739655334502459, "min": 0.18564948625862598, "max": 0.19925415329635143, "mean": 0.18834202997386457, "std": 0.0037334581218149694, "repeat": 10, "number": 1}]}, "sampling.TimeSampling.time_rejection_sample": {"result": [33.974060628563166], "stats": [{"ci_99": [30.063949830830097, 37.884171426296234], "q_25": 33.934959520585835, "q_75": 34.013161736540496, "min": 33.895858412608504,