{"results": {"factor.TimeDiscreteFactor.time_factor_compare": {"result": [6.72124566570405e-05], "stats": [{"ci_99": [6.67405104444873e-05, 6.821304559707641e-05], "q_25": 6.705817255762316e-05, "q_75": 6.744238217511485e-05, "min": 6.67405104444873e-05, "max": 6.821304559707641e-05, "mean": 6.72933375162463e-05, "std": 4.3103562049986047e-07, "repeat": 10, "number": 155}]}, "factor.TimeDiscreteFactor.time_factor_marginalize": {"result": [6.31651630447734e-05], "stats": [{"ci_99": [6.292469888215973e-05, 6.371398367697285e-05], "q_25": 6.303914900248249e-05, "q_75": 6.339735340415723e-05, "min": 6.292469888215973e-05, "max": 6.371398367697285e-05, "mean": 6.323782727122307e-05, "std": 2.5509638052738076e-07, "repeat": 10, "number": 168}]}, "factor.TimeDiscreteFactor.time_factor_multiply_large": {"result": [4.670746761177658e-05], "stats": [{"ci_99": [4.582223268823886e-05, 4.877451670552612e-05], "q_25": 4.6176835894584656e-05, "q_75": 4.740260165492329e-05, "min": 4.582223268823886e-05, "max": 4.877451670552612e-05, "mean": 4.697616357322133e-05, "std": 1.0357341370641292e-06, "repeat": 10, "number": 218}]}, "factor.TimeDiscreteFactor.time_factor_reduce": {"result": [2.5330903999348905e-05], "stats": [{"ci_99": [2.515384262476125e-05, 2.5463680214915715e-05], "q_25": 2.5231668606717533e-05, "q_75": 2.5355558727931753e-05, "min": 2.515384262476125e-05, "max": 2.5463680214915715e-05, "mean": 2.5306863987699467e-05, "std": 9.28198839420414e-08, "repeat": 10, "number": 423}]}, "import.TimeImport.time_import": {"result": [1.2889494712647084e-07], "stats": [{"ci_99": [1.272107529125849e-07, 1.3120590662107097e-07], "q_25": 1.280451844495149e-07, "q_75": 1.2984645533393744e-07, "min": 1.272107529125849e-07, "max": 1.3120590662107097e-07, "mean": 1.2911272442417057e-07, "std": 1.2915760007469885e-09, "repeat": 10, "number": 84317}]}, "inference.TimeBeliefPropagation.time_query_alarm": {"result": [116.92660816106945], "stats": [{"ci_99": [114.31540937256068, 119.53780694957823], "q_25": 116.90049617318437, "q_75": 116.95272014895454, "min": 116.87438418529928, "max": 116.97883213683963, "mean": 116.92660816106945, "std": 0.05222397577017546, "repeat": 2, "number": 1}]}, "inference.TimeVariableElimination.time_query_alarm": {"result": [0.04896388202905655], "stats": [{"ci_99": [0.026341737279535343, 0.0860744984505169], "q_25": 0.04884791001677513, "q_75": 0.056324089877307415, "min": 0.048698192462325096, "max": 0.0782065149396658, "mean": 0.056208117865026, "std": 0.012701329542385969, "repeat": 4, "number": 1}]}, "inference.TimeVariableElimination.time_query_munin": {"result": [0.2351778643205762], "stats": [{"ci_99": [0.2176272619567985, 0.261458387406898], "q_25": 0.23382883565500379, "q_75": 0.2408918533474207, "min": 0.23281175456941128, "max": 0.2550038155168295, "mean": 0.2395428246818483, "std": 0.009006879412184362, "repeat": 4, "number": 1}]}, "parameter_learning.TimeBayesianEstimator.time_alarm_bayesian_estimator": null, "parameter_learning.TimeBayesianEstimator.time_munin_bayesian_estimator": null, "parameter_learning.TimeExpectationMaximization.time_alarm_em": null, "parameter_learning.TimeExpectationMaximization.time_munin_em": null, "parameter_learning.TimeMLE.time_alarm_mle": null, "parameter_learning.TimeMLE.time_munin_mle": null, "readwrite.TimeRead.time_asia_read": {"result": [0.00882579991593957], "stats": [{"ci_99": [0.008751689922064543, 0.008899909909814596], "q_25": 0.00882505881600082, "q_75": 0.00882654101587832, "min": 0.008824317716062069, "max": 0.00882728211581707, "mean": 0.00882579991593957, "std": 1.482199877500534e-06, "repeat": 2, "number": 2}]}, "readwrite.TimeRead.time_asia_write": {"result": [0.0004757434129714966], "stats": [{"ci_99": [-0.0040356390178203595, 0.004987125843763348], "q_25": 0.0004306295886635781, "q_75": 0.0005208572372794152, "min": 0.0003855157643556595, "max": 0.0005659710615873337, "mean": 0.0004757434129714966, "std": 9.022764861583711e-05, "repeat": 2, "number": 75}]}, "readwrite.TimeRead.time_munin_read": {"result": [4.816483633592725], "stats": [{"ci_99": [3.342052849009633, 6.290914418175815], "q_25": 4.801739325746894, "q_75": 4.831227941438556, "min": 4.786995017901063, "max": 4.845972249284387, "mean": 4.816483633592725, "std": 0.029488615691661835, "repeat": 2, "number": 1}]}, "readwrite.TimeRead.time_munin_write": {"result": [0.035123211331665516], "stats": [{"ci_99": [0.025410029105842113, 0.04483639355748891], "q_25": 0.03502607950940728, "q_75": 0.03522034315392375, "min": 0.03492894768714905, "max": 0.035317474976181984, "mean": 0.035123211331665516, "std": 0.00019426364451646805, "repeat": 2, "number": 1}]}, "readwrite.TimeRead.time_pathfinder_read": {"result": [5.276751885190606], "stats": [{"ci_99": [5.139398289844394, 5.4141054805368185], "q_25": 5.275378349237144, "q_75": 5.278125421144068, "min": 5.274004813283682, "max": 5.27949895709753, "mean": 5.276751885190606, "std": 0.0027470719069242477, "repeat": 2, "number": 1}]}, "readwrite.TimeRead.time_pathfinder_write": {"result": [0.021002881228923798], "stats": [{"ci_99": [0.01985791325569153, 0.022147849202156067], "q_25": 0.020991431549191475, "q_75": 0.02101433090865612, "min": 0.020979981869459152, "max": 0.021025780588388443, "mean": 0.021002881228923798, "std": 2.2899359464645386e-05, "repeat": 2, "number": 1}]}, "sampling.TimeSampling.time_forward_sample": null, "sampling.TimeSampling.time_gibbs_sampling": null, "sampling.TimeSampling.time_likelihood_sample": {"result": [0.2253095330670476], "stats": [{"ci_99": [0.224291879683733, 0.22571862861514091], "q_25": 0.22457434376701713, "q_75": 0.2255446845665574, "min": 0.224291879683733, "max": 0.22571862861514091, "mean": 0.22511711679399013, "std": 0.0005242508354612773, "repeat": 10, "number": 1}]}, "sampling.TimeSampling.time_rejection_sample": null, "structure_learning.TimeHillClimbAlarmModel.time_hillclimb": null, "structure_learning.TimeMmhcAlarmModel.time_mmhc": null, "structure_learning.TimePCAlarmModel.time_pc_orig": null, "structure_learning.TimePCAlarmModel.time_pc_stable": null, "structure_learning.TimeTreeSearchAlarmModel.time_tan": null}, "params": {"arch": "x86_64", "cpu": "Intel(R) Core(TM) i9-9820X CPU @ 3.30GHz", "machine": "graveyard", "num_cpu": "20", "os": "Linux 4.15.0-112-generic", "ram": "131688676", "python": "3.9"}, "requirements": {}, "commit_hash": "82911bf8c2051a4900a55c8768859b91ce17f187", "date": 1623426095000, "env_name": "conda-py3.9", "python": "3.9", "profiles": {}, "started_at": {"factor.TimeDiscreteFactor.time_factor_compare": 1654051182849, "factor.TimeDiscreteFactor.time_factor_marginalize": 1654051183056, "factor.TimeDiscreteFactor.time_factor_multiply_large": 1654051183263, "factor.TimeDiscreteFactor.time_factor_reduce": 1654051183470, "import.TimeImport.time_import": 1654051183677, "inference.TimeBeliefPropagation.time_query_alarm": 1654051183883, "inference.TimeVariableElimination.time_query_alarm": 1654051418112, "inference.TimeVariableElimination.time_query_munin": 1654051435419, "parameter_learning.TimeBayesianEstimator.time_alarm_bayesian_estimator": 1654050421407, "parameter_learning.TimeBayesianEstimator.time_munin_bayesian_estimator": 1654050421465, "parameter_learning.TimeExpectationMaximization.time_alarm_em": 1654050421522, "parameter_learning.TimeExpectationMaximization.time_munin_em": 1654050421578, "parameter_learning.TimeMLE.time_alarm_mle": 1654050421634, "parameter_learning.TimeMLE.time_munin_mle": 1654050421691, "readwrite.TimeRead.time_asia_read": 1654051453431, "readwrite.TimeRead.time_asia_write": 1654051475850, "readwrite.TimeRead.time_munin_read": 1654051498169, "readwrite.TimeRead.time_munin_write": 1654051532621, "readwrite.TimeRead.time_pathfinder_read": 1654051554990, "readwrite.TimeRead.time_pathfinder_write": 1654051588790, "sampling.TimeSampling.time_forward_sample": 1654050579574, "sampling.TimeSampling.time_gibbs_sampling": 1654050579731, "sampling.TimeSampling.time_likelihood_sample": 1654051611161,