{"results": {"factor.TimeDiscreteFactor.time_factor_marginalize": {"result": [6.15797894583507e-05], "stats": [{"ci_99": [6.134733981029554e-05, 6.203835999423808e-05], "q_25": 6.153095058504154e-05, "q_75": 6.170173186216165e-05, "min": 6.134733981029554e-05, "max": 6.203835999423808e-05, "mean": 6.162122272971001e-05, "std": 1.9687240193941284e-07, "repeat": 10, "number": 176}]}, "factor.TimeDiscreteFactor.time_factor_multiply_large": {"result": [5.2388495250234323e-05], "stats": [{"ci_99": [5.191935280573021e-05, 5.305573814412923e-05], "q_25": 5.2239555974029794e-05, "q_75": 5.246493377659506e-05, "min": 5.191935280573021e-05, "max": 5.305573814412923e-05, "mean": 5.236789312900848e-05, "std": 3.067097206231697e-07, "repeat": 10, "number": 206}]}, "factor.TimeDiscreteFactor.time_factor_reduce": {"result": [3.0452733511453148e-05], "stats": [{"ci_99": [2.9866056578172433e-05, 3.08559194289066e-05], "q_25": 3.0111493338104137e-05, "q_75": 3.05470107327942e-05, "min": 2.9866056578172433e-05, "max": 3.08559194289066e-05, "mean": 3.0374140632185307e-05, "std": 3.328648576907191e-07, "repeat": 10, "number": 364}]}, "import.TimeImport.time_import": {"result": [1.2684886586521563e-07], "stats": [{"ci_99": [1.2568493149330745e-07, 1.296858368990329e-07], "q_25": 1.2579583735799182e-07, "q_75": 1.281982068743111e-07, "min": 1.2568493149330745e-07, "max": 1.296858368990329e-07, "mean": 1.2714195585441898e-07, "std": 1.4279765386734986e-09, "repeat": 10, "number": 85112}]}, "readwrite.TimeRead.time_asia_read": null, "readwrite.TimeRead.time_asia_write": null, "readwrite.TimeRead.time_munin_read": null, "readwrite.TimeRead.time_munin_write": null, "readwrite.TimeRead.time_pathfinder_read": null, "readwrite.TimeRead.time_pathfinder_write": null, "sampling.TimeSampling.time_forward_sample": null, "sampling.TimeSampling.time_gibbs_sampling": null, "sampling.TimeSampling.time_likelihood_sample": null, "sampling.TimeSampling.time_rejection_sample": null, "structure_learning.TimeHillClimb.time_hillclimb": null, "structure_learning.TimePC.time_pc_orig": null, "structure_learning.TimePC.time_pc_stable": null, "inference.TimeVariableElimination.time_query_alarm": null, "inference.TimeVariableElimination.time_query_munin": null, "factor.TimeDiscreteFactor.time_factor_compare": {"result": [7.219123964508374e-05], "stats": [{"ci_99": [7.173327108224233e-05, 7.261842489242554e-05], "q_25": 7.202429696917534e-05, "q_75": 7.22893172254165e-05, "min": 7.173327108224233e-05, "max": 7.261842489242554e-05, "mean": 7.216210663318634e-05, "std": 2.401407141307164e-07, "repeat": 10, "number": 150}]}, "inference.TimeBeliefPropagation.time_query_alarm": null, "parameter_learning.TimeBayesianEstimator.time_alarm_bayesian_estimator": null, "parameter_learning.TimeBayesianEstimator.time_munin_bayesian_estimator": null, "parameter_learning.TimeExpectationMaximization.time_alarm_em": null, "parameter_learning.TimeExpectationMaximization.time_munin_em": null, "parameter_learning.TimeMLE.time_alarm_mle": null, "parameter_learning.TimeMLE.time_munin_mle": null, "structure_learning.TimeHillClimbAlarmModel.time_hillclimb": null, "structure_learning.TimeMmhcAlarmModel.time_mmhc": null, "structure_learning.TimePCAlarmModel.time_pc_orig": null, "structure_learning.TimePCAlarmModel.time_pc_stable": null, "structure_learning.TimeTreeSearchAlarmModel.time_tan": null}, "params": {"arch": "x86_64", "cpu": "Intel(R) Core(TM) i9-9820X CPU @ 3.30GHz", "machine": "graveyard", "num_cpu": "20", "os": "Linux 4.15.0-112-generic", "ram": "131688676", "python": "3.7"}, "requirements": {}, "commit_hash": "82cf70630420ab2081193ce5c0b2853ccb050095", "date": 1610277289000, "env_name": "conda-py3.7", "python": "3.7", "profiles": {}, "started_at": {"factor.TimeDiscreteFactor.time_factor_marginalize": 1654215082285, "factor.TimeDiscreteFactor.time_factor_multiply_large": 1654215082492, "factor.TimeDiscreteFactor.time_factor_reduce": 1654215082698, "import.TimeImport.time_import": 1654215082905, "readwrite.TimeRead.time_asia_read": 1654215081235, "readwrite.TimeRead.time_asia_write": 1654215081291, "readwrite.TimeRead.time_munin_read": 1654215081347, "readwrite.TimeRead.time_munin_write": 1654215081404, "readwrite.TimeRead.time_pathfinder_read": 1654215081460, "readwrite.TimeRead.time_pathfinder_write": 1654215081516, "sampling.TimeSampling.time_forward_sample": 1654215081573, "sampling.TimeSampling.time_gibbs_sampling": 1654215081629, "sampling.TimeSampling.time_likelihood_sample": 1654215081685, "sampling.TimeSampling.time_rejection_sample": 1654215081741, "structure_learning.TimeHillClimb.time_hillclimb": 1610282373946, "structure_learning.TimePC.time_pc_orig": 1610282374003, "structure_learning.TimePC.time_pc_stable": 1610282374060, "inference.TimeVariableElimination.time_query_alarm": 1654215080787, "inference.TimeVariableElimination.time_query_munin": 1654215080843, "factor.TimeDiscreteFactor.time_factor_compare": 1654215082078, "inference.TimeBeliefPropagation.time_query_alarm": 1654215080732, "parameter_learning.TimeBayesianEstimator.time_alarm_bayesian_estimator": 1654215080899, "parameter_learning.TimeBayesianEstimator.time_munin_bayesian_estimator": 1654215080955, "parameter_learning.TimeExpectationMaximization.time_alarm_em": 1654215081011, "parameter_learning.TimeExpectationMaximization.time_munin_em": 1654215081067, "parameter_learning.TimeMLE.time_alarm_mle": 1654215081123, "parameter_learning.TimeMLE.time_munin_mle": 1654215081179, "structure_learning.TimeHillClimbAlarmModel.time_hillclimb": 1654215081797, "structure_learning.TimeMmhcAlarmModel.time_mmhc": 1654215081853, "structure_learning.TimePCAlarmModel.time_pc_orig": 1654215081909, "structure_learning.TimePCAlarmModel.time_pc_stable": 1654215081965, "structure_learning.TimeTreeSearchAlarmModel.time_tan": 1654215082021}, "ended_at": {"factor.TimeDiscreteFactor.time_factor_marginalize": 1654215082491, "factor.TimeDiscreteFactor.time_factor_multiply_large": 1654215082698, "factor.TimeDiscreteFactor.time_factor_reduce": 1654215082904, "import.TimeImport.time_import": 1654215083111, "readwrite.TimeRead.time_asia_read": 1654215081291, "readwrite.TimeRead.time_asia_write": 1654215081347, "readwrite.TimeRead.time_munin_read": 1654215081403, "readwrite.TimeRead.time_munin_write": 1654215081460, "readwrite.TimeRead.time_pathfinder_read": 1654215081516, "readwrite.TimeRead.time_pathfinder_write": 1654215081573, "sampling.TimeSampling.time_forward_sample": 1654215081629, "sampling.TimeSampling.time_gibbs_sampling": 1654215081685, "sampling.TimeSampling.time_likelihood_sample": 1654215081741, "sampling.TimeSampling.time_rejection_sample": 1654215081797, "structure_learning.TimeHillClimb.time_hillclimb": 1610282374002, "structure_learning.TimePC.time_pc_orig": 1610282374060, "structure_learning.TimePC.time_pc_stable": 1610282374117, "inference.TimeVariableElimination.time_query_alarm": 1654215080843, "inference.TimeVariableElimination.time_query_munin": 1654215080899, "factor.TimeDiscreteFactor.time_factor_compare": 1654215082285, "inference.TimeBeliefPropagation.time_query_alarm": 1654215080787, "parameter_learning.TimeBayesianEstimator.time_alarm_bayesian_estimator": 1654215080955, "parameter_learning.TimeBayesianEstimator.time_munin_bayesian_estimator": 1654215081011, "parameter_learning.TimeExpectationMaximization.time_alarm_em": 1654215081067, "parameter_learning.TimeExpectationMaximization.time_munin_em": 1654215081123, "parameter_learning.TimeMLE.time_alarm_mle": 1654215081179, "parameter_learning.TimeMLE.time_munin_mle": 1654215081235, "structure_learning.TimeHillClimbAlarmModel.time_hillclimb": 1654215081853, "structure_learning.TimeMmhcAlarmModel.time_mmhc": 1654215081909, "structure_learning.TimePCAlarmModel.time_pc_orig": 1654215081965, "structure_learning.TimePCAlarmModel.time_pc_stable": 1654215082021, "structure_learning.TimeTreeSearchAlarmModel.time_tan": 1654215082077},