{"results": {"factor.TimeDiscreteFactor.time_factor_marginalize": {"result": [6.368833072927025e-05], "stats": [{"ci_99": [6.34197633536089e-05, 6.39852202896561e-05], "q_25": 6.363638108485334e-05, "q_75": 6.383579498755612e-05, "min": 6.34197633536089e-05, "max": 6.39852202896561e-05, "mean": 6.371704235096417e-05, "std": 1.6582374480743346e-07, "repeat": 10, "number": 168}]}, "factor.TimeDiscreteFactor.time_factor_multiply_large": {"result": [5.0325032996949455e-05], "stats": [{"ci_99": [4.964103231407667e-05, 5.0959726052245064e-05], "q_25": 4.992508242002955e-05, "q_75": 5.0698687374906636e-05, "min": 4.964103231407667e-05, "max": 5.0959726052245064e-05, "mean": 5.031820504703152e-05, "std": 4.39553670325885e-07, "repeat": 10, "number": 213}]}, "factor.TimeDiscreteFactor.time_factor_reduce": {"result": [2.9930022909589434e-05], "stats": [{"ci_99": [2.964465487478436e-05, 3.0106812229622965e-05], "q_25": 2.979350013091512e-05, "q_75": 3.004314722088368e-05, "min": 2.964465487478436e-05, "max": 3.0106812229622965e-05, "mean": 2.990720793604851e-05, "std": 1.6122569603679778e-07, "repeat": 10, "number": 345}]}, "import.TimeImport.time_import": {"result": [1.3230035632927327e-07], "stats": [{"ci_99": [1.3165973521335483e-07, 1.3350571170096327e-07], "q_25": 1.3206768264884968e-07, "q_75": 1.3282048663559805e-07, "min": 1.3165973521335483e-07, "max": 1.3350571170096327e-07, "mean": 1.3243607034971574e-07, "std": 5.301777449033562e-10, "repeat": 10, "number": 83809}]}, "readwrite.TimeRead.time_asia_read": {"result": [0.17081807204522192], "stats": [{"ci_99": [0.14994986890815198, 0.19168627518229184], "q_25": 0.17060939001385123, "q_75": 0.17102675407659262, "min": 0.17040070798248053, "max": 0.17123543610796332, "mean": 0.17081807204522192, "std": 0.0004173640627413988, "repeat": 2, "number": 1}]}, "readwrite.TimeRead.time_asia_write": {"result": [0.00019029595456282857], "stats": [{"ci_99": [0.00014180290630795572, 0.00023878900281770142], "q_25": 0.00018981102408027986, "q_75": 0.0001907808850453773, "min": 0.00018932609359773112, "max": 0.00019126581552792604, "mean": 0.00019029595456282857, "std": 9.698609650974575e-07, "repeat": 2, "number": 71}]}, "readwrite.TimeRead.time_munin_read": {"result": [5.641406690469012], "stats": [{"ci_99": [4.293428614968434, 6.9893847659695885], "q_25": 5.627926909714006, "q_75": 5.654886471224017, "min": 5.614447128959, "max": 5.668366251979023, "mean": 5.641406690469012, "std": 0.026959561510011554, "repeat": 2, "number": 1}]}, "readwrite.TimeRead.time_munin_write": {"result": [0.04096883093006909], "stats": [{"ci_99": [0.03725803433917463, 0.04467962752096355], "q_25": 0.040931722964160144, "q_75": 0.041005938895978034, "min": 0.0408946149982512, "max": 0.04104304686188698, "mean": 0.04096883093006909, "std": 7.421593181788921e-05, "repeat": 2, "number": 1}]}, "readwrite.TimeRead.time_pathfinder_read": {"result": [6.20881118113175], "stats": [{"ci_99": [5.793575935531408, 6.624046426732093], "q_25": 6.204658828675747, "q_75": 6.212963533587754, "min": 6.2005064762197435, "max": 6.217115886043757, "mean": 6.20881118113175, "std": 0.008304704912006855, "repeat": 2, "number": 1}]}, "readwrite.TimeRead.time_pathfinder_write": {"result": [0.026184395421296358], "stats": [{"ci_99": [0.02031627157703042, 0.03205251926556229], "q_25": 0.0261257141828537, "q_75": 0.026243076659739017, "min": 0.02606703294441104, "max": 0.026301757898181677, "mean": 0.026184395421296358, "std": 0.00011736247688531876, "repeat": 2, "number": 1}]}, "sampling.TimeSampling.time_forward_sample": {"result": [0.6077622820157558], "stats": [{"ci_99": [0.5898656672798097, 0.6616612076759338], "q_25": 0.6008477973518893, "q_75": 0.6433830987662077, "min": 0.5898656672798097, "max": 0.6616612076759338, "mean": 0.6204247086774558, "std": 0.025025785185561988, "repeat": 10, "number": 1}]}, "sampling.TimeSampling.time_gibbs_sampling": null, "sampling.TimeSampling.time_likelihood_sample": {"result": [0.6347562870942056], "stats": [{"ci_99": [0.6191431330516934, 0.6818365058861673], "q_25": 0.6304515931988135, "q_75": 0.676002679974772, "min": 0.6191431330516934, "max": 0.6818365058861673, "mean": 0.6489941144362092, "std": 0.023856438666564634, "repeat": 10, "number": 1}]}, "sampling.TimeSampling.time_rejection_sample": {"result": [93.7408992301207], "stats": [{"ci_99": [85.99358257860877, 101.48821588163264], "q_25": 93.66342606360558, "q_75": 93.81837239663582, "min": 93.58595289709046, "max": 93.89584556315094, "mean": 93.7408992301207, "std": 0.15494633303023875, "repeat": 2, "number": 1}]}, "structure_learning.TimeHillClimb.time_hillclimb": null, "structure_learning.TimePC.time_pc_orig": {"result": [39.307838356122375], "stats": [{"ci_99": [35.25114704761654, 43.36452966462821], "q_25": 39.267271443037316, "q_75": 39.34840526920743, "min": 39.22670452995226, "max": 39.38897218229249, "mean": 39.307838356122375, "std": 0.08113382617011666, "repeat": 2, "number": 1}]}, "structure_learning.TimePC.time_pc_stable": {"result": [44.8178263430018], "stats": [{"ci_99": [38.78023719205521, 50.85541549394838], "q_25": 44.75745045149233, "q_75": 44.878202234511264, "min": 44.697074559982866, "max": 44.93857812602073, "mean": 44.8178263430018, "std": 0.12075178301893175, "repeat": 2, "number": 1}]}, "inference.TimeVariableElimination.time_query_alarm": {"result": [0.10233929194509983], "stats": [{"ci_99": [0.09712549292318283, 0.10950079566963257], "q_25": 0.1015144765842706, "q_75": 0.10413795965723693, "min": 0.10130327567458153, "max": 0.10727071762084961, "mean": 0.1033131442964077, "std": 0.0023841675411921666, "repeat": 4, "number": 1}]}, "inference.TimeVariableElimination.time_query_munin": null}, "params": {"arch": "x86_64", "cpu": "Intel(R) Core(TM) i9-9820X CPU @ 3.30GHz", "machine": "graveyard", "num_cpu": "20", "os": "Linux 4.15.0-112-generic", "ram": "131688676", "python": "3.8"}, "requirements": {}, "commit_hash": "838a511f72e20f5368e32a969cda34112847a624", "date": 1601450089000, "env_name": "conda-py3.8", "python": "3.8", "profiles": {}, "started_at": {"factor.TimeDiscreteFactor.time_factor_marginalize": 1610345286195, "factor.TimeDiscreteFactor.time_factor_multiply_large": 1610345286402, "factor.TimeDiscreteFactor.time_factor_reduce": 1610345286609, "import.TimeImport.time_import": 1610345286815, "readwrite.TimeRead.time_asia_read": 1610345287022, "readwrite.TimeRead.time_asia_write": 1610345312832, "readwrite.TimeRead.time_munin_read": 1610345338702, "readwrite.TimeRead.time_munin_write": 1610345377557, "readwrite.TimeRead.time_pathfinder_read": 1610345403373, "readwrite.TimeRead.time_pathfinder_write": 1610345442283, "sampling.TimeSampling.time_forward_sample": 1610345468108, "sampling.TimeSampling.time_gibbs_sampling": 1610344298521, "sampling.TimeSampling.time_likelihood_sample": 1610345473180, "sampling.TimeSampling.time_rejection_sample": 1610345478406, "structure_learning.TimeHillClimb.time_hillclimb": 1610345091631, "structure_learning.TimePC.time_pc_orig": 1610345665475, "structure_learning.TimePC.time_pc_stable": 1610345755347, "inference.TimeVariableElimination.time_query_alarm": 1618083810505, "inference.TimeVariableElimination.time_query_munin": 1618083750418}, "ended_at": {"factor.TimeDiscreteFactor.time_factor_marginalize": 1610345286402, "factor.TimeDiscreteFactor.time_factor_multiply_large": 1610345286608, "factor.TimeDiscreteFactor.time_factor_reduce": 1610345286815, "import.TimeImport.time_import": 1610345287022, "readwrite.TimeRead.time_asia_read": 1610345312832, "readwrite.TimeRead.time_asia_write": 1610345338702, "readwrite.TimeRead.time_munin_read": 1610345377557, "readwrite.TimeRead.time_munin_write": 1610345403373, "readwrite.TimeRead.time_pathfinder_read": 1610345442283, "readwrite.TimeRead.time_pathfinder_write": 1610345468108, "sampling.TimeSampling.time_forward_sample": 1610345473179, "sampling.TimeSampling.time_gibbs_sampling": 1610344898772, "sampling.TimeSampling.time_likelihood_sample": 1610345478406,