{"results": {"factor.TimeDiscreteFactor.time_factor_marginalize": {"result": [6.227387241059286e-05], "stats": [{"ci_99": [6.211141661449444e-05, 6.292530112654153e-05], "q_25": 6.218927061082396e-05, "q_75": 6.256959732461927e-05, "min": 6.211141661449444e-05, "max": 6.292530112654153e-05, "mean": 6.23876537464879e-05, "std": 2.558522514000454e-07, "repeat": 10, "number": 163}]}, "factor.TimeDiscreteFactor.time_factor_multiply_large": {"result": [4.907702248840825e-05], "stats": [{"ci_99": [4.8822084957725006e-05, 4.9901343532291374e-05], "q_25": 4.8988101951463127e-05, "q_75": 4.944527858404766e-05, "min": 4.8822084957725006e-05, "max": 4.9901343532291374e-05, "mean": 4.9223415466121656e-05, "std": 3.670466545144909e-07, "repeat": 10, "number": 213}]}, "factor.TimeDiscreteFactor.time_factor_reduce": {"result": [2.9399989752647964e-05], "stats": [{"ci_99": [2.9130320554758234e-05, 2.9514507793362147e-05], "q_25": 2.927405723773415e-05, "q_75": 2.9472325038236694e-05, "min": 2.9130320554758234e-05, "max": 2.9514507793362147e-05, "mean": 2.9368233961917806e-05, "std": 1.1850198818386972e-07, "repeat": 10, "number": 363}]}, "import.TimeImport.time_import": {"result": [1.3473113353834007e-07], "stats": [{"ci_99": [1.3435428390746852e-07, 1.3651955958155934e-07], "q_25": 1.3445643490132457e-07, "q_75": 1.3484369342416918e-07, "min": 1.3435428390746852e-07, "max": 1.3651955958155934e-07, "mean": 1.3483718111378387e-07, "std": 5.963025508046455e-10, "repeat": 10, "number": 74129}]}, "readwrite.TimeRead.time_asia_read": {"result": [0.17138812318444252], "stats": [{"ci_99": [0.12334375269711018, 0.2194324936717748], "q_25": 0.1709076794795692, "q_75": 0.17186856688931584, "min": 0.17042723577469587, "max": 0.17234901059418917, "mean": 0.17138812318444252, "std": 0.0009608874097466469, "repeat": 2, "number": 1}]}, "readwrite.TimeRead.time_asia_write": {"result": [0.0005887638577925308], "stats": [{"ci_99": [-0.0004926297081900494, 0.00167015742377511], "q_25": 0.000577949922132705, "q_75": 0.0005995777934523566, "min": 0.0005671359864728792, "max": 0.0006103917291121824, "mean": 0.0005887638577925308, "std": 2.1627871319651604e-05, "repeat": 2, "number": 70}]}, "readwrite.TimeRead.time_munin_read": {"result": [5.2939483732916415], "stats": [{"ci_99": [5.1357361557893455, 5.4521605907939374], "q_25": 5.2923662511166185, "q_75": 5.295530495466664, "min": 5.2907841289415956, "max": 5.297112617641687, "mean": 5.2939483732916415, "std": 0.0031642443500459194, "repeat": 2, "number": 1}]}, "readwrite.TimeRead.time_munin_write": {"result": [0.04792272951453924], "stats": [{"ci_99": [-0.33311798330396414, 0.4289634423330423], "q_25": 0.04411232238635421, "q_75": 0.051733136642724276, "min": 0.040301915258169174, "max": 0.05554354377090931, "mean": 0.04792272951453924, "std": 0.007620814256370068, "repeat": 2, "number": 1}]}, "readwrite.TimeRead.time_pathfinder_read": {"result": [5.9290406526997685], "stats": [{"ci_99": [5.358560779131949, 6.499520526267588], "q_25": 5.92333585396409, "q_75": 5.934745451435447, "min": 5.917631055228412, "max": 5.940450250171125, "mean": 5.9290406526997685, "std": 0.011409597471356392, "repeat": 2, "number": 1}]}, "readwrite.TimeRead.time_pathfinder_write": {"result": [0.025895227678120136], "stats": [{"ci_99": [0.02549783233553171, 0.02629262302070856], "q_25": 0.025891253724694252, "q_75": 0.02589920163154602, "min": 0.025887279771268368, "max": 0.025903175584971905, "mean": 0.025895227678120136, "std": 7.947906851768494e-06, "repeat": 2, "number": 1}]}, "sampling.TimeSampling.time_forward_sample": {"result": [5.887372267898172], "stats": [{"ci_99": [-0.7663333672098815, 12.54107790300622], "q_25": 5.820835211547092, "q_75": 5.953909324249253, "min": 5.754298155196011, "max": 6.020446380600333, "mean": 5.887372267898172, "std": 0.13307411270216107, "repeat": 2, "number": 1}]}, "sampling.TimeSampling.time_gibbs_sampling": null, "sampling.TimeSampling.time_likelihood_sample": {"result": [5.330540270544589], "stats": [{"ci_99": [4.553131324239075, 6.107949216850101], "q_25": 5.322766181081533, "q_75": 5.338314360007644, "min": 5.314992091618478, "max": 5.346088449470699, "mean": 5.330540270544589, "std": 0.015548178926110268, "repeat": 2, "number": 1}]}, "sampling.TimeSampling.time_rejection_sample": null, "structure_learning.TimeHillClimb.time_hillclimb": null, "structure_learning.TimePC.time_pc_orig": {"result": [38.00973815610632], "stats": [{"ci_99": [35.513054442126304, 40.50642187008634], "q_25": 37.98477131896652, "q_75": 38.03470499324612, "min": 37.95980448182672, "max": 38.05967183038592, "mean": 38.00973815610632, "std": 0.04993367427960038, "repeat": 2, "number": 1}]}, "structure_learning.TimePC.time_pc_stable": {"result": [43.45733551075682], "stats": [{"ci_99": [34.895287754479796, 52.01938326703384], "q_25": 43.37171503319405, "q_75": 43.54295598831959, "min": 43.28609455563128, "max": 43.62857646588236, "mean": 43.45733551075682, "std": 0.1712409551255405, "repeat": 2, "number": 1}]}}, "params": {"arch": "x86_64", "cpu": "Intel(R) Core(TM) i9-9820X CPU @ 3.30GHz", "machine": "graveyard", "num_cpu": "20", "os": "Linux 4.15.0-112-generic", "ram": "131688676", "python": "3.8"}, "requirements": {}, "commit_hash": "83f8715b43f9eeb51710c69925d870093190c184", "date": 1595851035000, "env_name": "conda-py3.8", "python": "3.8", "profiles": {}, "started_at": {"factor.TimeDiscreteFactor.time_factor_marginalize": 1610492662390, "factor.TimeDiscreteFactor.time_factor_multiply_large": 1610492662598, "factor.TimeDiscreteFactor.time_factor_reduce": 1610492662805, "import.TimeImport.time_import": 1610492663012, "readwrite.TimeRead.time_asia_read": 1610492663219, "readwrite.TimeRead.time_asia_write": 1610492688093, "readwrite.TimeRead.time_munin_read": 1610492712668, "readwrite.TimeRead.time_munin_write": 1610492749627, "readwrite.TimeRead.time_pathfinder_read": 1610492773719, "readwrite.TimeRead.time_pathfinder_write": 1610492810878, "sampling.TimeSampling.time_forward_sample": 1610492835194, "sampling.TimeSampling.time_gibbs_sampling": 1610491240477, "sampling.TimeSampling.time_likelihood_sample": 1610492847185, "sampling.TimeSampling.time_rejection_sample": 1610491851971, "structure_learning.TimeHillClimb.time_hillclimb": 1610492452056, "structure_learning.TimePC.time_pc_orig": 1610492858372, "structure_learning.TimePC.time_pc_stable": 1610492952985}, "ended_at": {"factor.TimeDiscreteFactor.time_factor_marginalize": 1610492662597, "factor.TimeDiscreteFactor.time_factor_multiply_large": 1610492662805, "factor.TimeDiscreteFactor.time_factor_reduce": 1610492663011, "import.TimeImport.time_import": 1610492663218, "readwrite.TimeRead.time_asia_read": 1610492688093, "readwrite.TimeRead.time_asia_write": 1610492712668, "readwrite.TimeRead.time_munin_read": 1610492749627, "readwrite.TimeRead.time_munin_write": 1610492773719, "readwrite.TimeRead.time_pathfinder_read": 1610492810877, "readwrite.TimeRead.time_pathfinder_write": 1610492835194, "sampling.TimeSampling.time_forward_sample": 1610492847184, "sampling.TimeSampling.time_gibbs_sampling": 1610491840733, "sampling.TimeSampling.time_likelihood_sample": 1610492858371, "sampling.TimeSampling.time_rejection_sample": 1610492452055, "structure_learning.TimeHillClimb.time_hillclimb": 1610492458229, "structure_learning.TimePC.time_pc_orig": 1610492952984, "structure_learning.TimePC.time_pc_stable": 1610493062484}, "benchmark_version": {"factor.TimeDiscreteFactor.time_factor_marginalize": "a3ae79cdcf3bcd4bc49df94b3b3d5f93c4126249a9b3cf2481ac381ee836f851", "factor.TimeDiscreteFactor.time_factor_multiply_large": "cfb6b66fddb2953948ffb6566ae101535dd1e8d0fd9af855331f39ef905f4450", "factor.TimeDiscreteFactor.time_factor_reduce": "cb3858b638914f7572792153a60efb4aecbde56d5abf039791451adb0f26c263", "import.TimeImport.time_import": "b8454f897532cbfc3dc91dd442b9d4429c7671f8720779f25b6975fed7999d6c", "readwrite.TimeRead.time_asia_read": "00ee50175421b36358b2284cbbaaf9e6caad1078a142202d8afbc8a5431e3d42",