{"results": {"factor.TimeDiscreteFactor.time_factor_marginalize": {"result": [6.152798570472107e-05], "stats": [{"ci_99": [6.120785321356982e-05, 6.375572032477024e-05], "q_25": 6.137684141919458e-05, "q_75": 6.189304486622472e-05, "min": 6.120785321356982e-05, "max": 6.375572032477024e-05, "mean": 6.186674685167844e-05, "std": 7.786743307493581e-07, "repeat": 10, "number": 169}]}, "factor.TimeDiscreteFactor.time_factor_multiply_large": {"result": [5.386831416260628e-05], "stats": [{"ci_99": [5.149950406381062e-05, 5.564011988185701e-05], "q_25": 5.2023854195362046e-05, "q_75": 5.546725310740017e-05, "min": 5.149950406381062e-05, "max": 5.564011988185701e-05, "mean": 5.368110945536978e-05, "std": 1.7446459338514283e-06, "repeat": 10, "number": 210}]}, "factor.TimeDiscreteFactor.time_factor_reduce": {"result": [3.0328767995039622e-05], "stats": [{"ci_99": [2.9912259843614366e-05, 3.061254198352496e-05], "q_25": 3.0169813221113552e-05, "q_75": 3.04374934381081e-05, "min": 2.9912259843614366e-05, "max": 3.061254198352496e-05, "mean": 3.0307733039889067e-05, "std": 2.0403093426341428e-07, "repeat": 10, "number": 360}]}, "import.TimeImport.time_import": {"result": [1.3141061625354435e-07], "stats": [{"ci_99": [1.3120471355653845e-07, 1.3167738411533268e-07], "q_25": 1.3123078902422185e-07, "q_75": 1.3149774021481977e-07, "min": 1.3120471355653845e-07, "max": 1.3167738411533268e-07, "mean": 1.3139015186962637e-07, "std": 1.5524090270315627e-10, "repeat": 10, "number": 76201}]}, "readwrite.TimeRead.time_asia_read": {"result": [0.1447831830009818], "stats": [{"ci_99": [0.13177861366420984, 0.15778775233775377], "q_25": 0.1446531373076141, "q_75": 0.14491322869434953, "min": 0.14452309161424637, "max": 0.14504327438771725, "mean": 0.1447831830009818, "std": 0.0002600913867354393, "repeat": 2, "number": 1}]}, "readwrite.TimeRead.time_asia_write": {"result": [0.0006033584393341752], "stats": [{"ci_99": [0.00017511098207358095, 0.001031605896594769], "q_25": 0.0005990759647615692, "q_75": 0.0006076409139067811, "min": 0.0005947934901889632, "max": 0.000611923388479387, "mean": 0.0006033584393341752, "std": 8.564949145211883e-06, "repeat": 2, "number": 68}]}, "readwrite.TimeRead.time_munin_read": {"result": [5.342306857928634], "stats": [{"ci_99": [5.04986216314137, 5.634751552715898], "q_25": 5.339382410980761, "q_75": 5.345231304876506, "min": 5.336457964032888, "max": 5.348155751824379, "mean": 5.342306857928634, "std": 0.005848893895745277, "repeat": 2, "number": 1}]}, "readwrite.TimeRead.time_munin_write": {"result": [0.04036609176546335], "stats": [{"ci_99": [0.03395696263760328, 0.046775220893323415], "q_25": 0.04030200047418475, "q_75": 0.04043018305674195, "min": 0.04023790918290615, "max": 0.040494274348020554, "mean": 0.04036609176546335, "std": 0.00012818258255720139, "repeat": 2, "number": 1}]}, "readwrite.TimeRead.time_pathfinder_read": {"result": [5.97268804255873], "stats": [{"ci_99": [5.3135917549952865, 6.631784330122172], "q_25": 5.966097079683095, "q_75": 5.979279005434364, "min": 5.959506116807461, "max": 5.9858699683099985, "mean": 5.97268804255873, "std": 0.013181925751268864, "repeat": 2, "number": 1}]}, "readwrite.TimeRead.time_pathfinder_write": {"result": [0.02448624838143587], "stats": [{"ci_99": [0.016913711093366146, 0.03205878566950559], "q_25": 0.024410523008555174, "q_75": 0.02456197375431657, "min": 0.024334797635674477, "max": 0.024637699127197266, "mean": 0.02448624838143587, "std": 0.0001514507457613945, "repeat": 2, "number": 1}]}, "sampling.TimeSampling.time_forward_sample": null, "sampling.TimeSampling.time_gibbs_sampling": null, "sampling.TimeSampling.time_likelihood_sample": {"result": [0.628799787722528], "stats": [{"ci_99": [0.625752305611968, 0.6467210277915001], "q_25": 0.6267490172758698, "q_75": 0.6307882321998477, "min": 0.625752305611968, "max": 0.6467210277915001, "mean": 0.6303045524284243, "std": 0.00583209681779086, "repeat": 10, "number": 1}]}, "sampling.TimeSampling.time_rejection_sample": null, "structure_learning.TimeHillClimb.time_hillclimb": null, "structure_learning.TimePC.time_pc_orig": {"result": [37.406225227052346], "stats": [{"ci_99": [25.319637932581827, 49.49281252152285], "q_25": 37.28535935410764, "q_75": 37.52709109999705, "min": 37.164493481162935, "max": 37.647956972941756, "mean": 37.406225227052346, "std": 0.24173174588941038, "repeat": 2, "number": 1}]}, "structure_learning.TimePC.time_pc_stable": {"result": [45.92911432660185], "stats": [{"ci_99": [45.619393609697, 46.2388350435067], "q_25": 45.9260171194328, "q_75": 45.9322115337709, "min": 45.92291991226375, "max": 45.935308740939945, "mean": 45.92911432660185, "std": 0.006194414338096976, "repeat": 2, "number": 1}]}, "inference.TimeVariableElimination.time_query_alarm": {"result": [0.1094054114073515], "stats": [{"ci_99": [0.10631985933518039, 0.11270504659974948], "q_25": 0.10856963088735938, "q_75": 0.11034823348745704, "min": 0.10823478922247887, "max": 0.11100419983267784, "mean": 0.10951245296746492, "std": 0.0011101220391514183, "repeat": 4, "number": 1}]}, "inference.TimeVariableElimination.time_query_munin": null, "factor.TimeDiscreteFactor.time_factor_compare": {"result": [7.140202043981819e-05], "stats": [{"ci_99": [7.023474761656114e-05, 8.088777532110681e-05], "q_25": 7.090281851433374e-05, "q_75": 7.218488498584375e-05, "min": 7.023474761656114e-05, "max": 8.088777532110681e-05, "mean": 7.272751389683543e-05, "std": 3.265075313685582e-06, "repeat": 10, "number": 143}]}, "inference.TimeBeliefPropagation.time_query_alarm": {"result": [73.94336854480207], "stats": [{"ci_99": [55.827657053247094, 92.05908003635703], "q_25": 73.76221142988652, "q_75": 74.12452565971762, "min": 73.58105431497097, "max": 74.30568277463317, "mean": 73.94336854480207, "std": 0.3623142298310995, "repeat": 2, "number": 1}]}, "parameter_learning.TimeBayesianEstimator.time_alarm_bayesian_estimator": null, "parameter_learning.TimeBayesianEstimator.time_munin_bayesian_estimator": null, "parameter_learning.TimeExpectationMaximization.time_alarm_em": null, "parameter_learning.TimeExpectationMaximization.time_munin_em": null, "parameter_learning.TimeMLE.time_alarm_mle": null, "parameter_learning.TimeMLE.time_munin_mle": null, "structure_learning.TimeHillClimbAlarmModel.time_hillclimb": null, "structure_learning.TimeMmhcAlarmModel.time_mmhc": null, "structure_learning.TimePCAlarmModel.time_pc_orig": null, "structure_learning.TimePCAlarmModel.time_pc_stable": null, "structure_learning.TimeTreeSearchAlarmModel.time_tan": null}, "params": {"arch": "x86_64", "cpu": "Intel(R) Core(TM) i9-9820X CPU @ 3.30GHz", "machine": "graveyard", "num_cpu": "20", "os": "Linux 4.15.0-112-generic", "ram": "131688676", "python": "3.7"}, "requirements": {}, "commit_hash": "84046ca382bff08944e05f5d3f30c262bbbd372e", "date": 1603881605000, "env_name": "conda-py3.7", "python": "3.7", "profiles": {}, "started_at": {"factor.TimeDiscreteFactor.time_factor_marginalize": 1654265035153, "factor.TimeDiscreteFactor.time_factor_multiply_large": 1654265035360, "factor.TimeDiscreteFactor.time_factor_reduce": 1654265035566, "import.TimeImport.time_import": 1654265035773, "readwrite.TimeRead.time_asia_read": 1654265204178, "readwrite.TimeRead.time_asia_write": 1654265229101, "readwrite.TimeRead.time_munin_read": 1654265253826, "readwrite.TimeRead.time_munin_write": 1654265291085, "readwrite.TimeRead.time_pathfinder_read": 1654265315809, "readwrite.TimeRead.time_pathfinder_write": 1654265353268, "sampling.TimeSampling.time_forward_sample": 1654264427661, "sampling.TimeSampling.time_gibbs_sampling": 1654264427918, "sampling.TimeSampling.time_likelihood_sample": 1654265377994, "sampling.TimeSampling.time_rejection_sample": 1654265033408, "structure_learning.TimeHillClimb.time_hillclimb": 1610327485560, "structure_learning.TimePC.time_pc_orig": 1610328074147, "structure_learning.TimePC.time_pc_stable": 1610328160957, "inference.TimeVariableElimination.time_query_alarm": 1654265185046,