{"results": {"factor.TimeDiscreteFactor.time_factor_marginalize": {"result": [6.402080385562252e-05], "stats": [{"ci_99": [6.378824165200486e-05, 6.443622850758188e-05], "q_25": 6.385488120619866e-05, "q_75": 6.412787719027084e-05, "min": 6.378824165200486e-05, "max": 6.443622850758188e-05, "mean": 6.403379662729362e-05, "std": 1.9543842689503813e-07, "repeat": 10, "number": 170}]}, "factor.TimeDiscreteFactor.time_factor_multiply_large": {"result": [5.4183301935885466e-05], "stats": [{"ci_99": [5.3497524384190055e-05, 0.0001133640876551177], "q_25": 5.404326058102443e-05, "q_75": 6.152941461871652e-05, "min": 5.3497524384190055e-05, "max": 0.0001133640876551177, "mean": 6.670441213703039e-05, "std": 2.2846173147563423e-05, "repeat": 10, "number": 204}]}, "factor.TimeDiscreteFactor.time_factor_reduce": {"result": [3.108860995849906e-05], "stats": [{"ci_99": [3.085843672500677e-05, 3.121492706916549e-05], "q_25": 3.103123427453366e-05, "q_75": 3.115016157271838e-05, "min": 3.085843672500677e-05, "max": 3.121492706916549e-05, "mean": 3.107889416105936e-05, "std": 1.0276648137229202e-07, "repeat": 10, "number": 341}]}, "import.TimeImport.time_import": {"result": [1.3180541661976414e-07], "stats": [{"ci_99": [1.3067763365381737e-07, 1.4016448339955348e-07], "q_25": 1.3099163985264507e-07, "q_75": 1.329770284279325e-07, "min": 1.3067763365381737e-07, "max": 1.4016448339955348e-07, "mean": 1.3272740934555368e-07, "std": 2.6879207426405544e-09, "repeat": 10, "number": 80117}]}, "readwrite.TimeRead.time_asia_read": {"result": [0.17180915200151503], "stats": [{"ci_99": [0.09494329313747585, 0.24867501086555416], "q_25": 0.17104049341287464, "q_75": 0.17257781059015542, "min": 0.17027183482423425, "max": 0.17334646917879581, "mean": 0.17180915200151503, "std": 0.0015373171772807837, "repeat": 2, "number": 1}]}, "readwrite.TimeRead.time_asia_write": {"result": [0.0003293390618637204], "stats": [{"ci_99": [-0.005430656048702076, 0.006089334172429512], "q_25": 0.00027173911075806245, "q_75": 0.0003869390129693784, "min": 0.0002141391596524045, "max": 0.00044453896407503635, "mean": 0.0003293390618637204, "std": 0.00011519990221131593, "repeat": 2, "number": 64}]}, "readwrite.TimeRead.time_munin_read": {"result": [5.960764018120244], "stats": [{"ci_99": [5.015195968328044, 6.906332067912444], "q_25": 5.951308337622322, "q_75": 5.970219698618166, "min": 5.9418526571244, "max": 5.979675379116088, "mean": 5.960764018120244, "std": 0.018911360995844007, "repeat": 2, "number": 1}]}, "readwrite.TimeRead.time_munin_write": {"result": [0.04229532717727125], "stats": [{"ci_99": [0.0362365732435137, 0.048354081111028784], "q_25": 0.04223473963793367, "q_75": 0.04235591471660882, "min": 0.042174152098596096, "max": 0.0424165022559464, "mean": 0.04229532717727125, "std": 0.00012117507867515087, "repeat": 2, "number": 1}]}, "readwrite.TimeRead.time_pathfinder_read": {"result": [6.618645672453567], "stats": [{"ci_99": [6.20939295203425, 7.027898392872885], "q_25": 6.614553145249374, "q_75": 6.622738199657761, "min": 6.610460618045181, "max": 6.626830726861954, "mean": 6.618645672453567, "std": 0.00818505440838635, "repeat": 2, "number": 1}]}, "readwrite.TimeRead.time_pathfinder_write": {"result": [0.02553501445800066], "stats": [{"ci_99": [0.023991696536540985, 0.027078332379460335], "q_25": 0.025519581278786063, "q_75": 0.025550447637215257, "min": 0.025504148099571466, "max": 0.025565880816429853, "mean": 0.02553501445800066, "std": 3.08663584291935e-05, "repeat": 2, "number": 1}]}, "sampling.TimeSampling.time_forward_sample": {"result": [0.6255016028881073], "stats": [{"ci_99": [0.589719439856708, 0.6582193472422659], "q_25": 0.5989456316456199, "q_75": 0.6480602113297209, "min": 0.589719439856708, "max": 0.6582193472422659, "mean": 0.6239505015313626, "std": 0.026602936823376524, "repeat": 10, "number": 1}]}, "sampling.TimeSampling.time_gibbs_sampling": null, "sampling.TimeSampling.time_likelihood_sample": {"result": [0.6264797386247665], "stats": [{"ci_99": [0.6115975882858038, 0.6897251280024648], "q_25": 0.6145248768152669, "q_75": 0.6652814298868179, "min": 0.6115975882858038, "max": 0.6897251280024648, "mean": 0.6401855411939323, "std": 0.028436378816534116, "repeat": 10, "number": 1}]}, "sampling.TimeSampling.time_rejection_sample": {"result": [96.8856853058096], "stats": [{"ci_99": [81.60265465010889, 112.1687159615103], "q_25": 96.7328549992526, "q_75": 97.03851561236661, "min": 96.58002469269559, "max": 97.19134591892362, "mean": 96.8856853058096, "std": 0.30566061311401427, "repeat": 2, "number": 1}]}, "structure_learning.TimeHillClimb.time_hillclimb": null, "structure_learning.TimePC.time_pc_orig": {"result": [37.406225227052346], "stats": [{"ci_99": [25.319637932581827, 49.49281252152285], "q_25": 37.28535935410764, "q_75": 37.52709109999705, "min": 37.164493481162935, "max": 37.647956972941756, "mean": 37.406225227052346, "std": 0.24173174588941038, "repeat": 2, "number": 1}]}, "structure_learning.TimePC.time_pc_stable": {"result": [45.92911432660185], "stats": [{"ci_99": [45.619393609697, 46.2388350435067], "q_25": 45.9260171194328, "q_75": 45.9322115337709, "min": 45.92291991226375, "max": 45.935308740939945, "mean": 45.92911432660185, "std": 0.006194414338096976, "repeat": 2, "number": 1}]}}, "params": {"arch": "x86_64", "cpu": "Intel(R) Core(TM) i9-9820X CPU @ 3.30GHz", "machine": "graveyard", "num_cpu": "20", "os": "Linux 4.15.0-112-generic", "ram": "131688676", "python": "3.7"}, "requirements": {}, "commit_hash": "84046ca382bff08944e05f5d3f30c262bbbd372e", "date": 1603881605000, "env_name": "conda-py3.7", "python": "3.7", "profiles": {}, "started_at": {"factor.TimeDiscreteFactor.time_factor_marginalize": 1610327675780, "factor.TimeDiscreteFactor.time_factor_multiply_large": 1610327675987, "factor.TimeDiscreteFactor.time_factor_reduce": 1610327676193, "import.TimeImport.time_import": 1610327676399, "readwrite.TimeRead.time_asia_read": 1610327676606, "readwrite.TimeRead.time_asia_write": 1610327704130, "readwrite.TimeRead.time_munin_read": 1610327731203, "readwrite.TimeRead.time_munin_write": 1610327772155, "readwrite.TimeRead.time_pathfinder_read": 1610327800381, "readwrite.TimeRead.time_pathfinder_write": 1610327841735, "sampling.TimeSampling.time_forward_sample": 1610327868856, "sampling.TimeSampling.time_gibbs_sampling": 1610326685422, "sampling.TimeSampling.time_likelihood_sample": 1610327873976, "sampling.TimeSampling.time_rejection_sample": 1610327879246, "structure_learning.TimeHillClimb.time_hillclimb": 1610327485560, "structure_learning.TimePC.time_pc_orig": 1610328074147, "structure_learning.TimePC.time_pc_stable": 1610328160957}, "ended_at": {"factor.TimeDiscreteFactor.time_factor_marginalize": 1610327675986, "factor.TimeDiscreteFactor.time_factor_multiply_large": 1610327676193, "factor.TimeDiscreteFactor.time_factor_reduce": 1610327676399, "import.TimeImport.time_import": 1610327676606, "readwrite.TimeRead.time_asia_read": 1610327704130, "readwrite.TimeRead.time_asia_write": 1610327731203, "readwrite.TimeRead.time_munin_read": 1610327772154, "readwrite.TimeRead.time_munin_write": 1610327800380, "readwrite.TimeRead.time_pathfinder_read": 1610327841734, "readwrite.TimeRead.time_pathfinder_write": 1610327868855, "sampling.TimeSampling.time_forward_sample": 1610327873975, "sampling.TimeSampling.time_gibbs_sampling": 1610327285649, "sampling.TimeSampling.time_likelihood_sample": 1610327879246, "sampling.TimeSampling.time_rejection_sample": 1610328074146, "structure_learning.TimeHillClimb.time_hillclimb": 1610327486519, "structure_learning.TimePC.time_pc_orig": 1610328160957, "structure_learning.TimePC.time_pc_stable": 1610328263863}, "benchmark_version": {"factor.TimeDiscreteFactor.time_factor_marginalize": "a3ae79cdcf3bcd4bc49df94b3b3d5f93c4126249a9b3cf2481ac381ee836f851", "factor.TimeDiscreteFactor.time_factor_multiply_large": "cfb6b66fddb2953948ffb6566ae101535dd1e8d0fd9af855331f39ef905f4450",