{"results": {"factor.TimeDiscreteFactor.time_factor_marginalize": {"result": [6.148783348457158e-05], "stats": [{"ci_99": [6.122589764887827e-05, 6.207563418742509e-05], "q_25": 6.138564942524448e-05, "q_75": 6.164308659165924e-05, "min": 6.122589764887827e-05, "max": 6.207563418742509e-05, "mean": 6.156876378240643e-05, "std": 2.652535620133579e-07, "repeat": 10, "number": 171}]}, "factor.TimeDiscreteFactor.time_factor_multiply_large": {"result": [4.9753060064664705e-05], "stats": [{"ci_99": [4.926000426455242e-05, 5.059970951661831e-05], "q_25": 4.954218591858701e-05, "q_75": 4.995288100184464e-05, "min": 4.926000426455242e-05, "max": 5.059970951661831e-05, "mean": 4.983658925062272e-05, "std": 4.314418137860469e-07, "repeat": 10, "number": 205}]}, "factor.TimeDiscreteFactor.time_factor_reduce": {"result": [2.9279329741550798e-05], "stats": [{"ci_99": [2.9120889495016863e-05, 2.96661238419563e-05], "q_25": 2.921564955403894e-05, "q_75": 2.951550053201766e-05, "min": 2.9120889495016863e-05, "max": 2.96661238419563e-05, "mean": 2.935292623314459e-05, "std": 1.7730197861478465e-07, "repeat": 10, "number": 347}]}, "import.TimeImport.time_import": {"result": [1.2891495756632622e-07], "stats": [{"ci_99": [1.2732361599263366e-07, 1.310214032489566e-07], "q_25": 1.274375386487208e-07, "q_75": 1.3001469576484901e-07, "min": 1.2732361599263366e-07, "max": 1.310214032489566e-07, "mean": 1.2892172422209836e-07, "std": 1.4108092532072898e-09, "repeat": 10, "number": 86214}]}, "inference.TimeVariableElimination.time_query_alarm": {"result": [0.04618000704795122], "stats": [{"ci_99": [0.045754027606498666, 0.0466792638808971], "q_25": 0.04606369370594621, "q_75": 0.046332959085702896, "min": 0.04606323130428791, "max": 0.04644333757460117, "mean": 0.04621664574369788, "std": 0.00016170643751210254, "repeat": 4, "number": 1}]}, "inference.TimeVariableElimination.time_query_munin": {"result": [0.2559609627351165], "stats": [{"ci_99": [0.23589642154726256, 0.2841588492065384], "q_25": 0.254104885738343, "q_75": 0.2618837123736739, "min": 0.25167875923216343, "max": 0.27650985680520535, "mean": 0.26002763537690043, "std": 0.009703568531391513, "repeat": 4, "number": 1}]}, "readwrite.TimeRead.time_asia_read": {"result": [0.008550071623176336], "stats": [{"ci_99": [0.006470125634223223, 0.010630017612129448], "q_25": 0.008529272163286805, "q_75": 0.008570871083065867, "min": 0.008508472703397274, "max": 0.008591670542955399, "mean": 0.008550071623176336, "std": 4.159891977906227e-05, "repeat": 2, "number": 2}]}, "readwrite.TimeRead.time_asia_write": {"result": [0.0005841385441976534], "stats": [{"ci_99": [0.0005416105514470964, 0.0006266665369482104], "q_25": 0.0005837132642701479, "q_75": 0.0005845638241251589, "min": 0.0005832879843426423, "max": 0.0005849891040526645, "mean": 0.0005841385441976534, "std": 8.505598550111399e-07, "repeat": 2, "number": 71}]}, "readwrite.TimeRead.time_munin_read": {"result": [5.076758767478168], "stats": [{"ci_99": [4.827949282713234, 5.325568252243102], "q_25": 5.074270672630519, "q_75": 5.079246862325817, "min": 5.071782577782869, "max": 5.081734957173467, "mean": 5.076758767478168, "std": 0.004976189695298672, "repeat": 2, "number": 1}]}, "readwrite.TimeRead.time_munin_write": {"result": [0.0402604416012764], "stats": [{"ci_99": [0.03224175423383713, 0.04827912896871566], "q_25": 0.040180254727602005, "q_75": 0.04034062847495079, "min": 0.04010006785392761, "max": 0.04042081534862518, "mean": 0.0402604416012764, "std": 0.0001603737473487854, "repeat": 2, "number": 1}]}, "readwrite.TimeRead.time_pathfinder_read": {"result": [5.7113179517909884], "stats": [{"ci_99": [5.529702086932957, 5.89293381664902], "q_25": 5.709501793142408, "q_75": 5.713134110439569, "min": 5.707685634493828, "max": 5.714950269088149, "mean": 5.7113179517909884, "std": 0.0036323172971606255, "repeat": 2, "number": 1}]}, "readwrite.TimeRead.time_pathfinder_write": {"result": [0.025524014607071877], "stats": [{"ci_99": [0.023971686139702797, 0.027076343074440956], "q_25": 0.025508491322398186, "q_75": 0.025539537891745567, "min": 0.025492968037724495, "max": 0.025555061176419258, "mean": 0.025524014607071877, "std": 3.104656934738159e-05, "repeat": 2, "number": 1}]}, "sampling.TimeSampling.time_forward_sample": null, "sampling.TimeSampling.time_gibbs_sampling": null, "sampling.TimeSampling.time_likelihood_sample": {"result": [0.6288269655779004], "stats": [{"ci_99": [0.6265728194266558, 0.6323413643985987], "q_25": 0.6273302342742682, "q_75": 0.6314815036021173, "min": 0.6265728194266558, "max": 0.6323413643985987, "mean": 0.6293716415762901, "std": 0.0021323394965749296, "repeat": 10, "number": 1}]}, "sampling.TimeSampling.time_rejection_sample": null, "structure_learning.TimeHillClimb.time_hillclimb": null, "structure_learning.TimePC.time_pc_orig": {"result": [39.15310538280755], "stats": [{"ci_99": [36.18717541825026, 42.11903534736484], "q_25": 39.12344608316198, "q_75": 39.182764682453126, "min": 39.09378678351641, "max": 39.2124239820987, "mean": 39.15310538280755, "std": 0.0593185992911458, "repeat": 2, "number": 1}]}, "structure_learning.TimePC.time_pc_stable": {"result": [39.0577536248602], "stats": [{"ci_99": [38.85861010616645, 39.25689714355394], "q_25": 39.05576218967326, "q_75": 39.059745060047135, "min": 39.05377075448632, "max": 39.06173649523407, "mean": 39.0577536248602, "std": 0.003982870373874903, "repeat": 2, "number": 1}]}, "factor.TimeDiscreteFactor.time_factor_compare": {"result": [7.219554307006247e-05], "stats": [{"ci_99": [7.181916144683207e-05, 7.299360611455904e-05], "q_25": 7.215027677283872e-05, "q_75": 7.238067190745752e-05, "min": 7.181916144683207e-05, "max": 7.299360611455904e-05, "mean": 7.229444282732422e-05, "std": 3.016869339081051e-07, "repeat": 10, "number": 139}]}, "inference.TimeBeliefPropagation.time_query_alarm": {"result": [64.48829995375127], "stats": [{"ci_99": [63.37234253901988, 65.60425736848265], "q_25": 64.47714037960395, "q_75": 64.49945952789858, "min": 64.46598080545664, "max": 64.5106191020459, "mean": 64.48829995375127, "std": 0.022319148294627666, "repeat": 2, "number": 1}]}, "parameter_learning.TimeBayesianEstimator.time_alarm_bayesian_estimator": null, "parameter_learning.TimeBayesianEstimator.time_munin_bayesian_estimator": null, "parameter_learning.TimeExpectationMaximization.time_alarm_em": null, "parameter_learning.TimeExpectationMaximization.time_munin_em": null, "parameter_learning.TimeMLE.time_alarm_mle": null, "parameter_learning.TimeMLE.time_munin_mle": null, "structure_learning.TimeHillClimbAlarmModel.time_hillclimb": null, "structure_learning.TimeMmhcAlarmModel.time_mmhc": null, "structure_learning.TimePCAlarmModel.time_pc_orig": null, "structure_learning.TimePCAlarmModel.time_pc_stable": null, "structure_learning.TimeTreeSearchAlarmModel.time_tan": null}, "params": {"arch": "x86_64", "cpu": "Intel(R) Core(TM) i9-9820X CPU @ 3.30GHz", "machine": "graveyard", "num_cpu": "20", "os": "Linux 4.15.0-112-generic", "ram": "131688676", "python": "3.8"}, "requirements": {}, "commit_hash": "843f7222686d2299cbe288dfb170d60aef945be8", "date": 1618047628000, "env_name": "conda-py3.8", "python": "3.8", "profiles": {}, "started_at": {"factor.TimeDiscreteFactor.time_factor_marginalize": 1654207238438, "factor.TimeDiscreteFactor.time_factor_multiply_large": 1654207238645, "factor.TimeDiscreteFactor.time_factor_reduce": 1654207238851, "import.TimeImport.time_import": 1654207239057, "inference.TimeVariableElimination.time_query_alarm": 1654207368491, "inference.TimeVariableElimination.time_query_munin": 1654207386302, "readwrite.TimeRead.time_asia_read": 1654207404615, "readwrite.TimeRead.time_asia_write": 1654207427935, "readwrite.TimeRead.time_munin_read": 1654207451356, "readwrite.TimeRead.time_munin_write": 1654207486660, "readwrite.TimeRead.time_pathfinder_read": 1654207510082, "readwrite.TimeRead.time_pathfinder_write": 1654207545585, "sampling.TimeSampling.time_forward_sample": 1654206632145,