{"results": {"factor.TimeDiscreteFactor.time_factor_compare": {"result": [6.225362764617612e-05], "stats": [{"ci_99": [6.133878894279459e-05, 6.573513753152307e-05], "q_25": 6.175068384736259e-05, "q_75": 6.427503099417411e-05, "min": 6.133878894279459e-05, "max": 6.573513753152307e-05, "mean": 6.290124783109378e-05, "std": 1.5048516964598632e-06, "repeat": 10, "number": 173}]}, "factor.TimeDiscreteFactor.time_factor_marginalize": {"result": [6.42912970347838e-05], "stats": [{"ci_99": [6.414151778726866e-05, 6.48025649063515e-05], "q_25": 6.424237155553066e-05, "q_75": 6.442421087712953e-05, "min": 6.414151778726866e-05, "max": 6.48025649063515e-05, "mean": 6.436864083463497e-05, "std": 2.0332971317699468e-07, "repeat": 10, "number": 165}]}, "factor.TimeDiscreteFactor.time_factor_multiply_large": {"result": [4.829327294299769e-05], "stats": [{"ci_99": [4.733962894872177e-05, 5.0997023665627766e-05], "q_25": 4.782674964084182e-05, "q_75": 5.0455392446628834e-05, "min": 4.733962894872177e-05, "max": 5.0997023665627766e-05, "mean": 4.8971643108268126e-05, "std": 1.3937274067538256e-06, "repeat": 10, "number": 215}]}, "factor.TimeDiscreteFactor.time_factor_reduce": {"result": [2.624780513496712e-05], "stats": [{"ci_99": [2.6017102892651703e-05, 2.656297551261054e-05], "q_25": 2.620397535425545e-05, "q_75": 2.6379805998970764e-05, "min": 2.6017102892651703e-05, "max": 2.656297551261054e-05, "mean": 2.6280012433276033e-05, "std": 1.745550167471298e-07, "repeat": 10, "number": 396}]}, "import.TimeImport.time_import": {"result": [1.1830040475351865e-07], "stats": [{"ci_99": [1.178747681674871e-07, 1.1924749776226254e-07], "q_25": 1.1809447570446931e-07, "q_75": 1.1852070574597363e-07, "min": 1.178747681674871e-07, "max": 1.1924749776226254e-07, "mean": 1.183987284562463e-07, "std": 4.406847289916871e-10, "repeat": 10, "number": 90236}]}, "inference.TimeBeliefPropagation.time_query_alarm": {"result": [26.025132683105767], "stats": [{"ci_99": [22.526767185889184, 29.523498180322346], "q_25": 25.9901490281336, "q_75": 26.060116338077933, "min": 25.955165373161435, "max": 26.0950999930501, "mean": 26.025132683105767, "std": 0.06996730994433165, "repeat": 2, "number": 1}]}, "inference.TimeVariableElimination.time_query_alarm": {"result": [0.017182459123432636], "stats": [{"ci_99": [0.016721221954144983, 0.017642811536274408], "q_25": 0.017025720793753862, "q_75": 0.017338755074888468, "min": 0.01702188327908516, "max": 0.017341265454888344, "mean": 0.017182016745209694, "std": 0.00015758995018139176, "repeat": 4, "number": 1}]}, "inference.TimeVariableElimination.time_query_munin": {"result": [0.5315176406875253], "stats": [{"ci_99": [0.5011857676012146, 0.5781523322062861], "q_25": 0.5295898267067969, "q_75": 0.5415968638844788, "min": 0.5284335501492023, "max": 0.5672073680907488, "mean": 0.5396690499037504, "std": 0.015986277647220274, "repeat": 4, "number": 1}]}, "parameter_learning.TimeBayesianEstimator.time_alarm_bayesian_estimator": {"result": [2.1155400462448597], "stats": [{"ci_99": [2.015573589529714, 2.2507891921067023], "q_25": 2.098473452962935, "q_75": 2.150247984100133, "min": 2.094776052981615, "max": 2.2068694178014994, "mean": 2.1331813908182085, "std": 0.04480169780118481, "repeat": 4, "number": 1}]}, "parameter_learning.TimeBayesianEstimator.time_munin_bayesian_estimator": {"result": [35.737902413122356], "stats": [{"ci_99": [33.02120601106435, 38.45459881518036], "q_25": 35.710735449101776, "q_75": 35.765069377142936, "min": 35.683568485081196, "max": 35.792236341163516, "mean": 35.737902413122356, "std": 0.05433392804116011, "repeat": 2, "number": 1}]}, "parameter_learning.TimeExpectationMaximization.time_alarm_em": {"result": [7.221129191108048], "stats": [{"ci_99": [4.687179791741073, 9.755078590475021], "q_25": 7.195789697114378, "q_75": 7.246468685101718, "min": 7.1704502031207085, "max": 7.2718081790953875, "mean": 7.221129191108048, "std": 0.0506789879873395, "repeat": 2, "number": 1}]}, "parameter_learning.TimeExpectationMaximization.time_munin_em": {"result": [81.99463826417923], "stats": [{"ci_99": [72.05473338067532, 91.93454314768313], "q_25": 81.89523921534419, "q_75": 82.09403731301427, "min": 81.79584016650915, "max": 82.19343636184931, "mean": 81.99463826417923, "std": 0.19879809767007828, "repeat": 2, "number": 1}]}, "parameter_learning.TimeMLE.time_alarm_mle": {"result": [2.205827498808503], "stats": [{"ci_99": [1.9797821134970763, 2.400227362598364], "q_25": 2.1362909232266247, "q_75": 2.2595413136295974, "min": 2.088232858106494, "max": 2.2601310964673758, "mean": 2.190004738047719, "std": 0.0733214276272736, "repeat": 4, "number": 1}]}, "parameter_learning.TimeMLE.time_munin_mle": {"result": [35.56457288283855], "stats": [{"ci_99": [29.31103343795985, 41.81811232771724], "q_25": 35.50203748838976, "q_75": 35.627108277287334, "min": 35.43950209394097, "max": 35.68964367173612, "mean": 35.56457288283855, "std": 0.12507078889757395, "repeat": 2, "number": 1}]}, "readwrite.TimeRead.time_asia_read": {"result": [0.008833466563373804], "stats": [{"ci_99": [0.008833443280309439, 0.00883348984643817], "q_25": 0.00883346633054316, "q_75": 0.008833466796204448, "min": 0.008833466097712517, "max": 0.008833467029035091, "mean": 0.008833466563373804, "std": 4.656612873077393e-10, "repeat": 2, "number": 2}]}, "readwrite.TimeRead.time_asia_write": {"result": [0.0009105499114163897], "stats": [{"ci_99": [0.00019906497221778836, 0.0016220348506149904], "q_25": 0.0009034350620244037, "q_75": 0.0009176647608083757, "min": 0.0008963202126324177, "max": 0.0009247796102003617, "mean": 0.0009105499114163897, "std": 1.4229698783972027e-05, "repeat": 2, "number": 44}]}, "readwrite.TimeRead.time_munin_read": {"result": [4.7828189432621], "stats": [{"ci_99": [4.431012026965618, 5.134625859558582], "q_25": 4.779300874099135, "q_75": 4.786337012425065, "min": 4.775782804936171, "max": 4.78985508158803, "mean": 4.7828189432621, "std": 0.007036138325929642, "repeat": 2, "number": 1}]}, "readwrite.TimeRead.time_munin_write": {"result": [0.1140331206843257], "stats": [{"ci_99": [0.07505433727055788, 0.15301190409809348], "q_25": 0.11364333285018802, "q_75": 0.11442290851846337, "min": 0.11325354501605034, "max": 0.11481269635260105, "mean": 0.1140331206843257, "std": 0.0007795756682753563, "repeat": 2, "number": 1}]}, "readwrite.TimeRead.time_pathfinder_read": {"result": [5.33631207793951], "stats": [{"ci_99": [5.034873228520155, 5.637750927358866], "q_25": 5.333297689445317, "q_75": 5.339326466433704, "min": 5.330283300951123, "max": 5.3423408549278975, "mean": 5.33631207793951, "std": 0.006028776988387108, "repeat": 2, "number": 1}]}, "readwrite.TimeRead.time_pathfinder_write": {"result": [0.11254219152033329], "stats": [{"ci_99": [0.014364214614033699, 0.2107201684266328], "q_25": 0.1115604117512703, "q_75": 0.11352397128939629, "min": 0.1105786319822073, "max": 0.11450575105845928, "mean": 0.11254219152033329, "std": 0.001963559538125992, "repeat": 2, "number": 1}]}, "sampling.TimeSampling.time_forward_sample": {"result": [0.2310925740748644], "stats": [{"ci_99": [0.22985166497528553, 0.2326585967093706], "q_25": 0.2302969670854509, "q_75": 0.23147498723119497, "min": 0.22985166497528553, "max": 0.2326585967093706, "mean": 0.23112146463245153, "std": 0.0009253041583216354, "repeat": 10, "number": 1}]}, "sampling.TimeSampling.time_gibbs_sampling": null, "sampling.TimeSampling.time_likelihood_sample": {"result": [0.22924023400992155], "stats": [{"ci_99": [0.228103281930089, 0.230558130890131], "q_25": 0.22884072922170162, "q_75": 0.23011071467772126, "min": 0.228103281930089, "max": 0.230558130890131, "mean": 0.22939033359289168, "std": 0.000817413623709817, "repeat": 10, "number": 1}]}, "sampling.TimeSampling.time_rejection_sample": {"result": [40.05657930392772], "stats": [{"ci_99": [27.606469090096653, 52.50668951775877], "q_25": 39.93207820178941, "q_75": 40.18108040606603, "min": 39.8075770996511, "max": 40.30558150820434,