{"results": {"factor.TimeDiscreteFactor.time_factor_marginalize": {"result": [6.108062172477895e-05], "stats": [{"ci_99": [6.093862607623592e-05, 6.147607257871916e-05], "q_25": 6.1021849625941485e-05, "q_75": 6.115158286058541e-05, "min": 6.093862607623592e-05, "max": 6.147607257871916e-05, "mean": 6.113278594884006e-05, "std": 1.6970848671995007e-07, "repeat": 10, "number": 165}]}, "factor.TimeDiscreteFactor.time_factor_multiply_large": {"result": [4.911839112060742e-05], "stats": [{"ci_99": [4.8444280852970565e-05, 4.934055676448692e-05], "q_25": 4.868340696596983e-05, "q_75": 4.924994721574691e-05, "min": 4.8444280852970565e-05, "max": 4.934055676448692e-05, "mean": 4.8985661378184565e-05, "std": 3.175712102057994e-07, "repeat": 10, "number": 206}]}, "factor.TimeDiscreteFactor.time_factor_reduce": {"result": [2.893458374521949e-05], "stats": [{"ci_99": [2.875510836020112e-05, 2.924293089150028e-05], "q_25": 2.882347722664814e-05, "q_75": 2.9102104070427067e-05, "min": 2.875510836020112e-05, "max": 2.924293089150028e-05, "mean": 2.8963665880093517e-05, "std": 1.590299266495592e-07, "repeat": 10, "number": 352}]}, "import.TimeImport.time_import": {"result": [1.3206505075478916e-07], "stats": [{"ci_99": [1.2860412553454757e-07, 1.3623294636319104e-07], "q_25": 1.2875207664749409e-07, "q_75": 1.3443160113778304e-07, "min": 1.2860412553454757e-07, "max": 1.3623294636319104e-07, "mean": 1.3186218637025828e-07, "std": 2.8542744266438247e-09, "repeat": 10, "number": 85817}]}, "inference.TimeVariableElimination.time_query_alarm": null, "inference.TimeVariableElimination.time_query_munin": null, "readwrite.TimeRead.time_asia_read": null, "readwrite.TimeRead.time_asia_write": null, "readwrite.TimeRead.time_munin_read": null, "readwrite.TimeRead.time_munin_write": null, "readwrite.TimeRead.time_pathfinder_read": null, "readwrite.TimeRead.time_pathfinder_write": null, "sampling.TimeSampling.time_forward_sample": null, "sampling.TimeSampling.time_gibbs_sampling": null, "sampling.TimeSampling.time_likelihood_sample": null, "sampling.TimeSampling.time_rejection_sample": null, "structure_learning.TimeHillClimb.time_hillclimb": null, "structure_learning.TimePC.time_pc_orig": null, "structure_learning.TimePC.time_pc_stable": null, "factor.TimeDiscreteFactor.time_factor_compare": {"result": [7.113812329328579e-05], "stats": [{"ci_99": [7.081338190946026e-05, 7.286092833332394e-05], "q_25": 7.089813563810742e-05, "q_75": 7.189364523451397e-05, "min": 7.081338190946026e-05, "max": 7.286092833332394e-05, "mean": 7.144514930205068e-05, "std": 6.624190976063432e-07, "repeat": 10, "number": 138}]}, "inference.TimeBeliefPropagation.time_query_alarm": null, "parameter_learning.TimeBayesianEstimator.time_alarm_bayesian_estimator": null, "parameter_learning.TimeBayesianEstimator.time_munin_bayesian_estimator": null, "parameter_learning.TimeExpectationMaximization.time_alarm_em": null, "parameter_learning.TimeExpectationMaximization.time_munin_em": null, "parameter_learning.TimeMLE.time_alarm_mle": null, "parameter_learning.TimeMLE.time_munin_mle": null, "structure_learning.TimeHillClimbAlarmModel.time_hillclimb": null, "structure_learning.TimeMmhcAlarmModel.time_mmhc": null, "structure_learning.TimePCAlarmModel.time_pc_orig": null, "structure_learning.TimePCAlarmModel.time_pc_stable": null, "structure_learning.TimeTreeSearchAlarmModel.time_tan": null}, "params": {"arch": "x86_64", "cpu": "Intel(R) Core(TM) i9-9820X CPU @ 3.30GHz", "machine": "graveyard", "num_cpu": "20", "os": "Linux 4.15.0-112-generic", "ram": "131688676", "python": "3.8"}, "requirements": {}, "commit_hash": "85d900cbaf25c141191973e2175ef92ebe408c23", "date": 1614585320000, "env_name": "conda-py3.8", "python": "3.8", "profiles": {}, "started_at": {"factor.TimeDiscreteFactor.time_factor_marginalize": 1654214909451, "factor.TimeDiscreteFactor.time_factor_multiply_large": 1654214909658, "factor.TimeDiscreteFactor.time_factor_reduce": 1654214909864, "import.TimeImport.time_import": 1654214910070, "inference.TimeVariableElimination.time_query_alarm": 1654214907960, "inference.TimeVariableElimination.time_query_munin": 1654214908015, "readwrite.TimeRead.time_asia_read": 1654214908406, "readwrite.TimeRead.time_asia_write": 1654214908462, "readwrite.TimeRead.time_munin_read": 1654214908518, "readwrite.TimeRead.time_munin_write": 1654214908573, "readwrite.TimeRead.time_pathfinder_read": 1654214908629, "readwrite.TimeRead.time_pathfinder_write": 1654214908685, "sampling.TimeSampling.time_forward_sample": 1654214908741, "sampling.TimeSampling.time_gibbs_sampling": 1654214908797, "sampling.TimeSampling.time_likelihood_sample": 1654214908853, "sampling.TimeSampling.time_rejection_sample": 1654214908909, "structure_learning.TimeHillClimb.time_hillclimb": 1618080075598, "structure_learning.TimePC.time_pc_orig": 1618080075655, "structure_learning.TimePC.time_pc_stable": 1618080075711, "factor.TimeDiscreteFactor.time_factor_compare": 1654214909245, "inference.TimeBeliefPropagation.time_query_alarm": 1654214907904, "parameter_learning.TimeBayesianEstimator.time_alarm_bayesian_estimator": 1654214908071, "parameter_learning.TimeBayesianEstimator.time_munin_bayesian_estimator": 1654214908127, "parameter_learning.TimeExpectationMaximization.time_alarm_em": 1654214908183, "parameter_learning.TimeExpectationMaximization.time_munin_em": 1654214908239, "parameter_learning.TimeMLE.time_alarm_mle": 1654214908295, "parameter_learning.TimeMLE.time_munin_mle": 1654214908350, "structure_learning.TimeHillClimbAlarmModel.time_hillclimb": 1654214908965, "structure_learning.TimeMmhcAlarmModel.time_mmhc": 1654214909021, "structure_learning.TimePCAlarmModel.time_pc_orig": 1654214909077, "structure_learning.TimePCAlarmModel.time_pc_stable": 1654214909133, "structure_learning.TimeTreeSearchAlarmModel.time_tan": 1654214909189}, "ended_at": {"factor.TimeDiscreteFactor.time_factor_marginalize": 1654214909658, "factor.TimeDiscreteFactor.time_factor_multiply_large": 1654214909864, "factor.TimeDiscreteFactor.time_factor_reduce": 1654214910070, "import.TimeImport.time_import": 1654214910276, "inference.TimeVariableElimination.time_query_alarm": 1654214908015, "inference.TimeVariableElimination.time_query_munin": 1654214908070, "readwrite.TimeRead.time_asia_read": 1654214908462, "readwrite.TimeRead.time_asia_write": 1654214908518, "readwrite.TimeRead.time_munin_read": 1654214908573, "readwrite.TimeRead.time_munin_write": 1654214908629, "readwrite.TimeRead.time_pathfinder_read": 1654214908685, "readwrite.TimeRead.time_pathfinder_write": 1654214908741, "sampling.TimeSampling.time_forward_sample": 1654214908797, "sampling.TimeSampling.time_gibbs_sampling": 1654214908853, "sampling.TimeSampling.time_likelihood_sample": 1654214908909, "sampling.TimeSampling.time_rejection_sample": 1654214908965, "structure_learning.TimeHillClimb.time_hillclimb": 1618080075655, "structure_learning.TimePC.time_pc_orig": 1618080075711, "structure_learning.TimePC.time_pc_stable": 1618080075767, "factor.TimeDiscreteFactor.time_factor_compare": 1654214909451, "inference.TimeBeliefPropagation.time_query_alarm": 1654214907959, "parameter_learning.TimeBayesianEstimator.time_alarm_bayesian_estimator": 1654214908126, "parameter_learning.TimeBayesianEstimator.time_munin_bayesian_estimator": 1654214908183, "parameter_learning.TimeExpectationMaximization.time_alarm_em": 1654214908239, "parameter_learning.TimeExpectationMaximization.time_munin_em": 1654214908294, "parameter_learning.TimeMLE.time_alarm_mle": 1654214908350, "parameter_learning.TimeMLE.time_munin_mle": 1654214908406, "structure_learning.TimeHillClimbAlarmModel.time_hillclimb": 1654214909021, "structure_learning.TimeMmhcAlarmModel.time_mmhc": 1654214909077, "structure_learning.TimePCAlarmModel.time_pc_orig": 1654214909133, "structure_learning.TimePCAlarmModel.time_pc_stable": 1654214909189, "structure_learning.TimeTreeSearchAlarmModel.time_tan": 1654214909244},