{"results": {"factor.TimeDiscreteFactor.time_factor_marginalize": {"result": [6.560753462111165e-05], "stats": [{"ci_99": [6.51961493634892e-05, 6.622571252777192e-05], "q_25": 6.533267456078958e-05, "q_75": 6.576744047646037e-05, "min": 6.51961493634892e-05, "max": 6.622571252777192e-05, "mean": 6.559199157232296e-05, "std": 3.090636335608118e-07, "repeat": 10, "number": 167}]}, "factor.TimeDiscreteFactor.time_factor_multiply_large": {"result": [5.772275655724845e-05], "stats": [{"ci_99": [5.653122910758951e-05, 6.488736227645978e-05], "q_25": 5.680565200336687e-05, "q_75": 6.462547257747296e-05, "min": 5.653122910758951e-05, "max": 6.488736227645978e-05, "mean": 6.009821964243611e-05, "std": 3.796587030844124e-06, "repeat": 10, "number": 182}]}, "factor.TimeDiscreteFactor.time_factor_reduce": {"result": [3.3038995138941755e-05], "stats": [{"ci_99": [3.267255477068654e-05, 3.3405716026044753e-05], "q_25": 3.288463192868484e-05, "q_75": 3.3122408119624994e-05, "min": 3.267255477068654e-05, "max": 3.3405716026044753e-05, "mean": 3.300813441894141e-05, "std": 2.033759811849717e-07, "repeat": 10, "number": 332}]}, "import.TimeImport.time_import": {"result": [1.2985655112868626e-07], "stats": [{"ci_99": [1.2924744980445523e-07, 1.3016135501418506e-07], "q_25": 1.2976743301233553e-07, "q_75": 1.3000720527960532e-07, "min": 1.2924744980445523e-07, "max": 1.3016135501418506e-07, "mean": 1.2983229563148046e-07, "std": 2.523268813571878e-10, "repeat": 10, "number": 84591}]}, "inference.TimeVariableElimination.time_query_alarm": null, "inference.TimeVariableElimination.time_query_munin": null, "readwrite.TimeRead.time_asia_read": null, "readwrite.TimeRead.time_asia_write": null, "readwrite.TimeRead.time_munin_read": null, "readwrite.TimeRead.time_munin_write": null, "readwrite.TimeRead.time_pathfinder_read": null, "readwrite.TimeRead.time_pathfinder_write": null, "sampling.TimeSampling.time_forward_sample": null, "sampling.TimeSampling.time_gibbs_sampling": null, "sampling.TimeSampling.time_likelihood_sample": null, "sampling.TimeSampling.time_rejection_sample": null, "structure_learning.TimeHillClimb.time_hillclimb": null, "structure_learning.TimePC.time_pc_orig": null, "structure_learning.TimePC.time_pc_stable": null}, "params": {"arch": "x86_64", "cpu": "Intel(R) Core(TM) i9-9820X CPU @ 3.30GHz", "machine": "graveyard", "num_cpu": "20", "os": "Linux 4.15.0-112-generic", "ram": "131688676", "python": "3.6"}, "requirements": {}, "commit_hash": "85d900cbaf25c141191973e2175ef92ebe408c23", "date": 1614585320000, "env_name": "conda-py3.6", "python": "3.6", "profiles": {}, "started_at": {"factor.TimeDiscreteFactor.time_factor_marginalize": 1618080063820, "factor.TimeDiscreteFactor.time_factor_multiply_large": 1618080064028, "factor.TimeDiscreteFactor.time_factor_reduce": 1618080064234, "import.TimeImport.time_import": 1618080064441, "inference.TimeVariableElimination.time_query_alarm": 1618080062978, "inference.TimeVariableElimination.time_query_munin": 1618080063034, "readwrite.TimeRead.time_asia_read": 1618080063089, "readwrite.TimeRead.time_asia_write": 1618080063145, "readwrite.TimeRead.time_munin_read": 1618080063202, "readwrite.TimeRead.time_munin_write": 1618080063258, "readwrite.TimeRead.time_pathfinder_read": 1618080063314, "readwrite.TimeRead.time_pathfinder_write": 1618080063370, "sampling.TimeSampling.time_forward_sample": 1618080063427, "sampling.TimeSampling.time_gibbs_sampling": 1618080063483, "sampling.TimeSampling.time_likelihood_sample": 1618080063539, "sampling.TimeSampling.time_rejection_sample": 1618080063595, "structure_learning.TimeHillClimb.time_hillclimb": 1618080063652, "structure_learning.TimePC.time_pc_orig": 1618080063708, "structure_learning.TimePC.time_pc_stable": 1618080063764}, "ended_at": {"factor.TimeDiscreteFactor.time_factor_marginalize": 1618080064027, "factor.TimeDiscreteFactor.time_factor_multiply_large": 1618080064234, "factor.TimeDiscreteFactor.time_factor_reduce": 1618080064441, "import.TimeImport.time_import": 1618080064647, "inference.TimeVariableElimination.time_query_alarm": 1618080063033, "inference.TimeVariableElimination.time_query_munin": 1618080063089, "readwrite.TimeRead.time_asia_read": 1618080063145, "readwrite.TimeRead.time_asia_write": 1618080063202, "readwrite.TimeRead.time_munin_read": 1618080063258, "readwrite.TimeRead.time_munin_write": 1618080063314, "readwrite.TimeRead.time_pathfinder_read": 1618080063370, "readwrite.TimeRead.time_pathfinder_write": 1618080063427, "sampling.TimeSampling.time_forward_sample": 1618080063483, "sampling.TimeSampling.time_gibbs_sampling": 1618080063539, "sampling.TimeSampling.time_likelihood_sample": 1618080063595, "sampling.TimeSampling.time_rejection_sample": 1618080063652, "structure_learning.TimeHillClimb.time_hillclimb": 1618080063708, "structure_learning.TimePC.time_pc_orig": 1618080063764, "structure_learning.TimePC.time_pc_stable": 1618080063820}, "benchmark_version": {"factor.TimeDiscreteFactor.time_factor_marginalize": "a3ae79cdcf3bcd4bc49df94b3b3d5f93c4126249a9b3cf2481ac381ee836f851", "factor.TimeDiscreteFactor.time_factor_multiply_large": "cfb6b66fddb2953948ffb6566ae101535dd1e8d0fd9af855331f39ef905f4450", "factor.TimeDiscreteFactor.time_factor_reduce": "cb3858b638914f7572792153a60efb4aecbde56d5abf039791451adb0f26c263", "import.TimeImport.time_import": "b8454f897532cbfc3dc91dd442b9d4429c7671f8720779f25b6975fed7999d6c", "inference.TimeVariableElimination.time_query_alarm": "4f4aca0c4d029f458791f2444cae6bacf18251d2d465b1cc3492e4e32c07beec", "inference.TimeVariableElimination.time_query_munin": "3c25bd77115999cfba0644b479e5b10cea7897bdaa8f985e5dfa2b24c8c34ee0", "readwrite.TimeRead.time_asia_read": "00ee50175421b36358b2284cbbaaf9e6caad1078a142202d8afbc8a5431e3d42", "readwrite.TimeRead.time_asia_write": "6b23702a30f46b24f31ce56f640429a894ab62a5f2644da15763d9698ca06dd4", "readwrite.TimeRead.time_munin_read": "bf56520cd7d0afbd0aeb4f693d91093132666189d9704b5fa557da1164506529", "readwrite.TimeRead.time_munin_write": "bfbe73d230ae1b37c4fbfbc360be8367ce771b72ffaf78ad32604f393fac0f4d", "readwrite.TimeRead.time_pathfinder_read": "a603f5c5619a5360146c5c5aa9307b9d792df6d3932faa44d90d3b270b6f66eb", "readwrite.TimeRead.time_pathfinder_write": "6c7561cbd54f97bdd12c71950c46921d86f5e962246d9ca8c4182c8abb22cde5", "sampling.TimeSampling.time_forward_sample": "0ea380c0fe8a8131a802a270f53e62da34837522727ab5a9413ce81f5ac2bffb", "sampling.TimeSampling.time_gibbs_sampling": "fe05678c727f352eb59d83d51246094439e561a03c2b67f7a771857b69b42487", "sampling.TimeSampling.time_likelihood_sample": "89996fc93f8b65dbdfa66d6bfdb4c6e440fa4b483e60369ed8ee461919ebb6ad", "sampling.TimeSampling.time_rejection_sample": "1246c8af155cc0a2db8d6a7daca8e062bcf5f2e0afd4c564bb19a65d21aed4da", "structure_learning.TimeHillClimb.time_hillclimb": "8ff6ea5990c046c4dfab297898cf6a57ff81a2c8b58e8d272917a3497b27ec8b", "structure_learning.TimePC.time_pc_orig": "d9de7bbd7c35a34e7b84a5fd2c2e6da9b5300987ed40c008d7515e11cd38a6c2", "structure_learning.TimePC.time_pc_stable": "e241d1e8b9c0c9daf2eaa78b9808996236e0aa980f7d6cdc9de17f76c10a7d06"}, "version": 1}