{"results": {"factor.TimeDiscreteFactor.time_factor_marginalize": {"result": [6.132092659866343e-05], "stats": [{"ci_99": [6.0970900195270946e-05, 6.307171418347173e-05], "q_25": 6.111324426598389e-05, "q_75": 6.2181125264927e-05, "min": 6.0970900195270946e-05, "max": 6.307171418347173e-05, "mean": 6.166458462869655e-05, "std": 7.447362532269571e-07, "repeat": 10, "number": 179}]}, "factor.TimeDiscreteFactor.time_factor_multiply_large": {"result": [5.182704072819942e-05], "stats": [{"ci_99": [5.078897700070194e-05, 5.250343045834719e-05], "q_25": 5.1494939564660413e-05, "q_75": 5.1972656800416094e-05, "min": 5.078897700070194e-05, "max": 5.250343045834719e-05, "mean": 5.173735837474395e-05, "std": 4.408838822903532e-07, "repeat": 10, "number": 209}]}, "factor.TimeDiscreteFactor.time_factor_reduce": {"result": [2.994503981123368e-05], "stats": [{"ci_99": [2.978243347671297e-05, 3.0365089575449625e-05], "q_25": 2.986989760150512e-05, "q_75": 3.001476094747583e-05, "min": 2.978243347671297e-05, "max": 3.0365089575449625e-05, "mean": 2.9998902852336567e-05, "std": 1.897096931198149e-07, "repeat": 10, "number": 360}]}, "import.TimeImport.time_import": {"result": [1.248814582131987e-07], "stats": [{"ci_99": [1.2414079511968393e-07, 1.2694977643206157e-07], "q_25": 1.2457982801832128e-07, "q_75": 1.2547609342727484e-07, "min": 1.2414079511968393e-07, "max": 1.2694977643206157e-07, "mean": 1.2519112875210857e-07, "std": 8.833742621534929e-10, "repeat": 10, "number": 85356}]}, "inference.TimeVariableElimination.time_query_alarm": {"result": [0.060269867070019245], "stats": [{"ci_99": [0.03679823467907635, 0.09764325001808666], "q_25": 0.05984226753935218, "q_75": 0.06764834187924862, "min": 0.05885338596999645, "max": 0.08948984928429127, "mean": 0.06722074234858155, "std": 0.012870259398276868, "repeat": 4, "number": 1}]}, "inference.TimeVariableElimination.time_query_munin": {"result": [0.2551745418459177], "stats": [{"ci_99": [0.2512881058271867, 0.25928380237856086], "q_25": 0.2543536270968616, "q_75": 0.2561068688519299, "min": 0.2534299176186323, "max": 0.2573648151010275, "mean": 0.2552859541028738, "std": 0.001442023027269595, "repeat": 4, "number": 1}]}, "readwrite.TimeRead.time_asia_read": {"result": [0.008482144679874182], "stats": [{"ci_99": [0.007873967755585909, 0.009090321604162455], "q_25": 0.008476062910631299, "q_75": 0.008488226449117064, "min": 0.008469981141388416, "max": 0.008494308218359947, "mean": 0.008482144679874182, "std": 1.2163538485765457e-05, "repeat": 2, "number": 2}]}, "readwrite.TimeRead.time_asia_write": {"result": [0.0005968507680603687], "stats": [{"ci_99": [-0.0006737574140596027, 0.0018674589501803391], "q_25": 0.0005841446862391689, "q_75": 0.0006095568498815684, "min": 0.0005714386044179692, "max": 0.000622262931702768, "mean": 0.0005968507680603687, "std": 2.541216364239943e-05, "repeat": 2, "number": 68}]}, "readwrite.TimeRead.time_munin_read": {"result": [5.125796866603196], "stats": [{"ci_99": [5.042440562509, 5.209153170697391], "q_25": 5.124963303562254, "q_75": 5.126630429644138, "min": 5.124129740521312, "max": 5.12746399268508, "mean": 5.125796866603196, "std": 0.0016671260818839073, "repeat": 2, "number": 1}]}, "readwrite.TimeRead.time_munin_write": {"result": [0.04030255414545536], "stats": [{"ci_99": [0.03883488290011883, 0.04177022539079189], "q_25": 0.040287877433001995, "q_75": 0.040317230857908726, "min": 0.04027320072054863, "max": 0.04033190757036209, "mean": 0.04030255414545536, "std": 2.9353424906730652e-05, "repeat": 2, "number": 1}]}, "readwrite.TimeRead.time_pathfinder_read": {"result": [5.717142875306308], "stats": [{"ci_99": [5.429414723999798, 6.004871026612818], "q_25": 5.714265593793243, "q_75": 5.720020156819373, "min": 5.711388312280178, "max": 5.7228974383324385, "mean": 5.717142875306308, "std": 0.005754563026130199, "repeat": 2, "number": 1}]}, "readwrite.TimeRead.time_pathfinder_write": {"result": [0.024248129688203335], "stats": [{"ci_99": [0.023553875274956226, 0.024942384101450443], "q_25": 0.024241187144070864, "q_75": 0.024255072232335806, "min": 0.024234244599938393, "max": 0.024262014776468277, "mean": 0.024248129688203335, "std": 1.388508826494217e-05, "repeat": 2, "number": 1}]}, "sampling.TimeSampling.time_forward_sample": null, "sampling.TimeSampling.time_gibbs_sampling": null, "sampling.TimeSampling.time_likelihood_sample": {"result": [3.930166051723063], "stats": [{"ci_99": [3.8864670006214124, 3.9993720583961854], "q_25": 3.9287848165258765, "q_75": 3.944300764705986, "min": 3.9272432643920183, "max": 3.984102750197053, "mean": 3.9429195295087993, "std": 0.023814964083661287, "repeat": 4, "number": 1}]}, "sampling.TimeSampling.time_rejection_sample": null, "structure_learning.TimeHillClimb.time_hillclimb": null, "structure_learning.TimePC.time_pc_orig": {"result": [44.38066201843321], "stats": [{"ci_99": [36.50886852853, 52.25245550833642], "q_25": 44.30194408353418, "q_75": 44.459379953332245, "min": 44.22322614863515, "max": 44.53809788823128, "mean": 44.38066201843321, "std": 0.15743586979806423, "repeat": 2, "number": 1}]}, "structure_learning.TimePC.time_pc_stable": {"result": [44.55682257935405], "stats": [{"ci_99": [32.08232172578573, 57.03132343292235], "q_25": 44.432077570818365, "q_75": 44.68156758788973, "min": 44.30733256228268, "max": 44.806312596425414, "mean": 44.55682257935405, "std": 0.2494900170713663, "repeat": 2, "number": 1}]}, "factor.TimeDiscreteFactor.time_factor_compare": {"result": [7.066716391005014e-05], "stats": [{"ci_99": [7.051736802646988e-05, 7.142269934870695e-05], "q_25": 7.059920493415312e-05, "q_75": 7.104182824198353e-05, "min": 7.051736802646988e-05, "max": 7.142269934870695e-05, "mean": 7.08134734610978e-05, "std": 2.9108603376050854e-07, "repeat": 10, "number": 152}]}, "inference.TimeBeliefPropagation.time_query_alarm": {"result": [126.01714236754924], "stats": [{"ci_99": [122.68969495873898, 129.3445897763595], "q_25": 125.98386789346114, "q_75": 126.05041684163734, "min": 125.95059341937304, "max": 126.08369131572545, "mean": 126.01714236754924, "std": 0.06654894817620516, "repeat": 2, "number": 1}]}, "parameter_learning.TimeBayesianEstimator.time_alarm_bayesian_estimator": null, "parameter_learning.TimeBayesianEstimator.time_munin_bayesian_estimator": null, "parameter_learning.TimeExpectationMaximization.time_alarm_em": null, "parameter_learning.TimeExpectationMaximization.time_munin_em": null, "parameter_learning.TimeMLE.time_alarm_mle": null, "parameter_learning.TimeMLE.time_munin_mle": null, "structure_learning.TimeHillClimbAlarmModel.time_hillclimb": null, "structure_learning.TimeMmhcAlarmModel.time_mmhc": null, "structure_learning.TimePCAlarmModel.time_pc_orig": null, "structure_learning.TimePCAlarmModel.time_pc_stable": null, "structure_learning.TimeTreeSearchAlarmModel.time_tan": null}, "params": {"arch": "x86_64", "cpu": "Intel(R) Core(TM) i9-9820X CPU @ 3.30GHz", "machine": "graveyard", "num_cpu": "20", "os": "Linux 4.15.0-112-generic", "ram": "131688676", "python": "3.7"}, "requirements": {}, "commit_hash": "86c0fe0e0e9b340c8e0fb61a70561264840e5d19", "date": 1621084428000, "env_name": "conda-py3.7", "python": "3.7", "profiles": {}, "started_at": {"factor.TimeDiscreteFactor.time_factor_marginalize": 1654172196808, "factor.TimeDiscreteFactor.time_factor_multiply_large": 1654172197015, "factor.TimeDiscreteFactor.time_factor_reduce": 1654172197222, "import.TimeImport.time_import": 1654172197428, "inference.TimeVariableElimination.time_query_alarm": 1654172449665, "inference.TimeVariableElimination.time_query_munin": 1654172467575, "readwrite.TimeRead.time_asia_read": 1654172486036, "readwrite.TimeRead.time_asia_write": 1654172509558, "readwrite.TimeRead.time_munin_read": 1654172533080, "readwrite.TimeRead.time_munin_write": 1654172568582, "readwrite.TimeRead.time_pathfinder_read": 1654172592054, "readwrite.TimeRead.time_pathfinder_write": 1654172627759, "sampling.TimeSampling.time_forward_sample": 1654171583145,