{"results": {"factor.TimeDiscreteFactor.time_factor_marginalize": {"result": [6.550762660895722e-05], "stats": [{"ci_99": [6.526918445206896e-05, 6.612606016518194e-05], "q_25": 6.535995008919058e-05, "q_75": 6.568978858899466e-05, "min": 6.526918445206896e-05, "max": 6.612606016518194e-05, "mean": 6.555005012056496e-05, "std": 2.4805084348595147e-07, "repeat": 10, "number": 158}]}, "factor.TimeDiscreteFactor.time_factor_multiply_large": {"result": [5.500014695821632e-05], "stats": [{"ci_99": [5.403522850643278e-05, 5.5825171982430665e-05], "q_25": 5.417286920609899e-05, "q_75": 5.543700307217568e-05, "min": 5.403522850643278e-05, "max": 5.5825171982430665e-05, "mean": 5.4892868349689465e-05, "std": 6.759650099956065e-07, "repeat": 10, "number": 191}]}, "factor.TimeDiscreteFactor.time_factor_reduce": {"result": [3.251584171787504e-05], "stats": [{"ci_99": [3.2051630756434275e-05, 3.292992272797753e-05], "q_25": 3.21764222147295e-05, "q_75": 3.283166963803141e-05, "min": 3.2051630756434275e-05, "max": 3.292992272797753e-05, "mean": 3.250458165311223e-05, "std": 3.5196413807883067e-07, "repeat": 10, "number": 323}]}, "import.TimeImport.time_import": {"result": [1.3442504929289931e-07], "stats": [{"ci_99": [1.3385614494508246e-07, 1.3578004423083026e-07], "q_25": 1.340654028594775e-07, "q_75": 1.3457110532408032e-07, "min": 1.3385614494508246e-07, "max": 1.3578004423083026e-07, "mean": 1.345126030040511e-07, "std": 5.87284269197304e-10, "repeat": 10, "number": 74592}]}, "inference.TimeVariableElimination.time_query_alarm": {"result": [0.09394173603504896], "stats": [{"ci_99": [0.06833162089573395, 0.1348805257515402], "q_25": 0.09358736639842391, "q_75": 0.1019604429602623, "min": 0.09254812635481358, "max": 0.1259926948696375, "mean": 0.10160607332363725, "std": 0.014091113977161425, "repeat": 4, "number": 1}]}, "inference.TimeVariableElimination.time_query_munin": {"result": [0.26183492969721556], "stats": [{"ci_99": [0.24275002536212845, 0.28673823922092273], "q_25": 0.2591005996800959, "q_75": 0.26747846230864525, "min": 0.256553553044796, "max": 0.2787531167268753, "mean": 0.2647441322915256, "std": 0.008476039377166707, "repeat": 4, "number": 1}]}, "readwrite.TimeRead.time_asia_read": {"result": [0.008591731078922749], "stats": [{"ci_99": [0.006222912110388279, 0.010960550047457216], "q_25": 0.008568042889237404, "q_75": 0.008615419268608093, "min": 0.00854435469955206, "max": 0.008639107458293438, "mean": 0.008591731078922749, "std": 4.737637937068939e-05, "repeat": 2, "number": 2}]}, "readwrite.TimeRead.time_asia_write": {"result": [0.0003939271384083173], "stats": [{"ci_99": [-0.009741218856481068, 0.010529073133297692], "q_25": 0.0002925756784594234, "q_75": 0.000495278598357211, "min": 0.0001912242185105296, "max": 0.000596630058306105, "mean": 0.0003939271384083173, "std": 0.0002027029198977877, "repeat": 2, "number": 68}]}, "readwrite.TimeRead.time_munin_read": {"result": [5.161429844796658], "stats": [{"ci_99": [4.785540323704481, 5.537319365888834], "q_25": 5.157670949585736, "q_75": 5.165188740007579, "min": 5.153912054374814, "max": 5.168947635218501, "mean": 5.161429844796658, "std": 0.007517790421843529, "repeat": 2, "number": 1}]}, "readwrite.TimeRead.time_munin_write": {"result": [0.04088478535413742], "stats": [{"ci_99": [0.03197864070534706, 0.04979093000292777], "q_25": 0.04079572390764952, "q_75": 0.040973846800625324, "min": 0.04070666246116161, "max": 0.04106290824711323, "mean": 0.04088478535413742, "std": 0.0001781228929758072, "repeat": 2, "number": 1}]}, "readwrite.TimeRead.time_pathfinder_read": {"result": [5.700818877667189], "stats": [{"ci_99": [2.193141970783472, 9.208495784550902], "q_25": 5.6657421085983515, "q_75": 5.735895646736026, "min": 5.630665339529514, "max": 5.770972415804863, "mean": 5.700818877667189, "std": 0.07015353813767433, "repeat": 2, "number": 1}]}, "readwrite.TimeRead.time_pathfinder_write": {"result": [0.025705947540700436], "stats": [{"ci_99": [0.006417837925255299, 0.04499405715614556], "q_25": 0.025513066444545984, "q_75": 0.025898828636854887, "min": 0.025320185348391533, "max": 0.02609170973300934, "mean": 0.025705947540700436, "std": 0.00038576219230890274, "repeat": 2, "number": 1}]}, "sampling.TimeSampling.time_forward_sample": {"result": [0.6335553796961904], "stats": [{"ci_99": [0.6299961749464273, 0.638479383662343], "q_25": 0.6333985379897058, "q_75": 0.6351392497308552, "min": 0.6299961749464273, "max": 0.638479383662343, "mean": 0.6339480122551322, "std": 0.0024319066682447626, "repeat": 10, "number": 1}]}, "sampling.TimeSampling.time_gibbs_sampling": null, "sampling.TimeSampling.time_likelihood_sample": {"result": [3.82888326048851], "stats": [{"ci_99": [3.7436843115209757, 3.9279595360786503], "q_25": 3.811848323326558, "q_75": 3.852856860961765, "min": 3.7978948894888163, "max": 3.8876262847334146, "mean": 3.835821923799813, "std": 0.0336346490849592, "repeat": 4, "number": 1}]}, "sampling.TimeSampling.time_rejection_sample": {"result": [108.0538899647072], "stats": [{"ci_99": [80.68904667254537, 135.418733256869], "q_25": 107.78024153178558, "q_75": 108.32753839762881, "min": 107.50659309886396, "max": 108.60118683055043, "mean": 108.0538899647072, "std": 0.5472968658432364, "repeat": 2, "number": 1}]}, "structure_learning.TimeHillClimb.time_hillclimb": null, "structure_learning.TimePC.time_pc_orig": {"result": [30.059936459176242], "stats": [{"ci_99": [26.6972080366686, 33.422664881683886], "q_25": 30.026309174951166, "q_75": 30.09356374340132, "min": 29.99268189072609, "max": 30.127191027626395, "mean": 30.059936459176242, "std": 0.06725456845015287, "repeat": 2, "number": 1}]}, "structure_learning.TimePC.time_pc_stable": {"result": [29.973417761735618], "stats": [{"ci_99": [29.07701061014086, 30.869824913330376], "q_25": 29.96445369021967, "q_75": 29.982381833251566, "min": 29.955489618703723, "max": 29.991345904767513, "mean": 29.973417761735618, "std": 0.01792814303189516, "repeat": 2, "number": 1}]}}, "params": {"arch": "x86_64", "cpu": "Intel(R) Core(TM) i9-9820X CPU @ 3.30GHz", "machine": "graveyard", "num_cpu": "20", "os": "Linux 4.15.0-112-generic", "ram": "131688676", "python": "3.8"}, "requirements": {}, "commit_hash": "86c0fe0e0e9b340c8e0fb61a70561264840e5d19", "date": 1621084428000, "env_name": "conda-py3.8", "python": "3.8", "profiles": {}, "started_at": {"factor.TimeDiscreteFactor.time_factor_marginalize": 1621548485127, "factor.TimeDiscreteFactor.time_factor_multiply_large": 1621548485334, "factor.TimeDiscreteFactor.time_factor_reduce": 1621548485541, "import.TimeImport.time_import": 1621548485748, "inference.TimeVariableElimination.time_query_alarm": 1621548485955, "inference.TimeVariableElimination.time_query_munin": 1621548503959, "readwrite.TimeRead.time_asia_read": 1621548522366, "readwrite.TimeRead.time_asia_write": 1621548545886, "readwrite.TimeRead.time_munin_read": 1621548568955, "readwrite.TimeRead.time_munin_write": 1621548604659, "readwrite.TimeRead.time_pathfinder_read": 1621548628230, "readwrite.TimeRead.time_pathfinder_write": 1621548664084, "sampling.TimeSampling.time_forward_sample": 1621548687655, "sampling.TimeSampling.time_gibbs_sampling": 1621547500912, "sampling.TimeSampling.time_likelihood_sample": 1621548692075, "sampling.TimeSampling.time_rejection_sample": 1621548703915, "structure_learning.TimeHillClimb.time_hillclimb": 1621548329191, "structure_learning.TimePC.time_pc_orig": 1621548922771, "structure_learning.TimePC.time_pc_stable": 1621549000687}, "ended_at": {"factor.TimeDiscreteFactor.time_factor_marginalize": 1621548485334, "factor.TimeDiscreteFactor.time_factor_multiply_large": 1621548485541, "factor.TimeDiscreteFactor.time_factor_reduce": 1621548485748, "import.TimeImport.time_import": 1621548485954, "inference.TimeVariableElimination.time_query_alarm": 1621548503958, "inference.TimeVariableElimination.time_query_munin": 1621548522365, "readwrite.TimeRead.time_asia_read": 1621548545886,