{"results": {"factor.TimeDiscreteFactor.time_factor_compare": {"result": [6.764652269170774e-05], "stats": [{"ci_99": [6.717440999106855e-05, 6.823286118096864e-05], "q_25": 6.74843800482371e-05, "q_75": 6.769574093108146e-05, "min": 6.717440999106855e-05, "max": 6.823286118096864e-05, "mean": 6.761196260618058e-05, "std": 2.6977392971947473e-07, "repeat": 10, "number": 151}]}, "factor.TimeDiscreteFactor.time_factor_marginalize": {"result": [6.292068377830262e-05], "stats": [{"ci_99": [6.27477285127307e-05, 6.329434988803641e-05], "q_25": 6.28245463811381e-05, "q_75": 6.304815314103697e-05, "min": 6.27477285127307e-05, "max": 6.329434988803641e-05, "mean": 6.296865338849466e-05, "std": 1.891284463181455e-07, "repeat": 10, "number": 172}]}, "factor.TimeDiscreteFactor.time_factor_multiply_large": {"result": [4.6679081337830044e-05], "stats": [{"ci_99": [4.60910639573824e-05, 5.002822809019803e-05], "q_25": 4.630865291220501e-05, "q_75": 4.727824176723211e-05, "min": 4.60910639573824e-05, "max": 5.002822809019803e-05, "mean": 4.7123575755415515e-05, "std": 1.185665956551933e-06, "repeat": 10, "number": 227}]}, "factor.TimeDiscreteFactor.time_factor_reduce": {"result": [2.542477333918214e-05], "stats": [{"ci_99": [2.525131218135357e-05, 2.5876229628920555e-05], "q_25": 2.5403551990166307e-05, "q_75": 2.5584698887541892e-05, "min": 2.525131218135357e-05, "max": 2.5876229628920555e-05, "mean": 2.548264758661389e-05, "std": 1.7370038625747033e-07, "repeat": 10, "number": 400}]}, "import.TimeImport.time_import": {"result": [1.2218011586114485e-07], "stats": [{"ci_99": [1.2151206884027597e-07, 1.2312380632719794e-07], "q_25": 1.215657911621329e-07, "q_75": 1.2239517472660869e-07, "min": 1.2151206884027597e-07, "max": 1.2312380632719794e-07, "mean": 1.2214297601018436e-07, "std": 5.746305324762057e-10, "repeat": 10, "number": 82380}]}, "inference.TimeBeliefPropagation.time_query_alarm": {"result": [51.871914682909846], "stats": [{"ci_99": [50.215429892763495, 53.5283994730562], "q_25": 51.85534983500838, "q_75": 51.88847953081131, "min": 51.83878498710692, "max": 51.90504437871277, "mean": 51.871914682909846, "std": 0.03312969580292702, "repeat": 2, "number": 1}]}, "inference.TimeVariableElimination.time_query_alarm": {"result": [0.07097911462187767], "stats": [{"ci_99": [0.04820130994266675, 0.10826862467729628], "q_25": 0.07078752899542451, "q_75": 0.07842655293643475, "min": 0.07063301838934422, "max": 0.10034862160682678, "mean": 0.07823496730998158, "std": 0.01276849028076322, "repeat": 4, "number": 1}]}, "inference.TimeVariableElimination.time_query_munin": {"result": [0.23181743547320366], "stats": [{"ci_99": [0.22427506563288632, 0.2388447680972749], "q_25": 0.22954918490722775, "q_75": 0.2338281674310565, "min": 0.22827990911900997, "max": 0.2343248873949051, "mean": 0.2315599168650806, "std": 0.002517209034841866, "repeat": 4, "number": 1}]}, "parameter_learning.TimeBayesianEstimator.time_alarm_bayesian_estimator": null, "parameter_learning.TimeBayesianEstimator.time_munin_bayesian_estimator": null, "parameter_learning.TimeExpectationMaximization.time_alarm_em": null, "parameter_learning.TimeExpectationMaximization.time_munin_em": null, "parameter_learning.TimeMLE.time_alarm_mle": null, "parameter_learning.TimeMLE.time_munin_mle": null, "readwrite.TimeRead.time_asia_read": {"result": [0.008818759117275476], "stats": [{"ci_99": [0.00463933264836669, 0.01299818558618426], "q_25": 0.008776964852586389, "q_75": 0.008860553381964564, "min": 0.0087351705878973, "max": 0.008902347646653652, "mean": 0.008818759117275476, "std": 8.358852937817574e-05, "repeat": 2, "number": 2}]}, "readwrite.TimeRead.time_asia_write": {"result": [0.0005212294682860374], "stats": [{"ci_99": [0.0004363617673516265, 0.0006060971692204483], "q_25": 0.0005203807912766933, "q_75": 0.0005220781452953816, "min": 0.0005195321142673492, "max": 0.0005229268223047257, "mean": 0.0005212294682860374, "std": 1.6973540186882193e-06, "repeat": 2, "number": 75}]}, "readwrite.TimeRead.time_munin_read": {"result": [4.73450078535825], "stats": [{"ci_99": [4.629274419508874, 4.839727151207626], "q_25": 4.733448521699756, "q_75": 4.735553049016744, "min": 4.732396258041263, "max": 4.736605312675238, "mean": 4.73450078535825, "std": 0.0021045273169875145, "repeat": 2, "number": 1}]}, "readwrite.TimeRead.time_munin_write": {"result": [0.034563176333904266], "stats": [{"ci_99": [0.03416335955262184, 0.03496299311518669], "q_25": 0.03455917816609144, "q_75": 0.03456717450171709, "min": 0.03455517999827862, "max": 0.034571172669529915, "mean": 0.034563176333904266, "std": 7.996335625648499e-06, "repeat": 2, "number": 1}]}, "readwrite.TimeRead.time_pathfinder_read": {"result": [5.223916879855096], "stats": [{"ci_99": [4.974239774979651, 5.473593984730542], "q_25": 5.221420108806342, "q_75": 5.226413650903851, "min": 5.218923337757587, "max": 5.228910421952605, "mean": 5.223916879855096, "std": 0.004993542097508907, "repeat": 2, "number": 1}]}, "readwrite.TimeRead.time_pathfinder_write": {"result": [0.021082471124827862], "stats": [{"ci_99": [0.016470794565975666, 0.025694147683680054], "q_25": 0.02103635435923934, "q_75": 0.021128587890416384, "min": 0.020990237593650818, "max": 0.021174704656004906, "mean": 0.021082471124827862, "std": 9.223353117704391e-05, "repeat": 2, "number": 1}]}, "sampling.TimeSampling.time_forward_sample": null, "sampling.TimeSampling.time_gibbs_sampling": null, "sampling.TimeSampling.time_likelihood_sample": {"result": [1.513575996272266], "stats": [{"ci_99": [1.507569307461381, 1.5180113650858402], "q_25": 1.511021114885807, "q_75": 1.514756708405912, "min": 1.507569307461381, "max": 1.5180113650858402, "mean": 1.5129187989979982, "std": 0.0032165954322330376, "repeat": 10, "number": 1}]}, "sampling.TimeSampling.time_rejection_sample": null, "structure_learning.TimeHillClimbAlarmModel.time_hillclimb": null, "structure_learning.TimeMmhcAlarmModel.time_mmhc": null, "structure_learning.TimePCAlarmModel.time_pc_orig": null, "structure_learning.TimePCAlarmModel.time_pc_stable": null, "structure_learning.TimeTreeSearchAlarmModel.time_tan": null}, "params": {"arch": "x86_64", "cpu": "Intel(R) Core(TM) i9-9820X CPU @ 3.30GHz", "machine": "graveyard", "num_cpu": "20", "os": "Linux 4.15.0-112-generic", "ram": "131688676", "python": "3.9"}, "requirements": {}, "commit_hash": "86c0fe0e0e9b340c8e0fb61a70561264840e5d19", "date": 1621084428000, "env_name": "conda-py3.9", "python": "3.9", "profiles": {}, "started_at": {"factor.TimeDiscreteFactor.time_factor_compare": 1654175203967, "factor.TimeDiscreteFactor.time_factor_marginalize": 1654175204174, "factor.TimeDiscreteFactor.time_factor_multiply_large": 1654175204381, "factor.TimeDiscreteFactor.time_factor_reduce": 1654175204588, "import.TimeImport.time_import": 1654175204796, "inference.TimeBeliefPropagation.time_query_alarm": 1654175205003, "inference.TimeVariableElimination.time_query_alarm": 1654175309012, "inference.TimeVariableElimination.time_query_munin": 1654175326268, "parameter_learning.TimeBayesianEstimator.time_alarm_bayesian_estimator": 1654174436435, "parameter_learning.TimeBayesianEstimator.time_munin_bayesian_estimator": 1654174436492, "parameter_learning.TimeExpectationMaximization.time_alarm_em": 1654174436549, "parameter_learning.TimeExpectationMaximization.time_munin_em": 1654174436605, "parameter_learning.TimeMLE.time_alarm_mle": 1654174436661, "parameter_learning.TimeMLE.time_munin_mle": 1654174436718, "readwrite.TimeRead.time_asia_read": 1654175344029, "readwrite.TimeRead.time_asia_write": 1654175366145, "readwrite.TimeRead.time_munin_read": 1654175388312, "readwrite.TimeRead.time_munin_write": 1654175422112, "readwrite.TimeRead.time_pathfinder_read": 1654175444381, "readwrite.TimeRead.time_pathfinder_write": 1654175477980, "sampling.TimeSampling.time_forward_sample": 1654174592996, "sampling.TimeSampling.time_gibbs_sampling": 1654174593153, "sampling.TimeSampling.time_likelihood_sample": 1654175500100,