{"results": {"factor.TimeDiscreteFactor.time_factor_marginalize": {"result": [6.412279730785393e-05], "stats": [{"ci_99": [6.397342878187488e-05, 6.467197648065533e-05], "q_25": 6.402421932288273e-05, "q_75": 6.4189431486194e-05, "min": 6.397342878187488e-05, "max": 6.467197648065533e-05, "mean": 6.419220816589401e-05, "std": 2.3368406075883077e-07, "repeat": 10, "number": 167}]}, "factor.TimeDiscreteFactor.time_factor_multiply_large": {"result": [5.5678367139177124e-05], "stats": [{"ci_99": [5.548009450765366e-05, 5.6568751151257376e-05], "q_25": 5.5563608877994915e-05, "q_75": 5.595333269856712e-05, "min": 5.548009450765366e-05, "max": 5.6568751151257376e-05, "mean": 5.57918517672001e-05, "std": 3.2313518446441146e-07, "repeat": 10, "number": 188}]}, "factor.TimeDiscreteFactor.time_factor_reduce": {"result": [3.25818417952695e-05], "stats": [{"ci_99": [3.2503676204870964e-05, 3.276330159709359e-05], "q_25": 3.256373796668986e-05, "q_75": 3.261420739079834e-05, "min": 3.2503676204870964e-05, "max": 3.276330159709359e-05, "mean": 3.259952781032713e-05, "std": 6.668863360235017e-08, "repeat": 10, "number": 327}]}, "import.TimeImport.time_import": {"result": [1.3412925324501014e-07], "stats": [{"ci_99": [1.3326505679436713e-07, 1.4789438413238477e-07], "q_25": 1.3360732816993743e-07, "q_75": 1.3521098384656056e-07, "min": 1.3326505679436713e-07, "max": 1.4789438413238477e-07, "mean": 1.3559490216166948e-07, "std": 4.161875610569774e-09, "repeat": 10, "number": 77765}]}, "inference.TimeVariableElimination.time_query_alarm": {"result": [0.054072430357337], "stats": [{"ci_99": [0.053413445858275926, 0.054916480759167635], "q_25": 0.05398002685979009, "q_75": 0.05425736680626869, "min": 0.053874483332037926, "max": 0.0546405091881752, "mean": 0.05416496330872178, "std": 0.00028904843136085467, "repeat": 4, "number": 1}]}, "inference.TimeVariableElimination.time_query_munin": {"result": [0.2625450138002634], "stats": [{"ci_99": [0.2596332932882477, 0.2663056441522669], "q_25": 0.26206350699067116, "q_75": 0.26345097552984953, "min": 0.2617505434900522, "max": 0.2650373037904501, "mean": 0.2629694687202573, "std": 0.0012655613942743839, "repeat": 4, "number": 1}]}, "readwrite.TimeRead.time_asia_read": {"result": [0.009118039160966873], "stats": [{"ci_99": [0.008820388466119766, 0.00941568985581398], "q_25": 0.009115062654018402, "q_75": 0.009121015667915344, "min": 0.009112086147069931, "max": 0.009123992174863815, "mean": 0.009118039160966873, "std": 5.953013896942139e-06, "repeat": 2, "number": 2}]}, "readwrite.TimeRead.time_asia_write": {"result": [0.0006698027903598452], "stats": [{"ci_99": [0.0001257877087309251, 0.001213817871988765], "q_25": 0.0006643626395435561, "q_75": 0.0006752429411761344, "min": 0.0006589224887272668, "max": 0.0006806830919924236, "mean": 0.0006698027903598452, "std": 1.0880301632578402e-05, "repeat": 2, "number": 63}]}, "readwrite.TimeRead.time_munin_read": {"result": [5.578510403633118], "stats": [{"ci_99": [5.276911273598671, 5.880109533667564], "q_25": 5.575494412332773, "q_75": 5.581526394933462, "min": 5.572478421032429, "max": 5.584542386233807, "mean": 5.578510403633118, "std": 0.006031982600688934, "repeat": 2, "number": 1}]}, "readwrite.TimeRead.time_munin_write": {"result": [0.042363124899566174], "stats": [{"ci_99": [0.013490681536495686, 0.07123556826263663], "q_25": 0.04207440046593547, "q_75": 0.04265184933319688, "min": 0.041785676032304764, "max": 0.04294057376682758, "mean": 0.042363124899566174, "std": 0.0005774488672614098, "repeat": 2, "number": 1}]}, "readwrite.TimeRead.time_pathfinder_read": {"result": [6.196753367781639], "stats": [{"ci_99": [5.538123998790979, 6.855382736772298], "q_25": 6.1901670740917325, "q_75": 6.203339661471546, "min": 6.183580780401826, "max": 6.209925955161452, "mean": 6.196753367781639, "std": 0.013172587379813194, "repeat": 2, "number": 1}]}, "readwrite.TimeRead.time_pathfinder_write": {"result": [0.02467235177755356], "stats": [{"ci_99": [0.02316351607441902, 0.026181187480688095], "q_25": 0.024657263420522213, "q_75": 0.024687440134584904, "min": 0.024642175063490868, "max": 0.02470252849161625, "mean": 0.02467235177755356, "std": 3.0176714062690735e-05, "repeat": 2, "number": 1}]}, "sampling.TimeSampling.time_forward_sample": null, "sampling.TimeSampling.time_gibbs_sampling": null, "sampling.TimeSampling.time_likelihood_sample": {"result": [4.512344051152468], "stats": [{"ci_99": [4.4739762957278515, 4.5437664302926635], "q_25": 4.5042145675979555, "q_75": 4.51700084656477, "min": 4.487503308802843, "max": 4.523294040933251, "mean": 4.5088713630102575, "std": 0.01324598167002691, "repeat": 4, "number": 1}]}, "sampling.TimeSampling.time_rejection_sample": null, "structure_learning.TimeHillClimb.time_hillclimb": null, "structure_learning.TimePC.time_pc_orig": {"result": [39.7299779150635], "stats": [{"ci_99": [-21.182586016133428, 100.64254184626037], "q_25": 39.12085227575153, "q_75": 40.33910355437547, "min": 38.51172663643956, "max": 40.94822919368744, "mean": 39.7299779150635, "std": 1.2182512786239386, "repeat": 2, "number": 1}]}, "structure_learning.TimePC.time_pc_stable": {"result": [39.04549569450319], "stats": [{"ci_99": [-2.6540599148720503, 80.7450513038784], "q_25": 38.628500138409436, "q_75": 39.46249125059694, "min": 38.21150458231568, "max": 39.87948680669069, "mean": 39.04549569450319, "std": 0.8339911121875048, "repeat": 2, "number": 1}]}, "factor.TimeDiscreteFactor.time_factor_compare": {"result": [7.700151601037778e-05], "stats": [{"ci_99": [7.595681956597975e-05, 7.816672429338202e-05], "q_25": 7.666769548208563e-05, "q_75": 7.743079710256803e-05, "min": 7.595681956597975e-05, "max": 7.816672429338202e-05, "mean": 7.706226038557665e-05, "std": 6.070843451595021e-07, "repeat": 10, "number": 143}]}, "inference.TimeBeliefPropagation.time_query_alarm": {"result": [135.47621500492096], "stats": [{"ci_99": [123.55989097431302, 147.3925390355289], "q_25": 135.35705176461488, "q_75": 135.59537824522704, "min": 135.2378885243088, "max": 135.71454148553312, "mean": 135.47621500492096, "std": 0.23832648061215878, "repeat": 2, "number": 1}]}, "parameter_learning.TimeBayesianEstimator.time_alarm_bayesian_estimator": null, "parameter_learning.TimeBayesianEstimator.time_munin_bayesian_estimator": null, "parameter_learning.TimeExpectationMaximization.time_alarm_em": null, "parameter_learning.TimeExpectationMaximization.time_munin_em": null, "parameter_learning.TimeMLE.time_alarm_mle": null, "parameter_learning.TimeMLE.time_munin_mle": null, "structure_learning.TimeHillClimbAlarmModel.time_hillclimb": null, "structure_learning.TimeMmhcAlarmModel.time_mmhc": null, "structure_learning.TimePCAlarmModel.time_pc_orig": null, "structure_learning.TimePCAlarmModel.time_pc_stable": null, "structure_learning.TimeTreeSearchAlarmModel.time_tan": null}, "params": {"arch": "x86_64", "cpu": "Intel(R) Core(TM) i9-9820X CPU @ 3.30GHz", "machine": "graveyard", "num_cpu": "20", "os": "Linux 4.15.0-112-generic", "ram": "131688676", "python": "3.6"}, "requirements": {}, "commit_hash": "86c0fe0e0e9b340c8e0fb61a70561264840e5d19", "date": 1621084428000, "env_name": "conda-py3.6", "python": "3.6", "profiles": {}, "started_at": {"factor.TimeDiscreteFactor.time_factor_marginalize": 1654170623484, "factor.TimeDiscreteFactor.time_factor_multiply_large": 1654170623691, "factor.TimeDiscreteFactor.time_factor_reduce": 1654170623897, "import.TimeImport.time_import": 1654170624103, "inference.TimeVariableElimination.time_query_alarm": 1654170895169, "inference.TimeVariableElimination.time_query_munin": 1654170914205, "readwrite.TimeRead.time_asia_read": 1654170933921, "readwrite.TimeRead.time_asia_write": 1654170959145, "readwrite.TimeRead.time_munin_read": 1654170984421, "readwrite.TimeRead.time_munin_write": 1654171022430, "readwrite.TimeRead.time_pathfinder_read": 1654171047606, "readwrite.TimeRead.time_pathfinder_write": 1654171085817, "sampling.TimeSampling.time_forward_sample": 1654170008071,