{"results": {"factor.TimeDiscreteFactor.time_factor_marginalize": {"result": [6.254870793101383e-05], "stats": [{"ci_99": [6.243517916453512e-05, 6.285490609749019e-05], "q_25": 6.248873565890637e-05, "q_75": 6.261696679550304e-05, "min": 6.243517916453512e-05, "max": 6.285490609749019e-05, "mean": 6.258068660720746e-05, "std": 1.2461490409427382e-07, "repeat": 10, "number": 171}]}, "factor.TimeDiscreteFactor.time_factor_multiply_large": {"result": [5.029976404834502e-05], "stats": [{"ci_99": [4.9873780791122134e-05, 5.07509114571137e-05], "q_25": 5.000639282683334e-05, "q_75": 5.0555981492789664e-05, "min": 4.9873780791122134e-05, "max": 5.07509114571137e-05, "mean": 5.030822248594597e-05, "std": 3.1564457106777603e-07, "repeat": 10, "number": 202}]}, "factor.TimeDiscreteFactor.time_factor_reduce": {"result": [2.977788319875454e-05], "stats": [{"ci_99": [2.9583450877803495e-05, 2.9853769931299932e-05], "q_25": 2.9620693075930934e-05, "q_75": 2.979879647536182e-05, "min": 2.9583450877803495e-05, "max": 2.9853769931299932e-05, "mean": 2.9726571606836103e-05, "std": 9.693036559792611e-08, "repeat": 10, "number": 348}]}, "import.TimeImport.time_import": {"result": [1.3391403726881095e-07], "stats": [{"ci_99": [1.3343802096806437e-07, 1.3472867822487953e-07], "q_25": 1.3371008017443386e-07, "q_75": 1.3407399574228633e-07, "min": 1.3343802096806437e-07, "max": 1.3472867822487953e-07, "mean": 1.3393183462074494e-07, "std": 3.521919094824879e-10, "repeat": 10, "number": 80001}]}, "inference.TimeVariableElimination.time_query_alarm": {"result": [0.1184743819758296], "stats": [{"ci_99": [0.07229985046902343, 0.1651675986894065], "q_25": 0.10297871241346002, "q_75": 0.13422939414158463, "min": 0.10263046249747276, "max": 0.13535567186772823, "mean": 0.11873372457921505, "std": 0.015880822124363942, "repeat": 4, "number": 1}]}, "inference.TimeVariableElimination.time_query_munin": {"result": [0.24849595595151186], "stats": [{"ci_99": [0.2416162768706711, 0.25569970082938354], "q_25": 0.24649007339030504, "q_75": 0.25066387141123414, "min": 0.2459159828722477, "max": 0.2517240606248379, "mean": 0.24865798885002732, "std": 0.002426770540973658, "repeat": 4, "number": 1}]}, "readwrite.TimeRead.time_asia_read": {"result": [0.008491735439747572], "stats": [{"ci_99": [0.008161232341080904, 0.00882223853841424], "q_25": 0.008488430408760905, "q_75": 0.008495040470734239, "min": 0.008485125377774239, "max": 0.008498345501720905, "mean": 0.008491735439747572, "std": 6.610061973333359e-06, "repeat": 2, "number": 2}]}, "readwrite.TimeRead.time_asia_write": {"result": [0.0005573451978294816], "stats": [{"ci_99": [0.00042198830577608705, 0.0006927020898828761], "q_25": 0.0005559916289089477, "q_75": 0.0005586987667500155, "min": 0.0005546380599884137, "max": 0.0005600523356705495, "mean": 0.0005573451978294816, "std": 2.7071378410678916e-06, "repeat": 2, "number": 73}]}, "readwrite.TimeRead.time_munin_read": {"result": [5.57902785949409], "stats": [{"ci_99": [-17.632864462211728, 28.790920181199887], "q_25": 5.346908936277032, "q_75": 5.811146782711148, "min": 5.114790013059974, "max": 6.043265705928206, "mean": 5.57902785949409, "std": 0.46423784643411636, "repeat": 2, "number": 1}]}, "readwrite.TimeRead.time_munin_write": {"result": [0.040875161066651344], "stats": [{"ci_99": [0.03452586941421032, 0.04722445271909236], "q_25": 0.040811668150126934, "q_75": 0.040938653983175755, "min": 0.040748175233602524, "max": 0.041002146899700165, "mean": 0.040875161066651344, "std": 0.0001269858330488205, "repeat": 2, "number": 1}]}, "readwrite.TimeRead.time_pathfinder_read": {"result": [5.725556586869061], "stats": [{"ci_99": [5.640679898671806, 5.810433275066316], "q_25": 5.724707819987088, "q_75": 5.7264053537510335, "min": 5.723859053105116, "max": 5.727254120633006, "mean": 5.725556586869061, "std": 0.0016975337639451027, "repeat": 2, "number": 1}]}, "readwrite.TimeRead.time_pathfinder_write": {"result": [0.03042725007981062], "stats": [{"ci_99": [-0.1832840396091342, 0.24413853976875524], "q_25": 0.02829013718292117, "q_75": 0.03256436297670007, "min": 0.026153024286031723, "max": 0.034701475873589516, "mean": 0.03042725007981062, "std": 0.004274225793778896, "repeat": 2, "number": 1}]}, "sampling.TimeSampling.time_forward_sample": {"result": [0.1988017912954092], "stats": [{"ci_99": [0.19821876846253872, 0.19952972792088985], "q_25": 0.1985746114514768, "q_75": 0.1988540254533291, "min": 0.19821876846253872, "max": 0.19952972792088985, "mean": 0.198781212978065, "std": 0.00032911483157785674, "repeat": 10, "number": 1}]}, "sampling.TimeSampling.time_gibbs_sampling": null, "sampling.TimeSampling.time_likelihood_sample": {"result": [0.2080611241981387], "stats": [{"ci_99": [0.2071580197662115, 0.24073925241827965], "q_25": 0.20784520776942372, "q_75": 0.2086959695443511, "min": 0.2071580197662115, "max": 0.24073925241827965, "mean": 0.21156974751502275, "std": 0.009777845127722277, "repeat": 10, "number": 1}]}, "sampling.TimeSampling.time_rejection_sample": {"result": [37.08985631726682], "stats": [{"ci_99": [31.18188592977822, 42.99782670475542], "q_25": 37.030776613391936, "q_75": 37.14893602114171, "min": 36.97169690951705, "max": 37.208015725016594, "mean": 37.08985631726682, "std": 0.11815940774977207, "repeat": 2, "number": 1}]}, "structure_learning.TimeHillClimb.time_hillclimb": null, "structure_learning.TimePC.time_pc_orig": {"result": [34.999100484885275], "stats": [{"ci_99": [27.670672389678657, 42.32752858009189], "q_25": 34.92581620393321, "q_75": 35.07238476583734, "min": 34.85253192298114, "max": 35.14566904678941, "mean": 34.999100484885275, "std": 0.14656856190413237, "repeat": 2, "number": 1}]}, "structure_learning.TimePC.time_pc_stable": {"result": [34.691489859484136], "stats": [{"ci_99": [31.220085219480097, 38.162894499488175], "q_25": 34.656775813084096, "q_75": 34.72620390588418, "min": 34.622061766684055, "max": 34.76091795228422, "mean": 34.691489859484136, "std": 0.06942809280008078, "repeat": 2, "number": 1}]}}, "params": {"arch": "x86_64", "cpu": "Intel(R) Core(TM) i9-9820X CPU @ 3.30GHz", "machine": "graveyard", "num_cpu": "20", "os": "Linux 4.15.0-112-generic", "ram": "131688676", "python": "3.8"}, "requirements": {}, "commit_hash": "8783e88bf69692217eb04b01e28f02f4bcb97dc7", "date": 1623401644000, "env_name": "conda-py3.8", "python": "3.8", "profiles": {}, "started_at": {"factor.TimeDiscreteFactor.time_factor_marginalize": 1625118060201, "factor.TimeDiscreteFactor.time_factor_multiply_large": 1625118060409, "factor.TimeDiscreteFactor.time_factor_reduce": 1625118060616, "import.TimeImport.time_import": 1625118060823, "inference.TimeVariableElimination.time_query_alarm": 1625118061029, "inference.TimeVariableElimination.time_query_munin": 1625118079182, "readwrite.TimeRead.time_asia_read": 1625118098241, "readwrite.TimeRead.time_asia_write": 1625118124920, "readwrite.TimeRead.time_munin_read": 1625118148340, "readwrite.TimeRead.time_munin_write": 1625118186399, "readwrite.TimeRead.time_pathfinder_read": 1625118209819, "readwrite.TimeRead.time_pathfinder_write": 1625118246976, "sampling.TimeSampling.time_forward_sample": 1625118273053, "sampling.TimeSampling.time_gibbs_sampling": 1625117243814, "sampling.TimeSampling.time_likelihood_sample": 1625118274867, "sampling.TimeSampling.time_rejection_sample": 1625118276780, "structure_learning.TimeHillClimb.time_hillclimb": 1625117914839, "structure_learning.TimePC.time_pc_orig": 1625118345840, "structure_learning.TimePC.time_pc_stable": 1625118418695}, "ended_at": {"factor.TimeDiscreteFactor.time_factor_marginalize": 1625118060408, "factor.TimeDiscreteFactor.time_factor_multiply_large": 1625118060615, "factor.TimeDiscreteFactor.time_factor_reduce": 1625118060822, "import.TimeImport.time_import": 1625118061029, "inference.TimeVariableElimination.time_query_alarm": 1625118079182, "inference.TimeVariableElimination.time_query_munin": 1625118098240, "readwrite.TimeRead.time_asia_read": 1625118124919,