{"results": {"factor.TimeDiscreteFactor.time_factor_marginalize": {"result": [6.642517442983317e-05], "stats": [{"ci_99": [6.609597434121442e-05, 6.699401615972978e-05], "q_25": 6.632286079048392e-05, "q_75": 6.665599094816e-05, "min": 6.609597434121442e-05, "max": 6.699401615972978e-05, "mean": 6.648135337843954e-05, "std": 2.6473089393015914e-07, "repeat": 10, "number": 166}]}, "factor.TimeDiscreteFactor.time_factor_multiply_large": {"result": [5.644390397925967e-05], "stats": [{"ci_99": [5.539233997925041e-05, 5.727919951542137e-05], "q_25": 5.593617955587574e-05, "q_75": 5.693224345132248e-05, "min": 5.539233997925041e-05, "max": 5.727919951542137e-05, "mean": 5.640556997398741e-05, "std": 6.644203311341119e-07, "repeat": 10, "number": 194}]}, "factor.TimeDiscreteFactor.time_factor_reduce": {"result": [3.322763785497466e-05], "stats": [{"ci_99": [3.251759196395305e-05, 3.3770457132538756e-05], "q_25": 3.281044287245665e-05, "q_75": 3.353912216513904e-05, "min": 3.251759196395305e-05, "max": 3.3770457132538756e-05, "mean": 3.3168283416264095e-05, "std": 4.257344145956851e-07, "repeat": 10, "number": 335}]}, "import.TimeImport.time_import": {"result": [1.4200220640372913e-07], "stats": [{"ci_99": [1.4127007310669986e-07, 1.4265234831315178e-07], "q_25": 1.4162551616593e-07, "q_75": 1.4233095150080962e-07, "min": 1.4127007310669986e-07, "max": 1.4265234831315178e-07, "mean": 1.419789432812549e-07, "std": 4.3067927321746154e-10, "repeat": 10, "number": 77058}]}, "inference.TimeVariableElimination.time_query_alarm": {"result": [0.09146373812109232], "stats": [{"ci_99": [0.08584992253651459, 0.10031485798338813], "q_25": 0.09115627873688936, "q_75": 0.09338984964415431, "min": 0.0910975020378828, "max": 0.09830458275973797, "mean": 0.09308239025995135, "std": 0.0030255941666753974, "repeat": 4, "number": 1}]}, "inference.TimeVariableElimination.time_query_munin": {"result": [0.2644437765702605], "stats": [{"ci_99": [0.2500349420120856, 0.28578168740515514], "q_25": 0.2632086779922247, "q_75": 0.26914341328665614, "min": 0.26233634538948536, "max": 0.28040936030447483, "mean": 0.2679083147086203, "std": 0.007299186882365748, "repeat": 4, "number": 1}]}, "readwrite.TimeRead.time_asia_read": {"result": [0.009297027718275785], "stats": [{"ci_99": [0.006632211152464151, 0.011961844284087418], "q_25": 0.009270379552617669, "q_75": 0.009323675883933902, "min": 0.009243731386959553, "max": 0.009350324049592018, "mean": 0.009297027718275785, "std": 5.329633131623268e-05, "repeat": 2, "number": 2}]}, "readwrite.TimeRead.time_asia_write": {"result": [0.00044345595533885657], "stats": [{"ci_99": [-0.010598561711727626, 0.011485473622405332], "q_25": 0.0003330357786681917, "q_75": 0.0005538761320095213, "min": 0.00022261560199752687, "max": 0.0006642963086801862, "mean": 0.00044345595533885657, "std": 0.00022084035334132967, "repeat": 2, "number": 63}]}, "readwrite.TimeRead.time_munin_read": {"result": [5.651201777160168], "stats": [{"ci_99": [2.614044215530157, 8.688359338790175], "q_25": 5.620830201543868, "q_75": 5.681573352776468, "min": 5.5904586259275675, "max": 5.711944928392768, "mean": 5.651201777160168, "std": 0.06074315123260021, "repeat": 2, "number": 1}]}, "readwrite.TimeRead.time_munin_write": {"result": [0.04188928473740816], "stats": [{"ci_99": [0.02928686048835516, 0.05449170898646115], "q_25": 0.04176326049491763, "q_75": 0.04201530897989869, "min": 0.0416372362524271, "max": 0.04214133322238922, "mean": 0.04188928473740816, "std": 0.00025204848498106003, "repeat": 2, "number": 1}]}, "readwrite.TimeRead.time_pathfinder_read": {"result": [6.302014303393662], "stats": [{"ci_99": [1.4915607711300254, 11.112467835657295], "q_25": 6.253909768071026, "q_75": 6.350118838716298, "min": 6.205805232748389, "max": 6.398223374038935, "mean": 6.302014303393662, "std": 0.09620907064527273, "repeat": 2, "number": 1}]}, "readwrite.TimeRead.time_pathfinder_write": {"result": [0.025388946756720543], "stats": [{"ci_99": [0.022986507043242455, 0.027791386470198628], "q_25": 0.025364922359585762, "q_75": 0.025412971153855324, "min": 0.02534089796245098, "max": 0.025436995550990105, "mean": 0.025388946756720543, "std": 4.804879426956177e-05, "repeat": 2, "number": 1}]}, "sampling.TimeSampling.time_forward_sample": {"result": [0.2034925166517496], "stats": [{"ci_99": [0.2023006472736597, 0.2285175397992134], "q_25": 0.2031818339601159, "q_75": 0.20403801184147596, "min": 0.2023006472736597, "max": 0.2285175397992134, "mean": 0.20592344887554645, "std": 0.007550341658760214, "repeat": 10, "number": 1}]}, "sampling.TimeSampling.time_gibbs_sampling": null, "sampling.TimeSampling.time_likelihood_sample": {"result": [0.21279743872582912], "stats": [{"ci_99": [0.2116932850331068, 0.2131158448755741], "q_25": 0.21250242460519075, "q_75": 0.2128760959021747, "min": 0.2116932850331068, "max": 0.2131158448755741, "mean": 0.21264042276889086, "std": 0.0004383263823092971, "repeat": 10, "number": 1}]}, "sampling.TimeSampling.time_rejection_sample": {"result": [36.97147929575294], "stats": [{"ci_99": [34.91565535310656, 39.02730323839933], "q_25": 36.95092105632648, "q_75": 36.992037535179406, "min": 36.930362816900015, "max": 37.01259577460587, "mean": 36.97147929575294, "std": 0.041116478852927685, "repeat": 2, "number": 1}]}, "structure_learning.TimeHillClimb.time_hillclimb": null, "structure_learning.TimePC.time_pc_orig": {"result": [33.33075866289437], "stats": [{"ci_99": [30.263253116980195, 36.39826420880854], "q_25": 33.300083607435226, "q_75": 33.36143371835351, "min": 33.269408551976085, "max": 33.39210877381265, "mean": 33.33075866289437, "std": 0.06135011091828346, "repeat": 2, "number": 1}]}, "structure_learning.TimePC.time_pc_stable": {"result": [34.08149651624262], "stats": [{"ci_99": [-3.1777033265680075, 71.34069635905323], "q_25": 33.70890451781452, "q_75": 34.45408851467073, "min": 33.33631251938641, "max": 34.826680513098836, "mean": 34.08149651624262, "std": 0.7451839968562126, "repeat": 2, "number": 1}]}}, "params": {"arch": "x86_64", "cpu": "Intel(R) Core(TM) i9-9820X CPU @ 3.30GHz", "machine": "graveyard", "num_cpu": "20", "os": "Linux 4.15.0-112-generic", "ram": "131688676", "python": "3.6"}, "requirements": {}, "commit_hash": "8783e88bf69692217eb04b01e28f02f4bcb97dc7", "date": 1623401644000, "env_name": "conda-py3.6", "python": "3.6", "profiles": {}, "started_at": {"factor.TimeDiscreteFactor.time_factor_marginalize": 1625115116360, "factor.TimeDiscreteFactor.time_factor_multiply_large": 1625115116568, "factor.TimeDiscreteFactor.time_factor_reduce": 1625115116775, "import.TimeImport.time_import": 1625115116981, "inference.TimeVariableElimination.time_query_alarm": 1625115117188, "inference.TimeVariableElimination.time_query_munin": 1625115136797, "readwrite.TimeRead.time_asia_read": 1625115156957, "readwrite.TimeRead.time_asia_write": 1625115182283, "readwrite.TimeRead.time_munin_read": 1625115207609, "readwrite.TimeRead.time_munin_write": 1625115245770, "readwrite.TimeRead.time_pathfinder_read": 1625115271096, "readwrite.TimeRead.time_pathfinder_write": 1625115309507, "sampling.TimeSampling.time_forward_sample": 1625115335334, "sampling.TimeSampling.time_gibbs_sampling": 1625114290528, "sampling.TimeSampling.time_likelihood_sample": 1625115337197, "sampling.TimeSampling.time_rejection_sample": 1625115339111, "structure_learning.TimeHillClimb.time_hillclimb": 1625114967039, "structure_learning.TimePC.time_pc_orig": 1625115413635, "structure_learning.TimePC.time_pc_stable": 1625115488242}, "ended_at": {"factor.TimeDiscreteFactor.time_factor_marginalize": 1625115116567, "factor.TimeDiscreteFactor.time_factor_multiply_large": 1625115116774, "factor.TimeDiscreteFactor.time_factor_reduce": 1625115116981, "import.TimeImport.time_import": 1625115117188, "inference.TimeVariableElimination.time_query_alarm": 1625115136796, "inference.TimeVariableElimination.time_query_munin": 1625115156956, "readwrite.TimeRead.time_asia_read": 1625115182282,