{"results": {"factor.TimeDiscreteFactor.time_factor_compare": {"result": [7.540865668228695e-05], "stats": [{"ci_99": [7.505937570467927e-05, 7.569050430355215e-05], "q_25": 7.525227151643064e-05, "q_75": 7.556898771484095e-05, "min": 7.505937570467927e-05, "max": 7.569050430355215e-05, "mean": 7.539591927053339e-05, "std": 2.0113081387308232e-07, "repeat": 10, "number": 133}]}, "factor.TimeDiscreteFactor.time_factor_marginalize": {"result": [6.389764270612171e-05], "stats": [{"ci_99": [6.37251262863477e-05, 6.469700574165298e-05], "q_25": 6.379262777045369e-05, "q_75": 6.408750778064132e-05, "min": 6.37251262863477e-05, "max": 6.469700574165298e-05, "mean": 6.402333466602224e-05, "std": 3.0884246295312725e-07, "repeat": 10, "number": 168}]}, "factor.TimeDiscreteFactor.time_factor_multiply_large": {"result": [5.641139410052103e-05], "stats": [{"ci_99": [5.583391169604567e-05, 5.785754123299392e-05], "q_25": 5.62482038224788e-05, "q_75": 5.6562517990463786e-05, "min": 5.583391169604567e-05, "max": 5.785754123299392e-05, "mean": 5.652321521768865e-05, "std": 5.723259970811116e-07, "repeat": 10, "number": 194}]}, "factor.TimeDiscreteFactor.time_factor_reduce": {"result": [3.222040225856403e-05], "stats": [{"ci_99": [3.191138226428681e-05, 3.24893257850726e-05], "q_25": 3.207307556897578e-05, "q_75": 3.230483436505118e-05, "min": 3.191138226428681e-05, "max": 3.24893257850726e-05, "mean": 3.2202887332298344e-05, "std": 1.6879260204072818e-07, "repeat": 10, "number": 338}]}, "import.TimeImport.time_import": {"result": [1.3034458038659304e-07], "stats": [{"ci_99": [1.29435623345091e-07, 1.3204304528361817e-07], "q_25": 1.3002109674792115e-07, "q_75": 1.308983995283078e-07, "min": 1.29435623345091e-07, "max": 1.3204304528361817e-07, "mean": 1.3055064270810984e-07, "std": 7.680463676761877e-10, "repeat": 10, "number": 82116}]}, "inference.TimeBeliefPropagation.time_query_alarm": null, "inference.TimeVariableElimination.time_query_alarm": null, "inference.TimeVariableElimination.time_query_munin": null, "parameter_learning.TimeBayesianEstimator.time_alarm_bayesian_estimator": null, "parameter_learning.TimeBayesianEstimator.time_munin_bayesian_estimator": null, "parameter_learning.TimeExpectationMaximization.time_alarm_em": null, "parameter_learning.TimeExpectationMaximization.time_munin_em": null, "parameter_learning.TimeMLE.time_alarm_mle": null, "parameter_learning.TimeMLE.time_munin_mle": null, "readwrite.TimeRead.time_asia_read": null, "readwrite.TimeRead.time_asia_write": null, "readwrite.TimeRead.time_munin_read": null, "readwrite.TimeRead.time_munin_write": null, "readwrite.TimeRead.time_pathfinder_read": null, "readwrite.TimeRead.time_pathfinder_write": null, "sampling.TimeSampling.time_forward_sample": null, "sampling.TimeSampling.time_gibbs_sampling": null, "sampling.TimeSampling.time_likelihood_sample": null, "sampling.TimeSampling.time_rejection_sample": null, "structure_learning.TimeHillClimbAlarmModel.time_hillclimb": null, "structure_learning.TimeMmhcAlarmModel.time_mmhc": null, "structure_learning.TimePCAlarmModel.time_pc_orig": null, "structure_learning.TimePCAlarmModel.time_pc_stable": null, "structure_learning.TimeTreeSearchAlarmModel.time_tan": null}, "params": {"arch": "x86_64", "cpu": "Intel(R) Core(TM) i9-9820X CPU @ 3.30GHz", "machine": "graveyard", "num_cpu": "20", "os": "Linux 4.15.0-112-generic", "ram": "131688676", "python": "3.6"}, "requirements": {}, "commit_hash": "88ad46b1643fb50ffedef366563a60f9f4beafab", "date": 1582135738000, "env_name": "conda-py3.6", "python": "3.6", "profiles": {}, "started_at": {"factor.TimeDiscreteFactor.time_factor_compare": 1654471322320, "factor.TimeDiscreteFactor.time_factor_marginalize": 1654471322527, "factor.TimeDiscreteFactor.time_factor_multiply_large": 1654471322733, "factor.TimeDiscreteFactor.time_factor_reduce": 1654471322940, "import.TimeImport.time_import": 1654471323146, "inference.TimeBeliefPropagation.time_query_alarm": 1654471320983, "inference.TimeVariableElimination.time_query_alarm": 1654471321038, "inference.TimeVariableElimination.time_query_munin": 1654471321093, "parameter_learning.TimeBayesianEstimator.time_alarm_bayesian_estimator": 1654471321149, "parameter_learning.TimeBayesianEstimator.time_munin_bayesian_estimator": 1654471321204, "parameter_learning.TimeExpectationMaximization.time_alarm_em": 1654471321260, "parameter_learning.TimeExpectationMaximization.time_munin_em": 1654471321316, "parameter_learning.TimeMLE.time_alarm_mle": 1654471321372, "parameter_learning.TimeMLE.time_munin_mle": 1654471321427, "readwrite.TimeRead.time_asia_read": 1654471321483, "readwrite.TimeRead.time_asia_write": 1654471321539, "readwrite.TimeRead.time_munin_read": 1654471321595, "readwrite.TimeRead.time_munin_write": 1654471321650, "readwrite.TimeRead.time_pathfinder_read": 1654471321706, "readwrite.TimeRead.time_pathfinder_write": 1654471321762, "sampling.TimeSampling.time_forward_sample": 1654471321817, "sampling.TimeSampling.time_gibbs_sampling": 1654471321873, "sampling.TimeSampling.time_likelihood_sample": 1654471321929, "sampling.TimeSampling.time_rejection_sample": 1654471321985, "structure_learning.TimeHillClimbAlarmModel.time_hillclimb": 1654471322041, "structure_learning.TimeMmhcAlarmModel.time_mmhc": 1654471322097, "structure_learning.TimePCAlarmModel.time_pc_orig": 1654471322152, "structure_learning.TimePCAlarmModel.time_pc_stable": 1654471322208, "structure_learning.TimeTreeSearchAlarmModel.time_tan": 1654471322264}, "ended_at": {"factor.TimeDiscreteFactor.time_factor_compare": 1654471322526, "factor.TimeDiscreteFactor.time_factor_marginalize": 1654471322733, "factor.TimeDiscreteFactor.time_factor_multiply_large": 1654471322939, "factor.TimeDiscreteFactor.time_factor_reduce": 1654471323146, "import.TimeImport.time_import": 1654471323352, "inference.TimeBeliefPropagation.time_query_alarm": 1654471321038, "inference.TimeVariableElimination.time_query_alarm": 1654471321093, "inference.TimeVariableElimination.time_query_munin": 1654471321149, "parameter_learning.TimeBayesianEstimator.time_alarm_bayesian_estimator": 1654471321204, "parameter_learning.TimeBayesianEstimator.time_munin_bayesian_estimator": 1654471321260, "parameter_learning.TimeExpectationMaximization.time_alarm_em": 1654471321316, "parameter_learning.TimeExpectationMaximization.time_munin_em": 1654471321372, "parameter_learning.TimeMLE.time_alarm_mle": 1654471321427, "parameter_learning.TimeMLE.time_munin_mle": 1654471321483, "readwrite.TimeRead.time_asia_read": 1654471321539, "readwrite.TimeRead.time_asia_write": 1654471321595, "readwrite.TimeRead.time_munin_read": 1654471321650, "readwrite.TimeRead.time_munin_write": 1654471321706, "readwrite.TimeRead.time_pathfinder_read": 1654471321762, "readwrite.TimeRead.time_pathfinder_write": 1654471321817, "sampling.TimeSampling.time_forward_sample": 1654471321873, "sampling.TimeSampling.time_gibbs_sampling": 1654471321929, "sampling.TimeSampling.time_likelihood_sample": 1654471321985, "sampling.TimeSampling.time_rejection_sample": 1654471322041, "structure_learning.TimeHillClimbAlarmModel.time_hillclimb": 1654471322096, "structure_learning.TimeMmhcAlarmModel.time_mmhc": 1654471322152, "structure_learning.TimePCAlarmModel.time_pc_orig": 1654471322208, "structure_learning.TimePCAlarmModel.time_pc_stable": 1654471322264, "structure_learning.TimeTreeSearchAlarmModel.time_tan": 1654471322320}, "benchmark_version": {"factor.TimeDiscreteFactor.time_factor_compare": "95feb42df85ffe5cf519cf4af677309a5cdb891db99ad54b655196c3e1f2e13a", "factor.TimeDiscreteFactor.time_factor_marginalize": "a3ae79cdcf3bcd4bc49df94b3b3d5f93c4126249a9b3cf2481ac381ee836f851", "factor.TimeDiscreteFactor.time_factor_multiply_large": "cfb6b66fddb2953948ffb6566ae101535dd1e8d0fd9af855331f39ef905f4450", "factor.TimeDiscreteFactor.time_factor_reduce": "cb3858b638914f7572792153a60efb4aecbde56d5abf039791451adb0f26c263",