{"results": {"factor.TimeDiscreteFactor.time_factor_marginalize": {"result": [6.45966968961997e-05], "stats": [{"ci_99": [6.413299445352868e-05, 6.57244295461806e-05], "q_25": 6.445626446609191e-05, "q_75": 6.519370115624217e-05, "min": 6.413299445352868e-05, "max": 6.57244295461806e-05, "mean": 6.480799391196517e-05, "std": 5.040545117562227e-07, "repeat": 10, "number": 167}]}, "factor.TimeDiscreteFactor.time_factor_multiply_large": {"result": [5.236471018366266e-05], "stats": [{"ci_99": [5.168548415294675e-05, 5.410363202531372e-05], "q_25": 5.180808675417489e-05, "q_75": 5.267537421765225e-05, "min": 5.168548415294675e-05, "max": 5.410363202531372e-05, "mean": 5.2472611924891836e-05, "std": 7.850160545676405e-07, "repeat": 10, "number": 209}]}, "factor.TimeDiscreteFactor.time_factor_reduce": {"result": [3.139921681244067e-05], "stats": [{"ci_99": [3.053867000185018e-05, 0.00013459841489965645], "q_25": 3.063988005715278e-05, "q_75": 3.215439519885678e-05, "min": 3.053867000185018e-05, "max": 0.00013459841489965645, "mean": 4.16409202549965e-05, "std": 3.0994692932281495e-05, "repeat": 10, "number": 343}]}, "import.TimeImport.time_import": {"result": [1.3274036361283363e-07], "stats": [{"ci_99": [1.3214465384008504e-07, 1.354917997174685e-07], "q_25": 1.3242164357253328e-07, "q_75": 1.338383915617278e-07, "min": 1.3214465384008504e-07, "max": 1.354917997174685e-07, "mean": 1.3327339282329538e-07, "std": 1.1068621531575785e-09, "repeat": 10, "number": 74965}]}, "readwrite.TimeRead.time_asia_read": {"result": [0.1639995384030044], "stats": [{"ci_99": [0.15542096318677068, 0.17257811361923814], "q_25": 0.16391375265084207, "q_75": 0.16408532415516675, "min": 0.16382796689867973, "max": 0.16417110990732908, "mean": 0.1639995384030044, "std": 0.0001715715043246746, "repeat": 2, "number": 1}]}, "readwrite.TimeRead.time_asia_write": {"result": [0.0002960402118435628], "stats": [{"ci_99": [-0.0046521148309898635, 0.0052441952546769845], "q_25": 0.00024655866141522854, "q_75": 0.0003455217622718971, "min": 0.00019707711098689427, "max": 0.0003950033127002313, "mean": 0.0002960402118435628, "std": 9.896310085666852e-05, "repeat": 2, "number": 71}]}, "readwrite.TimeRead.time_munin_read": {"result": [5.584092159057036], "stats": [{"ci_99": [2.5358550136443228, 8.632329304469746], "q_25": 5.553609787602909, "q_75": 5.614574530511163, "min": 5.523127416148782, "max": 5.64505690196529, "mean": 5.584092159057036, "std": 0.060964742908254266, "repeat": 2, "number": 1}]}, "readwrite.TimeRead.time_munin_write": {"result": [0.053632097551599145], "stats": [{"ci_99": [-0.5610325711313635, 0.6682967662345612], "q_25": 0.04748545086476952, "q_75": 0.05977874423842877, "min": 0.04133880417793989, "max": 0.0659253909252584, "mean": 0.053632097551599145, "std": 0.012293293373659253, "repeat": 2, "number": 1}]}, "readwrite.TimeRead.time_pathfinder_read": {"result": [6.226169464644045], "stats": [{"ci_99": [3.291782650630921, 9.160556278657165], "q_25": 6.196825596503913, "q_75": 6.255513332784176, "min": 6.167481728363782, "max": 6.284857200924307, "mean": 6.226169464644045, "std": 0.05868773628026247, "repeat": 2, "number": 1}]}, "readwrite.TimeRead.time_pathfinder_write": {"result": [0.026602763682603836], "stats": [{"ci_99": [0.009918189607560635, 0.043287337757647024], "q_25": 0.026435917941853404, "q_75": 0.026769609423354268, "min": 0.026269072201102972, "max": 0.0269364551641047, "mean": 0.026602763682603836, "std": 0.00033369148150086403, "repeat": 2, "number": 1}]}, "sampling.TimeSampling.time_forward_sample": {"result": [0.6245476121548563], "stats": [{"ci_99": [0.6109417821280658, 0.673849028069526], "q_25": 0.6197725848760456, "q_75": 0.6308632763102651, "min": 0.6109417821280658, "max": 0.673849028069526, "mean": 0.6298474775161594, "std": 0.017598037781961836, "repeat": 10, "number": 1}]}, "sampling.TimeSampling.time_gibbs_sampling": null, "sampling.TimeSampling.time_likelihood_sample": {"result": [0.6713634300976992], "stats": [{"ci_99": [0.6422134721651673, 0.7474298137240112], "q_25": 0.6470159720629454, "q_75": 0.6965165134752169, "min": 0.6422134721651673, "max": 0.7474298137240112, "mean": 0.6766146917361766, "std": 0.034264945093979426, "repeat": 10, "number": 1}]}, "sampling.TimeSampling.time_rejection_sample": {"result": [98.52657868084498], "stats": [{"ci_99": [94.08179793297313, 102.97135942871682], "q_25": 98.48213087336626, "q_75": 98.5710264883237, "min": 98.43768306588754, "max": 98.61547429580241, "mean": 98.52657868084498, "std": 0.08889561495743692, "repeat": 2, "number": 1}]}, "structure_learning.TimeHillClimb.time_hillclimb": null, "structure_learning.TimePC.time_pc_orig": {"result": [38.03704933915287], "stats": [{"ci_99": [32.10810659173876, 43.96599208656698], "q_25": 37.97775991167873, "q_75": 38.096338766627014, "min": 37.91847048420459, "max": 38.155628194101155, "mean": 38.03704933915287, "std": 0.11857885494828224, "repeat": 2, "number": 1}]}, "structure_learning.TimePC.time_pc_stable": {"result": [44.37690300657414], "stats": [{"ci_99": [32.81428142474033, 55.939524588407934], "q_25": 44.2612767907558, "q_75": 44.49252922239248, "min": 44.14565057493746, "max": 44.608155438210815, "mean": 44.37690300657414, "std": 0.2312524316366762, "repeat": 2, "number": 1}]}, "inference.TimeVariableElimination.time_query_alarm": {"result": [1.5264126737602055], "stats": [{"ci_99": [1.4696157937451495, 1.586029578507762], "q_25": 1.5098810617346317, "q_75": 1.5443542981520295, "min": 1.5052145635709167, "max": 1.553250833414495, "mean": 1.5278226861264557, "std": 0.02006403529456836, "repeat": 4, "number": 1}]}, "inference.TimeVariableElimination.time_query_munin": null}, "params": {"arch": "x86_64", "cpu": "Intel(R) Core(TM) i9-9820X CPU @ 3.30GHz", "machine": "graveyard", "num_cpu": "20", "os": "Linux 4.15.0-112-generic", "ram": "131688676", "python": "3.8"}, "requirements": {}, "commit_hash": "8b8511c1534023324047f80a38a0a2d107c47189", "date": 1607809717000, "env_name": "conda-py3.8", "python": "3.8", "profiles": {}, "started_at": {"factor.TimeDiscreteFactor.time_factor_marginalize": 1610308256120, "factor.TimeDiscreteFactor.time_factor_multiply_large": 1610308256328, "factor.TimeDiscreteFactor.time_factor_reduce": 1610308256535, "import.TimeImport.time_import": 1610308256793, "readwrite.TimeRead.time_asia_read": 1610308256998, "readwrite.TimeRead.time_asia_write": 1610308283321, "readwrite.TimeRead.time_munin_read": 1610308309393, "readwrite.TimeRead.time_munin_write": 1610308348651, "readwrite.TimeRead.time_pathfinder_read": 1610308374723, "readwrite.TimeRead.time_pathfinder_write": 1610308414178, "sampling.TimeSampling.time_forward_sample": 1610308440253, "sampling.TimeSampling.time_gibbs_sampling": 1610307285474, "sampling.TimeSampling.time_likelihood_sample": 1610308445480, "sampling.TimeSampling.time_rejection_sample": 1610308450901, "structure_learning.TimeHillClimb.time_hillclimb": 1610308087792, "structure_learning.TimePC.time_pc_orig": 1610308648982, "structure_learning.TimePC.time_pc_stable": 1610308728033, "inference.TimeVariableElimination.time_query_alarm": 1618081743600, "inference.TimeVariableElimination.time_query_munin": 1618081683528}, "ended_at": {"factor.TimeDiscreteFactor.time_factor_marginalize": 1610308256327, "factor.TimeDiscreteFactor.time_factor_multiply_large": 1610308256534, "factor.TimeDiscreteFactor.time_factor_reduce": 1610308256792, "import.TimeImport.time_import": 1610308256998, "readwrite.TimeRead.time_asia_read": 1610308283320, "readwrite.TimeRead.time_asia_write": 1610308309393, "readwrite.TimeRead.time_munin_read": 1610308348651, "readwrite.TimeRead.time_munin_write": 1610308374722, "readwrite.TimeRead.time_pathfinder_read": 1610308414178, "readwrite.TimeRead.time_pathfinder_write": 1610308440253, "sampling.TimeSampling.time_forward_sample": 1610308445479, "sampling.TimeSampling.time_gibbs_sampling": 1610307885692, "sampling.TimeSampling.time_likelihood_sample": 1610308450901,