{"results": {"factor.TimeDiscreteFactor.time_factor_marginalize": {"result": [6.113222374909186e-05], "stats": [{"ci_99": [6.084328226615928e-05, 6.190167384685119e-05], "q_25": 6.0966399880502956e-05, "q_75": 6.136389158536932e-05, "min": 6.084328226615928e-05, "max": 6.190167384685119e-05, "mean": 6.122430194320017e-05, "std": 3.405494181110228e-07, "repeat": 10, "number": 173}]}, "factor.TimeDiscreteFactor.time_factor_multiply_large": {"result": [5.0026483626829256e-05], "stats": [{"ci_99": [4.982762038707733e-05, 5.061645060777664e-05], "q_25": 4.994207389514755e-05, "q_75": 5.011370241710985e-05, "min": 4.982762038707733e-05, "max": 5.061645060777664e-05, "mean": 5.0075018468002475e-05, "std": 2.1305249607702517e-07, "repeat": 10, "number": 216}]}, "factor.TimeDiscreteFactor.time_factor_reduce": {"result": [2.933757636567642e-05], "stats": [{"ci_99": [2.920934288152333e-05, 2.965738932634222e-05], "q_25": 2.923880800090987e-05, "q_75": 2.9484839071573196e-05, "min": 2.920934288152333e-05, "max": 2.965738932634222e-05, "mean": 2.9374808929432398e-05, "std": 1.472174377603859e-07, "repeat": 10, "number": 348}]}, "import.TimeImport.time_import": {"result": [1.2841052206564782e-07], "stats": [{"ci_99": [1.2830864591626497e-07, 1.292969459565132e-07], "q_25": 1.2832868721631394e-07, "q_75": 1.2847215581353004e-07, "min": 1.2830864591626497e-07, "max": 1.292969459565132e-07, "mean": 1.2849578107331283e-07, "std": 2.832172935135288e-10, "repeat": 10, "number": 84506}]}, "readwrite.TimeRead.time_asia_read": {"result": [0.14718458149582148], "stats": [{"ci_99": [-0.054085263051092625, 0.3484544260427354], "q_25": 0.14517188305035233, "q_75": 0.14919727994129062, "min": 0.1431591846048832, "max": 0.15120997838675976, "mean": 0.14718458149582148, "std": 0.004025396890938282, "repeat": 2, "number": 1}]}, "readwrite.TimeRead.time_asia_write": {"result": [0.0003742295583443982], "stats": [{"ci_99": [-0.008724789999957594, 0.009473249116646385], "q_25": 0.00028323936276137824, "q_75": 0.00046521975392741817, "min": 0.00019224916717835834, "max": 0.000556209949510438, "mean": 0.0003742295583443982, "std": 0.00018198039116603987, "repeat": 2, "number": 70}]}, "readwrite.TimeRead.time_munin_read": {"result": [5.358756588771939], "stats": [{"ci_99": [4.90955344773829, 5.807959729805589], "q_25": 5.354264557361603, "q_75": 5.363248620182276, "min": 5.349772525951266, "max": 5.367740651592612, "mean": 5.358756588771939, "std": 0.008984062820672989, "repeat": 2, "number": 1}]}, "readwrite.TimeRead.time_munin_write": {"result": [0.040341039188206196], "stats": [{"ci_99": [0.029173224233090878, 0.05150885414332151], "q_25": 0.04022936103865504, "q_75": 0.04045271733775735, "min": 0.04011768288910389, "max": 0.0405643954873085, "mean": 0.040341039188206196, "std": 0.00022335629910230637, "repeat": 2, "number": 1}]}, "readwrite.TimeRead.time_pathfinder_read": {"result": [5.979756296612322], "stats": [{"ci_99": [5.832489564083517, 6.127023029141128], "q_25": 5.978283629287034, "q_75": 5.98122896393761, "min": 5.976810961961746, "max": 5.9827016312628984, "mean": 5.979756296612322, "std": 0.0029453346505761147, "repeat": 2, "number": 1}]}, "readwrite.TimeRead.time_pathfinder_write": {"result": [0.025535130873322487], "stats": [{"ci_99": [0.020587386563420296, 0.030482875183224675], "q_25": 0.025485653430223465, "q_75": 0.02558460831642151, "min": 0.025436175987124443, "max": 0.02563408575952053, "mean": 0.025535130873322487, "std": 9.895488619804382e-05, "repeat": 2, "number": 1}]}, "sampling.TimeSampling.time_forward_sample": null, "sampling.TimeSampling.time_gibbs_sampling": null, "sampling.TimeSampling.time_likelihood_sample": {"result": [0.6180354822427034], "stats": [{"ci_99": [0.6155372597277164, 0.620638495311141], "q_25": 0.6177603723481297, "q_75": 0.6196868349798024, "min": 0.6155372597277164, "max": 0.620638495311141, "mean": 0.6184852901846171, "std": 0.00145104794422697, "repeat": 10, "number": 1}]}, "sampling.TimeSampling.time_rejection_sample": null, "structure_learning.TimeHillClimb.time_hillclimb": null, "structure_learning.TimePC.time_pc_orig": {"result": [38.03704933915287], "stats": [{"ci_99": [32.10810659173876, 43.96599208656698], "q_25": 37.97775991167873, "q_75": 38.096338766627014, "min": 37.91847048420459, "max": 38.155628194101155, "mean": 38.03704933915287, "std": 0.11857885494828224, "repeat": 2, "number": 1}]}, "structure_learning.TimePC.time_pc_stable": {"result": [44.37690300657414], "stats": [{"ci_99": [32.81428142474033, 55.939524588407934], "q_25": 44.2612767907558, "q_75": 44.49252922239248, "min": 44.14565057493746, "max": 44.608155438210815, "mean": 44.37690300657414, "std": 0.2312524316366762, "repeat": 2, "number": 1}]}, "inference.TimeVariableElimination.time_query_alarm": {"result": [0.0902371471747756], "stats": [{"ci_99": [0.08853134564496183, 0.09170433175377941], "q_25": 0.08983308263123035, "q_75": 0.09052190324291587, "min": 0.08921885676681995, "max": 0.09077820368111134, "mean": 0.09011783869937062, "std": 0.0005814160381203628, "repeat": 4, "number": 1}]}, "inference.TimeVariableElimination.time_query_munin": null, "factor.TimeDiscreteFactor.time_factor_compare": {"result": [7.091466987493054e-05], "stats": [{"ci_99": [7.065263070516138e-05, 7.129433071053267e-05], "q_25": 7.071632316848575e-05, "q_75": 7.110239387858635e-05, "min": 7.065263070516138e-05, "max": 7.129433071053267e-05, "mean": 7.092683582297907e-05, "std": 2.2349928824645315e-07, "repeat": 10, "number": 149}]}, "inference.TimeBeliefPropagation.time_query_alarm": {"result": [196.77073192503303], "stats": [{"ci_99": [192.7188894310966, 200.82257441896945], "q_25": 196.73021350009367, "q_75": 196.8112503499724, "min": 196.6896950751543, "max": 196.85176877491176, "mean": 196.77073192503303, "std": 0.08103684987872839, "repeat": 2, "number": 1}]}, "parameter_learning.TimeBayesianEstimator.time_alarm_bayesian_estimator": null, "parameter_learning.TimeBayesianEstimator.time_munin_bayesian_estimator": null, "parameter_learning.TimeExpectationMaximization.time_alarm_em": null, "parameter_learning.TimeExpectationMaximization.time_munin_em": null, "parameter_learning.TimeMLE.time_alarm_mle": null, "parameter_learning.TimeMLE.time_munin_mle": null, "structure_learning.TimeHillClimbAlarmModel.time_hillclimb": null, "structure_learning.TimeMmhcAlarmModel.time_mmhc": null, "structure_learning.TimePCAlarmModel.time_pc_orig": null, "structure_learning.TimePCAlarmModel.time_pc_stable": null, "structure_learning.TimeTreeSearchAlarmModel.time_tan": null}, "params": {"arch": "x86_64", "cpu": "Intel(R) Core(TM) i9-9820X CPU @ 3.30GHz", "machine": "graveyard", "num_cpu": "20", "os": "Linux 4.15.0-112-generic", "ram": "131688676", "python": "3.8"}, "requirements": {}, "commit_hash": "8b8511c1534023324047f80a38a0a2d107c47189", "date": 1607809717000, "env_name": "conda-py3.8", "python": "3.8", "profiles": {}, "started_at": {"factor.TimeDiscreteFactor.time_factor_marginalize": 1654242613078, "factor.TimeDiscreteFactor.time_factor_multiply_large": 1654242613284, "factor.TimeDiscreteFactor.time_factor_reduce": 1654242613491, "import.TimeImport.time_import": 1654242613698, "readwrite.TimeRead.time_asia_read": 1654243027467, "readwrite.TimeRead.time_asia_write": 1654243052442, "readwrite.TimeRead.time_munin_read": 1654243077268, "readwrite.TimeRead.time_munin_write": 1654243114476, "readwrite.TimeRead.time_pathfinder_read": 1654243139201, "readwrite.TimeRead.time_pathfinder_write": 1654243176862, "sampling.TimeSampling.time_forward_sample": 1654242004876, "sampling.TimeSampling.time_gibbs_sampling": 1654242005233, "sampling.TimeSampling.time_likelihood_sample": 1654243201638, "sampling.TimeSampling.time_rejection_sample": 1654242610727, "structure_learning.TimeHillClimb.time_hillclimb": 1610308087792, "structure_learning.TimePC.time_pc_orig": 1610308648982, "structure_learning.TimePC.time_pc_stable": 1610308728033, "inference.TimeVariableElimination.time_query_alarm": 1654243008387,