{"results": {"factor.TimeDiscreteFactor.time_factor_marginalize": {"result": [6.84219825116894e-05], "stats": [{"ci_99": [6.754601763302012e-05, 7.121128478099274e-05], "q_25": 6.813123156139745e-05, "q_75": 6.878643688639697e-05, "min": 6.754601763302012e-05, "max": 7.121128478099274e-05, "mean": 6.872042276766859e-05, "std": 1.0981186583344216e-06, "repeat": 10, "number": 158}]}, "factor.TimeDiscreteFactor.time_factor_multiply_large": {"result": [5.739279055733824e-05], "stats": [{"ci_99": [5.564693605802098e-05, 5.823590085317528e-05], "q_25": 5.618379835568653e-05, "q_75": 5.8099234354544865e-05, "min": 5.564693605802098e-05, "max": 5.823590085317528e-05, "mean": 5.7127374310881055e-05, "std": 1.0300995196710385e-06, "repeat": 10, "number": 183}]}, "factor.TimeDiscreteFactor.time_factor_reduce": {"result": [3.444578285233893e-05], "stats": [{"ci_99": [3.3263613011445794e-05, 3.511834912717158e-05], "q_25": 3.363024847057213e-05, "q_75": 3.477982130051582e-05, "min": 3.3263613011445794e-05, "max": 3.511834912717158e-05, "mean": 3.42475326772168e-05, "std": 6.322478931849567e-07, "repeat": 10, "number": 323}]}, "import.TimeImport.time_import": {"result": [1.3239852295018542e-07], "stats": [{"ci_99": [1.2896261136801594e-07, 1.3523325085961386e-07], "q_25": 1.3032748757376944e-07, "q_75": 1.3395339149559302e-07, "min": 1.2896261136801594e-07, "max": 1.3523325085961386e-07, "mean": 1.3221475915286604e-07, "std": 2.173421625115861e-09, "repeat": 10, "number": 80108}]}, "readwrite.TimeRead.time_asia_read": {"result": [0.17439453047700226], "stats": [{"ci_99": [0.09304745006375015, 0.2557416108902543], "q_25": 0.17358105967286974, "q_75": 0.17520800128113478, "min": 0.17276758886873722, "max": 0.1760214720852673, "mean": 0.17439453047700226, "std": 0.0016269416082650423, "repeat": 2, "number": 1}]}, "readwrite.TimeRead.time_asia_write": {"result": [0.0005176469022708554], "stats": [{"ci_99": [-0.0018718436720871153, 0.002907137476628824], "q_25": 0.0004937519965272757, "q_75": 0.0005415418080144351, "min": 0.000469857090783696, "max": 0.0005654367137580148, "mean": 0.0005176469022708554, "std": 4.778981148715941e-05, "repeat": 2, "number": 62}]}, "readwrite.TimeRead.time_munin_read": {"result": [5.867809170624241], "stats": [{"ci_99": [3.3996519951615483, 8.335966346086932], "q_25": 5.843127598869614, "q_75": 5.892490742378868, "min": 5.818446027114987, "max": 5.917172314133495, "mean": 5.867809170624241, "std": 0.04936314350925386, "repeat": 2, "number": 1}]}, "readwrite.TimeRead.time_munin_write": {"result": [0.043180504348129034], "stats": [{"ci_99": [0.040158618707209826, 0.04620238998904824], "q_25": 0.04315028549171984, "q_75": 0.043210723204538226, "min": 0.04312006663531065, "max": 0.04324094206094742, "mean": 0.043180504348129034, "std": 6.043771281838417e-05, "repeat": 2, "number": 1}]}, "readwrite.TimeRead.time_pathfinder_read": {"result": [6.588971542660147], "stats": [{"ci_99": [6.473563259933144, 6.70437982538715], "q_25": 6.587817459832877, "q_75": 6.590125625487417, "min": 6.586663377005607, "max": 6.591279708314687, "mean": 6.588971542660147, "std": 0.002308165654540062, "repeat": 2, "number": 1}]}, "readwrite.TimeRead.time_pathfinder_write": {"result": [0.026136129861697555], "stats": [{"ci_99": [0.011191534111276269, 0.041080725612118826], "q_25": 0.02598668390419334, "q_75": 0.026285575819201767, "min": 0.02583723794668913, "max": 0.02643502177670598, "mean": 0.026136129861697555, "std": 0.0002988919150084257, "repeat": 2, "number": 1}]}, "sampling.TimeSampling.time_forward_sample": {"result": [0.6297701725270599], "stats": [{"ci_99": [0.6231216038577259, 0.6344023202545941], "q_25": 0.629027750575915, "q_75": 0.6302647955017164, "min": 0.6231216038577259, "max": 0.6344023202545941, "mean": 0.6290853673592209, "std": 0.002975056097850954, "repeat": 10, "number": 1}]}, "sampling.TimeSampling.time_gibbs_sampling": null, "sampling.TimeSampling.time_likelihood_sample": {"result": [0.6652457127347589], "stats": [{"ci_99": [0.6620899951085448, 0.722889771219343], "q_25": 0.663082028273493, "q_75": 0.6666941719595343, "min": 0.6620899951085448, "max": 0.722889771219343, "mean": 0.6711566143669188, "std": 0.017526992641465854, "repeat": 10, "number": 1}]}, "sampling.TimeSampling.time_rejection_sample": {"result": [95.47840721951798], "stats": [{"ci_99": [61.004570378456265, 129.95224406057966], "q_25": 95.13366885110736, "q_75": 95.8231455879286, "min": 94.78893048269674, "max": 96.16788395633921, "mean": 95.47840721951798, "std": 0.6894767368212342, "repeat": 2, "number": 1}]}, "structure_learning.TimeHillClimb.time_hillclimb": null, "structure_learning.TimePC.time_pc_orig": {"result": [39.612513478146866], "stats": [{"ci_99": [31.599893083563074, 47.62513387273065], "q_25": 39.53238727420103, "q_75": 39.692639682092704, "min": 39.45226107025519, "max": 39.77276588603854, "mean": 39.612513478146866, "std": 0.16025240789167583, "repeat": 2, "number": 1}]}, "structure_learning.TimePC.time_pc_stable": {"result": [43.85859212069772], "stats": [{"ci_99": [36.19518919312395, 51.521995048271485], "q_25": 43.781958091421984, "q_75": 43.93522614997346, "min": 43.705324062146246, "max": 44.0118601792492, "mean": 43.85859212069772, "std": 0.1532680585514754, "repeat": 2, "number": 1}]}, "inference.TimeVariableElimination.time_query_alarm": {"result": [0.11258294666185975], "stats": [{"ci_99": [0.11190887511692939, 0.1135042815563828], "q_25": 0.11246352922171354, "q_75": 0.1128259957768023, "min": 0.11245737969875336, "max": 0.11320304032415152, "mean": 0.1127065783366561, "std": 0.0003027764665769542, "repeat": 4, "number": 1}]}, "inference.TimeVariableElimination.time_query_munin": null}, "params": {"arch": "x86_64", "cpu": "Intel(R) Core(TM) i9-9820X CPU @ 3.30GHz", "machine": "graveyard", "num_cpu": "20", "os": "Linux 4.15.0-112-generic", "ram": "131688676", "python": "3.6"}, "requirements": {}, "commit_hash": "8b8511c1534023324047f80a38a0a2d107c47189", "date": 1607809717000, "env_name": "conda-py3.6", "python": "3.6", "profiles": {}, "started_at": {"factor.TimeDiscreteFactor.time_factor_marginalize": 1610304812717, "factor.TimeDiscreteFactor.time_factor_multiply_large": 1610304812925, "factor.TimeDiscreteFactor.time_factor_reduce": 1610304813133, "import.TimeImport.time_import": 1610304813340, "readwrite.TimeRead.time_asia_read": 1610304813547, "readwrite.TimeRead.time_asia_write": 1610304840721, "readwrite.TimeRead.time_munin_read": 1610304867737, "readwrite.TimeRead.time_munin_write": 1610304908188, "readwrite.TimeRead.time_pathfinder_read": 1610304935356, "readwrite.TimeRead.time_pathfinder_write": 1610304976315, "sampling.TimeSampling.time_forward_sample": 1610305003383, "sampling.TimeSampling.time_gibbs_sampling": 1610303820402, "sampling.TimeSampling.time_likelihood_sample": 1610305008555, "sampling.TimeSampling.time_rejection_sample": 1610305013975, "structure_learning.TimeHillClimb.time_hillclimb": 1610304617986, "structure_learning.TimePC.time_pc_orig": 1610305205322, "structure_learning.TimePC.time_pc_stable": 1610305297993, "inference.TimeVariableElimination.time_query_alarm": 1618081532276, "inference.TimeVariableElimination.time_query_munin": 1618081472206}, "ended_at": {"factor.TimeDiscreteFactor.time_factor_marginalize": 1610304812925, "factor.TimeDiscreteFactor.time_factor_multiply_large": 1610304813132, "factor.TimeDiscreteFactor.time_factor_reduce": 1610304813340, "import.TimeImport.time_import": 1610304813547, "readwrite.TimeRead.time_asia_read": 1610304840720, "readwrite.TimeRead.time_asia_write": 1610304867737, "readwrite.TimeRead.time_munin_read": 1610304908188, "readwrite.TimeRead.time_munin_write": 1610304935356, "readwrite.TimeRead.time_pathfinder_read": 1610304976315, "readwrite.TimeRead.time_pathfinder_write": 1610305003383, "sampling.TimeSampling.time_forward_sample": 1610305008554, "sampling.TimeSampling.time_gibbs_sampling": 1610304420650, "sampling.TimeSampling.time_likelihood_sample": 1610305013974,