{"results": {"factor.TimeDiscreteFactor.time_factor_compare": {"result": [7.135559810905268e-05], "stats": [{"ci_99": [7.105470690506183e-05, 7.165681003340032e-05], "q_25": 7.123967928700889e-05, "q_75": 7.143562708962832e-05, "min": 7.105470690506183e-05, "max": 7.165681003340032e-05, "mean": 7.134803527633086e-05, "std": 1.8625409099108504e-07, "repeat": 10, "number": 151}]}, "factor.TimeDiscreteFactor.time_factor_marginalize": {"result": [6.16279906931926e-05], "stats": [{"ci_99": [6.121460517699069e-05, 6.20296923443675e-05], "q_25": 6.130201985466887e-05, "q_75": 6.171501908366653e-05, "min": 6.121460517699069e-05, "max": 6.20296923443675e-05, "mean": 6.156879244372249e-05, "std": 2.7500220116842636e-07, "repeat": 10, "number": 176}]}, "factor.TimeDiscreteFactor.time_factor_multiply_large": {"result": [5.185217640110265e-05], "stats": [{"ci_99": [5.1372928248944685e-05, 5.237038343030716e-05], "q_25": 5.171402296591028e-05, "q_75": 5.214009216386024e-05, "min": 5.1372928248944685e-05, "max": 5.237038343030716e-05, "mean": 5.190436092910365e-05, "std": 3.0423780030233326e-07, "repeat": 10, "number": 214}]}, "factor.TimeDiscreteFactor.time_factor_reduce": {"result": [2.9891404172395193e-05], "stats": [{"ci_99": [2.9623331554109157e-05, 3.0321776658796066e-05], "q_25": 2.975667847643018e-05, "q_75": 3.008948972022067e-05, "min": 2.9623331554109157e-05, "max": 3.0321776658796066e-05, "mean": 2.9927903692649063e-05, "std": 2.268803710018231e-07, "repeat": 10, "number": 358}]}, "import.TimeImport.time_import": {"result": [1.263611846658645e-07], "stats": [{"ci_99": [1.2607865399418773e-07, 1.2754918798456732e-07], "q_25": 1.262459477638052e-07, "q_75": 1.2645235112391248e-07, "min": 1.2607865399418773e-07, "max": 1.2754918798456732e-07, "mean": 1.2653595561350116e-07, "std": 4.845880891750443e-10, "repeat": 10, "number": 83477}]}, "inference.TimeBeliefPropagation.time_query_alarm": null, "inference.TimeVariableElimination.time_query_alarm": null, "inference.TimeVariableElimination.time_query_munin": null, "parameter_learning.TimeBayesianEstimator.time_alarm_bayesian_estimator": null, "parameter_learning.TimeBayesianEstimator.time_munin_bayesian_estimator": null, "parameter_learning.TimeExpectationMaximization.time_alarm_em": null, "parameter_learning.TimeExpectationMaximization.time_munin_em": null, "parameter_learning.TimeMLE.time_alarm_mle": null, "parameter_learning.TimeMLE.time_munin_mle": null, "readwrite.TimeRead.time_asia_read": null, "readwrite.TimeRead.time_asia_write": null, "readwrite.TimeRead.time_munin_read": null, "readwrite.TimeRead.time_munin_write": null, "readwrite.TimeRead.time_pathfinder_read": null, "readwrite.TimeRead.time_pathfinder_write": null, "sampling.TimeSampling.time_forward_sample": null, "sampling.TimeSampling.time_gibbs_sampling": null, "sampling.TimeSampling.time_likelihood_sample": null, "sampling.TimeSampling.time_rejection_sample": null, "structure_learning.TimeHillClimbAlarmModel.time_hillclimb": null, "structure_learning.TimeMmhcAlarmModel.time_mmhc": null, "structure_learning.TimePCAlarmModel.time_pc_orig": null, "structure_learning.TimePCAlarmModel.time_pc_stable": null, "structure_learning.TimeTreeSearchAlarmModel.time_tan": null}, "params": {"arch": "x86_64", "cpu": "Intel(R) Core(TM) i9-9820X CPU @ 3.30GHz", "machine": "graveyard", "num_cpu": "20", "os": "Linux 4.15.0-112-generic", "ram": "131688676", "python": "3.7"}, "requirements": {}, "commit_hash": "8bf1fc92d6660b92d2ffb4c1f1a588f38f034372", "date": 1592038356000, "env_name": "conda-py3.7", "python": "3.7", "profiles": {}, "started_at": {"factor.TimeDiscreteFactor.time_factor_compare": 1654470645333, "factor.TimeDiscreteFactor.time_factor_marginalize": 1654470645540, "factor.TimeDiscreteFactor.time_factor_multiply_large": 1654470645747, "factor.TimeDiscreteFactor.time_factor_reduce": 1654470645953, "import.TimeImport.time_import": 1654470646159, "inference.TimeBeliefPropagation.time_query_alarm": 1654470643991, "inference.TimeVariableElimination.time_query_alarm": 1654470644046, "inference.TimeVariableElimination.time_query_munin": 1654470644101, "parameter_learning.TimeBayesianEstimator.time_alarm_bayesian_estimator": 1654470644157, "parameter_learning.TimeBayesianEstimator.time_munin_bayesian_estimator": 1654470644213, "parameter_learning.TimeExpectationMaximization.time_alarm_em": 1654470644269, "parameter_learning.TimeExpectationMaximization.time_munin_em": 1654470644325, "parameter_learning.TimeMLE.time_alarm_mle": 1654470644381, "parameter_learning.TimeMLE.time_munin_mle": 1654470644437, "readwrite.TimeRead.time_asia_read": 1654470644493, "readwrite.TimeRead.time_asia_write": 1654470644549, "readwrite.TimeRead.time_munin_read": 1654470644605, "readwrite.TimeRead.time_munin_write": 1654470644661, "readwrite.TimeRead.time_pathfinder_read": 1654470644717, "readwrite.TimeRead.time_pathfinder_write": 1654470644773, "sampling.TimeSampling.time_forward_sample": 1654470644829, "sampling.TimeSampling.time_gibbs_sampling": 1654470644885, "sampling.TimeSampling.time_likelihood_sample": 1654470644941, "sampling.TimeSampling.time_rejection_sample": 1654470644997, "structure_learning.TimeHillClimbAlarmModel.time_hillclimb": 1654470645053, "structure_learning.TimeMmhcAlarmModel.time_mmhc": 1654470645109, "structure_learning.TimePCAlarmModel.time_pc_orig": 1654470645165, "structure_learning.TimePCAlarmModel.time_pc_stable": 1654470645221, "structure_learning.TimeTreeSearchAlarmModel.time_tan": 1654470645277}, "ended_at": {"factor.TimeDiscreteFactor.time_factor_compare": 1654470645540, "factor.TimeDiscreteFactor.time_factor_marginalize": 1654470645746, "factor.TimeDiscreteFactor.time_factor_multiply_large": 1654470645952, "factor.TimeDiscreteFactor.time_factor_reduce": 1654470646159, "import.TimeImport.time_import": 1654470646365, "inference.TimeBeliefPropagation.time_query_alarm": 1654470644046, "inference.TimeVariableElimination.time_query_alarm": 1654470644101, "inference.TimeVariableElimination.time_query_munin": 1654470644157, "parameter_learning.TimeBayesianEstimator.time_alarm_bayesian_estimator": 1654470644213, "parameter_learning.TimeBayesianEstimator.time_munin_bayesian_estimator": 1654470644269, "parameter_learning.TimeExpectationMaximization.time_alarm_em": 1654470644325, "parameter_learning.TimeExpectationMaximization.time_munin_em": 1654470644381, "parameter_learning.TimeMLE.time_alarm_mle": 1654470644437, "parameter_learning.TimeMLE.time_munin_mle": 1654470644493, "readwrite.TimeRead.time_asia_read": 1654470644549, "readwrite.TimeRead.time_asia_write": 1654470644605, "readwrite.TimeRead.time_munin_read": 1654470644661, "readwrite.TimeRead.time_munin_write": 1654470644717, "readwrite.TimeRead.time_pathfinder_read": 1654470644773, "readwrite.TimeRead.time_pathfinder_write": 1654470644829, "sampling.TimeSampling.time_forward_sample": 1654470644885, "sampling.TimeSampling.time_gibbs_sampling": 1654470644941, "sampling.TimeSampling.time_likelihood_sample": 1654470644997, "sampling.TimeSampling.time_rejection_sample": 1654470645053, "structure_learning.TimeHillClimbAlarmModel.time_hillclimb": 1654470645109, "structure_learning.TimeMmhcAlarmModel.time_mmhc": 1654470645165, "structure_learning.TimePCAlarmModel.time_pc_orig": 1654470645221, "structure_learning.TimePCAlarmModel.time_pc_stable": 1654470645277, "structure_learning.TimeTreeSearchAlarmModel.time_tan": 1654470645333}, "benchmark_version": {"factor.TimeDiscreteFactor.time_factor_compare": "95feb42df85ffe5cf519cf4af677309a5cdb891db99ad54b655196c3e1f2e13a", "factor.TimeDiscreteFactor.time_factor_marginalize": "a3ae79cdcf3bcd4bc49df94b3b3d5f93c4126249a9b3cf2481ac381ee836f851", "factor.TimeDiscreteFactor.time_factor_multiply_large": "cfb6b66fddb2953948ffb6566ae101535dd1e8d0fd9af855331f39ef905f4450", "factor.TimeDiscreteFactor.time_factor_reduce": "cb3858b638914f7572792153a60efb4aecbde56d5abf039791451adb0f26c263",