{"results": {"factor.TimeDiscreteFactor.time_factor_marginalize": {"result": [6.0931800491055525e-05], "stats": [{"ci_99": [6.0722558090915785e-05, 6.131541594273626e-05], "q_25": 6.0856176571825806e-05, "q_75": 6.107388506248846e-05, "min": 6.0722558090915785e-05, "max": 6.131541594273626e-05, "mean": 6.098395034586642e-05, "std": 1.8653810852506545e-07, "repeat": 10, "number": 177}]}, "factor.TimeDiscreteFactor.time_factor_multiply_large": {"result": [4.913181801547919e-05], "stats": [{"ci_99": [4.897076185508694e-05, 4.963060598736921e-05], "q_25": 4.901957067539874e-05, "q_75": 4.9261165356823145e-05, "min": 4.897076185508694e-05, "max": 4.963060598736921e-05, "mean": 4.9194957509703704e-05, "std": 2.2042036182779608e-07, "repeat": 10, "number": 223}]}, "factor.TimeDiscreteFactor.time_factor_reduce": {"result": [2.9180087554066077e-05], "stats": [{"ci_99": [2.904808776372153e-05, 2.936761239138634e-05], "q_25": 2.9124376495652225e-05, "q_75": 2.926515805049111e-05, "min": 2.904808776372153e-05, "max": 2.936761239138634e-05, "mean": 2.919369397441978e-05, "std": 9.623564804068605e-08, "repeat": 10, "number": 368}]}, "import.TimeImport.time_import": {"result": [1.3375562136885468e-07], "stats": [{"ci_99": [1.3354099158306933e-07, 1.3459630338488283e-07], "q_25": 1.336544354823882e-07, "q_75": 1.3380890362845906e-07, "min": 1.3354099158306933e-07, "max": 1.3459630338488283e-07, "mean": 1.3381658378903502e-07, "std": 2.8093736875269527e-10, "repeat": 10, "number": 81295}]}, "inference.TimeVariableElimination.time_query_alarm": {"result": [0.11075940914452076], "stats": [{"ci_99": [0.10826303867857942, 0.11297160235930195], "q_25": 0.1100317700766027, "q_75": 0.11134495958685875, "min": 0.10946156457066536, "max": 0.11148889921605587, "mean": 0.11061732051894069, "std": 0.0008236752726355688, "repeat": 4, "number": 1}]}, "inference.TimeVariableElimination.time_query_munin": {"result": [0.4974013613536954], "stats": [{"ci_99": [0.4811671412106248, 0.5150085698325542], "q_25": 0.4923745999112725, "q_75": 0.5031146169640124, "min": 0.49233795143663883, "max": 0.5052107479423285, "mean": 0.4980878555215895, "std": 0.0058101392135532426, "repeat": 4, "number": 1}]}, "readwrite.TimeRead.time_asia_read": {"result": [0.008488461840897799], "stats": [{"ci_99": [0.004991508554667234, 0.01198541512712836], "q_25": 0.008453492308035493, "q_75": 0.008523431373760104, "min": 0.008418522775173187, "max": 0.00855840090662241, "mean": 0.008488461840897799, "std": 6.993906572461128e-05, "repeat": 2, "number": 2}]}, "readwrite.TimeRead.time_asia_write": {"result": [0.0005842188701910131], "stats": [{"ci_99": [-7.107475882067314e-05, 0.001239512499202699], "q_25": 0.0005776659339008963, "q_75": 0.00059077180648113, "min": 0.0005711129976107794, "max": 0.0005973247427712468, "mean": 0.0005842188701910131, "std": 1.3105872580233726e-05, "repeat": 2, "number": 68}]}, "readwrite.TimeRead.time_munin_read": {"result": [5.073749226517975], "stats": [{"ci_99": [4.951352904550731, 5.1961455484852195], "q_25": 5.072525263298303, "q_75": 5.074973189737648, "min": 5.0713013000786304, "max": 5.07619715295732, "mean": 5.073749226517975, "std": 0.002447926439344883, "repeat": 2, "number": 1}]}, "readwrite.TimeRead.time_munin_write": {"result": [0.041184828616678715], "stats": [{"ci_99": [0.013505502603948116, 0.06886415462940929], "q_25": 0.04090803535655141, "q_75": 0.04146162187680602, "min": 0.0406312420964241, "max": 0.04173841513693333, "mean": 0.041184828616678715, "std": 0.000553586520254612, "repeat": 2, "number": 1}]}, "readwrite.TimeRead.time_pathfinder_read": {"result": [5.653065209276974], "stats": [{"ci_99": [5.586800909601152, 5.7193295089527965], "q_25": 5.652402566280216, "q_75": 5.653727852273732, "min": 5.651739923283458, "max": 5.654390495270491, "mean": 5.653065209276974, "std": 0.0013252859935164452, "repeat": 2, "number": 1}]}, "readwrite.TimeRead.time_pathfinder_write": {"result": [0.026419696398079395], "stats": [{"ci_99": [0.01961121615022421, 0.033228176645934575], "q_25": 0.026351611595600843, "q_75": 0.026487781200557947, "min": 0.02628352679312229, "max": 0.0265558660030365, "mean": 0.026419696398079395, "std": 0.00013616960495710373, "repeat": 2, "number": 1}]}, "sampling.TimeSampling.time_forward_sample": null, "sampling.TimeSampling.time_gibbs_sampling": null, "sampling.TimeSampling.time_likelihood_sample": {"result": [0.20677593350410461], "stats": [{"ci_99": [0.2049501407891512, 0.20767966285347939], "q_25": 0.20620599016547203, "q_75": 0.20739738876000047, "min": 0.2049501407891512, "max": 0.20767966285347939, "mean": 0.20666944608092308, "std": 0.0008228620770332868, "repeat": 10, "number": 1}]}, "sampling.TimeSampling.time_rejection_sample": null, "structure_learning.TimeHillClimb.time_hillclimb": null, "structure_learning.TimePC.time_pc_orig": {"result": [40.28276260010898], "stats": [{"ci_99": [18.774260664358735, 61.79126453585921], "q_25": 40.06767758075148, "q_75": 40.497847619466484, "min": 39.852592561393976, "max": 40.712932638823986, "mean": 40.28276260010898, "std": 0.4301700387150049, "repeat": 2, "number": 1}]}, "structure_learning.TimePC.time_pc_stable": {"result": [39.995452646166086], "stats": [{"ci_99": [32.617336209863424, 47.37356908246874], "q_25": 39.92167148180306, "q_75": 40.06923381052911, "min": 39.84789031744003, "max": 40.14301497489214, "mean": 39.995452646166086, "std": 0.14756232872605324, "repeat": 2, "number": 1}]}, "factor.TimeDiscreteFactor.time_factor_compare": {"result": [6.269222964145984e-05], "stats": [{"ci_99": [6.249304098343988e-05, 6.317818940382952e-05], "q_25": 6.254655390716435e-05, "q_75": 6.283224936117206e-05, "min": 6.249304098343988e-05, "max": 6.317818940382952e-05, "mean": 6.273741566995431e-05, "std": 2.239557466941507e-07, "repeat": 10, "number": 171}]}, "inference.TimeBeliefPropagation.time_query_alarm": {"result": [118.97331407666206], "stats": [{"ci_99": [114.91989191994071, 123.02673623338342], "q_25": 118.93277985509485, "q_75": 119.01384829822928, "min": 118.89224563352764, "max": 119.05438251979649, "mean": 118.97331407666206, "std": 0.08106844313442707, "repeat": 2, "number": 1}]}, "parameter_learning.TimeBayesianEstimator.time_alarm_bayesian_estimator": null, "parameter_learning.TimeBayesianEstimator.time_munin_bayesian_estimator": null, "parameter_learning.TimeExpectationMaximization.time_alarm_em": null, "parameter_learning.TimeExpectationMaximization.time_munin_em": null, "parameter_learning.TimeMLE.time_alarm_mle": null, "parameter_learning.TimeMLE.time_munin_mle": null, "structure_learning.TimeHillClimbAlarmModel.time_hillclimb": null, "structure_learning.TimeMmhcAlarmModel.time_mmhc": null, "structure_learning.TimePCAlarmModel.time_pc_orig": null, "structure_learning.TimePCAlarmModel.time_pc_stable": null, "structure_learning.TimeTreeSearchAlarmModel.time_tan": null}, "params": {"arch": "x86_64", "cpu": "Intel(R) Core(TM) i9-9820X CPU @ 3.30GHz", "machine": "graveyard", "num_cpu": "20", "os": "Linux 4.15.0-112-generic", "ram": "131688676", "python": "3.8"}, "requirements": {}, "commit_hash": "90da63c884bcbd94a6eb05534a9f203269bf8288", "date": 1625324483000, "env_name": "conda-py3.8", "python": "3.8", "profiles": {}, "started_at": {"factor.TimeDiscreteFactor.time_factor_marginalize": 1653935404221, "factor.TimeDiscreteFactor.time_factor_multiply_large": 1653935404428, "factor.TimeDiscreteFactor.time_factor_reduce": 1653935404634, "import.TimeImport.time_import": 1653935404841, "inference.TimeVariableElimination.time_query_alarm": 1653935643455, "inference.TimeVariableElimination.time_query_munin": 1653935661264, "readwrite.TimeRead.time_asia_read": 1653935680277, "readwrite.TimeRead.time_asia_write": 1653935703648, "readwrite.TimeRead.time_munin_read": 1653935727019, "readwrite.TimeRead.time_munin_write": 1653935762171, "readwrite.TimeRead.time_pathfinder_read": 1653935785491, "readwrite.TimeRead.time_pathfinder_write": 1653935820895,