{"results": {"factor.TimeDiscreteFactor.time_factor_marginalize": {"result": [6.128844997569836e-05], "stats": [{"ci_99": [6.087168052209822e-05, 6.237554275456754e-05], "q_25": 6.112616051342235e-05, "q_75": 6.13307965367866e-05, "min": 6.087168052209822e-05, "max": 6.237554275456754e-05, "mean": 6.131431576925948e-05, "std": 3.8941321527686416e-07, "repeat": 10, "number": 179}]}, "factor.TimeDiscreteFactor.time_factor_multiply_large": {"result": [5.188450094819629e-05], "stats": [{"ci_99": [5.12625042681403e-05, 5.241231599324186e-05], "q_25": 5.1785422217957855e-05, "q_75": 5.194102741882834e-05, "min": 5.12625042681403e-05, "max": 5.241231599324186e-05, "mean": 5.183304384560652e-05, "std": 2.9473179671510714e-07, "repeat": 10, "number": 213}]}, "factor.TimeDiscreteFactor.time_factor_reduce": {"result": [2.981269887338082e-05], "stats": [{"ci_99": [2.9602817570169766e-05, 3.0072607720891635e-05], "q_25": 2.9701887009044488e-05, "q_75": 2.9981426066822475e-05, "min": 2.9602817570169766e-05, "max": 3.0072607720891635e-05, "mean": 2.983067288166947e-05, "std": 1.621830844655818e-07, "repeat": 10, "number": 360}]}, "import.TimeImport.time_import": {"result": [1.2583297296166469e-07], "stats": [{"ci_99": [1.2572033458408685e-07, 1.2671383501864247e-07], "q_25": 1.2573556170438456e-07, "q_75": 1.260221646422852e-07, "min": 1.2572033458408685e-07, "max": 1.2671383501864247e-07, "mean": 1.25947943958312e-07, "std": 3.0267781948988546e-10, "repeat": 10, "number": 85841}]}, "inference.TimeVariableElimination.time_query_alarm": {"result": [0.049087692983448505], "stats": [{"ci_99": [0.047535844951740965, 0.05060718407494618], "q_25": 0.048570087645202875, "q_75": 0.0495891198515892, "min": 0.04850164242088795, "max": 0.04960902966558933, "mean": 0.04907151451334357, "std": 0.0005253177695692208, "repeat": 4, "number": 1}]}, "inference.TimeVariableElimination.time_query_munin": {"result": [0.5049034124240279], "stats": [{"ci_99": [0.4807601556214317, 0.5394798215446249], "q_25": 0.503306161146611, "q_75": 0.5117172398604453, "min": 0.5001182034611702, "max": 0.5305549260228872, "mean": 0.5101199885830283, "std": 0.011964732539985194, "repeat": 4, "number": 1}]}, "readwrite.TimeRead.time_asia_read": {"result": [0.008609887678176165], "stats": [{"ci_99": [0.007959335576742887, 0.009260439779609442], "q_25": 0.008603382157161832, "q_75": 0.008616393199190497, "min": 0.008596876636147499, "max": 0.00862289872020483, "mean": 0.008609887678176165, "std": 1.3011042028665543e-05, "repeat": 2, "number": 2}]}, "readwrite.TimeRead.time_asia_write": {"result": [0.0005996409479690635], "stats": [{"ci_99": [0.00019685068316217612, 0.0010024312127759505], "q_25": 0.0005956130453209946, "q_75": 0.0006036688506171324, "min": 0.0005915851426729257, "max": 0.0006076967532652012, "mean": 0.0005996409479690635, "std": 8.055805296137747e-06, "repeat": 2, "number": 69}]}, "readwrite.TimeRead.time_munin_read": {"result": [5.21052975859493], "stats": [{"ci_99": [4.8172440165653825, 5.603815500624478], "q_25": 5.206596901174635, "q_75": 5.214462616015226, "min": 5.202664043754339, "max": 5.218395473435521, "mean": 5.21052975859493, "std": 0.007865714840590954, "repeat": 2, "number": 1}]}, "readwrite.TimeRead.time_munin_write": {"result": [0.0415155403316021], "stats": [{"ci_99": [0.03899268060922623, 0.044038400053977966], "q_25": 0.04149031173437834, "q_75": 0.041540768928825855, "min": 0.04146508313715458, "max": 0.041565997526049614, "mean": 0.0415155403316021, "std": 5.0457194447517395e-05, "repeat": 2, "number": 1}]}, "readwrite.TimeRead.time_pathfinder_read": {"result": [5.832371344789863], "stats": [{"ci_99": [4.986096216365695, 6.678646473214029], "q_25": 5.823908593505621, "q_75": 5.840834096074104, "min": 5.815445842221379, "max": 5.849296847358346, "mean": 5.832371344789863, "std": 0.016925502568483353, "repeat": 2, "number": 1}]}, "readwrite.TimeRead.time_pathfinder_write": {"result": [0.026332263834774494], "stats": [{"ci_99": [0.01920378115028143, 0.03346074651926755], "q_25": 0.026260979007929564, "q_75": 0.026403548661619425, "min": 0.026189694181084633, "max": 0.026474833488464355, "mean": 0.026332263834774494, "std": 0.0001425696536898613, "repeat": 2, "number": 1}]}, "sampling.TimeSampling.time_forward_sample": null, "sampling.TimeSampling.time_gibbs_sampling": null, "sampling.TimeSampling.time_likelihood_sample": {"result": [0.21230092272162437], "stats": [{"ci_99": [0.21117760054767132, 0.21516352333128452], "q_25": 0.2116393051110208, "q_75": 0.21284416364505887, "min": 0.21117760054767132, "max": 0.21516352333128452, "mean": 0.21240474916994573, "std": 0.0011034147599783542, "repeat": 10, "number": 1}]}, "sampling.TimeSampling.time_rejection_sample": null, "structure_learning.TimeHillClimb.time_hillclimb": null, "structure_learning.TimePC.time_pc_orig": {"result": [34.180739756673574], "stats": [{"ci_99": [33.393866524100304, 34.967612989246845], "q_25": 34.17287102434784, "q_75": 34.18860848899931, "min": 34.16500229202211, "max": 34.19647722132504, "mean": 34.180739756673574, "std": 0.015737464651465416, "repeat": 2, "number": 1}]}, "structure_learning.TimePC.time_pc_stable": {"result": [35.055915888398886], "stats": [{"ci_99": [-1.5541353560984135, 71.66596713289616], "q_25": 34.68981537595391, "q_75": 35.42201640084386, "min": 34.32371486350894, "max": 35.78811691328883, "mean": 35.055915888398886, "std": 0.732201024889946, "repeat": 2, "number": 1}]}, "factor.TimeDiscreteFactor.time_factor_compare": {"result": [6.365121931895702e-05], "stats": [{"ci_99": [6.295952218524098e-05, 6.49561785910962e-05], "q_25": 6.336401927576969e-05, "q_75": 6.39066331573492e-05, "min": 6.295952218524098e-05, "max": 6.49561785910962e-05, "mean": 6.37203212496797e-05, "std": 5.749239250336257e-07, "repeat": 10, "number": 169}]}, "inference.TimeBeliefPropagation.time_query_alarm": {"result": [78.29870018176734], "stats": [{"ci_99": [74.18712940998375, 82.41027095355093], "q_25": 78.25758447404951, "q_75": 78.33981588948518, "min": 78.21646876633167, "max": 78.38093159720302, "mean": 78.29870018176734, "std": 0.0822314154356718, "repeat": 2, "number": 1}]}, "parameter_learning.TimeBayesianEstimator.time_alarm_bayesian_estimator": null, "parameter_learning.TimeBayesianEstimator.time_munin_bayesian_estimator": null, "parameter_learning.TimeExpectationMaximization.time_alarm_em": null, "parameter_learning.TimeExpectationMaximization.time_munin_em": null, "parameter_learning.TimeMLE.time_alarm_mle": null, "parameter_learning.TimeMLE.time_munin_mle": null, "structure_learning.TimeHillClimbAlarmModel.time_hillclimb": null, "structure_learning.TimeMmhcAlarmModel.time_mmhc": null, "structure_learning.TimePCAlarmModel.time_pc_orig": null, "structure_learning.TimePCAlarmModel.time_pc_stable": null, "structure_learning.TimeTreeSearchAlarmModel.time_tan": null}, "params": {"arch": "x86_64", "cpu": "Intel(R) Core(TM) i9-9820X CPU @ 3.30GHz", "machine": "graveyard", "num_cpu": "20", "os": "Linux 4.15.0-112-generic", "ram": "131688676", "python": "3.7"}, "requirements": {}, "commit_hash": "90da63c884bcbd94a6eb05534a9f203269bf8288", "date": 1625324483000, "env_name": "conda-py3.7", "python": "3.7", "profiles": {}, "started_at": {"factor.TimeDiscreteFactor.time_factor_marginalize": 1653933991867, "factor.TimeDiscreteFactor.time_factor_multiply_large": 1653933992074, "factor.TimeDiscreteFactor.time_factor_reduce": 1653933992280, "import.TimeImport.time_import": 1653933992487, "inference.TimeVariableElimination.time_query_alarm": 1653934149111, "inference.TimeVariableElimination.time_query_munin": 1653934167223, "readwrite.TimeRead.time_asia_read": 1653934186586, "readwrite.TimeRead.time_asia_write": 1653934210359, "readwrite.TimeRead.time_munin_read": 1653934234182, "readwrite.TimeRead.time_munin_write": 1653934270187, "readwrite.TimeRead.time_pathfinder_read": 1653934294010, "readwrite.TimeRead.time_pathfinder_write": 1653934330313, "sampling.TimeSampling.time_forward_sample": 1653933388535,