{"results": {"factor.TimeDiscreteFactor.time_factor_compare": {"result": [6.030579208440724e-05], "stats": [{"ci_99": [6.012530953046822e-05, 6.202861134495054e-05], "q_25": 6.019137799739837e-05, "q_75": 6.0585080756850185e-05, "min": 6.012530953046822e-05, "max": 6.202861134495054e-05, "mean": 6.060995538497255e-05, "std": 6.472246893498887e-07, "repeat": 10, "number": 168}]}, "factor.TimeDiscreteFactor.time_factor_marginalize": {"result": [6.388581412680009e-05], "stats": [{"ci_99": [6.323280360768823e-05, 6.462877944988363e-05], "q_25": 6.344859378741067e-05, "q_75": 6.438286372405641e-05, "min": 6.323280360768823e-05, "max": 6.462877944988363e-05, "mean": 6.39031991800841e-05, "std": 5.111287784112527e-07, "repeat": 10, "number": 170}]}, "factor.TimeDiscreteFactor.time_factor_multiply_large": {"result": [4.640083424136287e-05], "stats": [{"ci_99": [4.5560307983980805e-05, 4.691389374068526e-05], "q_25": 4.602500168820385e-05, "q_75": 4.6647024020308355e-05, "min": 4.5560307983980805e-05, "max": 4.691389374068526e-05, "mean": 4.630773022893022e-05, "std": 4.46031839285444e-07, "repeat": 10, "number": 244}]}, "factor.TimeDiscreteFactor.time_factor_reduce": {"result": [2.580011302749223e-05], "stats": [{"ci_99": [2.5583470384186828e-05, 2.6310229154883837e-05], "q_25": 2.5618652348565833e-05, "q_75": 2.6052254982798666e-05, "min": 2.5583470384186828e-05, "max": 2.6310229154883837e-05, "mean": 2.584865129175454e-05, "std": 2.494214816436324e-07, "repeat": 10, "number": 427}]}, "import.TimeImport.time_import": {"result": [1.1246377947098323e-07], "stats": [{"ci_99": [1.1101955904173928e-07, 1.1347465681161585e-07], "q_25": 1.1186942752099886e-07, "q_75": 1.1293234155219014e-07, "min": 1.1101955904173928e-07, "max": 1.1347465681161585e-07, "mean": 1.1237274190244956e-07, "std": 7.969672878626446e-10, "repeat": 10, "number": 94391}]}, "inference.TimeBeliefPropagation.time_query_alarm": {"result": [55.37496657855809], "stats": [{"ci_99": [54.72845129482448, 56.021481862291694], "q_25": 55.36850142572075, "q_75": 55.38143173139542, "min": 55.362036272883415, "max": 55.38789688423276, "mean": 55.37496657855809, "std": 0.012930305674672127, "repeat": 2, "number": 1}]}, "inference.TimeVariableElimination.time_query_alarm": {"result": [0.04572387132793665], "stats": [{"ci_99": [0.04447954655587134, 0.04695551986843887], "q_25": 0.045327885542064905, "q_75": 0.04611351899802685, "min": 0.045235736295580864, "max": 0.04618665389716625, "mean": 0.045717533212155104, "std": 0.0004240065610401588, "repeat": 4, "number": 1}]}, "inference.TimeVariableElimination.time_query_munin": {"result": [0.46198727563023567], "stats": [{"ci_99": [0.44396911523573135, 0.4787397909975793], "q_25": 0.4562678257934749, "q_75": 0.4670739029534161, "min": 0.4539211429655552, "max": 0.46752211824059486, "mean": 0.46135445311665535, "std": 0.005975940264875312, "repeat": 4, "number": 1}]}, "parameter_learning.TimeBayesianEstimator.time_alarm_bayesian_estimator": null, "parameter_learning.TimeBayesianEstimator.time_munin_bayesian_estimator": null, "parameter_learning.TimeExpectationMaximization.time_alarm_em": null, "parameter_learning.TimeExpectationMaximization.time_munin_em": null, "parameter_learning.TimeMLE.time_alarm_mle": null, "parameter_learning.TimeMLE.time_munin_mle": null, "readwrite.TimeRead.time_asia_read": {"result": [0.008907123934477568], "stats": [{"ci_99": [0.008658390957862139, 0.009155856911092997], "q_25": 0.008904636604711413, "q_75": 0.008909611264243722, "min": 0.008902149274945259, "max": 0.008912098594009876, "mean": 0.008907123934477568, "std": 4.9746595323085785e-06, "repeat": 2, "number": 2}]}, "readwrite.TimeRead.time_asia_write": {"result": [0.0005587202926667837], "stats": [{"ci_99": [-0.0014887762685807868, 0.0026062168539143517], "q_25": 0.000538245327054308, "q_75": 0.0005791952582792593, "min": 0.0005177703614418323, "max": 0.0005996702238917351, "mean": 0.0005587202926667837, "std": 4.09499312249514e-05, "repeat": 2, "number": 78}]}, "readwrite.TimeRead.time_munin_read": {"result": [4.912733155302703], "stats": [{"ci_99": [4.742633466608822, 5.082832843996584], "q_25": 4.911032158415765, "q_75": 4.914434152189642, "min": 4.909331161528826, "max": 4.916135149076581, "mean": 4.912733155302703, "std": 0.0034019937738776207, "repeat": 2, "number": 1}]}, "readwrite.TimeRead.time_munin_write": {"result": [0.03491294477134943], "stats": [{"ci_99": [0.027095376513898373, 0.04273051302880048], "q_25": 0.03483476908877492, "q_75": 0.03499112045392394, "min": 0.03475659340620041, "max": 0.03506929613649845, "mean": 0.03491294477134943, "std": 0.00015635136514902115, "repeat": 2, "number": 1}]}, "readwrite.TimeRead.time_pathfinder_read": {"result": [5.474194140173495], "stats": [{"ci_99": [5.068390398286283, 5.879997882060707], "q_25": 5.470136102754623, "q_75": 5.478252177592367, "min": 5.466078065335751, "max": 5.482310215011239, "mean": 5.474194140173495, "std": 0.008116074837744236, "repeat": 2, "number": 1}]}, "readwrite.TimeRead.time_pathfinder_write": {"result": [0.020930147729814053], "stats": [{"ci_99": [0.019166176207363605, 0.0226941192522645], "q_25": 0.020912508014589548, "q_75": 0.020947787445038557, "min": 0.020894868299365044, "max": 0.02096542716026306, "mean": 0.020930147729814053, "std": 3.527943044900894e-05, "repeat": 2, "number": 1}]}, "sampling.TimeSampling.time_forward_sample": null, "sampling.TimeSampling.time_gibbs_sampling": null, "sampling.TimeSampling.time_likelihood_sample": {"result": [0.22444653511047363], "stats": [{"ci_99": [0.2234429307281971, 0.2253799643367529], "q_25": 0.2240605540573597, "q_75": 0.2252179803326726, "min": 0.2234429307281971, "max": 0.2253799643367529, "mean": 0.22452878709882498, "std": 0.0006679485555492699, "repeat": 10, "number": 1}]}, "sampling.TimeSampling.time_rejection_sample": null, "structure_learning.TimeHillClimbAlarmModel.time_hillclimb": null, "structure_learning.TimeMmhcAlarmModel.time_mmhc": null, "structure_learning.TimePCAlarmModel.time_pc_orig": null, "structure_learning.TimePCAlarmModel.time_pc_stable": null, "structure_learning.TimeTreeSearchAlarmModel.time_tan": null}, "params": {"arch": "x86_64", "cpu": "Intel(R) Core(TM) i9-9820X CPU @ 3.30GHz", "machine": "graveyard", "num_cpu": "20", "os": "Linux 4.15.0-112-generic", "ram": "131688676", "python": "3.9"}, "requirements": {}, "commit_hash": "90da63c884bcbd94a6eb05534a9f203269bf8288", "date": 1625324483000, "env_name": "conda-py3.9", "python": "3.9", "profiles": {}, "started_at": {"factor.TimeDiscreteFactor.time_factor_compare": 1653936766024, "factor.TimeDiscreteFactor.time_factor_marginalize": 1653936766232, "factor.TimeDiscreteFactor.time_factor_multiply_large": 1653936766439, "factor.TimeDiscreteFactor.time_factor_reduce": 1653936766646, "import.TimeImport.time_import": 1653936766853, "inference.TimeBeliefPropagation.time_query_alarm": 1653936767060, "inference.TimeVariableElimination.time_query_alarm": 1653936878060, "inference.TimeVariableElimination.time_query_munin": 1653936895719, "parameter_learning.TimeBayesianEstimator.time_alarm_bayesian_estimator": 1653936000614, "parameter_learning.TimeBayesianEstimator.time_munin_bayesian_estimator": 1653936000721, "parameter_learning.TimeExpectationMaximization.time_alarm_em": 1653936000877, "parameter_learning.TimeExpectationMaximization.time_munin_em": 1653936001034, "parameter_learning.TimeMLE.time_alarm_mle": 1653936001191, "parameter_learning.TimeMLE.time_munin_mle": 1653936001347, "readwrite.TimeRead.time_asia_read": 1653936914532, "readwrite.TimeRead.time_asia_write": 1653936937452, "readwrite.TimeRead.time_munin_read": 1653936960422, "readwrite.TimeRead.time_munin_write": 1653936995375, "readwrite.TimeRead.time_pathfinder_read": 1653937018345, "readwrite.TimeRead.time_pathfinder_write": 1653937053149, "sampling.TimeSampling.time_forward_sample": 1653936162789, "sampling.TimeSampling.time_gibbs_sampling": 1653936162946,