{"results": {"factor.TimeDiscreteFactor.time_factor_marginalize": {"result": [6.236633382780704e-05], "stats": [{"ci_99": [6.199798229112791e-05, 6.261953513401782e-05], "q_25": 6.210413153116413e-05, "q_75": 6.241407083896543e-05, "min": 6.199798229112791e-05, "max": 6.261953513401782e-05, "mean": 6.229589677098169e-05, "std": 1.9114138363515175e-07, "repeat": 10, "number": 173}]}, "factor.TimeDiscreteFactor.time_factor_multiply_large": {"result": [5.0019543459065154e-05], "stats": [{"ci_99": [4.948006492655424e-05, 5.057076283540771e-05], "q_25": 4.964576310244217e-05, "q_75": 5.022592410021484e-05, "min": 4.948006492655424e-05, "max": 5.057076283540771e-05, "mean": 4.9968574072512394e-05, "std": 3.497863723995611e-07, "repeat": 10, "number": 211}]}, "factor.TimeDiscreteFactor.time_factor_reduce": {"result": [2.95143448904659e-05], "stats": [{"ci_99": [2.9383703354704245e-05, 2.9633569876464566e-05], "q_25": 2.9431693936080744e-05, "q_75": 2.95744099643793e-05, "min": 2.9383703354704245e-05, "max": 2.9633569876464566e-05, "mean": 2.9508165722147806e-05, "std": 8.292286478696724e-08, "repeat": 10, "number": 356}]}, "import.TimeImport.time_import": {"result": [1.3859564502117666e-07], "stats": [{"ci_99": [1.3752353976851705e-07, 1.3918327745763394e-07], "q_25": 1.3771284100167598e-07, "q_75": 1.388069592483961e-07, "min": 1.3752353976851705e-07, "max": 1.3918327745763394e-07, "mean": 1.3834014473257786e-07, "std": 5.896928124731087e-10, "repeat": 10, "number": 79708}]}, "inference.TimeVariableElimination.time_query_alarm": {"result": [0.13124911580234766], "stats": [{"ci_99": [0.08492367278522418, 0.1788747112106666], "q_25": 0.1160499625839293, "q_75": 0.14709834521636367, "min": 0.11551686376333237, "max": 0.14958167262375355, "mean": 0.1318991919979453, "std": 0.016071590888870536, "repeat": 4, "number": 1}]}, "inference.TimeVariableElimination.time_query_munin": {"result": [0.5006769467145205], "stats": [{"ci_99": [0.469366224608258, 0.5352098856727923], "q_25": 0.49657111382111907, "q_75": 0.5063938880339265, "min": 0.4864869564771652, "max": 0.5213113706558943, "mean": 0.5022880551405251, "std": 0.012428404924733747, "repeat": 4, "number": 1}]}, "readwrite.TimeRead.time_asia_read": {"result": [0.008590816985815763], "stats": [{"ci_99": [0.007477490697056055, 0.009704143274575472], "q_25": 0.008579683722928166, "q_75": 0.00860195024870336, "min": 0.00856855046004057, "max": 0.008613083511590958, "mean": 0.008590816985815763, "std": 2.2266525775194168e-05, "repeat": 2, "number": 2}]}, "readwrite.TimeRead.time_asia_write": {"result": [0.000577716288012518], "stats": [{"ci_99": [0.00046141770943789617, 0.0006940148665871397], "q_25": 0.0005765533022267718, "q_75": 0.0005788792737982643, "min": 0.0005753903164410256, "max": 0.0005800422595840104, "mean": 0.000577716288012518, "std": 2.3259715714924367e-06, "repeat": 2, "number": 71}]}, "readwrite.TimeRead.time_munin_read": {"result": [5.179736275225878], "stats": [{"ci_99": [4.080761481076479, 6.278711069375276], "q_25": 5.168746527284384, "q_75": 5.190726023167372, "min": 5.15775677934289, "max": 5.201715771108866, "mean": 5.179736275225878, "std": 0.021979495882987976, "repeat": 2, "number": 1}]}, "readwrite.TimeRead.time_munin_write": {"result": [0.04069672152400017], "stats": [{"ci_99": [0.033106815069913864, 0.048286627978086465], "q_25": 0.040620822459459305, "q_75": 0.04077262058854103, "min": 0.04054492339491844, "max": 0.040848519653081894, "mean": 0.04069672152400017, "std": 0.00015179812908172607, "repeat": 2, "number": 1}]}, "readwrite.TimeRead.time_pathfinder_read": {"result": [5.759504818357527], "stats": [{"ci_99": [5.614061522297561, 5.904948114417493], "q_25": 5.758050385396928, "q_75": 5.760959251318127, "min": 5.756595952436328, "max": 5.762413684278727, "mean": 5.759504818357527, "std": 0.0029088659211993217, "repeat": 2, "number": 1}]}, "readwrite.TimeRead.time_pathfinder_write": {"result": [0.025927608832716942], "stats": [{"ci_99": [0.02311529405415058, 0.0287399236112833], "q_25": 0.025899485684931278, "q_75": 0.025955731980502605, "min": 0.025871362537145615, "max": 0.02598385512828827, "mean": 0.025927608832716942, "std": 5.624629557132721e-05, "repeat": 2, "number": 1}]}, "sampling.TimeSampling.time_forward_sample": {"result": [0.1982454787939787], "stats": [{"ci_99": [0.19656012393534184, 0.19947233982384205], "q_25": 0.1977449762634933, "q_75": 0.19887753576040268, "min": 0.19656012393534184, "max": 0.19947233982384205, "mean": 0.19824119918048383, "std": 0.0008404814669120505, "repeat": 10, "number": 1}]}, "sampling.TimeSampling.time_gibbs_sampling": null, "sampling.TimeSampling.time_likelihood_sample": {"result": [0.2060945201665163], "stats": [{"ci_99": [0.20508105494081974, 0.23936708457767963], "q_25": 0.20590999722480774, "q_75": 0.2064660764299333, "min": 0.20508105494081974, "max": 0.23936708457767963, "mean": 0.20939465928822756, "std": 0.010004961338237176, "repeat": 10, "number": 1}]}, "sampling.TimeSampling.time_rejection_sample": {"result": [32.40977396443486], "stats": [{"ci_99": [-49.18257453292608, 114.00212246179574], "q_25": 31.593850479461253, "q_75": 33.22569744940847, "min": 30.777926994487643, "max": 34.04162093438208, "mean": 32.40977396443486, "std": 1.631846969947219, "repeat": 2, "number": 1}]}, "structure_learning.TimeHillClimb.time_hillclimb": null, "structure_learning.TimePC.time_pc_orig": {"result": [40.28276260010898], "stats": [{"ci_99": [18.774260664358735, 61.79126453585921], "q_25": 40.06767758075148, "q_75": 40.497847619466484, "min": 39.852592561393976, "max": 40.712932638823986, "mean": 40.28276260010898, "std": 0.4301700387150049, "repeat": 2, "number": 1}]}, "structure_learning.TimePC.time_pc_stable": {"result": [39.995452646166086], "stats": [{"ci_99": [32.617336209863424, 47.37356908246874], "q_25": 39.92167148180306, "q_75": 40.06923381052911, "min": 39.84789031744003, "max": 40.14301497489214, "mean": 39.995452646166086, "std": 0.14756232872605324, "repeat": 2, "number": 1}]}}, "params": {"arch": "x86_64", "cpu": "Intel(R) Core(TM) i9-9820X CPU @ 3.30GHz", "machine": "graveyard", "num_cpu": "20", "os": "Linux 4.15.0-112-generic", "ram": "131688676", "python": "3.8"}, "requirements": {}, "commit_hash": "90da63c884bcbd94a6eb05534a9f203269bf8288", "date": 1625324483000, "env_name": "conda-py3.8", "python": "3.8", "profiles": {}, "started_at": {"factor.TimeDiscreteFactor.time_factor_marginalize": 1625690105605, "factor.TimeDiscreteFactor.time_factor_multiply_large": 1625690105813, "factor.TimeDiscreteFactor.time_factor_reduce": 1625690106019, "import.TimeImport.time_import": 1625690106226, "inference.TimeVariableElimination.time_query_alarm": 1625690106433, "inference.TimeVariableElimination.time_query_munin": 1625690124287, "readwrite.TimeRead.time_asia_read": 1625690143647, "readwrite.TimeRead.time_asia_write": 1625690167719, "readwrite.TimeRead.time_munin_read": 1625690191390, "readwrite.TimeRead.time_munin_write": 1625690227745, "readwrite.TimeRead.time_pathfinder_read": 1625690251366, "readwrite.TimeRead.time_pathfinder_write": 1625690287270, "sampling.TimeSampling.time_forward_sample": 1625690310891, "sampling.TimeSampling.time_gibbs_sampling": 1625689277742, "sampling.TimeSampling.time_likelihood_sample": 1625690312705, "sampling.TimeSampling.time_rejection_sample": 1625690314618, "structure_learning.TimeHillClimb.time_hillclimb": 1625689947360, "structure_learning.TimePC.time_pc_orig": 1625690385786, "structure_learning.TimePC.time_pc_stable": 1625690463704}, "ended_at": {"factor.TimeDiscreteFactor.time_factor_marginalize": 1625690105812, "factor.TimeDiscreteFactor.time_factor_multiply_large": 1625690106019, "factor.TimeDiscreteFactor.time_factor_reduce": 1625690106226, "import.TimeImport.time_import": 1625690106432, "inference.TimeVariableElimination.time_query_alarm": 1625690124287, "inference.TimeVariableElimination.time_query_munin": 1625690143646, "readwrite.TimeRead.time_asia_read": 1625690167718,