{"results": {"factor.TimeDiscreteFactor.time_factor_marginalize": {"result": [6.299568740136784e-05], "stats": [{"ci_99": [6.2834322909636e-05, 6.376878798373638e-05], "q_25": 6.290118387140379e-05, "q_75": 6.322675253167475e-05, "min": 6.2834322909636e-05, "max": 6.376878798373638e-05, "mean": 6.311220785408665e-05, "std": 2.924783445187453e-07, "repeat": 10, "number": 163}]}, "factor.TimeDiscreteFactor.time_factor_multiply_large": {"result": [5.0405352309560095e-05], "stats": [{"ci_99": [5.0192761221570834e-05, 5.101716439974936e-05], "q_25": 5.0338016350588735e-05, "q_75": 5.056786141469718e-05, "min": 5.0192761221570834e-05, "max": 5.101716439974936e-05, "mean": 5.050614101892453e-05, "std": 2.7054394896798244e-07, "repeat": 10, "number": 209}]}, "factor.TimeDiscreteFactor.time_factor_reduce": {"result": [2.979584607250065e-05], "stats": [{"ci_99": [2.9584612987226987e-05, 2.9952971194937867e-05], "q_25": 2.9649017834955403e-05, "q_75": 2.9863619248272708e-05, "min": 2.9584612987226987e-05, "max": 2.9952971194937867e-05, "mean": 2.9770770145080956e-05, "std": 1.2386316524894308e-07, "repeat": 10, "number": 347}]}, "import.TimeImport.time_import": {"result": [1.3125741325148468e-07], "stats": [{"ci_99": [1.308740121700137e-07, 1.3277306117102048e-07], "q_25": 1.310761305512252e-07, "q_75": 1.3143733443429574e-07, "min": 1.308740121700137e-07, "max": 1.3277306117102048e-07, "mean": 1.3145629523876146e-07, "std": 5.727167884503808e-10, "repeat": 10, "number": 83452}]}, "inference.TimeVariableElimination.time_query_alarm": {"result": [0.05619437340646982], "stats": [{"ci_99": [0.031265867935707986, 0.09654513181538307], "q_25": 0.05597891611978412, "q_75": 0.0641209571622312, "min": 0.05533311143517494, "max": 0.08790014125406742, "mean": 0.0639054998755455, "std": 0.013857774003895073, "repeat": 4, "number": 1}]}, "inference.TimeVariableElimination.time_query_munin": {"result": [0.25825067050755024], "stats": [{"ci_99": [0.23862778106895602, 0.2822039649802693], "q_25": 0.25580410193651915, "q_75": 0.26286244159564376, "min": 0.2511904649436474, "max": 0.2739716861397028, "mean": 0.26041587302461267, "std": 0.008365044244249607, "repeat": 4, "number": 1}]}, "readwrite.TimeRead.time_asia_read": {"result": [0.008584394585341215], "stats": [{"ci_99": [0.0076915123499929905, 0.00947727682068944], "q_25": 0.008575465762987733, "q_75": 0.008593323407694697, "min": 0.00856653694063425, "max": 0.00860225223004818, "mean": 0.008584394585341215, "std": 1.7857644706964493e-05, "repeat": 2, "number": 2}]}, "readwrite.TimeRead.time_asia_write": {"result": [0.0005930552176912041], "stats": [{"ci_99": [9.70376080230771e-05, 0.0010890728273593307], "q_25": 0.0005880950415945228, "q_75": 0.0005980153937878855, "min": 0.0005831348654978416, "max": 0.0006029755698845667, "mean": 0.0005930552176912041, "std": 9.92035219336254e-06, "repeat": 2, "number": 68}]}, "readwrite.TimeRead.time_munin_read": {"result": [5.182990158908069], "stats": [{"ci_99": [5.180842668749392, 5.185137649066746], "q_25": 5.182968684006482, "q_75": 5.183011633809656, "min": 5.182947209104896, "max": 5.183033108711243, "mean": 5.182990158908069, "std": 4.294980317354202e-05, "repeat": 2, "number": 1}]}, "readwrite.TimeRead.time_munin_write": {"result": [0.041166349314153194], "stats": [{"ci_99": [0.037719291634857655, 0.044613406993448734], "q_25": 0.04113187873736024, "q_75": 0.04120081989094615, "min": 0.041097408160567284, "max": 0.041235290467739105, "mean": 0.041166349314153194, "std": 6.89411535859108e-05, "repeat": 2, "number": 1}]}, "readwrite.TimeRead.time_pathfinder_read": {"result": [5.804154065437615], "stats": [{"ci_99": [5.108917805366218, 6.499390325509011], "q_25": 5.797201702836901, "q_75": 5.811106428038329, "min": 5.790249340236187, "max": 5.818058790639043, "mean": 5.804154065437615, "std": 0.013904725201427937, "repeat": 2, "number": 1}]}, "readwrite.TimeRead.time_pathfinder_write": {"result": [0.026273642666637897], "stats": [{"ci_99": [0.026121417991816998, 0.026425867341458797], "q_25": 0.02627212041988969, "q_75": 0.026275164913386106, "min": 0.02627059817314148, "max": 0.026276687160134315, "mean": 0.026273642666637897, "std": 3.0444934964179993e-06, "repeat": 2, "number": 1}]}, "sampling.TimeSampling.time_forward_sample": {"result": [0.6509701805189252], "stats": [{"ci_99": [0.6460492834448814, 0.6860457621514797], "q_25": 0.6496217651292682, "q_75": 0.6522970744408667, "min": 0.6460492834448814, "max": 0.6860457621514797, "mean": 0.6565722970291972, "std": 0.013595364503462994, "repeat": 10, "number": 1}]}, "sampling.TimeSampling.time_gibbs_sampling": null, "sampling.TimeSampling.time_likelihood_sample": {"result": [3.9159121066331863], "stats": [{"ci_99": [3.8847085042900282, 3.9372206133746666], "q_25": 3.9098968114703894, "q_75": 3.9169798539951444, "min": 3.8924364298582077, "max": 3.919597592204809, "mean": 3.9109645588323474, "std": 0.010803396086877045, "repeat": 4, "number": 1}]}, "sampling.TimeSampling.time_rejection_sample": {"result": [110.71627536788583], "stats": [{"ci_99": [93.99626810103655, 127.4362826347351], "q_25": 110.54907529521734, "q_75": 110.88347544055432, "min": 110.38187522254884, "max": 111.05067551322281, "mean": 110.71627536788583, "std": 0.3344001453369856, "repeat": 2, "number": 1}]}, "structure_learning.TimeHillClimb.time_hillclimb": null, "structure_learning.TimePC.time_pc_orig": {"result": [33.611244009807706], "stats": [{"ci_99": [27.60572782717645, 39.61676019243895], "q_25": 33.55118884798139, "q_75": 33.67129917163402, "min": 33.49113368615508, "max": 33.73135433346033, "mean": 33.611244009807706, "std": 0.12011032365262508, "repeat": 2, "number": 1}]}, "structure_learning.TimePC.time_pc_stable": {"result": [33.54485811665654], "stats": [{"ci_99": [32.772992216050625, 34.31672401726246], "q_25": 33.53713945765048, "q_75": 33.5525767756626, "min": 33.52942079864442, "max": 33.56029543466866, "mean": 33.54485811665654, "std": 0.01543731801211834, "repeat": 2, "number": 1}]}}, "params": {"arch": "x86_64", "cpu": "Intel(R) Core(TM) i9-9820X CPU @ 3.30GHz", "machine": "graveyard", "num_cpu": "20", "os": "Linux 4.15.0-112-generic", "ram": "131688676", "python": "3.8"}, "requirements": {}, "commit_hash": "91592e837ef949d8ff1b4408a50dfc234d4df14d", "date": 1620913156000, "env_name": "conda-py3.8", "python": "3.8", "profiles": {}, "started_at": {"factor.TimeDiscreteFactor.time_factor_marginalize": 1621559320353, "factor.TimeDiscreteFactor.time_factor_multiply_large": 1621559320561, "factor.TimeDiscreteFactor.time_factor_reduce": 1621559320768, "import.TimeImport.time_import": 1621559320974, "inference.TimeVariableElimination.time_query_alarm": 1621559321181, "inference.TimeVariableElimination.time_query_munin": 1621559339135, "readwrite.TimeRead.time_asia_read": 1621559357593, "readwrite.TimeRead.time_asia_write": 1621559381364, "readwrite.TimeRead.time_munin_read": 1621559405186, "readwrite.TimeRead.time_munin_write": 1621559441040, "readwrite.TimeRead.time_pathfinder_read": 1621559464812, "readwrite.TimeRead.time_pathfinder_write": 1621559500917, "sampling.TimeSampling.time_forward_sample": 1621559524789, "sampling.TimeSampling.time_gibbs_sampling": 1621558334989, "sampling.TimeSampling.time_likelihood_sample": 1621559529360, "sampling.TimeSampling.time_rejection_sample": 1621559541400, "structure_learning.TimeHillClimb.time_hillclimb": 1621559168982, "structure_learning.TimePC.time_pc_orig": 1621559766201, "structure_learning.TimePC.time_pc_stable": 1621559841110}, "ended_at": {"factor.TimeDiscreteFactor.time_factor_marginalize": 1621559320560, "factor.TimeDiscreteFactor.time_factor_multiply_large": 1621559320767, "factor.TimeDiscreteFactor.time_factor_reduce": 1621559320974, "import.TimeImport.time_import": 1621559321181, "inference.TimeVariableElimination.time_query_alarm": 1621559339135, "inference.TimeVariableElimination.time_query_munin": 1621559357592, "readwrite.TimeRead.time_asia_read": 1621559381364,