{"results": {"factor.TimeDiscreteFactor.time_factor_marginalize": {"result": [6.638558086337923e-05], "stats": [{"ci_99": [6.620514006177081e-05, 6.683608163383943e-05], "q_25": 6.629409905098662e-05, "q_75": 6.646322546220279e-05, "min": 6.620514006177081e-05, "max": 6.683608163383943e-05, "mean": 6.642845942627027e-05, "std": 1.8972951275360735e-07, "repeat": 10, "number": 158}]}, "factor.TimeDiscreteFactor.time_factor_multiply_large": {"result": [5.779382527658814e-05], "stats": [{"ci_99": [5.751708032269227e-05, 5.877291489588587e-05], "q_25": 5.761401384676757e-05, "q_75": 5.827271624615318e-05, "min": 5.751708032269227e-05, "max": 5.877291489588587e-05, "mean": 5.7963435783197994e-05, "std": 4.1106575145429816e-07, "repeat": 10, "number": 190}]}, "factor.TimeDiscreteFactor.time_factor_reduce": {"result": [3.3228826338431506e-05], "stats": [{"ci_99": [3.2589618228749684e-05, 3.3693300890284636e-05], "q_25": 3.2847445071939636e-05, "q_75": 3.3621388148005594e-05, "min": 3.2589618228749684e-05, "max": 3.3693300890284636e-05, "mean": 3.3205524585318806e-05, "std": 4.14701930341597e-07, "repeat": 10, "number": 299}]}, "import.TimeImport.time_import": {"result": [1.2926583973264648e-07], "stats": [{"ci_99": [1.285471814629101e-07, 1.2991295888757826e-07], "q_25": 1.2888838470308523e-07, "q_75": 1.2952264634774752e-07, "min": 1.285471814629101e-07, "max": 1.2991295888757826e-07, "mean": 1.2920608154520742e-07, "std": 4.1479186704375454e-10, "repeat": 10, "number": 77251}]}, "inference.TimeVariableElimination.time_query_alarm": {"result": [0.05135681014508009], "stats": [{"ci_99": [0.05031571343189909, 0.05254944980495737], "q_25": 0.05106899933889508, "q_75": 0.05172039242461324, "min": 0.05104734189808369, "max": 0.051969364285469055, "mean": 0.05143258161842823, "std": 0.0003890665960321737, "repeat": 4, "number": 1}]}, "inference.TimeVariableElimination.time_query_munin": {"result": [0.2671502837911248], "stats": [{"ci_99": [0.25997033025728905, 0.27416587751699245], "q_25": 0.2647888185456395, "q_75": 0.26942956913262606, "min": 0.2643687818199396, "max": 0.26960306614637375, "mean": 0.26706810388714075, "std": 0.0024287644619090274, "repeat": 4, "number": 1}]}, "readwrite.TimeRead.time_asia_read": {"result": [0.009371907450258732], "stats": [{"ci_99": [0.008251153863966465, 0.010492661036550999], "q_25": 0.00936069991439581, "q_75": 0.009383114986121655, "min": 0.009349492378532887, "max": 0.009394322521984577, "mean": 0.009371907450258732, "std": 2.2415071725845337e-05, "repeat": 2, "number": 2}]}, "readwrite.TimeRead.time_asia_write": {"result": [0.0006951234123158839], "stats": [{"ci_99": [0.00043801003466210187, 0.0009522367899696658], "q_25": 0.0006925522785393461, "q_75": 0.0006976945460924217, "min": 0.0006899811447628083, "max": 0.0007002656798689596, "mean": 0.0006951234123158839, "std": 5.142267553075641e-06, "repeat": 2, "number": 62}]}, "readwrite.TimeRead.time_munin_read": {"result": [5.7386896554380655], "stats": [{"ci_99": [5.216213220730424, 6.261166090145707], "q_25": 5.733464891090989, "q_75": 5.743914419785142, "min": 5.728240126743913, "max": 5.749139184132218, "mean": 5.7386896554380655, "std": 0.010449528694152832, "repeat": 2, "number": 1}]}, "readwrite.TimeRead.time_munin_write": {"result": [0.0424856236204505], "stats": [{"ci_99": [0.04075909126549959, 0.0442121559754014], "q_25": 0.04246835829690099, "q_75": 0.042502888944000006, "min": 0.04245109297335148, "max": 0.042520154267549515, "mean": 0.0424856236204505, "std": 3.45306470990181e-05, "repeat": 2, "number": 1}]}, "readwrite.TimeRead.time_pathfinder_read": {"result": [6.435521733947098], "stats": [{"ci_99": [5.587542238645256, 7.28350122924894], "q_25": 6.42704193899408, "q_75": 6.444001528900117, "min": 6.418562144041061, "max": 6.452481323853135, "mean": 6.435521733947098, "std": 0.016959589906036854, "repeat": 2, "number": 1}]}, "readwrite.TimeRead.time_pathfinder_write": {"result": [0.025327404960989952], "stats": [{"ci_99": [0.02360399253666401, 0.027050817385315895], "q_25": 0.025310170836746693, "q_75": 0.02534463908523321, "min": 0.025292936712503433, "max": 0.02536187320947647, "mean": 0.025327404960989952, "std": 3.446824848651886e-05, "repeat": 2, "number": 1}]}, "sampling.TimeSampling.time_forward_sample": {"result": [0.655002593062818], "stats": [{"ci_99": [0.6512877065688372, 0.6590992286801338], "q_25": 0.6525738975033164, "q_75": 0.6573864137753844, "min": 0.6512877065688372, "max": 0.6590992286801338, "mean": 0.655072976462543, "std": 0.002700504432434616, "repeat": 10, "number": 1}]}, "sampling.TimeSampling.time_gibbs_sampling": null, "sampling.TimeSampling.time_likelihood_sample": {"result": [4.61388055048883], "stats": [{"ci_99": [4.583446958429599, 4.647083313808357], "q_25": 4.606775951571763, "q_75": 4.622369735036045, "min": 4.601731574162841, "max": 4.631567869335413, "mean": 4.615265136118978, "std": 0.01130919376486009, "repeat": 4, "number": 1}]}, "sampling.TimeSampling.time_rejection_sample": {"result": [112.27080183662474], "stats": [{"ci_99": [103.89433377049863, 120.64726990275085], "q_25": 112.18703715596348, "q_75": 112.354566517286, "min": 112.10327247530222, "max": 112.43833119794726, "mean": 112.27080183662474, "std": 0.16752936132252216, "repeat": 2, "number": 1}]}, "structure_learning.TimeHillClimb.time_hillclimb": null, "structure_learning.TimePC.time_pc_orig": {"result": [34.55084339249879], "stats": [{"ci_99": [15.827377284877002, 53.274309500120566], "q_25": 34.36360873142257, "q_75": 34.73807805357501, "min": 34.176374070346355, "max": 34.92531271465123, "mean": 34.55084339249879, "std": 0.3744693221524358, "repeat": 2, "number": 1}]}, "structure_learning.TimePC.time_pc_stable": {"result": [34.01043963432312], "stats": [{"ci_99": [28.48695608600974, 39.53392318263649], "q_25": 33.955204798839986, "q_75": 34.065674469806254, "min": 33.89996996335685, "max": 34.12090930528939, "mean": 34.01043963432312, "std": 0.11046967096626759, "repeat": 2, "number": 1}]}}, "params": {"arch": "x86_64", "cpu": "Intel(R) Core(TM) i9-9820X CPU @ 3.30GHz", "machine": "graveyard", "num_cpu": "20", "os": "Linux 4.15.0-112-generic", "ram": "131688676", "python": "3.6"}, "requirements": {}, "commit_hash": "91592e837ef949d8ff1b4408a50dfc234d4df14d", "date": 1620913156000, "env_name": "conda-py3.6", "python": "3.6", "profiles": {}, "started_at": {"factor.TimeDiscreteFactor.time_factor_marginalize": 1621555705982, "factor.TimeDiscreteFactor.time_factor_multiply_large": 1621555706190, "factor.TimeDiscreteFactor.time_factor_reduce": 1621555706396, "import.TimeImport.time_import": 1621555706603, "inference.TimeVariableElimination.time_query_alarm": 1621555706810, "inference.TimeVariableElimination.time_query_munin": 1621555726369, "readwrite.TimeRead.time_asia_read": 1621555746727, "readwrite.TimeRead.time_asia_write": 1621555772752, "readwrite.TimeRead.time_munin_read": 1621555798779, "readwrite.TimeRead.time_munin_write": 1621555837942, "readwrite.TimeRead.time_pathfinder_read": 1621555863969, "readwrite.TimeRead.time_pathfinder_write": 1621555903482, "sampling.TimeSampling.time_forward_sample": 1621555929459, "sampling.TimeSampling.time_gibbs_sampling": 1621554723563, "sampling.TimeSampling.time_likelihood_sample": 1621555934030, "sampling.TimeSampling.time_rejection_sample": 1621555948125, "structure_learning.TimeHillClimb.time_hillclimb": 1621555562428, "structure_learning.TimePC.time_pc_orig": 1621556172948, "structure_learning.TimePC.time_pc_stable": 1621556245750}, "ended_at": {"factor.TimeDiscreteFactor.time_factor_marginalize": 1621555706189, "factor.TimeDiscreteFactor.time_factor_multiply_large": 1621555706396, "factor.TimeDiscreteFactor.time_factor_reduce": 1621555706603, "import.TimeImport.time_import": 1621555706810, "inference.TimeVariableElimination.time_query_alarm": 1621555726369, "inference.TimeVariableElimination.time_query_munin": 1621555746727, "readwrite.TimeRead.time_asia_read": 1621555772752,