{"results": {"factor.TimeDiscreteFactor.time_factor_marginalize": {"result": [6.312874773907107e-05], "stats": [{"ci_99": [6.167863517306572e-05, 6.365524821503217e-05], "q_25": 6.285537207542464e-05, "q_75": 6.321609713310418e-05, "min": 6.167863517306572e-05, "max": 6.365524821503217e-05, "mean": 6.290527580435885e-05, "std": 5.920005178772313e-07, "repeat": 10, "number": 172}]}, "factor.TimeDiscreteFactor.time_factor_multiply_large": {"result": [5.2522074734195e-05], "stats": [{"ci_99": [5.179435086022153e-05, 5.3207661831778205e-05], "q_25": 5.238775930336218e-05, "q_75": 5.284862583904175e-05, "min": 5.179435086022153e-05, "max": 5.3207661831778205e-05, "mean": 5.256968893502889e-05, "std": 3.9481782154199724e-07, "repeat": 10, "number": 209}]}, "factor.TimeDiscreteFactor.time_factor_reduce": {"result": [3.052342534911904e-05], "stats": [{"ci_99": [3.0016918158666655e-05, 3.1348095614124425e-05], "q_25": 3.0237974979999393e-05, "q_75": 3.093747760761868e-05, "min": 3.0016918158666655e-05, "max": 3.1348095614124425e-05, "mean": 3.060802118852735e-05, "std": 4.6028532924272745e-07, "repeat": 10, "number": 352}]}, "import.TimeImport.time_import": {"result": [1.2978224577226618e-07], "stats": [{"ci_99": [1.2787232322169375e-07, 1.3172942122582319e-07], "q_25": 1.279443951416983e-07, "q_75": 1.3104762197394357e-07, "min": 1.2787232322169375e-07, "max": 1.3172942122582319e-07, "mean": 1.2962078688964067e-07, "std": 1.5841556686351367e-09, "repeat": 10, "number": 83800}]}, "inference.TimeVariableElimination.time_query_alarm": {"result": [0.0463627353310585], "stats": [{"ci_99": [0.02151764507169158, 0.08627818015640315], "q_25": 0.046057398431003094, "q_75": 0.054203249514102936, "min": 0.045205257833004, "max": 0.07766092196106911, "mean": 0.05389791261404753, "std": 0.013727723411697602, "repeat": 4, "number": 1}]}, "inference.TimeVariableElimination.time_query_munin": {"result": [0.49967456236481667], "stats": [{"ci_99": [0.47683751152207415, 0.5330717532212539], "q_25": 0.4983686562627554, "q_75": 0.5062605384737253, "min": 0.49570777639746666, "max": 0.5247616283595562, "mean": 0.504954632371664, "std": 0.011553470753137972, "repeat": 4, "number": 1}]}, "readwrite.TimeRead.time_asia_read": {"result": [0.008757902309298515], "stats": [{"ci_99": [0.004185108467936516, 0.013330696150660511], "q_25": 0.008712174370884895, "q_75": 0.008803630247712135, "min": 0.008666446432471275, "max": 0.008849358186125755, "mean": 0.008757902309298515, "std": 9.145587682723999e-05, "repeat": 2, "number": 2}]}, "readwrite.TimeRead.time_asia_write": {"result": [0.0006039785495137467], "stats": [{"ci_99": [-0.00011460666599519113, 0.0013225637650226838], "q_25": 0.0005967926973586573, "q_75": 0.0006111644016688361, "min": 0.000589606845203568, "max": 0.0006183502538239255, "mean": 0.0006039785495137467, "std": 1.4371704310178757e-05, "repeat": 2, "number": 68}]}, "readwrite.TimeRead.time_munin_read": {"result": [5.2776258531957865], "stats": [{"ci_99": [4.815301215276122, 5.739950491115451], "q_25": 5.27300260681659, "q_75": 5.282249099574983, "min": 5.268379360437393, "max": 5.28687234595418, "mean": 5.2776258531957865, "std": 0.009246492758393288, "repeat": 2, "number": 1}]}, "readwrite.TimeRead.time_munin_write": {"result": [0.04091932252049446], "stats": [{"ci_99": [0.037713151425123215, 0.04412549361586571], "q_25": 0.04088726080954075, "q_75": 0.040951384231448174, "min": 0.040855199098587036, "max": 0.040983445942401886, "mean": 0.04091932252049446, "std": 6.412342190742493e-05, "repeat": 2, "number": 1}]}, "readwrite.TimeRead.time_pathfinder_read": {"result": [5.873952971771359], "stats": [{"ci_99": [5.849222166463733, 5.898683777078986], "q_25": 5.873705663718283, "q_75": 5.874200279824436, "min": 5.873458355665207, "max": 5.874447587877512, "mean": 5.873952971771359, "std": 0.0004946161061525345, "repeat": 2, "number": 1}]}, "readwrite.TimeRead.time_pathfinder_write": {"result": [0.025048183277249336], "stats": [{"ci_99": [0.019735826179385185, 0.030360540375113484], "q_25": 0.024995059706270695, "q_75": 0.025101306848227978, "min": 0.024941936135292053, "max": 0.02515443041920662, "mean": 0.025048183277249336, "std": 0.00010624714195728302, "repeat": 2, "number": 1}]}, "sampling.TimeSampling.time_forward_sample": {"result": [0.20528959296643734], "stats": [{"ci_99": [0.20376508310437202, 0.20734693855047226], "q_25": 0.20497375074774027, "q_75": 0.20555999875068665, "min": 0.20376508310437202, "max": 0.20734693855047226, "mean": 0.20527888499200345, "std": 0.000973795098951691, "repeat": 10, "number": 1}]}, "sampling.TimeSampling.time_gibbs_sampling": null, "sampling.TimeSampling.time_likelihood_sample": {"result": [0.2125612571835518], "stats": [{"ci_99": [0.21207645535469055, 0.21400650218129158], "q_25": 0.21243897173553705, "q_75": 0.21334069781005383, "min": 0.21207645535469055, "max": 0.21400650218129158, "mean": 0.2128650076687336, "std": 0.0006718846287921727, "repeat": 10, "number": 1}]}, "sampling.TimeSampling.time_rejection_sample": {"result": [38.30870068073273], "stats": [{"ci_99": [35.048167169094086, 41.56923419237137], "q_25": 38.27609534561634, "q_75": 38.34130601584911, "min": 38.243490010499954, "max": 38.3739113509655, "mean": 38.30870068073273, "std": 0.06521067023277283, "repeat": 2, "number": 1}]}, "structure_learning.TimeHillClimb.time_hillclimb": null, "structure_learning.TimePC.time_pc_orig": {"result": [33.74630995281041], "stats": [{"ci_99": [28.90088884346187, 38.591731062158935], "q_25": 33.69785574171692, "q_75": 33.79476416390389, "min": 33.649401530623436, "max": 33.84321837499738, "mean": 33.74630995281041, "std": 0.09690842218697071, "repeat": 2, "number": 1}]}, "structure_learning.TimePC.time_pc_stable": {"result": [33.7760135512799], "stats": [{"ci_99": [26.84215055592358, 40.70987654663622], "q_25": 33.70667492132634, "q_75": 33.845352181233466, "min": 33.637336291372776, "max": 33.91469081118703, "mean": 33.7760135512799, "std": 0.13867725990712643, "repeat": 2, "number": 1}]}}, "params": {"arch": "x86_64", "cpu": "Intel(R) Core(TM) i9-9820X CPU @ 3.30GHz", "machine": "graveyard", "num_cpu": "20", "os": "Linux 4.15.0-112-generic", "ram": "131688676", "python": "3.7"}, "requirements": {}, "commit_hash": "91f753a9a4a12310bb249f6ff07c3f32309193d4", "date": 1628005968000, "env_name": "conda-py3.7", "python": "3.7", "profiles": {}, "started_at": {"factor.TimeDiscreteFactor.time_factor_marginalize": 1630634544076, "factor.TimeDiscreteFactor.time_factor_multiply_large": 1630634544284, "factor.TimeDiscreteFactor.time_factor_reduce": 1630634544491, "import.TimeImport.time_import": 1630634544698, "inference.TimeVariableElimination.time_query_alarm": 1630634544905, "inference.TimeVariableElimination.time_query_munin": 1630634563262, "readwrite.TimeRead.time_asia_read": 1630634582573, "readwrite.TimeRead.time_asia_write": 1630634607950, "readwrite.TimeRead.time_munin_read": 1630634632374, "readwrite.TimeRead.time_munin_write": 1630634668781, "readwrite.TimeRead.time_pathfinder_read": 1630634694610, "readwrite.TimeRead.time_pathfinder_write": 1630634731210, "sampling.TimeSampling.time_forward_sample": 1630634755383, "sampling.TimeSampling.time_gibbs_sampling": 1630633730205, "sampling.TimeSampling.time_likelihood_sample": 1630634757196, "sampling.TimeSampling.time_rejection_sample": 1630634759060, "structure_learning.TimeHillClimb.time_hillclimb": 1630634409235, "structure_learning.TimePC.time_pc_orig": 1630634835732, "structure_learning.TimePC.time_pc_stable": 1630634902559}, "ended_at": {"factor.TimeDiscreteFactor.time_factor_marginalize": 1630634544283, "factor.TimeDiscreteFactor.time_factor_multiply_large": 1630634544490, "factor.TimeDiscreteFactor.time_factor_reduce": 1630634544698, "import.TimeImport.time_import": 1630634544905, "inference.TimeVariableElimination.time_query_alarm": 1630634563261, "inference.TimeVariableElimination.time_query_munin": 1630634582572, "readwrite.TimeRead.time_asia_read": 1630634607949,