{"results": {"factor.TimeDiscreteFactor.time_factor_compare": {"result": [3.828039201957177e-05], "stats": [{"ci_99": [3.8099195479082976e-05, 3.882798994809073e-05], "q_25": 3.8225302479292394e-05, "q_75": 3.8338777388679686e-05, "min": 3.8099195479082976e-05, "max": 3.882798994809073e-05, "mean": 3.8331985973848474e-05, "std": 1.9826644410454478e-07, "repeat": 10, "number": 283}]}, "factor.TimeDiscreteFactor.time_factor_marginalize": {"result": [3.7877460679422645e-05], "stats": [{"ci_99": [3.6934847919949554e-05, 3.918967737617906e-05], "q_25": 3.711630620519607e-05, "q_75": 3.873058577952402e-05, "min": 3.6934847919949554e-05, "max": 3.918967737617906e-05, "mean": 3.793232667424619e-05, "std": 8.430417662315537e-07, "repeat": 10, "number": 277}]}, "factor.TimeDiscreteFactor.time_factor_multiply_large": {"result": [1.4667030318079151e-05], "stats": [{"ci_99": [1.4457016381447625e-05, 1.4837046107903725e-05], "q_25": 1.4615140059024586e-05, "q_75": 1.4748395057269809e-05, "min": 1.4457016381447625e-05, "max": 1.4837046107903725e-05, "mean": 1.4664193473321974e-05, "std": 1.140761860107893e-07, "repeat": 10, "number": 669}]}, "factor.TimeDiscreteFactor.time_factor_reduce": {"result": [7.720991996601498e-06], "stats": [{"ci_99": [7.606936941727501e-06, 7.938874053779123e-06], "q_25": 7.667163613757525e-06, "q_75": 7.750762702134263e-06, "min": 7.606936941727501e-06, "max": 7.938874053779123e-06, "mean": 7.726172761943506e-06, "std": 8.764030215977742e-08, "repeat": 10, "number": 1355}]}, "import.TimeImport.time_import": {"result": [1.1022164167452184e-07], "stats": [{"ci_99": [1.0779943669289737e-07, 1.1231607939303887e-07], "q_25": 1.0829889201939627e-07, "q_75": 1.11040234091316e-07, "min": 1.0779943669289737e-07, "max": 1.1231607939303887e-07, "mean": 1.0985854024734306e-07, "std": 1.5121258684929506e-09, "repeat": 10, "number": 98688}]}, "inference.TimeBeliefPropagation.time_query_alarm": {"result": [9.210796932689846], "stats": [{"ci_99": [8.207820494659245, 10.213773370720446], "q_25": 9.20076716830954, "q_75": 9.220826697070152, "min": 9.190737403929234, "max": 9.230856461450458, "mean": 9.210796932689846, "std": 0.02005952876061201, "repeat": 2, "number": 1}]}, "inference.TimeVariableElimination.time_query_alarm": {"result": [0.004502937197685242], "stats": [{"ci_99": [0.004378697357600521, 0.004654497695937167], "q_25": 0.004481863075246413, "q_75": 0.004537671649207671, "min": 0.004461231951912244, "max": 0.0045992837597926455, "mean": 0.004516597526768843, "std": 5.166885771102505e-05, "repeat": 4, "number": 3}]}, "inference.TimeVariableElimination.time_query_munin": {"result": [0.15623171534389257], "stats": [{"ci_99": [0.15155609950073062, 0.16179284759216012], "q_25": 0.15528885321691632, "q_75": 0.15761733567342162, "min": 0.15465223230421543, "max": 0.1595822311937809, "mean": 0.15667447354644537, "std": 0.0018711158264168373, "repeat": 4, "number": 1}]}, "parameter_learning.TimeBayesianEstimator.time_alarm_bayesian_estimator": {"result": [1.6843045335263014], "stats": [{"ci_99": [1.5421662140236847, 1.7924930029018173], "q_25": 1.6468423381447792, "q_75": 1.704791803844273, "min": 1.5916500762104988, "max": 1.709059290587902, "mean": 1.667329608462751, "std": 0.04682943893946172, "repeat": 4, "number": 1}]}, "parameter_learning.TimeBayesianEstimator.time_munin_bayesian_estimator": {"result": [19.172872003167868], "stats": [{"ci_99": [17.096164874732494, 21.24957913160324], "q_25": 19.152104931883514, "q_75": 19.19363907445222, "min": 19.13133786059916, "max": 19.214406145736575, "mean": 19.172872003167868, "std": 0.041534142568707466, "repeat": 2, "number": 1}]}, "parameter_learning.TimeExpectationMaximization.time_alarm_em": {"result": [9.518025475554168], "stats": [{"ci_99": [5.944169578142464, 13.091881372965869], "q_25": 9.482286916580051, "q_75": 9.553764034528285, "min": 9.446548357605934, "max": 9.589502593502402, "mean": 9.518025475554168, "std": 0.07147711794823408, "repeat": 2, "number": 1}]}, "parameter_learning.TimeExpectationMaximization.time_munin_em": {"result": [89.60481904353946], "stats": [{"ci_99": [66.54242415819317, 112.66721392888573], "q_25": 89.374195094686, "q_75": 89.83544299239293, "min": 89.14357114583254, "max": 90.06606694124639, "mean": 89.60481904353946, "std": 0.46124789770692587, "repeat": 2, "number": 1}]}, "parameter_learning.TimeMLE.time_alarm_mle": {"result": [1.6010894803330302], "stats": [{"ci_99": [1.4871819927652454, 1.7225827914367338], "q_25": 1.5689328061416745, "q_75": 1.6370390662923455, "min": 1.5591533184051514, "max": 1.6581972893327475, "mean": 1.6048823921009898, "std": 0.04071994014890038, "repeat": 4, "number": 1}]}, "parameter_learning.TimeMLE.time_munin_mle": {"result": [19.145990698598325], "stats": [{"ci_99": [18.67083862889558, 19.62114276830107], "q_25": 19.141239177901298, "q_75": 19.150742219295353, "min": 19.13648765720427, "max": 19.15549373999238, "mean": 19.145990698598325, "std": 0.00950304139405489, "repeat": 2, "number": 1}]}, "readwrite.TimeRead.time_asia_read": {"result": [0.011927179992198944], "stats": [{"ci_99": [0.010382767766714096, 0.01347159221768379], "q_25": 0.011911735869944096, "q_75": 0.011942624114453793, "min": 0.011896291747689247, "max": 0.011958068236708641, "mean": 0.011927179992198944, "std": 3.088824450969696e-05, "repeat": 2, "number": 1}]}, "readwrite.TimeRead.time_asia_write": {"result": [0.0010307875804995235], "stats": [{"ci_99": [0.0003717224554796011, 0.0016898527055194455], "q_25": 0.0010241969292493244, "q_75": 0.0010373782317497228, "min": 0.0010176062779991251, "max": 0.001043968882999922, "mean": 0.0010307875804995235, "std": 1.318130250039845e-05, "repeat": 2, "number": 38}]}, "readwrite.TimeRead.time_munin_read": {"result": [6.722052499651909], "stats": [{"ci_99": [5.8686619736254215, 7.575443025678395], "q_25": 6.713518594391644, "q_75": 6.730586404912174, "min": 6.704984689131379, "max": 6.739120310172439, "mean": 6.722052499651909, "std": 0.017067810520529747, "repeat": 2, "number": 1}]}, "readwrite.TimeRead.time_munin_write": {"result": [0.12098701391369104], "stats": [{"ci_99": [0.10344410967081785, 0.13852991815656424], "q_25": 0.12081158487126231, "q_75": 0.12116244295611978, "min": 0.12063615582883358, "max": 0.12133787199854851, "mean": 0.12098701391369104, "std": 0.00035085808485746384, "repeat": 2, "number": 1}]}, "readwrite.TimeRead.time_pathfinder_read": {"result": [7.615384999662638], "stats": [{"ci_99": [7.556564249098301, 7.6742057502269745], "q_25": 7.614796792156994, "q_75": 7.615973207168281, "min": 7.614208584651351, "max": 7.6165614146739244, "mean": 7.615384999662638, "std": 0.0011764150112867355, "repeat": 2, "number": 1}]}, "readwrite.TimeRead.time_pathfinder_write": {"result": [0.11750073358416557], "stats": [{"ci_99": [0.05505257472395897, 0.17994889244437212], "q_25": 0.11687625199556351, "q_75": 0.11812521517276764, "min": 0.11625177040696144, "max": 0.1187496967613697, "mean": 0.11750073358416557, "std": 0.001248963177204132, "repeat": 2, "number": 1}]}, "sampling.TimeSampling.time_forward_sample": {"result": [0.18727560807019472], "stats": [{"ci_99": [0.1863010637462139, 0.18824625574052334], "q_25": 0.18695946456864476, "q_75": 0.18775261379778385, "min": 0.1863010637462139, "max": 0.18824625574052334, "mean": 0.18730653617531062, "std": 0.0005682646639572092, "repeat": 10, "number": 1}]}, "sampling.TimeSampling.time_gibbs_sampling": null, "sampling.TimeSampling.time_likelihood_sample": {"result": [0.18734048306941986], "stats": [{"ci_99": [0.1858814749866724, 0.1883907038718462], "q_25": 0.18674947461113334, "q_75": 0.18768943147733808, "min": 0.1858814749866724, "max": 0.1883907038718462, "mean": 0.18720979988574982, "std": 0.0007330037406502357, "repeat": 10, "number": 1}]}, "sampling.TimeSampling.time_rejection_sample": {"result": [33.851409257389605], "stats": [{"ci_99": [29.636969576589763, 38.06584893818945], "q_25": 33.80926486058161, "q_75": 33.8935536541976, "min": 33.76712046377361,