{"results": {"factor.TimeDiscreteFactor.time_factor_compare": {"result": [5.752255922143764e-05], "stats": [{"ci_99": [5.743310766968321e-05, 6.504652110186028e-05], "q_25": 5.748043669031022e-05, "q_75": 5.7757089033405834e-05, "min": 5.743310766968321e-05, "max": 6.504652110186028e-05, "mean": 5.831796814628103e-05, "std": 2.247186289576489e-06, "repeat": 10, "number": 188}]}, "factor.TimeDiscreteFactor.time_factor_marginalize": {"result": [4.787897586683247e-05], "stats": [{"ci_99": [4.757805857981477e-05, 4.805800304791638e-05], "q_25": 4.7816727397458575e-05, "q_75": 4.800102917181555e-05, "min": 4.757805857981477e-05, "max": 4.805800304791638e-05, "mean": 4.78830597598419e-05, "std": 1.4412336253653586e-07, "repeat": 10, "number": 214}]}, "factor.TimeDiscreteFactor.time_factor_multiply_large": {"result": [2.6581240660053187e-05], "stats": [{"ci_99": [2.627694848518972e-05, 2.685058005063932e-05], "q_25": 2.6532806248627332e-05, "q_75": 2.6619670682611536e-05, "min": 2.627694848518972e-05, "max": 2.685058005063932e-05, "mean": 2.6576440177009985e-05, "std": 1.5711945535907598e-07, "repeat": 10, "number": 413}]}, "factor.TimeDiscreteFactor.time_factor_reduce": {"result": [1.6709558249260328e-05], "stats": [{"ci_99": [1.652177238131162e-05, 1.7030098076377597e-05], "q_25": 1.6596439433347737e-05, "q_75": 1.6811135317551793e-05, "min": 1.652177238131162e-05, "max": 1.7030098076377597e-05, "mean": 1.672813292847287e-05, "std": 1.5657011471249044e-07, "repeat": 10, "number": 644}]}, "import.TimeImport.time_import": {"result": [1.2529894947958899e-07], "stats": [{"ci_99": [1.237016133466164e-07, 1.2617046412265668e-07], "q_25": 1.2403142764634315e-07, "q_75": 1.2602872663426908e-07, "min": 1.237016133466164e-07, "max": 1.2617046412265668e-07, "mean": 1.250763852908994e-07, "std": 1.0018483693107701e-09, "repeat": 10, "number": 86642}]}, "inference.TimeBeliefPropagation.time_query_alarm": null, "inference.TimeVariableElimination.time_query_alarm": null, "inference.TimeVariableElimination.time_query_munin": null, "parameter_learning.TimeBayesianEstimator.time_alarm_bayesian_estimator": null, "parameter_learning.TimeBayesianEstimator.time_munin_bayesian_estimator": null, "parameter_learning.TimeExpectationMaximization.time_alarm_em": null, "parameter_learning.TimeExpectationMaximization.time_munin_em": null, "parameter_learning.TimeMLE.time_alarm_mle": null, "parameter_learning.TimeMLE.time_munin_mle": null, "readwrite.TimeRead.time_asia_read": null, "readwrite.TimeRead.time_asia_write": null, "readwrite.TimeRead.time_munin_read": null, "readwrite.TimeRead.time_munin_write": null, "readwrite.TimeRead.time_pathfinder_read": null, "readwrite.TimeRead.time_pathfinder_write": null, "sampling.TimeSampling.time_forward_sample": null, "sampling.TimeSampling.time_gibbs_sampling": null, "sampling.TimeSampling.time_likelihood_sample": null, "sampling.TimeSampling.time_rejection_sample": null, "structure_learning.TimeHillClimbAlarmModel.time_hillclimb": null, "structure_learning.TimeMmhcAlarmModel.time_mmhc": null, "structure_learning.TimePCAlarmModel.time_pc_orig": null, "structure_learning.TimePCAlarmModel.time_pc_stable": null, "structure_learning.TimeTreeSearchAlarmModel.time_tan": null}, "params": {"arch": "x86_64", "cpu": "Intel(R) Core(TM) i9-9820X CPU @ 3.30GHz", "machine": "graveyard", "num_cpu": "20", "os": "Linux 4.15.0-112-generic", "ram": "131688676", "python": "3.7"}, "requirements": {}, "commit_hash": "92cf5d31e74a392d316796d1e261220d810e01cf", "date": 1481797685000, "env_name": "conda-py3.7", "python": "3.7", "profiles": {}, "started_at": {"factor.TimeDiscreteFactor.time_factor_compare": 1654477695003, "factor.TimeDiscreteFactor.time_factor_marginalize": 1654477695208, "factor.TimeDiscreteFactor.time_factor_multiply_large": 1654477695413, "factor.TimeDiscreteFactor.time_factor_reduce": 1654477695618, "import.TimeImport.time_import": 1654477695823, "inference.TimeBeliefPropagation.time_query_alarm": 1654477693695, "inference.TimeVariableElimination.time_query_alarm": 1654477693749, "inference.TimeVariableElimination.time_query_munin": 1654477693804, "parameter_learning.TimeBayesianEstimator.time_alarm_bayesian_estimator": 1654477693858, "parameter_learning.TimeBayesianEstimator.time_munin_bayesian_estimator": 1654477693912, "parameter_learning.TimeExpectationMaximization.time_alarm_em": 1654477693967, "parameter_learning.TimeExpectationMaximization.time_munin_em": 1654477694021, "parameter_learning.TimeMLE.time_alarm_mle": 1654477694076, "parameter_learning.TimeMLE.time_munin_mle": 1654477694130, "readwrite.TimeRead.time_asia_read": 1654477694185, "readwrite.TimeRead.time_asia_write": 1654477694239, "readwrite.TimeRead.time_munin_read": 1654477694294, "readwrite.TimeRead.time_munin_write": 1654477694348, "readwrite.TimeRead.time_pathfinder_read": 1654477694403, "readwrite.TimeRead.time_pathfinder_write": 1654477694457, "sampling.TimeSampling.time_forward_sample": 1654477694512, "sampling.TimeSampling.time_gibbs_sampling": 1654477694566, "sampling.TimeSampling.time_likelihood_sample": 1654477694621, "sampling.TimeSampling.time_rejection_sample": 1654477694675, "structure_learning.TimeHillClimbAlarmModel.time_hillclimb": 1654477694730, "structure_learning.TimeMmhcAlarmModel.time_mmhc": 1654477694784, "structure_learning.TimePCAlarmModel.time_pc_orig": 1654477694839, "structure_learning.TimePCAlarmModel.time_pc_stable": 1654477694894, "structure_learning.TimeTreeSearchAlarmModel.time_tan": 1654477694948}, "ended_at": {"factor.TimeDiscreteFactor.time_factor_compare": 1654477695208, "factor.TimeDiscreteFactor.time_factor_marginalize": 1654477695413, "factor.TimeDiscreteFactor.time_factor_multiply_large": 1654477695618, "factor.TimeDiscreteFactor.time_factor_reduce": 1654477695822, "import.TimeImport.time_import": 1654477696027, "inference.TimeBeliefPropagation.time_query_alarm": 1654477693749, "inference.TimeVariableElimination.time_query_alarm": 1654477693803, "inference.TimeVariableElimination.time_query_munin": 1654477693858, "parameter_learning.TimeBayesianEstimator.time_alarm_bayesian_estimator": 1654477693912, "parameter_learning.TimeBayesianEstimator.time_munin_bayesian_estimator": 1654477693967, "parameter_learning.TimeExpectationMaximization.time_alarm_em": 1654477694021, "parameter_learning.TimeExpectationMaximization.time_munin_em": 1654477694076, "parameter_learning.TimeMLE.time_alarm_mle": 1654477694130, "parameter_learning.TimeMLE.time_munin_mle": 1654477694185, "readwrite.TimeRead.time_asia_read": 1654477694239, "readwrite.TimeRead.time_asia_write": 1654477694294, "readwrite.TimeRead.time_munin_read": 1654477694348, "readwrite.TimeRead.time_munin_write": 1654477694403, "readwrite.TimeRead.time_pathfinder_read": 1654477694457, "readwrite.TimeRead.time_pathfinder_write": 1654477694512, "sampling.TimeSampling.time_forward_sample": 1654477694566, "sampling.TimeSampling.time_gibbs_sampling": 1654477694621, "sampling.TimeSampling.time_likelihood_sample": 1654477694675, "sampling.TimeSampling.time_rejection_sample": 1654477694730, "structure_learning.TimeHillClimbAlarmModel.time_hillclimb": 1654477694784, "structure_learning.TimeMmhcAlarmModel.time_mmhc": 1654477694839, "structure_learning.TimePCAlarmModel.time_pc_orig": 1654477694893, "structure_learning.TimePCAlarmModel.time_pc_stable": 1654477694948, "structure_learning.TimeTreeSearchAlarmModel.time_tan": 1654477695003}, "benchmark_version": {"factor.TimeDiscreteFactor.time_factor_compare": "95feb42df85ffe5cf519cf4af677309a5cdb891db99ad54b655196c3e1f2e13a", "factor.TimeDiscreteFactor.time_factor_marginalize": "a3ae79cdcf3bcd4bc49df94b3b3d5f93c4126249a9b3cf2481ac381ee836f851", "factor.TimeDiscreteFactor.time_factor_multiply_large": "cfb6b66fddb2953948ffb6566ae101535dd1e8d0fd9af855331f39ef905f4450", "factor.TimeDiscreteFactor.time_factor_reduce": "cb3858b638914f7572792153a60efb4aecbde56d5abf039791451adb0f26c263",