{"results": {"factor.TimeDiscreteFactor.time_factor_marginalize": {"result": [6.319214532404769e-05], "stats": [{"ci_99": [6.301568844068198e-05, 6.348827140934674e-05], "q_25": 6.312591794096393e-05, "q_75": 6.336521897694946e-05, "min": 6.301568844068198e-05, "max": 6.348827140934674e-05, "mean": 6.323180816791675e-05, "std": 1.4509225185603285e-07, "repeat": 10, "number": 162}]}, "factor.TimeDiscreteFactor.time_factor_multiply_large": {"result": [5.036985956168061e-05], "stats": [{"ci_99": [5.002818894728519e-05, 5.122190385914305e-05], "q_25": 5.020623866236952e-05, "q_75": 5.074031873824494e-05, "min": 5.002818894728519e-05, "max": 5.122190385914305e-05, "mean": 5.04987822337584e-05, "std": 3.9980801866960473e-07, "repeat": 10, "number": 209}]}, "factor.TimeDiscreteFactor.time_factor_reduce": {"result": [2.987728446120831e-05], "stats": [{"ci_99": [2.9694224554798446e-05, 3.0088724208840033e-05], "q_25": 2.974430796950626e-05, "q_75": 2.9948319949918246e-05, "min": 2.9694224554798446e-05, "max": 3.0088724208840033e-05, "mean": 2.9862662428394174e-05, "std": 1.2124501981692983e-07, "repeat": 10, "number": 347}]}, "import.TimeImport.time_import": {"result": [1.362114053214467e-07], "stats": [{"ci_99": [1.3498429910843807e-07, 1.3928105602693438e-07], "q_25": 1.3587302855634899e-07, "q_75": 1.3697144225858844e-07, "min": 1.3498429910843807e-07, "max": 1.3928105602693438e-07, "mean": 1.3670274030808755e-07, "std": 1.333490181230752e-09, "repeat": 10, "number": 79044}]}, "inference.TimeVariableElimination.time_query_alarm": {"result": [0.10315305087715387], "stats": [{"ci_99": [0.09819078949576927, 0.10989339611196206], "q_25": 0.10264661954715848, "q_75": 0.10454852413386106, "min": 0.10190670005977154, "max": 0.1079555694013834, "mean": 0.10404209280386567, "std": 0.002323304521236751, "repeat": 4, "number": 1}]}, "inference.TimeVariableElimination.time_query_munin": {"result": [0.25298542249947786], "stats": [{"ci_99": [0.24384964418320748, 0.261981497772943], "q_25": 0.2508446369320154, "q_75": 0.2550563565455377, "min": 0.24847921915352345, "max": 0.2572122197598219, "mean": 0.25291557097807527, "std": 0.0032330197763734947, "repeat": 4, "number": 1}]}, "readwrite.TimeRead.time_asia_read": {"result": [0.009792831726372242], "stats": [{"ci_99": [-0.03901191707700491, 0.05859758052974935], "q_25": 0.00930478423833847, "q_75": 0.010280879214406013, "min": 0.008816736750304699, "max": 0.010768926702439785, "mean": 0.009792831726372242, "std": 0.000976094976067543, "repeat": 2, "number": 2}]}, "readwrite.TimeRead.time_asia_write": {"result": [0.0005756415146058553], "stats": [{"ci_99": [-1.5545815025303378e-06, 0.0011528376107142403], "q_25": 0.0005698695536447714, "q_75": 0.0005814134755669392, "min": 0.0005640975926836876, "max": 0.000587185436528023, "mean": 0.0005756415146058553, "std": 1.1543921922167711e-05, "repeat": 2, "number": 73}]}, "readwrite.TimeRead.time_munin_read": {"result": [5.3262801971286535], "stats": [{"ci_99": [-0.8420406710356474, 11.49460106529295], "q_25": 5.2645969884470105, "q_75": 5.3879634058102965, "min": 5.2029137797653675, "max": 5.4496466144919395, "mean": 5.3262801971286535, "std": 0.12336641736328602, "repeat": 2, "number": 1}]}, "readwrite.TimeRead.time_munin_write": {"result": [0.04662287514656782], "stats": [{"ci_99": [-0.27832558285444975, 0.3715713331475851], "q_25": 0.043373390566557646, "q_75": 0.049872359726578, "min": 0.04012390598654747, "max": 0.05312184430658817, "mean": 0.04662287514656782, "std": 0.006498969160020351, "repeat": 2, "number": 1}]}, "readwrite.TimeRead.time_pathfinder_read": {"result": [5.670755984261632], "stats": [{"ci_99": [4.8585149217396975, 6.482997046783566], "q_25": 5.662633573636413, "q_75": 5.678878394886851, "min": 5.654511163011193, "max": 5.687000805512071, "mean": 5.670755984261632, "std": 0.01624482125043869, "repeat": 2, "number": 1}]}, "readwrite.TimeRead.time_pathfinder_write": {"result": [0.026121449656784534], "stats": [{"ci_99": [0.018423556350171566, 0.033819342963397496], "q_25": 0.026044470723718405, "q_75": 0.026198428589850664, "min": 0.025967491790652275, "max": 0.026275407522916794, "mean": 0.026121449656784534, "std": 0.00015395786613225937, "repeat": 2, "number": 1}]}, "sampling.TimeSampling.time_forward_sample": {"result": [0.19636311940848827], "stats": [{"ci_99": [0.19407291896641254, 0.19811986573040485], "q_25": 0.19460633024573326, "q_75": 0.19755692407488823, "min": 0.19407291896641254, "max": 0.19811986573040485, "mean": 0.19617038313299417, "std": 0.001514448148066761, "repeat": 10, "number": 1}]}, "sampling.TimeSampling.time_gibbs_sampling": null, "sampling.TimeSampling.time_likelihood_sample": {"result": [0.20527319703251123], "stats": [{"ci_99": [0.20241395756602287, 0.20902209170162678], "q_25": 0.2033468005247414, "q_75": 0.20704033970832825, "min": 0.20241395756602287, "max": 0.20902209170162678, "mean": 0.20541060622781515, "std": 0.0023130222411724866, "repeat": 10, "number": 1}]}, "sampling.TimeSampling.time_rejection_sample": {"result": [36.08380107022822], "stats": [{"ci_99": [17.662757707759738, 54.504844432696686], "q_25": 35.899590636603534, "q_75": 36.268011503852904, "min": 35.71538020297885, "max": 36.45222193747759, "mean": 36.08380107022822, "std": 0.3684208672493696, "repeat": 2, "number": 1}]}, "structure_learning.TimeHillClimb.time_hillclimb": null, "structure_learning.TimePC.time_pc_orig": {"result": [40.332448934204876], "stats": [{"ci_99": [37.7840164443478, 42.880881424061954], "q_25": 40.306964609306306, "q_75": 40.35793325910345, "min": 40.281480284407735, "max": 40.38341758400202, "mean": 40.332448934204876, "std": 0.05096864979714155, "repeat": 2, "number": 1}]}, "structure_learning.TimePC.time_pc_stable": {"result": [40.24382220301777], "stats": [{"ci_99": [40.11964649613947, 40.367997909896076], "q_25": 40.24258044594899, "q_75": 40.245063960086554, "min": 40.241338688880205, "max": 40.24630571715534, "mean": 40.24382220301777, "std": 0.0024835141375660896, "repeat": 2, "number": 1}]}}, "params": {"arch": "x86_64", "cpu": "Intel(R) Core(TM) i9-9820X CPU @ 3.30GHz", "machine": "graveyard", "num_cpu": "20", "os": "Linux 4.15.0-112-generic", "ram": "131688676", "python": "3.8"}, "requirements": {}, "commit_hash": "9baec76c5717e89c6bed35b85480759291c415b0", "date": 1622458924000, "env_name": "conda-py3.8", "python": "3.8", "profiles": {}, "started_at": {"factor.TimeDiscreteFactor.time_factor_marginalize": 1625158109312, "factor.TimeDiscreteFactor.time_factor_multiply_large": 1625158109520, "factor.TimeDiscreteFactor.time_factor_reduce": 1625158109727, "import.TimeImport.time_import": 1625158109933, "inference.TimeVariableElimination.time_query_alarm": 1625158110140, "inference.TimeVariableElimination.time_query_munin": 1625158128245, "readwrite.TimeRead.time_asia_read": 1625158146803, "readwrite.TimeRead.time_asia_write": 1625158170623, "readwrite.TimeRead.time_munin_read": 1625158194395, "readwrite.TimeRead.time_munin_write": 1625158230248, "readwrite.TimeRead.time_pathfinder_read": 1625158253519, "readwrite.TimeRead.time_pathfinder_write": 1625158288871, "sampling.TimeSampling.time_forward_sample": 1625158312091, "sampling.TimeSampling.time_gibbs_sampling": 1625157278057, "sampling.TimeSampling.time_likelihood_sample": 1625158313854, "sampling.TimeSampling.time_rejection_sample": 1625158315668, "structure_learning.TimeHillClimb.time_hillclimb": 1625157951271, "structure_learning.TimePC.time_pc_orig": 1625158385681, "structure_learning.TimePC.time_pc_stable": 1625158464349}, "ended_at": {"factor.TimeDiscreteFactor.time_factor_marginalize": 1625158109519, "factor.TimeDiscreteFactor.time_factor_multiply_large": 1625158109726, "factor.TimeDiscreteFactor.time_factor_reduce": 1625158109933, "import.TimeImport.time_import": 1625158110140, "inference.TimeVariableElimination.time_query_alarm": 1625158128245, "inference.TimeVariableElimination.time_query_munin": 1625158146802, "readwrite.TimeRead.time_asia_read": 1625158170623,