{"results": {"factor.TimeDiscreteFactor.time_factor_marginalize": {"result": [6.594770610422255e-05], "stats": [{"ci_99": [6.582024675535869e-05, 6.690881136490638e-05], "q_25": 6.591426966016192e-05, "q_75": 6.624574335404188e-05, "min": 6.582024675535869e-05, "max": 6.690881136490638e-05, "mean": 6.610142145620053e-05, "std": 3.1572260353282527e-07, "repeat": 10, "number": 166}]}, "factor.TimeDiscreteFactor.time_factor_multiply_large": {"result": [5.71510729756444e-05], "stats": [{"ci_99": [5.671362630388838e-05, 5.7459179747928964e-05], "q_25": 5.701572654095102e-05, "q_75": 5.7230941317182905e-05, "min": 5.671362630388838e-05, "max": 5.7459179747928964e-05, "mean": 5.7121760588377074e-05, "std": 1.925966856516711e-07, "repeat": 10, "number": 188}]}, "factor.TimeDiscreteFactor.time_factor_reduce": {"result": [3.310651359820145e-05], "stats": [{"ci_99": [3.299775934164e-05, 3.3592738949292956e-05], "q_25": 3.304397009728309e-05, "q_75": 3.335136349310078e-05, "min": 3.299775934164e-05, "max": 3.3592738949292956e-05, "mean": 3.319755023570253e-05, "std": 1.9107239794925618e-07, "repeat": 10, "number": 323}]}, "import.TimeImport.time_import": {"result": [1.3225259559606018e-07], "stats": [{"ci_99": [1.3127913932135217e-07, 1.33004357215915e-07], "q_25": 1.3176976658026433e-07, "q_75": 1.3282713329332455e-07, "min": 1.3127913932135217e-07, "max": 1.33004357215915e-07, "mean": 1.3225411009053707e-07, "std": 6.178440537231743e-10, "repeat": 10, "number": 76314}]}, "readwrite.TimeRead.time_asia_read": {"result": [0.1740764337591827], "stats": [{"ci_99": [0.11436848202720284, 0.23378438549116248], "q_25": 0.1734793542418629, "q_75": 0.1746735132765025, "min": 0.1728822747245431, "max": 0.1752705927938223, "mean": 0.1740764337591827, "std": 0.001194159034639597, "repeat": 2, "number": 1}]}, "readwrite.TimeRead.time_asia_write": {"result": [0.0006760077196217718], "stats": [{"ci_99": [0.0003626391084657792, 0.0009893763307777643], "q_25": 0.0006728740335102119, "q_75": 0.0006791414057333318, "min": 0.000669740347398652, "max": 0.0006822750918448917, "mean": 0.0006760077196217718, "std": 6.267372223119853e-06, "repeat": 2, "number": 63}]}, "readwrite.TimeRead.time_munin_read": {"result": [5.829750333912671], "stats": [{"ci_99": [5.548853014595807, 6.110647653229535], "q_25": 5.826941360719502, "q_75": 5.832559307105839, "min": 5.824132387526333, "max": 5.835368280299008, "mean": 5.829750333912671, "std": 0.00561794638633728, "repeat": 2, "number": 1}]}, "readwrite.TimeRead.time_munin_write": {"result": [0.041986024007201195], "stats": [{"ci_99": [0.021631130948662758, 0.06234091706573962], "q_25": 0.04178247507661581, "q_75": 0.04218957293778658, "min": 0.041578926146030426, "max": 0.042393121868371964, "mean": 0.041986024007201195, "std": 0.00040709786117076874, "repeat": 2, "number": 1}]}, "readwrite.TimeRead.time_pathfinder_read": {"result": [6.4709545616060495], "stats": [{"ci_99": [6.2117156609892845, 6.730193462222815], "q_25": 6.468362172599882, "q_75": 6.473546950612217, "min": 6.465769783593714, "max": 6.476139339618385, "mean": 6.4709545616060495, "std": 0.0051847780123353004, "repeat": 2, "number": 1}]}, "readwrite.TimeRead.time_pathfinder_write": {"result": [0.025051935575902462], "stats": [{"ci_99": [0.008598585613071918, 0.04150528553873299], "q_25": 0.024887402076274157, "q_75": 0.025216469075530767, "min": 0.02472286857664585, "max": 0.025381002575159073, "mean": 0.025051935575902462, "std": 0.00032906699925661087, "repeat": 2, "number": 1}]}, "sampling.TimeSampling.time_forward_sample": {"result": [5.77124585583806], "stats": [{"ci_99": [4.60261707380414, 6.93987463787198], "q_25": 5.759559568017721, "q_75": 5.7829321436584, "min": 5.747873280197382, "max": 5.794618431478739, "mean": 5.77124585583806, "std": 0.023372575640678406, "repeat": 2, "number": 1}]}, "sampling.TimeSampling.time_gibbs_sampling": null, "sampling.TimeSampling.time_likelihood_sample": {"result": [5.3736733896657825], "stats": [{"ci_99": [4.854635304771364, 5.892711474560201], "q_25": 5.368483008816838, "q_75": 5.378863770514727, "min": 5.363292627967894, "max": 5.384054151363671, "mean": 5.3736733896657825, "std": 0.010380761697888374, "repeat": 2, "number": 1}]}, "sampling.TimeSampling.time_rejection_sample": null, "structure_learning.TimeHillClimb.time_hillclimb": null, "structure_learning.TimePC.time_pc_orig": {"result": [38.48462908482179], "stats": [{"ci_99": [26.104315001983196, 50.86494316766037], "q_25": 38.360825943993405, "q_75": 38.608432225650176, "min": 38.23702280316502, "max": 38.73223536647856, "mean": 38.48462908482179, "std": 0.2476062816567719, "repeat": 2, "number": 1}]}, "structure_learning.TimePC.time_pc_stable": {"result": [40.651847219560295], "stats": [{"ci_99": [40.062680614646524, 41.24101382447407], "q_25": 40.64595555351116, "q_75": 40.65773888560943, "min": 40.64006388746202, "max": 40.66363055165857, "mean": 40.651847219560295, "std": 0.011783332098275423, "repeat": 2, "number": 1}]}}, "params": {"arch": "x86_64", "cpu": "Intel(R) Core(TM) i9-9820X CPU @ 3.30GHz", "machine": "graveyard", "num_cpu": "20", "os": "Linux 4.15.0-112-generic", "ram": "131688676", "python": "3.6"}, "requirements": {}, "commit_hash": "9d10e52ecaf125e052dbf0d64577b046dc23f174", "date": 1595759072000, "env_name": "conda-py3.6", "python": "3.6", "profiles": {}, "started_at": {"factor.TimeDiscreteFactor.time_factor_marginalize": 1610500757661, "factor.TimeDiscreteFactor.time_factor_multiply_large": 1610500757868, "factor.TimeDiscreteFactor.time_factor_reduce": 1610500758075, "import.TimeImport.time_import": 1610500758282, "readwrite.TimeRead.time_asia_read": 1610500758488, "readwrite.TimeRead.time_asia_write": 1610500784716, "readwrite.TimeRead.time_munin_read": 1610500811295, "readwrite.TimeRead.time_munin_write": 1610500850810, "readwrite.TimeRead.time_pathfinder_read": 1610500876838, "readwrite.TimeRead.time_pathfinder_write": 1610500917054, "sampling.TimeSampling.time_forward_sample": 1610500943082, "sampling.TimeSampling.time_gibbs_sampling": 1610499314012, "sampling.TimeSampling.time_likelihood_sample": 1610500955122, "sampling.TimeSampling.time_rejection_sample": 1610499925449, "structure_learning.TimeHillClimb.time_hillclimb": 1610500525526, "structure_learning.TimePC.time_pc_orig": 1610500966309, "structure_learning.TimePC.time_pc_stable": 1610501077414}, "ended_at": {"factor.TimeDiscreteFactor.time_factor_marginalize": 1610500757868, "factor.TimeDiscreteFactor.time_factor_multiply_large": 1610500758075, "factor.TimeDiscreteFactor.time_factor_reduce": 1610500758282, "import.TimeImport.time_import": 1610500758488, "readwrite.TimeRead.time_asia_read": 1610500784715, "readwrite.TimeRead.time_asia_write": 1610500811294, "readwrite.TimeRead.time_munin_read": 1610500850809, "readwrite.TimeRead.time_munin_write": 1610500876837, "readwrite.TimeRead.time_pathfinder_read": 1610500917054, "readwrite.TimeRead.time_pathfinder_write": 1610500943082, "sampling.TimeSampling.time_forward_sample": 1610500955122, "sampling.TimeSampling.time_gibbs_sampling": 1610499914262, "sampling.TimeSampling.time_likelihood_sample": 1610500966309, "sampling.TimeSampling.time_rejection_sample": 1610500525526, "structure_learning.TimeHillClimb.time_hillclimb": 1610500531649, "structure_learning.TimePC.time_pc_orig": 1610501077414, "structure_learning.TimePC.time_pc_stable": 1610501192880}, "benchmark_version": {"factor.TimeDiscreteFactor.time_factor_marginalize": "a3ae79cdcf3bcd4bc49df94b3b3d5f93c4126249a9b3cf2481ac381ee836f851", "factor.TimeDiscreteFactor.time_factor_multiply_large": "cfb6b66fddb2953948ffb6566ae101535dd1e8d0fd9af855331f39ef905f4450", "factor.TimeDiscreteFactor.time_factor_reduce": "cb3858b638914f7572792153a60efb4aecbde56d5abf039791451adb0f26c263", "import.TimeImport.time_import": "b8454f897532cbfc3dc91dd442b9d4429c7671f8720779f25b6975fed7999d6c", "readwrite.TimeRead.time_asia_read": "00ee50175421b36358b2284cbbaaf9e6caad1078a142202d8afbc8a5431e3d42",