{"results": {"factor.TimeDiscreteFactor.time_factor_marginalize": {"result": [6.342162458882855e-05], "stats": [{"ci_99": [6.335076870601301e-05, 6.347087163456602e-05], "q_25": 6.336674115733604e-05, "q_75": 6.343839108685538e-05, "min": 6.335076870601301e-05, "max": 6.347087163456602e-05, "mean": 6.340847302206679e-05, "std": 4.168323282212338e-08, "repeat": 10, "number": 173}]}, "factor.TimeDiscreteFactor.time_factor_multiply_large": {"result": [5.063666788299688e-05], "stats": [{"ci_99": [5.0111027639448356e-05, 5.109885342098309e-05], "q_25": 5.05355948751623e-05, "q_75": 5.069346964787068e-05, "min": 5.0111027639448356e-05, "max": 5.109885342098309e-05, "mean": 5.0608488468177006e-05, "std": 2.5628690514469e-07, "repeat": 10, "number": 209}]}, "factor.TimeDiscreteFactor.time_factor_reduce": {"result": [3.0319323156205394e-05], "stats": [{"ci_99": [3.020015018564081e-05, 3.0529179446876546e-05], "q_25": 3.0290201814808883e-05, "q_75": 3.0413550171679443e-05, "min": 3.020015018564081e-05, "max": 3.0529179446876546e-05, "mean": 3.0349200191936115e-05, "std": 1.0234849589427337e-07, "repeat": 10, "number": 359}]}, "import.TimeImport.time_import": {"result": [1.3147383333800602e-07], "stats": [{"ci_99": [1.2981653002139496e-07, 1.3346220631687025e-07], "q_25": 1.307614382263758e-07, "q_75": 1.3225920427063133e-07, "min": 1.2981653002139496e-07, "max": 1.3346220631687025e-07, "mean": 1.3156401762413054e-07, "std": 1.0851197832370337e-09, "repeat": 10, "number": 84319}]}, "inference.TimeVariableElimination.time_query_alarm": {"result": [0.14642796199768782], "stats": [{"ci_99": [0.11916501863270045, 0.1885985317978358], "q_25": 0.14505226444453, "q_75": 0.15525747276842594, "min": 0.14375956542789936, "max": 0.17891161143779755, "mean": 0.15388177521526814, "std": 0.01450737554955225, "repeat": 4, "number": 1}]}, "inference.TimeVariableElimination.time_query_munin": {"result": [0.256983857601881], "stats": [{"ci_99": [0.23891285544274893, 0.27865718847127097], "q_25": 0.2538120886310935, "q_75": 0.26195679092779756, "min": 0.25066032260656357, "max": 0.2705120500177145, "mean": 0.25878502195701003, "std": 0.007399681149142065, "repeat": 4, "number": 1}]}, "readwrite.TimeRead.time_asia_read": {"result": [0.008646486792713404], "stats": [{"ci_99": [0.008500106167048216, 0.008792867418378592], "q_25": 0.008645022986456752, "q_75": 0.008647950598970056, "min": 0.0086435591802001, "max": 0.008649414405226707, "mean": 0.008646486792713404, "std": 2.9276125133037567e-06, "repeat": 2, "number": 2}]}, "readwrite.TimeRead.time_asia_write": {"result": [0.000485703157745812], "stats": [{"ci_99": [-0.004315923657013128, 0.005287329972504748], "q_25": 0.0004376868895982226, "q_75": 0.0005337194258934014, "min": 0.0003896706214506332, "max": 0.0005817356940409908, "mean": 0.000485703157745812, "std": 9.60325362951788e-05, "repeat": 2, "number": 73}]}, "readwrite.TimeRead.time_munin_read": {"result": [5.189766874536872], "stats": [{"ci_99": [4.600546369329095, 5.778987379744648], "q_25": 5.183874669484794, "q_75": 5.19565907958895, "min": 5.177982464432716, "max": 5.2015512846410275, "mean": 5.189766874536872, "std": 0.01178441010415554, "repeat": 2, "number": 1}]}, "readwrite.TimeRead.time_munin_write": {"result": [0.04063470382243395], "stats": [{"ci_99": [0.038922048173844814, 0.04234735947102308], "q_25": 0.04061757726594806, "q_75": 0.04065183037891984, "min": 0.040600450709462166, "max": 0.04066895693540573, "mean": 0.04063470382243395, "std": 3.4253112971782684e-05, "repeat": 2, "number": 1}]}, "readwrite.TimeRead.time_pathfinder_read": {"result": [5.816987805068493], "stats": [{"ci_99": [5.598320063203573, 6.0356555469334126], "q_25": 5.814801127649844, "q_75": 5.819174482487142, "min": 5.8126144502311945, "max": 5.821361159905791, "mean": 5.816987805068493, "std": 0.004373354837298393, "repeat": 2, "number": 1}]}, "readwrite.TimeRead.time_pathfinder_write": {"result": [0.026179950684309006], "stats": [{"ci_99": [0.02343357354402542, 0.028926327824592587], "q_25": 0.02615248691290617, "q_75": 0.02620741445571184, "min": 0.026125023141503334, "max": 0.026234878227114677, "mean": 0.026179950684309006, "std": 5.492754280567169e-05, "repeat": 2, "number": 1}]}, "sampling.TimeSampling.time_forward_sample": {"result": [0.19793620333075523], "stats": [{"ci_99": [0.19432538002729416, 0.20358731038868427], "q_25": 0.19565781252458692, "q_75": 0.20017307763919234, "min": 0.19432538002729416, "max": 0.20358731038868427, "mean": 0.1981771195307374, "std": 0.0029801526327031536, "repeat": 10, "number": 1}]}, "sampling.TimeSampling.time_gibbs_sampling": null, "sampling.TimeSampling.time_likelihood_sample": {"result": [0.20699870865792036], "stats": [{"ci_99": [0.2057941723614931, 0.23931228183209896], "q_25": 0.20657218620181084, "q_75": 0.20753270434215665, "min": 0.2057941723614931, "max": 0.23931228183209896, "mean": 0.21020424459129572, "std": 0.009726339865863532, "repeat": 10, "number": 1}]}, "sampling.TimeSampling.time_rejection_sample": {"result": [36.397666804492474], "stats": [{"ci_99": [29.26255263760686, 43.53278097137808], "q_25": 36.32631566282362, "q_75": 36.46901794616133, "min": 36.25496452115476, "max": 36.540369087830186, "mean": 36.397666804492474, "std": 0.1427022833377123, "repeat": 2, "number": 1}]}, "structure_learning.TimeHillClimb.time_hillclimb": null, "structure_learning.TimePC.time_pc_orig": {"result": [34.6351634580642], "stats": [{"ci_99": [33.03663263656199, 36.23369427956641], "q_25": 34.619178149849176, "q_75": 34.65114876627922, "min": 34.603192841634154, "max": 34.66713407449424, "mean": 34.6351634580642, "std": 0.031970616430044174, "repeat": 2, "number": 1}]}, "structure_learning.TimePC.time_pc_stable": {"result": [34.62003162968904], "stats": [{"ci_99": [32.42473570536822, 36.815327554009855], "q_25": 34.59807867044583, "q_75": 34.641984588932246, "min": 34.57612571120262, "max": 34.663937548175454, "mean": 34.62003162968904, "std": 0.04390591848641634, "repeat": 2, "number": 1}]}}, "params": {"arch": "x86_64", "cpu": "Intel(R) Core(TM) i9-9820X CPU @ 3.30GHz", "machine": "graveyard", "num_cpu": "20", "os": "Linux 4.15.0-112-generic", "ram": "131688676", "python": "3.8"}, "requirements": {}, "commit_hash": "a07b952ce19959e9902689c5ff1fcebead3db79d", "date": 1622811972000, "env_name": "conda-py3.8", "python": "3.8", "profiles": {}, "started_at": {"factor.TimeDiscreteFactor.time_factor_marginalize": 1625140255312, "factor.TimeDiscreteFactor.time_factor_multiply_large": 1625140255520, "factor.TimeDiscreteFactor.time_factor_reduce": 1625140255727, "import.TimeImport.time_import": 1625140255933, "inference.TimeVariableElimination.time_query_alarm": 1625140256140, "inference.TimeVariableElimination.time_query_munin": 1625140274446, "readwrite.TimeRead.time_asia_read": 1625140294056, "readwrite.TimeRead.time_asia_write": 1625140317877, "readwrite.TimeRead.time_munin_read": 1625140343102, "readwrite.TimeRead.time_munin_write": 1625140379006, "readwrite.TimeRead.time_pathfinder_read": 1625140402878, "readwrite.TimeRead.time_pathfinder_write": 1625140439033, "sampling.TimeSampling.time_forward_sample": 1625140462854, "sampling.TimeSampling.time_gibbs_sampling": 1625139434169, "sampling.TimeSampling.time_likelihood_sample": 1625140464668, "sampling.TimeSampling.time_rejection_sample": 1625140466532, "structure_learning.TimeHillClimb.time_hillclimb": 1625140109754, "structure_learning.TimePC.time_pc_orig": 1625140539804, "structure_learning.TimePC.time_pc_stable": 1625140612202}, "ended_at": {"factor.TimeDiscreteFactor.time_factor_marginalize": 1625140255519, "factor.TimeDiscreteFactor.time_factor_multiply_large": 1625140255726, "factor.TimeDiscreteFactor.time_factor_reduce": 1625140255933, "import.TimeImport.time_import": 1625140256140, "inference.TimeVariableElimination.time_query_alarm": 1625140274445, "inference.TimeVariableElimination.time_query_munin": 1625140294055, "readwrite.TimeRead.time_asia_read": 1625140317877,