{"results": {"factor.TimeDiscreteFactor.time_factor_marginalize": {"result": [6.398044437348486e-05], "stats": [{"ci_99": [6.383405384903183e-05, 6.409138887228367e-05], "q_25": 6.395645305782022e-05, "q_75": 6.403471761477921e-05, "min": 6.383405384903183e-05, "max": 6.409138887228367e-05, "mean": 6.398214417660307e-05, "std": 7.12677546011121e-08, "repeat": 10, "number": 167}]}, "factor.TimeDiscreteFactor.time_factor_multiply_large": {"result": [5.587585961695799e-05], "stats": [{"ci_99": [5.5544472001877025e-05, 5.6212902376332236e-05], "q_25": 5.5786788694022855e-05, "q_75": 5.601042132709444e-05, "min": 5.5544472001877025e-05, "max": 5.6212902376332236e-05, "mean": 5.589402520779482e-05, "std": 1.8520491983197884e-07, "repeat": 10, "number": 194}]}, "factor.TimeDiscreteFactor.time_factor_reduce": {"result": [3.249230255712741e-05], "stats": [{"ci_99": [3.238324109100093e-05, 3.2608825658124705e-05], "q_25": 3.244363197100623e-05, "q_75": 3.2549538823723435e-05, "min": 3.238324109100093e-05, "max": 3.2608825658124705e-05, "mean": 3.249279115603302e-05, "std": 6.986914199596041e-08, "repeat": 10, "number": 337}]}, "import.TimeImport.time_import": {"result": [1.2875414061479422e-07], "stats": [{"ci_99": [1.2812437478364065e-07, 1.3006855402734966e-07], "q_25": 1.286028046390737e-07, "q_75": 1.2913625142147974e-07, "min": 1.2812437478364065e-07, "max": 1.3006855402734966e-07, "mean": 1.2886002229034503e-07, "std": 5.432029300187375e-10, "repeat": 10, "number": 82676}]}, "inference.TimeVariableElimination.time_query_alarm": {"result": [0.17052336037158966], "stats": [{"ci_99": [0.1479380667612853, 0.20750248837909074], "q_25": 0.17040280997753143, "q_75": 0.17784082796424627, "min": 0.1701811198145151, "max": 0.19965326972305775, "mean": 0.17772027757018805, "std": 0.012663832673209051, "repeat": 4, "number": 1}]}, "inference.TimeVariableElimination.time_query_munin": {"result": [0.26439136546105146], "stats": [{"ci_99": [0.25885215832712566, 0.27019401022372325], "q_25": 0.2629271987825632, "q_75": 0.26598725095391273, "min": 0.2621354889124632, "max": 0.2671741172671318, "mean": 0.2645230842754245, "std": 0.001977659705043133, "repeat": 4, "number": 1}]}, "readwrite.TimeRead.time_asia_read": {"result": [0.009222377091646194], "stats": [{"ci_99": [0.007565833628177643, 0.010878920555114744], "q_25": 0.009205811657011509, "q_75": 0.00923894252628088, "min": 0.009189246222376823, "max": 0.009255507960915565, "mean": 0.009222377091646194, "std": 3.313086926937103e-05, "repeat": 2, "number": 2}]}, "readwrite.TimeRead.time_asia_write": {"result": [0.000499775429489091], "stats": [{"ci_99": [-0.005919708841247484, 0.006919259700225661], "q_25": 0.0004355805867817253, "q_75": 0.0005639702721964568, "min": 0.00037138574407435954, "max": 0.0006281651149038225, "mean": 0.000499775429489091, "std": 0.0001283896854147315, "repeat": 2, "number": 64}]}, "readwrite.TimeRead.time_munin_read": {"result": [5.648945428431034], "stats": [{"ci_99": [5.191153630614281, 6.1067372262477875], "q_25": 5.6443675104528666, "q_75": 5.653523346409202, "min": 5.639789592474699, "max": 5.658101264387369, "mean": 5.648945428431034, "std": 0.009155835956335068, "repeat": 2, "number": 1}]}, "readwrite.TimeRead.time_munin_write": {"result": [0.041693029925227165], "stats": [{"ci_99": [0.03389068879187107, 0.04949537105858325], "q_25": 0.041615006513893604, "q_75": 0.041771053336560726, "min": 0.04153698310256004, "max": 0.04184907674789429, "mean": 0.041693029925227165, "std": 0.0001560468226671219, "repeat": 2, "number": 1}]}, "readwrite.TimeRead.time_pathfinder_read": {"result": [6.275717059150338], "stats": [{"ci_99": [5.947894679382443, 6.603539438918233], "q_25": 6.272438835352659, "q_75": 6.278995282948017, "min": 6.26916061155498, "max": 6.282273506745696, "mean": 6.275717059150338, "std": 0.006556447595357895, "repeat": 2, "number": 1}]}, "readwrite.TimeRead.time_pathfinder_write": {"result": [0.02476487960666418], "stats": [{"ci_99": [0.018845719285309315, 0.03068403992801904], "q_25": 0.024705688003450632, "q_75": 0.02482407120987773, "min": 0.024646496400237083, "max": 0.024883262813091278, "mean": 0.02476487960666418, "std": 0.00011838320642709732, "repeat": 2, "number": 1}]}, "sampling.TimeSampling.time_forward_sample": null, "sampling.TimeSampling.time_gibbs_sampling": null, "sampling.TimeSampling.time_likelihood_sample": {"result": [0.21078904252499342], "stats": [{"ci_99": [0.20934108458459377, 0.2314880881458521], "q_25": 0.20970779191702604, "q_75": 0.211473036557436, "min": 0.20934108458459377, "max": 0.2314880881458521, "mean": 0.2126229690387845, "std": 0.006352107485268779, "repeat": 10, "number": 1}]}, "sampling.TimeSampling.time_rejection_sample": null, "structure_learning.TimeHillClimb.time_hillclimb": null, "structure_learning.TimePC.time_pc_orig": {"result": [42.165945635177195], "stats": [{"ci_99": [26.257529600523412, 58.074361669830964], "q_25": 42.00686147483066, "q_75": 42.32502979552373, "min": 41.84777731448412, "max": 42.48411395587027, "mean": 42.165945635177195, "std": 0.31816832069307566, "repeat": 2, "number": 1}]}, "structure_learning.TimePC.time_pc_stable": {"result": [42.312847648747265], "stats": [{"ci_99": [21.544579195789993, 63.081116101704524], "q_25": 42.10516496421769, "q_75": 42.52053033327684, "min": 41.89748227968812, "max": 42.72821301780641, "mean": 42.312847648747265, "std": 0.41536536905914545, "repeat": 2, "number": 1}]}, "factor.TimeDiscreteFactor.time_factor_compare": {"result": [7.550278999682129e-05], "stats": [{"ci_99": [7.45940696576546e-05, 7.639597972919201e-05], "q_25": 7.527119255271451e-05, "q_75": 7.576446273717388e-05, "min": 7.45940696576546e-05, "max": 7.639597972919201e-05, "mean": 7.551366142157851e-05, "std": 4.623574143017005e-07, "repeat": 10, "number": 145}]}, "inference.TimeBeliefPropagation.time_query_alarm": {"result": [61.99242044519633], "stats": [{"ci_99": [59.36897048074752, 64.61587040964514], "q_25": 61.96618594555184, "q_75": 62.01865494484082, "min": 61.939951445907354, "max": 62.04488944448531, "mean": 61.99242044519633, "std": 0.05246899928897619, "repeat": 2, "number": 1}]}, "parameter_learning.TimeBayesianEstimator.time_alarm_bayesian_estimator": null, "parameter_learning.TimeBayesianEstimator.time_munin_bayesian_estimator": null, "parameter_learning.TimeExpectationMaximization.time_alarm_em": null, "parameter_learning.TimeExpectationMaximization.time_munin_em": null, "parameter_learning.TimeMLE.time_alarm_mle": null, "parameter_learning.TimeMLE.time_munin_mle": null, "structure_learning.TimeHillClimbAlarmModel.time_hillclimb": null, "structure_learning.TimeMmhcAlarmModel.time_mmhc": null, "structure_learning.TimePCAlarmModel.time_pc_orig": null, "structure_learning.TimePCAlarmModel.time_pc_stable": null, "structure_learning.TimeTreeSearchAlarmModel.time_tan": null}, "params": {"arch": "x86_64", "cpu": "Intel(R) Core(TM) i9-9820X CPU @ 3.30GHz", "machine": "graveyard", "num_cpu": "20", "os": "Linux 4.15.0-112-generic", "ram": "131688676", "python": "3.6"}, "requirements": {}, "commit_hash": "a07b952ce19959e9902689c5ff1fcebead3db79d", "date": 1622811972000, "env_name": "conda-py3.6", "python": "3.6", "profiles": {}, "started_at": {"factor.TimeDiscreteFactor.time_factor_marginalize": 1654086469991, "factor.TimeDiscreteFactor.time_factor_multiply_large": 1654086470198, "factor.TimeDiscreteFactor.time_factor_reduce": 1654086470404, "import.TimeImport.time_import": 1654086470611, "inference.TimeVariableElimination.time_query_alarm": 1654086594931, "inference.TimeVariableElimination.time_query_munin": 1654086614492, "readwrite.TimeRead.time_asia_read": 1654086634308, "readwrite.TimeRead.time_asia_write": 1654086659734, "readwrite.TimeRead.time_munin_read": 1654086685210, "readwrite.TimeRead.time_munin_write": 1654086723622, "readwrite.TimeRead.time_pathfinder_read": 1654086749098, "readwrite.TimeRead.time_pathfinder_write": 1654086787710, "sampling.TimeSampling.time_forward_sample": 1654085866555,