{"results": {"factor.TimeDiscreteFactor.time_factor_marginalize": {"result": [6.437880699248876e-05], "stats": [{"ci_99": [6.414044867543614e-05, 6.579919992124334e-05], "q_25": 6.418294437667902e-05, "q_75": 6.496817530954586e-05, "min": 6.414044867543614e-05, "max": 6.579919992124334e-05, "mean": 6.466992856825102e-05, "std": 5.763476880813818e-07, "repeat": 10, "number": 170}]}, "factor.TimeDiscreteFactor.time_factor_multiply_large": {"result": [5.653712664443161e-05], "stats": [{"ci_99": [5.594703383470705e-05, 5.68820621954833e-05], "q_25": 5.625436053226131e-05, "q_75": 5.670619826198248e-05, "min": 5.594703383470705e-05, "max": 5.68820621954833e-05, "mean": 5.646835310452895e-05, "std": 3.130927117542377e-07, "repeat": 10, "number": 191}]}, "factor.TimeDiscreteFactor.time_factor_reduce": {"result": [3.3016552983438564e-05], "stats": [{"ci_99": [3.279566149645989e-05, 3.3195355525439665e-05], "q_25": 3.292574048816976e-05, "q_75": 3.318317570589734e-05, "min": 3.279566149645989e-05, "max": 3.3195355525439665e-05, "mean": 3.302783423334087e-05, "std": 1.4415120876961617e-07, "repeat": 10, "number": 327}]}, "import.TimeImport.time_import": {"result": [1.345219123463954e-07], "stats": [{"ci_99": [1.3401118299797863e-07, 1.355282242333177e-07], "q_25": 1.34424380410412e-07, "q_75": 1.3488976098906403e-07, "min": 1.3401118299797863e-07, "max": 1.355282242333177e-07, "mean": 1.3467916418956555e-07, "std": 4.4807968776859523e-10, "repeat": 10, "number": 81285}]}, "inference.TimeVariableElimination.time_query_alarm": {"result": [0.10641707573086023], "stats": [{"ci_99": [0.10474965731612682, 0.10813949340023757], "q_25": 0.10588477831333876, "q_75": 0.10697687277570367, "min": 0.10583469085395336, "max": 0.10710945911705494, "mean": 0.10644457535818219, "std": 0.00058035161658102, "repeat": 4, "number": 1}]}, "inference.TimeVariableElimination.time_query_munin": {"result": [0.5159871689975262], "stats": [{"ci_99": [0.5094510720403116, 0.5226855945481736], "q_25": 0.5143047757446766, "q_75": 0.5177507265470922, "min": 0.5131406914442778, "max": 0.5191583037376404, "mean": 0.5160683332942426, "std": 0.0023174847208770697, "repeat": 4, "number": 1}]}, "readwrite.TimeRead.time_asia_read": {"result": [0.009275108110159636], "stats": [{"ci_99": [0.00913184741511941, 0.009418368805199862], "q_25": 0.009273675503209233, "q_75": 0.009276540717110038, "min": 0.009272242896258831, "max": 0.00927797332406044, "mean": 0.009275108110159636, "std": 2.8652139008045197e-06, "repeat": 2, "number": 2}]}, "readwrite.TimeRead.time_asia_write": {"result": [0.0006460621213865658], "stats": [{"ci_99": [0.0003780799637001657, 0.0009140442790729657], "q_25": 0.0006433822998097019, "q_75": 0.0006487419429634298, "min": 0.0006407024782328378, "max": 0.0006514217645402938, "mean": 0.0006460621213865658, "std": 5.359643153728002e-06, "repeat": 2, "number": 63}]}, "readwrite.TimeRead.time_munin_read": {"result": [5.721962122246623], "stats": [{"ci_99": [5.243253471329808, 6.200670773163438], "q_25": 5.717175035737455, "q_75": 5.726749208755791, "min": 5.712387949228287, "max": 5.731536295264959, "mean": 5.721962122246623, "std": 0.009574173018336296, "repeat": 2, "number": 1}]}, "readwrite.TimeRead.time_munin_write": {"result": [0.04219203535467386], "stats": [{"ci_99": [0.033973067067563534, 0.050411003641784184], "q_25": 0.04210984567180276, "q_75": 0.042274225037544966, "min": 0.042027655988931656, "max": 0.04235641472041607, "mean": 0.04219203535467386, "std": 0.00016437936574220657, "repeat": 2, "number": 1}]}, "readwrite.TimeRead.time_pathfinder_read": {"result": [6.399643314071], "stats": [{"ci_99": [6.247576172463596, 6.551710455678403], "q_25": 6.398122642654926, "q_75": 6.401163985487074, "min": 6.3966019712388515, "max": 6.402684656903148, "mean": 6.399643314071, "std": 0.003041342832148075, "repeat": 2, "number": 1}]}, "readwrite.TimeRead.time_pathfinder_write": {"result": [0.024999921210110188], "stats": [{"ci_99": [0.02378524374216795, 0.026214598678052425], "q_25": 0.024987774435430765, "q_75": 0.02501206798478961, "min": 0.024975627660751343, "max": 0.025024214759469032, "mean": 0.024999921210110188, "std": 2.4293549358844757e-05, "repeat": 2, "number": 1}]}, "sampling.TimeSampling.time_forward_sample": null, "sampling.TimeSampling.time_gibbs_sampling": null, "sampling.TimeSampling.time_likelihood_sample": {"result": [0.21034219302237034], "stats": [{"ci_99": [0.2094728834927082, 0.2130161076784134], "q_25": 0.20999038172885776, "q_75": 0.2108145193196833, "min": 0.2094728834927082, "max": 0.2130161076784134, "mean": 0.21057531125843526, "std": 0.0009383352660983611, "repeat": 10, "number": 1}]}, "sampling.TimeSampling.time_rejection_sample": null, "structure_learning.TimeHillClimb.time_hillclimb": null, "structure_learning.TimePC.time_pc_orig": {"result": [34.73208708316088], "stats": [{"ci_99": [27.319681957364082, 42.144492208957665], "q_25": 34.65796303190291, "q_75": 34.806211134418845, "min": 34.58383898064494, "max": 34.88033518567681, "mean": 34.73208708316088, "std": 0.1482481025159359, "repeat": 2, "number": 1}]}, "structure_learning.TimePC.time_pc_stable": {"result": [34.686109613627195], "stats": [{"ci_99": [29.890075143426657, 39.48214408382773], "q_25": 34.63814926892519, "q_75": 34.7340699583292, "min": 34.590188924223185, "max": 34.782030303031206, "mean": 34.686109613627195, "std": 0.09592068940401077, "repeat": 2, "number": 1}]}, "factor.TimeDiscreteFactor.time_factor_compare": {"result": [7.528426318333066e-05], "stats": [{"ci_99": [7.488618380036847e-05, 7.662305544162619e-05], "q_25": 7.522022030476866e-05, "q_75": 7.552219362094484e-05, "min": 7.488618380036847e-05, "max": 7.662305544162619e-05, "mean": 7.541731899154597e-05, "std": 4.487485998080955e-07, "repeat": 10, "number": 145}]}, "inference.TimeBeliefPropagation.time_query_alarm": {"result": [168.25683365017176], "stats": [{"ci_99": [153.46510369703174, 183.04856360331178], "q_25": 168.10891635064036, "q_75": 168.40475094970316, "min": 167.96099905110896, "max": 168.55266824923456, "mean": 168.25683365017176, "std": 0.2958345990628004, "repeat": 2, "number": 1}]}, "parameter_learning.TimeBayesianEstimator.time_alarm_bayesian_estimator": null, "parameter_learning.TimeBayesianEstimator.time_munin_bayesian_estimator": null, "parameter_learning.TimeExpectationMaximization.time_alarm_em": null, "parameter_learning.TimeExpectationMaximization.time_munin_em": null, "parameter_learning.TimeMLE.time_alarm_mle": null, "parameter_learning.TimeMLE.time_munin_mle": null, "structure_learning.TimeHillClimbAlarmModel.time_hillclimb": null, "structure_learning.TimeMmhcAlarmModel.time_mmhc": null, "structure_learning.TimePCAlarmModel.time_pc_orig": null, "structure_learning.TimePCAlarmModel.time_pc_stable": null, "structure_learning.TimeTreeSearchAlarmModel.time_tan": null}, "params": {"arch": "x86_64", "cpu": "Intel(R) Core(TM) i9-9820X CPU @ 3.30GHz", "machine": "graveyard", "num_cpu": "20", "os": "Linux 4.15.0-112-generic", "ram": "131688676", "python": "3.6"}, "requirements": {}, "commit_hash": "a279a0b9136c9154c1ebb81d509cc76572158d84", "date": 1623849261000, "env_name": "conda-py3.6", "python": "3.6", "profiles": {}, "started_at": {"factor.TimeDiscreteFactor.time_factor_marginalize": 1654036841017, "factor.TimeDiscreteFactor.time_factor_multiply_large": 1654036841223, "factor.TimeDiscreteFactor.time_factor_reduce": 1654036841430, "import.TimeImport.time_import": 1654036841636, "inference.TimeVariableElimination.time_query_alarm": 1654037177874, "inference.TimeVariableElimination.time_query_munin": 1654037197437, "readwrite.TimeRead.time_asia_read": 1654037218256, "readwrite.TimeRead.time_asia_write": 1654037244134, "readwrite.TimeRead.time_munin_read": 1654037269962, "readwrite.TimeRead.time_munin_write": 1654037308875, "readwrite.TimeRead.time_pathfinder_read": 1654037334753, "readwrite.TimeRead.time_pathfinder_write": 1654037374068, "sampling.TimeSampling.time_forward_sample": 1654036237634,