{"results": {"factor.TimeDiscreteFactor.time_factor_marginalize": {"result": [6.161038819924895e-05], "stats": [{"ci_99": [6.13158321883305e-05, 6.269322461392507e-05], "q_25": 6.141076537679478e-05, "q_75": 6.200394492192441e-05, "min": 6.13158321883305e-05, "max": 6.269322461392507e-05, "mean": 6.176145320915314e-05, "std": 4.1925743051496057e-07, "repeat": 10, "number": 166}]}, "factor.TimeDiscreteFactor.time_factor_multiply_large": {"result": [5.141592196870649e-05], "stats": [{"ci_99": [5.089184135626378e-05, 5.231328023392618e-05], "q_25": 5.1273846259100016e-05, "q_75": 5.1919415450552434e-05, "min": 5.089184135626378e-05, "max": 5.231328023392618e-05, "mean": 5.154467887427817e-05, "std": 4.24978567525253e-07, "repeat": 10, "number": 209}]}, "factor.TimeDiscreteFactor.time_factor_reduce": {"result": [2.997362898492417e-05], "stats": [{"ci_99": [2.981765180248303e-05, 3.0399550402593746e-05], "q_25": 2.9895583637203207e-05, "q_75": 3.006421364947039e-05, "min": 2.981765180248303e-05, "max": 3.0399550402593746e-05, "mean": 3.0016108645626714e-05, "std": 1.6508808632792597e-07, "repeat": 10, "number": 361}]}, "import.TimeImport.time_import": {"result": [1.2685583951317756e-07], "stats": [{"ci_99": [1.259934240682717e-07, 1.2768091998542922e-07], "q_25": 1.2650956605058714e-07, "q_75": 1.270073544742735e-07, "min": 1.259934240682717e-07, "max": 1.2768091998542922e-07, "mean": 1.2677973671216182e-07, "std": 4.6310927946374115e-10, "repeat": 10, "number": 83067}]}, "inference.TimeVariableElimination.time_query_alarm": {"result": [0.06923826690763235], "stats": [{"ci_99": [0.06714663696592751, 0.0712590436905056], "q_25": 0.06854286324232817, "q_75": 0.06989824399352074, "min": 0.06841937825083733, "max": 0.06991544924676418, "mean": 0.06920284032821655, "std": 0.0007035978211180666, "repeat": 4, "number": 1}]}, "inference.TimeVariableElimination.time_query_munin": {"result": [0.505947781726718], "stats": [{"ci_99": [0.5004218383900897, 0.5134513606108649], "q_25": 0.5054357391782105, "q_75": 0.5074486420489848, "min": 0.5045386701822281, "max": 0.5113121643662453, "mean": 0.5069365995004773, "std": 0.0025952797896614506, "repeat": 4, "number": 1}]}, "readwrite.TimeRead.time_asia_read": {"result": [0.0086283627897501], "stats": [{"ci_99": [0.008281119167804718, 0.00897560641169548], "q_25": 0.008624890353530645, "q_75": 0.008631835225969553, "min": 0.008621417917311192, "max": 0.008635307662189007, "mean": 0.0086283627897501, "std": 6.944872438907623e-06, "repeat": 2, "number": 2}]}, "readwrite.TimeRead.time_asia_write": {"result": [0.0005765502084640489], "stats": [{"ci_99": [0.00011065204128407093, 0.0010424483756440264], "q_25": 0.0005718912267922491, "q_75": 0.0005812091901358486, "min": 0.0005672322451204493, "max": 0.0005858681718076484, "mean": 0.0005765502084640489, "std": 9.317963343599559e-06, "repeat": 2, "number": 69}]}, "readwrite.TimeRead.time_munin_read": {"result": [5.182610113173723], "stats": [{"ci_99": [5.019543446600437, 5.345676779747009], "q_25": 5.18097944650799, "q_75": 5.184240779839456, "min": 5.1793487798422575, "max": 5.185871446505189, "mean": 5.182610113173723, "std": 0.003261333331465721, "repeat": 2, "number": 1}]}, "readwrite.TimeRead.time_munin_write": {"result": [0.040354485623538494], "stats": [{"ci_99": [0.02320078108459711, 0.057508190162479864], "q_25": 0.04018294857814908, "q_75": 0.04052602266892791, "min": 0.040011411532759666, "max": 0.04069755971431732, "mean": 0.040354485623538494, "std": 0.00034307409077882767, "repeat": 2, "number": 1}]}, "readwrite.TimeRead.time_pathfinder_read": {"result": [5.80077781714499], "stats": [{"ci_99": [5.456214355304837, 6.145341278985143], "q_25": 5.797332182526588, "q_75": 5.8042234517633915, "min": 5.793886547908187, "max": 5.807669086381793, "mean": 5.80077781714499, "std": 0.006891269236803055, "repeat": 2, "number": 1}]}, "readwrite.TimeRead.time_pathfinder_write": {"result": [0.024979367852211], "stats": [{"ci_99": [0.018536757677793503, 0.03142197802662849], "q_25": 0.024914941750466824, "q_75": 0.025043793953955173, "min": 0.02485051564872265, "max": 0.02510822005569935, "mean": 0.024979367852211, "std": 0.00012885220348834991, "repeat": 2, "number": 1}]}, "sampling.TimeSampling.time_forward_sample": null, "sampling.TimeSampling.time_gibbs_sampling": null, "sampling.TimeSampling.time_likelihood_sample": {"result": [0.21121579222381115], "stats": [{"ci_99": [0.2106788605451584, 0.2119393665343523], "q_25": 0.21091766748577356, "q_75": 0.2113548698835075, "min": 0.2106788605451584, "max": 0.2119393665343523, "mean": 0.21117205768823624, "std": 0.0003595027887823651, "repeat": 10, "number": 1}]}, "sampling.TimeSampling.time_rejection_sample": null, "structure_learning.TimeHillClimb.time_hillclimb": null, "structure_learning.TimePC.time_pc_orig": {"result": [34.79494026955217], "stats": [{"ci_99": [32.73102518264204, 36.8588553564623], "q_25": 34.77430111868307, "q_75": 34.81557942042127, "min": 34.75366196781397, "max": 34.836218571290374, "mean": 34.79494026955217, "std": 0.04127830173820257, "repeat": 2, "number": 1}]}, "structure_learning.TimePC.time_pc_stable": {"result": [34.594367983751], "stats": [{"ci_99": [32.38423674274236, 36.80449922475964], "q_25": 34.57226667134091, "q_75": 34.616469296161085, "min": 34.550165358930826, "max": 34.63857060857117, "mean": 34.594367983751, "std": 0.04420262482017279, "repeat": 2, "number": 1}]}, "factor.TimeDiscreteFactor.time_factor_compare": {"result": [6.435392148925002e-05], "stats": [{"ci_99": [6.40395587894338e-05, 6.49626041657826e-05], "q_25": 6.42579594439656e-05, "q_75": 6.45868871471233e-05, "min": 6.40395587894338e-05, "max": 6.49626041657826e-05, "mean": 6.442546579964768e-05, "std": 2.8768618548779583e-07, "repeat": 10, "number": 169}]}, "inference.TimeBeliefPropagation.time_query_alarm": {"result": [229.14137450885028], "stats": [{"ci_99": [229.09045915026218, 229.19228986743838], "q_25": 229.1408653552644, "q_75": 229.14188366243616, "min": 229.14035620167851, "max": 229.14239281602204, "mean": 229.14137450885028, "std": 0.0010183071717619896, "repeat": 2, "number": 1}]}, "parameter_learning.TimeBayesianEstimator.time_alarm_bayesian_estimator": null, "parameter_learning.TimeBayesianEstimator.time_munin_bayesian_estimator": null, "parameter_learning.TimeExpectationMaximization.time_alarm_em": null, "parameter_learning.TimeExpectationMaximization.time_munin_em": null, "parameter_learning.TimeMLE.time_alarm_mle": null, "parameter_learning.TimeMLE.time_munin_mle": null, "structure_learning.TimeHillClimbAlarmModel.time_hillclimb": null, "structure_learning.TimeMmhcAlarmModel.time_mmhc": null, "structure_learning.TimePCAlarmModel.time_pc_orig": null, "structure_learning.TimePCAlarmModel.time_pc_stable": null, "structure_learning.TimeTreeSearchAlarmModel.time_tan": null}, "params": {"arch": "x86_64", "cpu": "Intel(R) Core(TM) i9-9820X CPU @ 3.30GHz", "machine": "graveyard", "num_cpu": "20", "os": "Linux 4.15.0-112-generic", "ram": "131688676", "python": "3.7"}, "requirements": {}, "commit_hash": "a2ff544ebb92ed254467432264615653338c19b6", "date": 1624789417000, "env_name": "conda-py3.7", "python": "3.7", "profiles": {}, "started_at": {"factor.TimeDiscreteFactor.time_factor_marginalize": 1653983624123, "factor.TimeDiscreteFactor.time_factor_multiply_large": 1653983624329, "factor.TimeDiscreteFactor.time_factor_reduce": 1653983624536, "import.TimeImport.time_import": 1653983624742, "inference.TimeVariableElimination.time_query_alarm": 1653984083070, "inference.TimeVariableElimination.time_query_munin": 1653984101231, "readwrite.TimeRead.time_asia_read": 1653984120647, "readwrite.TimeRead.time_asia_write": 1653984144418, "readwrite.TimeRead.time_munin_read": 1653984168241, "readwrite.TimeRead.time_munin_write": 1653984204196, "readwrite.TimeRead.time_pathfinder_read": 1653984228018, "readwrite.TimeRead.time_pathfinder_write": 1653984264224, "sampling.TimeSampling.time_forward_sample": 1653983020706,