{"results": {"factor.TimeDiscreteFactor.time_factor_marginalize": {"result": [6.602049777002046e-05], "stats": [{"ci_99": [6.510011400237228e-05, 6.667914038354701e-05], "q_25": 6.520612955544935e-05, "q_75": 6.65995292365551e-05, "min": 6.510011400237228e-05, "max": 6.667914038354701e-05, "mean": 6.5915688420787e-05, "std": 6.634922007370376e-07, "repeat": 10, "number": 165}]}, "factor.TimeDiscreteFactor.time_factor_multiply_large": {"result": [5.694148642698507e-05], "stats": [{"ci_99": [5.572957245155155e-05, 5.797687820427081e-05], "q_25": 5.6152195421032885e-05, "q_75": 5.7605512108634275e-05, "min": 5.572957245155155e-05, "max": 5.797687820427081e-05, "mean": 5.68639545540535e-05, "std": 8.090908561952185e-07, "repeat": 10, "number": 191}]}, "factor.TimeDiscreteFactor.time_factor_reduce": {"result": [3.339852555654943e-05], "stats": [{"ci_99": [3.279268275946379e-05, 3.4087098902091385e-05], "q_25": 3.3108750358223915e-05, "q_75": 3.394543455215171e-05, "min": 3.279268275946379e-05, "max": 3.4087098902091385e-05, "mean": 3.346648358274251e-05, "std": 4.667711294481447e-07, "repeat": 10, "number": 320}]}, "import.TimeImport.time_import": {"result": [1.2886727383578326e-07], "stats": [{"ci_99": [1.267972591306416e-07, 1.3085693062062758e-07], "q_25": 1.2741392966924752e-07, "q_75": 1.3069143077856935e-07, "min": 1.267972591306416e-07, "max": 1.3085693062062758e-07, "mean": 1.2894953426975644e-07, "std": 1.6668111717352593e-09, "repeat": 10, "number": 84002}]}, "inference.TimeVariableElimination.time_query_alarm": {"result": [0.14065719209611416], "stats": [{"ci_99": [0.13928552815484563, 0.14169440040570935], "q_25": 0.1403575479052961, "q_75": 0.14078960847109556, "min": 0.13970781490206718, "max": 0.14093765802681446, "mean": 0.1404899642802775, "std": 0.00046955237189627103, "repeat": 4, "number": 1}]}, "inference.TimeVariableElimination.time_query_munin": {"result": [0.5120494663715363], "stats": [{"ci_99": [0.5076824419975876, 0.5160381204604507], "q_25": 0.5112759419716895, "q_75": 0.512633805628866, "min": 0.5094769187271595, "max": 0.5138652734458447, "mean": 0.5118602812290192, "std": 0.0015678361103501357, "repeat": 4, "number": 1}]}, "readwrite.TimeRead.time_asia_read": {"result": [0.00940439011901617], "stats": [{"ci_99": [0.008829251863062382, 0.00997952837496996], "q_25": 0.009398638736456633, "q_75": 0.009410141501575708, "min": 0.009392887353897095, "max": 0.009415892884135246, "mean": 0.00940439011901617, "std": 1.1502765119075775e-05, "repeat": 2, "number": 1}]}, "readwrite.TimeRead.time_asia_write": {"result": [0.0006826416451911456], "stats": [{"ci_99": [0.0005093606830131815, 0.0008559226073691097], "q_25": 0.0006809088355693661, "q_75": 0.0006843744548129253, "min": 0.0006791760259475864, "max": 0.000686107264434705, "mean": 0.0006826416451911456, "std": 3.465619243559284e-06, "repeat": 2, "number": 61}]}, "readwrite.TimeRead.time_munin_read": {"result": [5.644034661352634], "stats": [{"ci_99": [3.0727208331227303, 8.215348489582537], "q_25": 5.618321523070335, "q_75": 5.6697477996349335, "min": 5.592608384788036, "max": 5.6954609379172325, "mean": 5.644034661352634, "std": 0.051426276564598083, "repeat": 2, "number": 1}]}, "readwrite.TimeRead.time_munin_write": {"result": [0.04163044597953558], "stats": [{"ci_99": [0.0355853708460927, 0.04767552111297845], "q_25": 0.04156999522820115, "q_75": 0.04169089673087001, "min": 0.04150954447686672, "max": 0.04175134748220444, "mean": 0.04163044597953558, "std": 0.00012090150266885757, "repeat": 2, "number": 1}]}, "readwrite.TimeRead.time_pathfinder_read": {"result": [6.324480544775724], "stats": [{"ci_99": [0.6158695332705975, 12.033091556280848], "q_25": 6.267394434660673, "q_75": 6.381566654890776, "min": 6.210308324545622, "max": 6.438652765005827, "mean": 6.324480544775724, "std": 0.11417222023010254, "repeat": 2, "number": 1}]}, "readwrite.TimeRead.time_pathfinder_write": {"result": [0.025155204348266125], "stats": [{"ci_99": [0.01599848736077547, 0.03431192133575677], "q_25": 0.025063637178391218, "q_75": 0.02524677151814103, "min": 0.02497207000851631, "max": 0.025338338688015938, "mean": 0.025155204348266125, "std": 0.00018313433974981308, "repeat": 2, "number": 1}]}, "sampling.TimeSampling.time_forward_sample": {"result": [0.20282714255154133], "stats": [{"ci_99": [0.2007057275623083, 0.20508526265621185], "q_25": 0.20115647837519646, "q_75": 0.2042181952856481, "min": 0.2007057275623083, "max": 0.20508526265621185, "mean": 0.20278623420745134, "std": 0.0016684028080519767, "repeat": 10, "number": 1}]}, "sampling.TimeSampling.time_gibbs_sampling": null, "sampling.TimeSampling.time_likelihood_sample": {"result": [0.2123681791126728], "stats": [{"ci_99": [0.21006976813077927, 0.21440857090055943], "q_25": 0.2111379816196859, "q_75": 0.2137593305669725, "min": 0.21006976813077927, "max": 0.21440857090055943, "mean": 0.2123752400279045, "std": 0.001518642620319691, "repeat": 10, "number": 1}]}, "sampling.TimeSampling.time_rejection_sample": {"result": [31.81939617265016], "stats": [{"ci_99": [-48.408708036877215, 112.04750038217746], "q_25": 31.017115130554885, "q_75": 32.62167721474543, "min": 30.21483408845961, "max": 33.423958256840706, "mean": 31.81939617265016, "std": 1.6045620841905475, "repeat": 2, "number": 1}]}, "structure_learning.TimeHillClimb.time_hillclimb": null, "structure_learning.TimePC.time_pc_orig": {"result": [34.87932745460421], "stats": [{"ci_99": [32.74270392116159, 37.015950988046825], "q_25": 34.85796121926978, "q_75": 34.900693689938635, "min": 34.836594983935356, "max": 34.92205992527306, "mean": 34.87932745460421, "std": 0.04273247066885233, "repeat": 2, "number": 1}]}, "structure_learning.TimePC.time_pc_stable": {"result": [34.8607069067657], "stats": [{"ci_99": [33.669847548007965, 36.051566265523434], "q_25": 34.84879831317812, "q_75": 34.87261550035328, "min": 34.836889719590545, "max": 34.884524093940854, "mean": 34.8607069067657, "std": 0.023817187175154686, "repeat": 2, "number": 1}]}}, "params": {"arch": "x86_64", "cpu": "Intel(R) Core(TM) i9-9820X CPU @ 3.30GHz", "machine": "graveyard", "num_cpu": "20", "os": "Linux 4.15.0-112-generic", "ram": "131688676", "python": "3.6"}, "requirements": {}, "commit_hash": "a5a18cf7a67a450ca88fcfa6e9685b16262c31fb", "date": 1637676879000, "env_name": "conda-py3.6", "python": "3.6", "profiles": {}, "started_at": {"factor.TimeDiscreteFactor.time_factor_marginalize": 1642229902061, "factor.TimeDiscreteFactor.time_factor_multiply_large": 1642229902269, "factor.TimeDiscreteFactor.time_factor_reduce": 1642229902476, "import.TimeImport.time_import": 1642229902683, "inference.TimeVariableElimination.time_query_alarm": 1642229902889, "inference.TimeVariableElimination.time_query_munin": 1642229922650, "readwrite.TimeRead.time_asia_read": 1642229943414, "readwrite.TimeRead.time_asia_write": 1642229968839, "readwrite.TimeRead.time_munin_read": 1642229994115, "readwrite.TimeRead.time_munin_write": 1642230032323, "readwrite.TimeRead.time_pathfinder_read": 1642230057749, "readwrite.TimeRead.time_pathfinder_write": 1642230096411, "sampling.TimeSampling.time_forward_sample": 1642230121737, "sampling.TimeSampling.time_gibbs_sampling": 1642229059210, "sampling.TimeSampling.time_likelihood_sample": 1642230123601, "sampling.TimeSampling.time_rejection_sample": 1642230125464, "structure_learning.TimeHillClimb.time_hillclimb": 1642229732537, "structure_learning.TimePC.time_pc_orig": 1642230192870, "structure_learning.TimePC.time_pc_stable": 1642230277757}, "ended_at": {"factor.TimeDiscreteFactor.time_factor_marginalize": 1642229902268, "factor.TimeDiscreteFactor.time_factor_multiply_large": 1642229902475, "factor.TimeDiscreteFactor.time_factor_reduce": 1642229902682, "import.TimeImport.time_import": 1642229902889, "inference.TimeVariableElimination.time_query_alarm": 1642229922649, "inference.TimeVariableElimination.time_query_munin": 1642229943413, "readwrite.TimeRead.time_asia_read": 1642229968839,