{"results": {"factor.TimeDiscreteFactor.time_factor_marginalize": {"result": [6.062097407961159e-05], "stats": [{"ci_99": [6.010932743214489e-05, 6.161749446659945e-05], "q_25": 6.0373825659410334e-05, "q_75": 6.075604724582661e-05, "min": 6.010932743214489e-05, "max": 6.161749446659945e-05, "mean": 6.065780631779286e-05, "std": 4.117012162973592e-07, "repeat": 10, "number": 178}]}, "factor.TimeDiscreteFactor.time_factor_multiply_large": {"result": [4.8797460662764174e-05], "stats": [{"ci_99": [4.840112009713816e-05, 4.998195136702338e-05], "q_25": 4.855029848079348e-05, "q_75": 4.9105329915534614e-05, "min": 4.840112009713816e-05, "max": 4.998195136702338e-05, "mean": 4.8888321359490244e-05, "std": 4.481109016963384e-07, "repeat": 10, "number": 215}]}, "factor.TimeDiscreteFactor.time_factor_reduce": {"result": [2.873697866723962e-05], "stats": [{"ci_99": [2.851401493973928e-05, 2.8976910326578846e-05], "q_25": 2.8654435419873016e-05, "q_75": 2.886717246003347e-05, "min": 2.851401493973928e-05, "max": 2.8976910326578846e-05, "mean": 2.875402467708065e-05, "std": 1.3542950895335846e-07, "repeat": 10, "number": 365}]}, "import.TimeImport.time_import": {"result": [1.26272978024537e-07], "stats": [{"ci_99": [1.2567188622319953e-07, 1.2716072982668389e-07], "q_25": 1.2574327178578865e-07, "q_75": 1.263547081526172e-07, "min": 1.2567188622319953e-07, "max": 1.2716072982668389e-07, "mean": 1.2622563054524913e-07, "std": 5.061306340924664e-10, "repeat": 10, "number": 86654}]}, "inference.TimeVariableElimination.time_query_alarm": {"result": [0.04709336906671524], "stats": [{"ci_99": [0.04454473901237882, 0.05040383588824834], "q_25": 0.046860912814736366, "q_75": 0.04770674370229244, "min": 0.046317094936966896, "max": 0.049393316730856895, "mean": 0.04747428745031357, "std": 0.0011529532784990658, "repeat": 4, "number": 1}]}, "inference.TimeVariableElimination.time_query_munin": {"result": [0.504246735945344], "stats": [{"ci_99": [0.4756421822368466, 0.535499133797053], "q_25": 0.5004380545578897, "q_75": 0.5093793394044042, "min": 0.49106308445334435, "max": 0.5227260757237673, "mean": 0.5055706580169499, "std": 0.01128293461863354, "repeat": 4, "number": 1}]}, "readwrite.TimeRead.time_asia_read": {"result": [0.008381363470107317], "stats": [{"ci_99": [0.006413083057850599, 0.010349643882364033], "q_25": 0.00836168066598475, "q_75": 0.008401046274229884, "min": 0.008341997861862183, "max": 0.008420729078352451, "mean": 0.008381363470107317, "std": 3.9365608245134354e-05, "repeat": 2, "number": 2}]}, "readwrite.TimeRead.time_asia_write": {"result": [0.00036788549324547927], "stats": [{"ci_99": [-0.008090712721585422, 0.008826483708076373], "q_25": 0.0002832995110971702, "q_75": 0.00045247147539378827, "min": 0.0001987135289488612, "max": 0.0005370574575420973, "mean": 0.00036788549324547927, "std": 0.00016917196429661803, "repeat": 2, "number": 74}]}, "readwrite.TimeRead.time_munin_read": {"result": [5.065812931396067], "stats": [{"ci_99": [5.00259908568114, 5.129026777110994], "q_25": 5.065180792938918, "q_75": 5.066445069853216, "min": 5.064548654481769, "max": 5.067077208310366, "mean": 5.065812931396067, "std": 0.0012642769142985344, "repeat": 2, "number": 1}]}, "readwrite.TimeRead.time_munin_write": {"result": [0.03988513071089983], "stats": [{"ci_99": [0.035059995017945766, 0.044710266403853886], "q_25": 0.03983687935397029, "q_75": 0.03993338206782937, "min": 0.03978862799704075, "max": 0.03998163342475891, "mean": 0.03988513071089983, "std": 9.650271385908127e-05, "repeat": 2, "number": 1}]}, "readwrite.TimeRead.time_pathfinder_read": {"result": [5.682600405067205], "stats": [{"ci_99": [5.523950256407261, 5.84125055372715], "q_25": 5.681013903580606, "q_75": 5.684186906553805, "min": 5.6794274020940065, "max": 5.685773408040404, "mean": 5.682600405067205, "std": 0.0031730029731988907, "repeat": 2, "number": 1}]}, "readwrite.TimeRead.time_pathfinder_write": {"result": [0.02546026185154915], "stats": [{"ci_99": [0.023121338337659836, 0.027799185365438458], "q_25": 0.025436872616410255, "q_75": 0.02548365108668804, "min": 0.025413483381271362, "max": 0.025507040321826935, "mean": 0.02546026185154915, "std": 4.6778470277786255e-05, "repeat": 2, "number": 1}]}, "sampling.TimeSampling.time_forward_sample": {"result": [0.20081415586173534], "stats": [{"ci_99": [0.19965755008161068, 0.2030318658798933], "q_25": 0.20035957405343652, "q_75": 0.20131010422483087, "min": 0.19965755008161068, "max": 0.2030318658798933, "mean": 0.2009665034711361, "std": 0.0008806658848464889, "repeat": 10, "number": 1}]}, "sampling.TimeSampling.time_gibbs_sampling": null, "sampling.TimeSampling.time_likelihood_sample": {"result": [0.20422103814780712], "stats": [{"ci_99": [0.20192369632422924, 0.23470183461904526], "q_25": 0.2033936744555831, "q_75": 0.20467497128993273, "min": 0.20192369632422924, "max": 0.23470183461904526, "mean": 0.2098136993125081, "std": 0.012313073114868614, "repeat": 10, "number": 1}]}, "sampling.TimeSampling.time_rejection_sample": {"result": [36.651833763346076], "stats": [{"ci_99": [35.891670582816005, 37.41199694387615], "q_25": 36.644232131540775, "q_75": 36.65943539515138, "min": 36.636630499735475, "max": 36.66703702695668, "mean": 36.651833763346076, "std": 0.015203263610601425, "repeat": 2, "number": 1}]}, "structure_learning.TimeHillClimb.time_hillclimb": null, "structure_learning.TimePC.time_pc_orig": {"result": [34.8113373266533], "stats": [{"ci_99": [30.05109744798392, 39.571577205322676], "q_25": 34.76373492786661, "q_75": 34.858939725439996, "min": 34.716132529079914, "max": 34.90654212422669, "mean": 34.8113373266533, "std": 0.09520479757338762, "repeat": 2, "number": 1}]}, "structure_learning.TimePC.time_pc_stable": {"result": [34.82708106096834], "stats": [{"ci_99": [33.851318520493805, 35.80284360144287], "q_25": 34.817323435563594, "q_75": 34.836838686373085, "min": 34.80756581015885, "max": 34.84659631177783, "mean": 34.82708106096834, "std": 0.01951525080949068, "repeat": 2, "number": 1}]}, "factor.TimeDiscreteFactor.time_factor_compare": {"result": [6.227485192496152e-05], "stats": [{"ci_99": [6.1944570569765e-05, 6.267147892642589e-05], "q_25": 6.207391630769485e-05, "q_75": 6.245010687659183e-05, "min": 6.1944570569765e-05, "max": 6.267147892642589e-05, "mean": 6.228819422956025e-05, "std": 2.417755828633084e-07, "repeat": 10, "number": 168}]}, "inference.TimeBeliefPropagation.time_query_alarm": {"result": [183.43977458402514], "stats": [{"ci_99": [173.51214397326112, 193.36740519478917], "q_25": 183.3404982779175, "q_75": 183.53905089013278, "min": 183.24122197180986, "max": 183.63832719624043, "mean": 183.43977458402514, "std": 0.19855261221528053, "repeat": 2, "number": 1}]}, "inference.TimeBeliefPropagation.time_query_munin": null, "parameter_learning.TimeBayesianEstimator.time_alarm_bayesian_estimator": {"result": [1.6602265918627381], "stats": [{"ci_99": [1.5768343340614863, 1.7384379636486935], "q_25": 1.6445827865973115, "q_75": 1.6732799541205168, "min": 1.6130997687578201, "max": 1.6969916429370642, "mean": 1.6576361488550901, "std": 0.02999499481759486, "repeat": 4, "number": 1}]}, "parameter_learning.TimeBayesianEstimator.time_munin_bayesian_estimator": {"result": [19.89068374596536], "stats": [{"ci_99": [19.73279076255858, 20.048576729372144], "q_25": 19.889104816131294, "q_75": 19.89226267579943, "min": 19.887525886297226, "max": 19.893841605633497, "mean": 19.89068374596536, "std": 0.003157859668135643, "repeat": 2, "number": 1}]}, "parameter_learning.TimeExpectationMaximization.time_alarm_em": {"result": [18.188160835765302], "stats": [{"ci_99": [17.347225398756564, 19.02909627277404], "q_25": 18.179751481395215, "q_75": 18.19657019013539, "min": 18.171342127025127, "max": 18.204979544505477, "mean": 18.188160835765302, "std": 0.01681870874017477, "repeat": 2, "number": 1}]}, "parameter_learning.TimeExpectationMaximization.time_munin_em": {"result": [113.53228152450174],