{"results": {"factor.TimeDiscreteFactor.time_factor_marginalize": {"result": [6.189283395056114e-05], "stats": [{"ci_99": [6.095395791669225e-05, 6.269719884839169e-05], "q_25": 6.104311039454716e-05, "q_75": 6.258469562284475e-05, "min": 6.095395791669225e-05, "max": 6.269719884839169e-05, "mean": 6.183871003084404e-05, "std": 7.699445730153905e-07, "repeat": 10, "number": 172}]}, "factor.TimeDiscreteFactor.time_factor_multiply_large": {"result": [5.133038918886866e-05], "stats": [{"ci_99": [5.034566635177249e-05, 5.2267605704920634e-05], "q_25": 5.079205369665509e-05, "q_75": 5.180278260793004e-05, "min": 5.034566635177249e-05, "max": 5.2267605704920634e-05, "mean": 5.131751387601807e-05, "std": 6.505770067720899e-07, "repeat": 10, "number": 210}]}, "factor.TimeDiscreteFactor.time_factor_reduce": {"result": [3.0008579120456174e-05], "stats": [{"ci_99": [2.9401765230980665e-05, 3.0492380386291268e-05], "q_25": 2.943837037049858e-05, "q_75": 3.0396949739179796e-05, "min": 2.9401765230980665e-05, "max": 3.0492380386291268e-05, "mean": 2.994243960890024e-05, "std": 4.661514791981589e-07, "repeat": 10, "number": 358}]}, "import.TimeImport.time_import": {"result": [1.2431378358084373e-07], "stats": [{"ci_99": [1.2257222144495234e-07, 1.26320364152821e-07], "q_25": 1.2268166102536223e-07, "q_75": 1.2560386400189913e-07, "min": 1.2257222144495234e-07, "max": 1.26320364152821e-07, "mean": 1.242577712826923e-07, "std": 1.543266199884463e-09, "repeat": 10, "number": 85746}]}, "inference.TimeVariableElimination.time_query_alarm": {"result": [0.06498830672353506], "stats": [{"ci_99": [0.06320889714262268, 0.06672497511753062], "q_25": 0.06439213175326586, "q_75": 0.06556311110034585, "min": 0.06431574746966362, "max": 0.06557538360357285, "mean": 0.06496693613007665, "std": 0.0006013726587868687, "repeat": 4, "number": 1}]}, "inference.TimeVariableElimination.time_query_munin": {"result": [0.49687582440674305], "stats": [{"ci_99": [0.4684428249588676, 0.536806847610467], "q_25": 0.49371303524821997, "q_75": 0.5057876254431903, "min": 0.4910545442253351, "max": 0.5256931520998478, "mean": 0.5026248362846673, "std": 0.01362430892947468, "repeat": 4, "number": 1}]}, "readwrite.TimeRead.time_asia_read": {"result": [0.008549695368856192], "stats": [{"ci_99": [0.0034251161850988865, 0.013674274552613493], "q_25": 0.008498449577018619, "q_75": 0.008600941160693765, "min": 0.008447203785181046, "max": 0.008652186952531338, "mean": 0.008549695368856192, "std": 0.0001024915836751461, "repeat": 2, "number": 2}]}, "readwrite.TimeRead.time_asia_write": {"result": [0.0006097191944718361], "stats": [{"ci_99": [7.525371278033601e-05, 0.0011441846761633357], "q_25": 0.0006043745396549211, "q_75": 0.0006150638492887511, "min": 0.0005990298848380061, "max": 0.0006204085041056661, "mean": 0.0006097191944718361, "std": 1.0689309633830002e-05, "repeat": 2, "number": 68}]}, "readwrite.TimeRead.time_munin_read": {"result": [5.173639168962836], "stats": [{"ci_99": [1.770861966535449, 8.57641637139022], "q_25": 5.139611396938562, "q_75": 5.20766694098711, "min": 5.1055836249142885, "max": 5.241694713011384, "mean": 5.173639168962836, "std": 0.06805554404854774, "repeat": 2, "number": 1}]}, "readwrite.TimeRead.time_munin_write": {"result": [0.04018742498010397], "stats": [{"ci_99": [0.03890941757708788, 0.04146543238312006], "q_25": 0.04017464490607381, "q_75": 0.04020020505413413, "min": 0.04016186483204365, "max": 0.04021298512816429, "mean": 0.04018742498010397, "std": 2.5560148060321808e-05, "repeat": 2, "number": 1}]}, "readwrite.TimeRead.time_pathfinder_read": {"result": [5.844162122346461], "stats": [{"ci_99": [-1.4076251098886132, 13.095949354581528], "q_25": 5.77164425002411, "q_75": 5.916679994668812, "min": 5.699126377701759, "max": 5.989197866991162, "mean": 5.844162122346461, "std": 0.14503574464470148, "repeat": 2, "number": 1}]}, "readwrite.TimeRead.time_pathfinder_write": {"result": [0.024877735413610935], "stats": [{"ci_99": [0.023870929144322872, 0.025884541682898998], "q_25": 0.024867667350918055, "q_75": 0.024887803476303816, "min": 0.024857599288225174, "max": 0.024897871538996696, "mean": 0.024877735413610935, "std": 2.013612538576126e-05, "repeat": 2, "number": 1}]}, "sampling.TimeSampling.time_forward_sample": {"result": [0.20443194173276424], "stats": [{"ci_99": [0.20308868400752544, 0.20564907044172287], "q_25": 0.2034909944050014, "q_75": 0.20495655247941613, "min": 0.20308868400752544, "max": 0.20564907044172287, "mean": 0.20428229700773953, "std": 0.0008920305454387894, "repeat": 10, "number": 1}]}, "sampling.TimeSampling.time_gibbs_sampling": null, "sampling.TimeSampling.time_likelihood_sample": {"result": [0.21200242545455694], "stats": [{"ci_99": [0.21162458322942257, 0.2432741206139326], "q_25": 0.2118208804167807, "q_75": 0.21219463227316737, "min": 0.21162458322942257, "max": 0.2432741206139326, "mean": 0.2151787245646119, "std": 0.009373182508651785, "repeat": 10, "number": 1}]}, "sampling.TimeSampling.time_rejection_sample": {"result": [37.78508844319731], "stats": [{"ci_99": [36.85852432157844, 38.71165256481618], "q_25": 37.77582280198112, "q_75": 37.7943540844135, "min": 37.76655716076493, "max": 37.80361972562969, "mean": 37.78508844319731, "std": 0.01853128243237734, "repeat": 2, "number": 1}]}, "structure_learning.TimeHillClimb.time_hillclimb": null, "structure_learning.TimePC.time_pc_orig": {"result": [41.33179936837405], "stats": [{"ci_99": [40.859895379282534, 41.803703357465565], "q_25": 41.327080328483135, "q_75": 41.336518408264965, "min": 41.32236128859222, "max": 41.34123744815588, "mean": 41.33179936837405, "std": 0.00943807978183031, "repeat": 2, "number": 1}]}, "structure_learning.TimePC.time_pc_stable": {"result": [41.441634556278586], "stats": [{"ci_99": [38.58594845794141, 44.29732065461576], "q_25": 41.413077695295215, "q_75": 41.47019141726196, "min": 41.38452083431184, "max": 41.49874827824533, "mean": 41.441634556278586, "std": 0.05711372196674347, "repeat": 2, "number": 1}]}}, "params": {"arch": "x86_64", "cpu": "Intel(R) Core(TM) i9-9820X CPU @ 3.30GHz", "machine": "graveyard", "num_cpu": "20", "os": "Linux 4.15.0-112-generic", "ram": "131688676", "python": "3.7"}, "requirements": {}, "commit_hash": "a5a18cf7a67a450ca88fcfa6e9685b16262c31fb", "date": 1637676879000, "env_name": "conda-py3.7", "python": "3.7", "profiles": {}, "started_at": {"factor.TimeDiscreteFactor.time_factor_marginalize": 1642231406980, "factor.TimeDiscreteFactor.time_factor_multiply_large": 1642231407188, "factor.TimeDiscreteFactor.time_factor_reduce": 1642231407395, "import.TimeImport.time_import": 1642231407601, "inference.TimeVariableElimination.time_query_alarm": 1642231407808, "inference.TimeVariableElimination.time_query_munin": 1642231425613, "readwrite.TimeRead.time_asia_read": 1642231444723, "readwrite.TimeRead.time_asia_write": 1642231468093, "readwrite.TimeRead.time_munin_read": 1642231491564, "readwrite.TimeRead.time_munin_write": 1642231526918, "readwrite.TimeRead.time_pathfinder_read": 1642231552446, "readwrite.TimeRead.time_pathfinder_write": 1642231587951, "sampling.TimeSampling.time_forward_sample": 1642231611825, "sampling.TimeSampling.time_gibbs_sampling": 1642230574533, "sampling.TimeSampling.time_likelihood_sample": 1642231613639, "sampling.TimeSampling.time_rejection_sample": 1642231615502, "structure_learning.TimeHillClimb.time_hillclimb": 1642231250532, "structure_learning.TimePC.time_pc_orig": 1642231689276, "structure_learning.TimePC.time_pc_stable": 1642231767447}, "ended_at": {"factor.TimeDiscreteFactor.time_factor_marginalize": 1642231407187, "factor.TimeDiscreteFactor.time_factor_multiply_large": 1642231407394, "factor.TimeDiscreteFactor.time_factor_reduce": 1642231407601, "import.TimeImport.time_import": 1642231407808, "inference.TimeVariableElimination.time_query_alarm": 1642231425613, "inference.TimeVariableElimination.time_query_munin": 1642231444722, "readwrite.TimeRead.time_asia_read": 1642231468093,