{"results": {"factor.TimeDiscreteFactor.time_factor_marginalize": {"result": [6.439846337718122e-05], "stats": [{"ci_99": [6.411588367293862e-05, 6.49190233910785e-05], "q_25": 6.429111749372062e-05, "q_75": 6.472325390752624e-05, "min": 6.411588367293862e-05, "max": 6.49190233910785e-05, "mean": 6.448917090892792e-05, "std": 2.6875780942589163e-07, "repeat": 10, "number": 170}]}, "factor.TimeDiscreteFactor.time_factor_multiply_large": {"result": [5.63709472771734e-05], "stats": [{"ci_99": [5.576050413462023e-05, 5.7116131453464426e-05], "q_25": 5.627594509860501e-05, "q_75": 5.6394244893454015e-05, "min": 5.576050413462023e-05, "max": 5.7116131453464426e-05, "mean": 5.636775555709998e-05, "std": 3.1754286071006546e-07, "repeat": 10, "number": 192}]}, "factor.TimeDiscreteFactor.time_factor_reduce": {"result": [3.278511015316808e-05], "stats": [{"ci_99": [3.259311463818493e-05, 3.299437440842031e-05], "q_25": 3.275036789387106e-05, "q_75": 3.284884824316545e-05, "min": 3.259311463818493e-05, "max": 3.299437440842031e-05, "mean": 3.279080580785332e-05, "std": 1.0249064053964001e-07, "repeat": 10, "number": 332}]}, "import.TimeImport.time_import": {"result": [1.2830715358113034e-07], "stats": [{"ci_99": [1.274101390526683e-07, 1.2903677136266013e-07], "q_25": 1.2816666738054487e-07, "q_75": 1.2891436180088532e-07, "min": 1.274101390526683e-07, "max": 1.2903677136266013e-07, "mean": 1.2842190929956524e-07, "std": 5.01847479445752e-10, "repeat": 10, "number": 84288}]}, "inference.TimeVariableElimination.time_query_alarm": {"result": [0.24502063170075417], "stats": [{"ci_99": [0.2393700954241355, 0.25283819262705254], "q_25": 0.24464611196890473, "q_75": 0.24647866375744343, "min": 0.2436703648418188, "max": 0.25070494785904884, "mean": 0.246104144025594, "std": 0.002713094642062593, "repeat": 4, "number": 1}]}, "inference.TimeVariableElimination.time_query_munin": {"result": [0.5198368662968278], "stats": [{"ci_99": [0.5082289529124936, 0.530910004945592], "q_25": 0.5178970228880644, "q_75": 0.5215093223378062, "min": 0.5133287124335766, "max": 0.5252754706889391, "mean": 0.5195694789290428, "std": 0.004242534638270366, "repeat": 4, "number": 1}]}, "readwrite.TimeRead.time_asia_read": {"result": [0.009126142133027315], "stats": [{"ci_99": [0.008973754476755857, 0.009278529789298773], "q_25": 0.0091246182564646, "q_75": 0.00912766600959003, "min": 0.009123094379901886, "max": 0.009129189886152744, "mean": 0.009126142133027315, "std": 3.0477531254291534e-06, "repeat": 2, "number": 2}]}, "readwrite.TimeRead.time_asia_write": {"result": [0.0005790071008959785], "stats": [{"ci_99": [-0.003421926303417422, 0.004579940505209375], "q_25": 0.0005389977668528445, "q_75": 0.0006190164349391125, "min": 0.0004989884328097105, "max": 0.0006590257689822465, "mean": 0.0005790071008959785, "std": 8.001866808626801e-05, "repeat": 2, "number": 64}]}, "readwrite.TimeRead.time_munin_read": {"result": [5.545955907553434], "stats": [{"ci_99": [5.355565540492535, 5.736346274614334], "q_25": 5.544052003882825, "q_75": 5.547859811224043, "min": 5.542148100212216, "max": 5.549763714894652, "mean": 5.545955907553434, "std": 0.0038078073412179947, "repeat": 2, "number": 1}]}, "readwrite.TimeRead.time_munin_write": {"result": [0.04156044218689203], "stats": [{"ci_99": [0.03382902126759291, 0.04929186310619115], "q_25": 0.04148312797769904, "q_75": 0.041637756396085024, "min": 0.04140581376850605, "max": 0.041715070605278015, "mean": 0.04156044218689203, "std": 0.0001546284183859825, "repeat": 2, "number": 1}]}, "readwrite.TimeRead.time_pathfinder_read": {"result": [6.159284237772226], "stats": [{"ci_99": [6.022690508514643, 6.29587796702981], "q_25": 6.1579183004796505, "q_75": 6.160650175064802, "min": 6.156552363187075, "max": 6.162016112357378, "mean": 6.159284237772226, "std": 0.0027318745851516724, "repeat": 2, "number": 1}]}, "readwrite.TimeRead.time_pathfinder_write": {"result": [0.024851491674780846], "stats": [{"ci_99": [0.017210828140378, 0.032492155209183686], "q_25": 0.024775085039436817, "q_75": 0.024927898310124874, "min": 0.02469867840409279, "max": 0.025004304945468903, "mean": 0.024851491674780846, "std": 0.00015281327068805695, "repeat": 2, "number": 1}]}, "sampling.TimeSampling.time_forward_sample": {"result": [0.20686129573732615], "stats": [{"ci_99": [0.20615746825933456, 0.20771041326224804], "q_25": 0.20666978042572737, "q_75": 0.20743193663656712, "min": 0.20615746825933456, "max": 0.20771041326224804, "mean": 0.20697448886930941, "std": 0.0005107726874220431, "repeat": 10, "number": 1}]}, "sampling.TimeSampling.time_gibbs_sampling": null, "sampling.TimeSampling.time_likelihood_sample": {"result": [0.20976127684116364], "stats": [{"ci_99": [0.20944217965006828, 0.22789468057453632], "q_25": 0.20949488040059805, "q_75": 0.21053639007732272, "min": 0.20944217965006828, "max": 0.22789468057453632, "mean": 0.211683245934546, "std": 0.005427534175693529, "repeat": 10, "number": 1}]}, "sampling.TimeSampling.time_rejection_sample": {"result": [35.90617955010384], "stats": [{"ci_99": [32.03214143682271, 39.780217663384974], "q_25": 35.86743916897103, "q_75": 35.944919931236655, "min": 35.82869878783822, "max": 35.983660312369466, "mean": 35.90617955010384, "std": 0.07748076226562262, "repeat": 2, "number": 1}]}, "structure_learning.TimeHillClimb.time_hillclimb": null, "structure_learning.TimePC.time_pc_orig": {"result": [34.87932745460421], "stats": [{"ci_99": [32.74270392116159, 37.015950988046825], "q_25": 34.85796121926978, "q_75": 34.900693689938635, "min": 34.836594983935356, "max": 34.92205992527306, "mean": 34.87932745460421, "std": 0.04273247066885233, "repeat": 2, "number": 1}]}, "structure_learning.TimePC.time_pc_stable": {"result": [34.8607069067657], "stats": [{"ci_99": [33.669847548007965, 36.051566265523434], "q_25": 34.84879831317812, "q_75": 34.87261550035328, "min": 34.836889719590545, "max": 34.884524093940854, "mean": 34.8607069067657, "std": 0.023817187175154686, "repeat": 2, "number": 1}]}, "factor.TimeDiscreteFactor.time_factor_compare": {"result": [6.860211746107718e-05], "stats": [{"ci_99": [6.810713397419971e-05, 6.907132471570317e-05], "q_25": 6.84671364261867e-05, "q_75": 6.89926134966175e-05, "min": 6.810713397419971e-05, "max": 6.907132471570317e-05, "mean": 6.8657151105241e-05, "std": 3.403845851616663e-07, "repeat": 10, "number": 161}]}, "inference.TimeBeliefPropagation.time_query_alarm": {"result": [54.46091559622437], "stats": [{"ci_99": [53.36374612431973, 55.558085068129], "q_25": 54.44994390150532, "q_75": 54.471887290943414, "min": 54.438972206786275, "max": 54.48285898566246, "mean": 54.46091559622437, "std": 0.02194338943809271, "repeat": 2, "number": 1}]}, "inference.TimeBeliefPropagation.time_query_munin": null, "parameter_learning.TimeBayesianEstimator.time_alarm_bayesian_estimator": {"result": [1.7463630717247725], "stats": [{"ci_99": [1.6372309597737176, 1.8385446201481837], "q_25": 1.7184557281434536, "q_75": 1.7657951335422695, "min": 1.6816195826977491, "max": 1.7772054336965084, "mean": 1.7378877899609506, "std": 0.03655187106312465, "repeat": 4, "number": 1}]}, "parameter_learning.TimeBayesianEstimator.time_munin_bayesian_estimator": {"result": [20.078636809252203], "stats": [{"ci_99": [9.09469682816416, 31.062576790340238], "q_25": 19.968797409441322, "q_75": 20.188476209063083, "min": 19.85895800963044, "max": 20.298315608873963, "mean": 20.078636809252203, "std": 0.21967879962176085, "repeat": 2, "number": 1}]}, "parameter_learning.TimeExpectationMaximization.time_alarm_em": {"result": [21.059634307399392], "stats": [{"ci_99": [20.312690319493413, 21.80657829530537], "q_25": 21.052164867520332, "q_75": 21.067103747278452, "min": 21.044695427641273, "max": 21.07457318715751, "mean": 21.059634307399392, "std": 0.014938879758119583, "repeat": 2, "number": 1}]}, "parameter_learning.TimeExpectationMaximization.time_munin_em": {"result": [116.81797639932483], "stats": [{"ci_99": [110.7497342908755, 122.88621850777417],