{"results": {"factor.TimeDiscreteFactor.time_factor_compare": {"result": [6.906169422920918e-05], "stats": [{"ci_99": [6.852661503241366e-05, 7.005140885410693e-05], "q_25": 6.882281936455093e-05, "q_75": 6.949812511369686e-05, "min": 6.852661503241366e-05, "max": 7.005140885410693e-05, "mean": 6.915985687867108e-05, "std": 4.799019130379027e-07, "repeat": 10, "number": 149}]}, "factor.TimeDiscreteFactor.time_factor_marginalize": {"result": [6.387239760335755e-05], "stats": [{"ci_99": [6.369007203508826e-05, 6.417311070596471e-05], "q_25": 6.381969570237048e-05, "q_75": 6.40705501770272e-05, "min": 6.369007203508826e-05, "max": 6.417311070596471e-05, "mean": 6.392727112945388e-05, "std": 1.51862061710799e-07, "repeat": 10, "number": 170}]}, "factor.TimeDiscreteFactor.time_factor_multiply_large": {"result": [4.71499802820351e-05], "stats": [{"ci_99": [4.668414358868193e-05, 5.011435080269527e-05], "q_25": 4.6915353814582654e-05, "q_75": 4.7588065233198515e-05, "min": 4.668414358868193e-05, "max": 5.011435080269527e-05, "mean": 4.748232044580271e-05, "std": 9.45349202008642e-07, "repeat": 10, "number": 223}]}, "factor.TimeDiscreteFactor.time_factor_reduce": {"result": [2.5984129787963113e-05], "stats": [{"ci_99": [2.5807072718938193e-05, 2.6505698024490732e-05], "q_25": 2.589659811353978e-05, "q_75": 2.6034784537774547e-05, "min": 2.5807072718938193e-05, "max": 2.6505698024490732e-05, "mean": 2.6009749207231733e-05, "std": 1.892199335733407e-07, "repeat": 10, "number": 405}]}, "import.TimeImport.time_import": {"result": [1.2110280048717458e-07], "stats": [{"ci_99": [1.2058264016838695e-07, 1.2166523215709287e-07], "q_25": 1.2084895904639298e-07, "q_75": 1.211976040343928e-07, "min": 1.2058264016838695e-07, "max": 1.2166523215709287e-07, "mean": 1.2109549926118904e-07, "std": 3.1704142093324904e-10, "repeat": 10, "number": 89494}]}, "inference.TimeBeliefPropagation.time_query_alarm": {"result": [96.3052708785981], "stats": [{"ci_99": [77.22251165099442, 115.38803010620175], "q_25": 96.11444328632206, "q_75": 96.49609847087413, "min": 95.92361569404602, "max": 96.68692606315017, "mean": 96.3052708785981, "std": 0.3816551845520735, "repeat": 2, "number": 1}]}, "inference.TimeVariableElimination.time_query_alarm": {"result": [0.038427844643592834], "stats": [{"ci_99": [0.03695025394364829, 0.03985202585652833], "q_25": 0.03795898472890258, "q_75": 0.038869999814778566, "min": 0.03781089745461941, "max": 0.038937972858548164, "mean": 0.03840113990008831, "std": 0.0004974832521017547, "repeat": 4, "number": 1}]}, "inference.TimeVariableElimination.time_query_munin": {"result": [0.23555719759315252], "stats": [{"ci_99": [0.22891228702773286, 0.24082572235803174], "q_25": 0.23391523165628314, "q_75": 0.23651097062975168, "min": 0.23128479905426502, "max": 0.23707682453095913, "mean": 0.2348690046928823, "std": 0.002227057587609777, "repeat": 4, "number": 1}]}, "parameter_learning.TimeBayesianEstimator.time_alarm_bayesian_estimator": null, "parameter_learning.TimeBayesianEstimator.time_munin_bayesian_estimator": null, "parameter_learning.TimeExpectationMaximization.time_alarm_em": null, "parameter_learning.TimeExpectationMaximization.time_munin_em": null, "parameter_learning.TimeMLE.time_alarm_mle": null, "parameter_learning.TimeMLE.time_munin_mle": null, "readwrite.TimeRead.time_asia_read": {"result": [0.008856875821948051], "stats": [{"ci_99": [0.004291485995054245, 0.013422265648841854], "q_25": 0.008811221923679113, "q_75": 0.00890252972021699, "min": 0.008765568025410175, "max": 0.008948183618485928, "mean": 0.008856875821948051, "std": 9.130779653787613e-05, "repeat": 2, "number": 2}]}, "readwrite.TimeRead.time_asia_write": {"result": [0.0005282213133347186], "stats": [{"ci_99": [0.00019201740056653513, 0.0008644252261029016], "q_25": 0.0005248592742070367, "q_75": 0.0005315833524624004, "min": 0.0005214972350793549, "max": 0.0005349453915900822, "mean": 0.0005282213133347186, "std": 6.724078255363668e-06, "repeat": 2, "number": 79}]}, "readwrite.TimeRead.time_munin_read": {"result": [4.749166859313846], "stats": [{"ci_99": [4.624966425821185, 4.873367292806506], "q_25": 4.747924854978919, "q_75": 4.750408863648772, "min": 4.746682850643992, "max": 4.751650867983699, "mean": 4.749166859313846, "std": 0.0024840086698532104, "repeat": 2, "number": 1}]}, "readwrite.TimeRead.time_munin_write": {"result": [0.034558516927063465], "stats": [{"ci_99": [0.03266481216996908, 0.03645222168415785], "q_25": 0.03453957987949252, "q_75": 0.03457745397463441, "min": 0.03452064283192158, "max": 0.03459639102220535, "mean": 0.034558516927063465, "std": 3.7874095141887665e-05, "repeat": 2, "number": 1}]}, "readwrite.TimeRead.time_pathfinder_read": {"result": [5.294541117735207], "stats": [{"ci_99": [4.982251848094165, 5.606830387376249], "q_25": 5.291418225038797, "q_75": 5.2976640104316175, "min": 5.288295332342386, "max": 5.300786903128028, "mean": 5.294541117735207, "std": 0.006245785392820835, "repeat": 2, "number": 1}]}, "readwrite.TimeRead.time_pathfinder_write": {"result": [0.02100860606878996], "stats": [{"ci_99": [0.013641146011650562, 0.02837606612592935], "q_25": 0.020934931468218565, "q_75": 0.021082280669361353, "min": 0.02086125686764717, "max": 0.021155955269932747, "mean": 0.02100860606878996, "std": 0.00014734920114278793, "repeat": 2, "number": 1}]}, "sampling.TimeSampling.time_forward_sample": null, "sampling.TimeSampling.time_gibbs_sampling": null, "sampling.TimeSampling.time_likelihood_sample": {"result": [0.2269012713804841], "stats": [{"ci_99": [0.22620216757059097, 0.22779718786478043], "q_25": 0.22666654270142317, "q_75": 0.227138283662498, "min": 0.22620216757059097, "max": 0.22779718786478043, "mean": 0.22691977079957723, "std": 0.00047080995412566144, "repeat": 10, "number": 1}]}, "sampling.TimeSampling.time_rejection_sample": null, "structure_learning.TimeHillClimbAlarmModel.time_hillclimb": null, "structure_learning.TimeMmhcAlarmModel.time_mmhc": null, "structure_learning.TimePCAlarmModel.time_pc_orig": null, "structure_learning.TimePCAlarmModel.time_pc_stable": null, "structure_learning.TimeTreeSearchAlarmModel.time_tan": null}, "params": {"arch": "x86_64", "cpu": "Intel(R) Core(TM) i9-9820X CPU @ 3.30GHz", "machine": "graveyard", "num_cpu": "20", "os": "Linux 4.15.0-112-generic", "ram": "131688676", "python": "3.9"}, "requirements": {}, "commit_hash": "a92ad86c662ee0253ac3f244d5c40575e9d46e87", "date": 1621946538000, "env_name": "conda-py3.9", "python": "3.9", "profiles": {}, "started_at": {"factor.TimeDiscreteFactor.time_factor_compare": 1654129606730, "factor.TimeDiscreteFactor.time_factor_marginalize": 1654129606937, "factor.TimeDiscreteFactor.time_factor_multiply_large": 1654129607144, "factor.TimeDiscreteFactor.time_factor_reduce": 1654129607351, "import.TimeImport.time_import": 1654129607559, "inference.TimeBeliefPropagation.time_query_alarm": 1654129607765, "inference.TimeVariableElimination.time_query_alarm": 1654129801319, "inference.TimeVariableElimination.time_query_munin": 1654129818525, "parameter_learning.TimeBayesianEstimator.time_alarm_bayesian_estimator": 1654128846384, "parameter_learning.TimeBayesianEstimator.time_munin_bayesian_estimator": 1654128846441, "parameter_learning.TimeExpectationMaximization.time_alarm_em": 1654128846498, "parameter_learning.TimeExpectationMaximization.time_munin_em": 1654128846554, "parameter_learning.TimeMLE.time_alarm_mle": 1654128846611, "parameter_learning.TimeMLE.time_munin_mle": 1654128846668, "readwrite.TimeRead.time_asia_read": 1654129836136, "readwrite.TimeRead.time_asia_write": 1654129858404, "readwrite.TimeRead.time_munin_read": 1654129880672, "readwrite.TimeRead.time_munin_write": 1654129914572, "readwrite.TimeRead.time_pathfinder_read": 1654129936841, "readwrite.TimeRead.time_pathfinder_write": 1654129970691, "sampling.TimeSampling.time_forward_sample": 1654129003498, "sampling.TimeSampling.time_gibbs_sampling": 1654129003656,