{"results": {"factor.TimeDiscreteFactor.time_factor_marginalize": {"result": [6.623887625264833e-05], "stats": [{"ci_99": [6.597707923277314e-05, 6.695469863802553e-05], "q_25": 6.61231425916215e-05, "q_75": 6.661426376955337e-05, "min": 6.597707923277314e-05, "max": 6.695469863802553e-05, "mean": 6.63621732628489e-05, "std": 2.995010105079103e-07, "repeat": 10, "number": 166}]}, "factor.TimeDiscreteFactor.time_factor_multiply_large": {"result": [5.669209349434823e-05], "stats": [{"ci_99": [5.566481074007849e-05, 5.758698292387029e-05], "q_25": 5.612976383417845e-05, "q_75": 5.7287288655061275e-05, "min": 5.566481074007849e-05, "max": 5.758698292387029e-05, "mean": 5.6682050732585285e-05, "std": 6.495337787232676e-07, "repeat": 10, "number": 192}]}, "factor.TimeDiscreteFactor.time_factor_reduce": {"result": [3.349924770494302e-05], "stats": [{"ci_99": [3.331047793229421e-05, 3.387192885080973e-05], "q_25": 3.338828838119905e-05, "q_75": 3.3641934084395565e-05, "min": 3.331047793229421e-05, "max": 3.387192885080973e-05, "mean": 3.352899166444937e-05, "std": 1.722112338367826e-07, "repeat": 10, "number": 300}]}, "import.TimeImport.time_import": {"result": [1.3325919761872796e-07], "stats": [{"ci_99": [1.2835783796142266e-07, 1.3818993653706212e-07], "q_25": 1.2866089929006963e-07, "q_75": 1.3708074884670276e-07, "min": 1.2835783796142266e-07, "max": 1.3818993653706212e-07, "mean": 1.3306048419006444e-07, "std": 4.299227813376166e-09, "repeat": 10, "number": 84956}]}, "inference.TimeVariableElimination.time_query_alarm": {"result": [0.10588205698877573], "stats": [{"ci_99": [0.10456771355518298, 0.10743237148574396], "q_25": 0.10572047298774123, "q_75": 0.10616162652149796, "min": 0.10536405071616173, "max": 0.10687200538814068, "mean": 0.10600004252046347, "std": 0.0005468787937540831, "repeat": 4, "number": 1}]}, "inference.TimeVariableElimination.time_query_munin": {"result": [0.2631791727617383], "stats": [{"ci_99": [0.25732618583437566, 0.2705716685012305], "q_25": 0.2619576337747276, "q_75": 0.26517046615481377, "min": 0.2616583425551653, "max": 0.2677790205925703, "mean": 0.26394892716780305, "std": 0.002429927808170287, "repeat": 4, "number": 1}]}, "readwrite.TimeRead.time_asia_read": {"result": [0.009339536540210247], "stats": [{"ci_99": [0.008778274990618229, 0.009900798089802265], "q_25": 0.009333923924714327, "q_75": 0.009345149155706167, "min": 0.009328311309218407, "max": 0.009350761771202087, "mean": 0.009339536540210247, "std": 1.1225230991840363e-05, "repeat": 2, "number": 2}]}, "readwrite.TimeRead.time_asia_write": {"result": [0.0006858230583736153], "stats": [{"ci_99": [-6.484965503704399e-05, 0.0014364957717842742], "q_25": 0.0006783163312395088, "q_75": 0.0006933297855077219, "min": 0.0006708096041054022, "max": 0.0007008365126418285, "mean": 0.0006858230583736153, "std": 1.5013454268213188e-05, "repeat": 2, "number": 61}]}, "readwrite.TimeRead.time_munin_read": {"result": [5.705553972162306], "stats": [{"ci_99": [5.3702191254124045, 6.040888818912208], "q_25": 5.702200623694807, "q_75": 5.708907320629805, "min": 5.698847275227308, "max": 5.712260669097304, "mean": 5.705553972162306, "std": 0.006706696934998035, "repeat": 2, "number": 1}]}, "readwrite.TimeRead.time_munin_write": {"result": [0.04278377536684275], "stats": [{"ci_99": [0.034055001102387905, 0.05151254963129758], "q_25": 0.0426964876241982, "q_75": 0.042871063109487295, "min": 0.04260919988155365, "max": 0.042958350852131844, "mean": 0.04278377536684275, "std": 0.00017457548528909683, "repeat": 2, "number": 1}]}, "readwrite.TimeRead.time_pathfinder_read": {"result": [6.734906943514943], "stats": [{"ci_99": [-11.858460431918502, 25.328274318948374], "q_25": 6.548973269760609, "q_75": 6.920840617269278, "min": 6.363039596006274, "max": 7.106774291023612, "mean": 6.734906943514943, "std": 0.3718673475086689, "repeat": 2, "number": 1}]}, "readwrite.TimeRead.time_pathfinder_write": {"result": [0.02515496965497732], "stats": [{"ci_99": [0.011060846038162708, 0.03924909327179192], "q_25": 0.025014028418809175, "q_75": 0.025295910891145468, "min": 0.02487308718264103, "max": 0.025436852127313614, "mean": 0.02515496965497732, "std": 0.00028188247233629227, "repeat": 2, "number": 1}]}, "sampling.TimeSampling.time_forward_sample": {"result": [0.20852251630276442], "stats": [{"ci_99": [0.20601362362504005, 0.2322054486721754], "q_25": 0.20744696678593755, "q_75": 0.20931017678231, "min": 0.20601362362504005, "max": 0.2322054486721754, "mean": 0.2105430221185088, "std": 0.0072959190582671946, "repeat": 10, "number": 1}]}, "sampling.TimeSampling.time_gibbs_sampling": null, "sampling.TimeSampling.time_likelihood_sample": {"result": [0.2174050835892558], "stats": [{"ci_99": [0.2151006106287241, 0.24061868153512478], "q_25": 0.21589098358526826, "q_75": 0.21806371491402388, "min": 0.2151006106287241, "max": 0.24061868153512478, "mean": 0.2192683320492506, "std": 0.007208497671096467, "repeat": 10, "number": 1}]}, "sampling.TimeSampling.time_rejection_sample": {"result": [37.34522319957614], "stats": [{"ci_99": [25.732279732823372, 48.95816666632889], "q_25": 37.22909376490861, "q_75": 37.46135263424367, "min": 37.112964330241084, "max": 37.577482068911195, "mean": 37.34522319957614, "std": 0.23225886933505535, "repeat": 2, "number": 1}]}, "structure_learning.TimeHillClimb.time_hillclimb": null, "structure_learning.TimePC.time_pc_orig": {"result": [33.60297370329499], "stats": [{"ci_99": [24.820240564644337, 42.38570684194564], "q_25": 33.515146371908486, "q_75": 33.6908010346815, "min": 33.42731904052198, "max": 33.778628366068006, "mean": 33.60297370329499, "std": 0.17565466277301311, "repeat": 2, "number": 1}]}, "structure_learning.TimePC.time_pc_stable": {"result": [33.60163912829012], "stats": [{"ci_99": [23.523392190225422, 43.679886066354804], "q_25": 33.50085665890947, "q_75": 33.702421597670764, "min": 33.40007418952882, "max": 33.80320406705141, "mean": 33.60163912829012, "std": 0.2015649387612939, "repeat": 2, "number": 1}]}}, "params": {"arch": "x86_64", "cpu": "Intel(R) Core(TM) i9-9820X CPU @ 3.30GHz", "machine": "graveyard", "num_cpu": "20", "os": "Linux 4.15.0-112-generic", "ram": "131688676", "python": "3.6"}, "requirements": {}, "commit_hash": "a92ad86c662ee0253ac3f244d5c40575e9d46e87", "date": 1621946538000, "env_name": "conda-py3.6", "python": "3.6", "profiles": {}, "started_at": {"factor.TimeDiscreteFactor.time_factor_marginalize": 1625168470305, "factor.TimeDiscreteFactor.time_factor_multiply_large": 1625168470512, "factor.TimeDiscreteFactor.time_factor_reduce": 1625168470719, "import.TimeImport.time_import": 1625168470926, "inference.TimeVariableElimination.time_query_alarm": 1625168471133, "inference.TimeVariableElimination.time_query_munin": 1625168490691, "readwrite.TimeRead.time_asia_read": 1625168510703, "readwrite.TimeRead.time_asia_write": 1625168536529, "readwrite.TimeRead.time_munin_read": 1625168562355, "readwrite.TimeRead.time_munin_write": 1625168601267, "readwrite.TimeRead.time_pathfinder_read": 1625168627093, "readwrite.TimeRead.time_pathfinder_write": 1625168666306, "sampling.TimeSampling.time_forward_sample": 1625168692132, "sampling.TimeSampling.time_gibbs_sampling": 1625167652123, "sampling.TimeSampling.time_likelihood_sample": 1625168693996, "sampling.TimeSampling.time_rejection_sample": 1625168695959, "structure_learning.TimeHillClimb.time_hillclimb": 1625168326449, "structure_learning.TimePC.time_pc_orig": 1625168766973, "structure_learning.TimePC.time_pc_stable": 1625168839425}, "ended_at": {"factor.TimeDiscreteFactor.time_factor_marginalize": 1625168470512, "factor.TimeDiscreteFactor.time_factor_multiply_large": 1625168470719, "factor.TimeDiscreteFactor.time_factor_reduce": 1625168470926, "import.TimeImport.time_import": 1625168471132, "inference.TimeVariableElimination.time_query_alarm": 1625168490691, "inference.TimeVariableElimination.time_query_munin": 1625168510702, "readwrite.TimeRead.time_asia_read": 1625168536529,