{"results": {"factor.TimeDiscreteFactor.time_factor_compare": {"result": [6.147469314983335e-05], "stats": [{"ci_99": [6.120912941162195e-05, 6.210283076359054e-05], "q_25": 6.131586055718572e-05, "q_75": 6.159919308824727e-05, "min": 6.120912941162195e-05, "max": 6.210283076359054e-05, "mean": 6.151768447315624e-05, "std": 2.6666180363954917e-07, "repeat": 10, "number": 177}]}, "factor.TimeDiscreteFactor.time_factor_marginalize": {"result": [6.442262480656306e-05], "stats": [{"ci_99": [6.396632754441464e-05, 6.475050115224087e-05], "q_25": 6.420616286270547e-05, "q_75": 6.45282706527999e-05, "min": 6.396632754441464e-05, "max": 6.475050115224087e-05, "mean": 6.436973245758e-05, "std": 2.3164779555895602e-07, "repeat": 10, "number": 165}]}, "factor.TimeDiscreteFactor.time_factor_multiply_large": {"result": [5.1112404154940235e-05], "stats": [{"ci_99": [4.9543403689330224e-05, 5.241884227612572e-05], "q_25": 5.0249185095324904e-05, "q_75": 5.1652942011706635e-05, "min": 4.9543403689330224e-05, "max": 5.241884227612572e-05, "mean": 5.099681422326238e-05, "std": 9.543936094761074e-07, "repeat": 10, "number": 211}]}, "factor.TimeDiscreteFactor.time_factor_reduce": {"result": [2.7362033724784853e-05], "stats": [{"ci_99": [2.712021271387736e-05, 2.7809868256251016e-05], "q_25": 2.7219336479902265e-05, "q_75": 2.7476057410240172e-05, "min": 2.712021271387736e-05, "max": 2.7809868256251016e-05, "mean": 2.7377932270367945e-05, "std": 2.1345126287040504e-07, "repeat": 10, "number": 375}]}, "import.TimeImport.time_import": {"result": [1.1188208496228209e-07], "stats": [{"ci_99": [1.1023574815314225e-07, 1.1322447771196057e-07], "q_25": 1.1154140572236897e-07, "q_75": 1.1231344144669438e-07, "min": 1.1023574815314225e-07, "max": 1.1322447771196057e-07, "mean": 1.1187417699694676e-07, "std": 7.461798283291227e-10, "repeat": 10, "number": 98291}]}, "inference.TimeBeliefPropagation.time_query_alarm": {"result": [35.32272955123335], "stats": [{"ci_99": [29.03089943062514, 41.614559671841555], "q_25": 35.25981125002727, "q_75": 35.38564785243943, "min": 35.19689294882119, "max": 35.448566153645515, "mean": 35.32272955123335, "std": 0.1258366024121642, "repeat": 2, "number": 1}]}, "inference.TimeVariableElimination.time_query_alarm": {"result": [0.017212276346981525], "stats": [{"ci_99": [-0.003345775166061181, 0.05074556705495373], "q_25": 0.01708128722384572, "q_75": 0.02383088506758213, "min": 0.01676640287041664, "max": 0.04360862821340561, "mean": 0.023699895944446325, "std": 0.011495767892217505, "repeat": 4, "number": 1}]}, "inference.TimeVariableElimination.time_query_munin": {"result": [0.5171135170385242], "stats": [{"ci_99": [0.5150465465553161, 0.5186484527371767], "q_25": 0.5165589791722596, "q_75": 0.517402037512511, "min": 0.5157488640397787, "max": 0.5174141004681587, "mean": 0.5168474996462464, "std": 0.0006766548439567871, "repeat": 4, "number": 1}]}, "parameter_learning.TimeBayesianEstimator.time_alarm_bayesian_estimator": {"result": [2.0448780162259936], "stats": [{"ci_99": [1.6684596593861205, 2.4573768536190754], "q_25": 1.9331229254603386, "q_75": 2.1746733472682536, "min": 1.9245744124054909, "max": 2.237342581152916, "mean": 2.0629182565025985, "std": 0.13595460480628352, "repeat": 4, "number": 1}]}, "parameter_learning.TimeBayesianEstimator.time_munin_bayesian_estimator": {"result": [35.49396577756852], "stats": [{"ci_99": [35.309411217458546, 35.67852033767849], "q_25": 35.49212023196742, "q_75": 35.49581132316962, "min": 35.49027468636632, "max": 35.49765686877072, "mean": 35.49396577756852, "std": 0.003691091202199459, "repeat": 2, "number": 1}]}, "parameter_learning.TimeExpectationMaximization.time_alarm_em": {"result": [7.145792282186449], "stats": [{"ci_99": [0.6473028929904103, 13.644281671382481], "q_25": 7.080807388294488, "q_75": 7.210777176078409, "min": 7.015822494402528, "max": 7.275762069970369, "mean": 7.145792282186449, "std": 0.12996978778392076, "repeat": 2, "number": 1}]}, "parameter_learning.TimeExpectationMaximization.time_munin_em": {"result": [81.10553830303252], "stats": [{"ci_99": [59.16268847323954, 103.04838813282548], "q_25": 80.88610980473459, "q_75": 81.32496680133045, "min": 80.66668130643666, "max": 81.54439529962838, "mean": 81.10553830303252, "std": 0.4388569965958595, "repeat": 2, "number": 1}]}, "parameter_learning.TimeMLE.time_alarm_mle": {"result": [2.1104727778583765], "stats": [{"ci_99": [2.055669349266458, 2.17049105873121], "q_25": 2.0955015304498374, "q_75": 2.128051451407373, "min": 2.0911862067878246, "max": 2.140189053490758, "mean": 2.113080203998834, "std": 0.019963140180368395, "repeat": 4, "number": 1}]}, "parameter_learning.TimeMLE.time_munin_mle": {"result": [35.35350876394659], "stats": [{"ci_99": [34.06317814718932, 36.64383938070387], "q_25": 35.34060545777902, "q_75": 35.366412070114166, "min": 35.32770215161145, "max": 35.37931537628174, "mean": 35.35350876394659, "std": 0.025806612335145473, "repeat": 2, "number": 1}]}, "readwrite.TimeRead.time_asia_read": {"result": [0.009034066461026669], "stats": [{"ci_99": [0.008374922908842564, 0.009693210013210773], "q_25": 0.009027475025504827, "q_75": 0.00904065789654851, "min": 0.009020883589982986, "max": 0.00904724933207035, "mean": 0.009034066461026669, "std": 1.3182871043682098e-05, "repeat": 2, "number": 2}]}, "readwrite.TimeRead.time_asia_write": {"result": [0.00044667826626788485], "stats": [{"ci_99": [-0.005950290752066808, 0.006843647284602572], "q_25": 0.0003827085760845379, "q_75": 0.0005106479564512317, "min": 0.000318738885901191, "max": 0.0005746176466345787, "mean": 0.00044667826626788485, "std": 0.00012793938036669385, "repeat": 2, "number": 44}]}, "readwrite.TimeRead.time_munin_read": {"result": [4.956005962565541], "stats": [{"ci_99": [4.850400594994426, 5.061611330136657], "q_25": 4.95494990888983, "q_75": 4.957062016241252, "min": 4.953893855214119, "max": 4.958118069916964, "mean": 4.956005962565541, "std": 0.00211210735142231, "repeat": 2, "number": 1}]}, "readwrite.TimeRead.time_munin_write": {"result": [0.11189206782728434], "stats": [{"ci_99": [0.04797069635242224, 0.17581343930214638], "q_25": 0.11125285411253572, "q_75": 0.11253128154203296, "min": 0.1106136403977871, "max": 0.11317049525678158, "mean": 0.11189206782728434, "std": 0.001278427429497242, "repeat": 2, "number": 1}]}, "readwrite.TimeRead.time_pathfinder_read": {"result": [5.613683367148042], "stats": [{"ci_99": [3.1869399528950453, 8.040426781401036], "q_25": 5.589415933005512, "q_75": 5.637950801290572, "min": 5.565148498862982, "max": 5.662218235433102, "mean": 5.613683367148042, "std": 0.04853486828505993, "repeat": 2, "number": 1}]}, "readwrite.TimeRead.time_pathfinder_write": {"result": [0.10986818838864565], "stats": [{"ci_99": [0.06633309554308653, 0.15340328123420474], "q_25": 0.10943283746019006, "q_75": 0.11030353931710124, "min": 0.10899748653173447, "max": 0.11073889024555683, "mean": 0.10986818838864565, "std": 0.0008707018569111824, "repeat": 2, "number": 1}]}, "sampling.TimeSampling.time_forward_sample": {"result": [0.24244740139693022], "stats": [{"ci_99": [0.2406352050602436, 0.243465393781662], "q_25": 0.24164836714044213, "q_75": 0.24310353072360158, "min": 0.2406352050602436, "max": 0.243465393781662, "mean": 0.24232573602348567, "std": 0.0009051277077580558, "repeat": 10, "number": 1}]}, "sampling.TimeSampling.time_gibbs_sampling": null, "sampling.TimeSampling.time_likelihood_sample": {"result": [0.24105912074446678], "stats": [{"ci_99": [0.2400298472493887, 0.26439790427684784], "q_25": 0.24027315666899085, "q_75": 0.24108848487958312, "min": 0.2400298472493887, "max": 0.26439790427684784, "mean": 0.24313856717199087, "std": 0.0071067926072858716, "repeat": 10, "number": 1}]}, "sampling.TimeSampling.time_rejection_sample": {"result": [44.258295209147036], "stats": [{"ci_99": [37.66433575656265, 50.852254661731415], "q_25": 44.19235561462119, "q_75": 44.32423480367288, "min": 44.12641602009535, "max": 44.390174398198724,