{"results": {"factor.TimeDiscreteFactor.time_factor_compare": {"result": [6.432762546908287e-05], "stats": [{"ci_99": [6.374959567827838e-05, 6.48693891153449e-05], "q_25": 6.404320066351267e-05, "q_75": 6.451491000396865e-05, "min": 6.374959567827838e-05, "max": 6.48693891153449e-05, "mean": 6.430333901551508e-05, "std": 3.309073909011702e-07, "repeat": 10, "number": 168}]}, "factor.TimeDiscreteFactor.time_factor_marginalize": {"result": [6.242585087935608e-05], "stats": [{"ci_99": [6.224995995142374e-05, 6.273839936917087e-05], "q_25": 6.231277373181768e-05, "q_75": 6.25706070203738e-05, "min": 6.224995995142374e-05, "max": 6.273839936917087e-05, "mean": 6.24557642872075e-05, "std": 1.6720395231263502e-07, "repeat": 10, "number": 166}]}, "factor.TimeDiscreteFactor.time_factor_multiply_large": {"result": [5.265143945028907e-05], "stats": [{"ci_99": [5.180840536452937e-05, 5.3197947558033406e-05], "q_25": 5.253623395659137e-05, "q_75": 5.3027230337190855e-05, "min": 5.180840536452937e-05, "max": 5.3197947558033406e-05, "mean": 5.268960050418617e-05, "std": 4.0609542156769575e-07, "repeat": 10, "number": 209}]}, "factor.TimeDiscreteFactor.time_factor_reduce": {"result": [3.0433878154409204e-05], "stats": [{"ci_99": [3.0198668934066188e-05, 3.066308140246706e-05], "q_25": 3.0352970828640867e-05, "q_75": 3.059530784164301e-05, "min": 3.0198668934066188e-05, "max": 3.066308140246706e-05, "mean": 3.0455870596183973e-05, "std": 1.45509929034648e-07, "repeat": 10, "number": 352}]}, "import.TimeImport.time_import": {"result": [1.2295638285745377e-07], "stats": [{"ci_99": [1.2188139827964686e-07, 1.2488373480455865e-07], "q_25": 1.223930950614336e-07, "q_75": 1.2322961702372548e-07, "min": 1.2188139827964686e-07, "max": 1.2488373480455865e-07, "mean": 1.2300687069610294e-07, "std": 8.515327210936931e-10, "repeat": 10, "number": 82227}]}, "inference.TimeBeliefPropagation.time_query_alarm": null, "inference.TimeVariableElimination.time_query_alarm": null, "inference.TimeVariableElimination.time_query_munin": null, "parameter_learning.TimeBayesianEstimator.time_alarm_bayesian_estimator": {"result": [1.6267923563718796], "stats": [{"ci_99": [1.4338345983103333, 1.8174078186004932], "q_25": 1.5747812609188259, "q_75": 1.6776323039084673, "min": 1.5388165079057217, "max": 1.7100836131721735, "mean": 1.6256212084554136, "std": 0.06684937018863994, "repeat": 4, "number": 1}]}, "parameter_learning.TimeBayesianEstimator.time_munin_bayesian_estimator": {"result": [18.495776643045247], "stats": [{"ci_99": [15.88564086612314, 21.10591241996735], "q_25": 18.469675285276026, "q_75": 18.521878000814468, "min": 18.443573927506804, "max": 18.54797935858369, "mean": 18.495776643045247, "std": 0.052202715538442135, "repeat": 2, "number": 1}]}, "parameter_learning.TimeExpectationMaximization.time_alarm_em": {"result": [9.451448317617178], "stats": [{"ci_99": [3.3040420673787594, 15.598854567855591], "q_25": 9.389974255114794, "q_75": 9.512922380119562, "min": 9.32850019261241, "max": 9.574396442621946, "mean": 9.451448317617178, "std": 0.12294812500476837, "repeat": 2, "number": 1}]}, "parameter_learning.TimeExpectationMaximization.time_munin_em": {"result": [90.7628819514066], "stats": [{"ci_99": [78.07721730135381, 103.44854660145937], "q_25": 90.63602530490607, "q_75": 90.88973859790713, "min": 90.50916865840554, "max": 91.01659524440765, "mean": 90.7628819514066, "std": 0.2537132930010557, "repeat": 2, "number": 1}]}, "parameter_learning.TimeMLE.time_alarm_mle": {"result": [1.593358812853694], "stats": [{"ci_99": [1.424924016556052, 1.7407394567520351], "q_25": 1.5536234490573406, "q_75": 1.6225671004503965, "min": 1.4947565887123346, "max": 1.6498527321964502, "mean": 1.5828317366540432, "std": 0.057618911672021746, "repeat": 4, "number": 1}]}, "parameter_learning.TimeMLE.time_munin_mle": {"result": [18.27574579883367], "stats": [{"ci_99": [15.77219998370856, 20.779291613958772], "q_25": 18.250710340682417, "q_75": 18.30078125698492, "min": 18.225674882531166, "max": 18.32581671513617, "mean": 18.27574579883367, "std": 0.050070916302502155, "repeat": 2, "number": 1}]}, "readwrite.TimeRead.time_asia_read": {"result": [0.008898840751498938], "stats": [{"ci_99": [0.008867478463798761, 0.008930203039199114], "q_25": 0.008898527128621936, "q_75": 0.00889915437437594, "min": 0.008898213505744934, "max": 0.008899467997252941, "mean": 0.008898840751498938, "std": 6.272457540035248e-07, "repeat": 2, "number": 2}]}, "readwrite.TimeRead.time_asia_write": null, "readwrite.TimeRead.time_munin_read": {"result": [5.348861052654684], "stats": [{"ci_99": [5.149404958821833, 5.548317146487534], "q_25": 5.346866491716355, "q_75": 5.350855613593012, "min": 5.344871930778027, "max": 5.352850174531341, "mean": 5.348861052654684, "std": 0.003989121876657009, "repeat": 2, "number": 1}]}, "readwrite.TimeRead.time_munin_write": null, "readwrite.TimeRead.time_pathfinder_read": {"result": [5.917193193919957], "stats": [{"ci_99": [5.556492286734283, 6.27789410110563], "q_25": 5.9135861848481, "q_75": 5.920800202991813, "min": 5.909979175776243, "max": 5.92440721206367, "mean": 5.917193193919957, "std": 0.007214018143713474, "repeat": 2, "number": 1}]}, "readwrite.TimeRead.time_pathfinder_write": null, "sampling.TimeSampling.time_forward_sample": {"result": [0.21512921061366796], "stats": [{"ci_99": [0.21311535313725471, 0.21651184186339378], "q_25": 0.214293850120157, "q_75": 0.21546990796923637, "min": 0.21311535313725471, "max": 0.21651184186339378, "mean": 0.21494684163480998, "std": 0.0010266055068278265, "repeat": 10, "number": 1}]}, "sampling.TimeSampling.time_gibbs_sampling": null, "sampling.TimeSampling.time_likelihood_sample": {"result": [0.2172401724383235], "stats": [{"ci_99": [0.21549015678465366, 0.2181217297911644], "q_25": 0.21680180029943585, "q_75": 0.21748731471598148, "min": 0.21549015678465366, "max": 0.2181217297911644, "mean": 0.2171063046902418, "std": 0.000703694869112747, "repeat": 10, "number": 1}]}, "sampling.TimeSampling.time_rejection_sample": {"result": [40.393459122627974], "stats": [{"ci_99": [38.55255337059498, 42.23436487466097], "q_25": 40.375050065107644, "q_75": 40.4118681801483, "min": 40.356641007587314, "max": 40.43027723766863, "mean": 40.393459122627974, "std": 0.036818115040659904, "repeat": 2, "number": 1}]}, "structure_learning.TimeHillClimbAlarmModel.time_hillclimb": {"result": [51.235303790308535], "stats": [{"ci_99": [23.41094249393791, 79.05966508667913], "q_25": 50.95706017734483, "q_75": 51.51354740327224, "min": 50.67881656438112, "max": 51.79179101623595, "mean": 51.235303790308535, "std": 0.5564872259274125, "repeat": 2, "number": 1}]}, "structure_learning.TimeMmhcAlarmModel.time_mmhc": null, "structure_learning.TimePCAlarmModel.time_pc_orig": null, "structure_learning.TimePCAlarmModel.time_pc_stable": null, "structure_learning.TimeTreeSearchAlarmModel.time_tan": null}, "params": {"arch": "x86_64", "cpu": "Intel(R) Core(TM) i9-9820X CPU @ 3.30GHz", "machine": "graveyard", "num_cpu": "20", "os": "Linux 4.15.0-112-generic", "ram": "131688676", "python": "3.7"}, "requirements": {}, "commit_hash": "aa0b0a7696a64995e15b7c62c95936f133c5ca0e", "date": 1653470015000, "env_name": "conda-py3.7", "python": "3.7", "profiles": {}, "started_at": {"factor.TimeDiscreteFactor.time_factor_compare": 1657148744940, "factor.TimeDiscreteFactor.time_factor_marginalize": 1657148745147, "factor.TimeDiscreteFactor.time_factor_multiply_large": 1657148745354, "factor.TimeDiscreteFactor.time_factor_reduce": 1657148745561, "import.TimeImport.time_import": 1657148745768, "inference.TimeBeliefPropagation.time_query_alarm": 1657146828080, "inference.TimeVariableElimination.time_query_alarm": 1657146834608, "inference.TimeVariableElimination.time_query_munin": 1657146840182, "parameter_learning.TimeBayesianEstimator.time_alarm_bayesian_estimator": 1657148745975, "parameter_learning.TimeBayesianEstimator.time_munin_bayesian_estimator": 1657148761676,