{"results": {"factor.TimeDiscreteFactor.time_factor_marginalize": {"result": [6.231319224625303e-05], "stats": [{"ci_99": [6.12214098722614e-05, 6.349015523467148e-05], "q_25": 6.14774555011451e-05, "q_75": 6.292897619699178e-05, "min": 6.12214098722614e-05, "max": 6.349015523467148e-05, "mean": 6.226774152607945e-05, "std": 8.327933510603585e-07, "repeat": 10, "number": 171}]}, "factor.TimeDiscreteFactor.time_factor_multiply_large": {"result": [5.327690012970017e-05], "stats": [{"ci_99": [5.15753240550606e-05, 5.473130500143014e-05], "q_25": 5.281268329657976e-05, "q_75": 5.3708635957785024e-05, "min": 5.15753240550606e-05, "max": 5.473130500143014e-05, "mean": 5.322548841099138e-05, "std": 1.0025258382232248e-06, "repeat": 10, "number": 206}]}, "factor.TimeDiscreteFactor.time_factor_reduce": {"result": [3.0164193529426383e-05], "stats": [{"ci_99": [2.9525625404347196e-05, 3.088741783010826e-05], "q_25": 2.973795648706093e-05, "q_75": 3.0562549756232945e-05, "min": 2.9525625404347196e-05, "max": 3.088741783010826e-05, "mean": 3.01522087682499e-05, "std": 4.657222425676087e-07, "repeat": 10, "number": 356}]}, "import.TimeImport.time_import": {"result": [1.2286413214720298e-07], "stats": [{"ci_99": [1.2205320845133642e-07, 1.2358145851216524e-07], "q_25": 1.226931058104527e-07, "q_75": 1.2303390996464377e-07, "min": 1.2205320845133642e-07, "max": 1.2358145851216524e-07, "mean": 1.2286629832820505e-07, "std": 4.2683924796003045e-10, "repeat": 10, "number": 89513}]}, "inference.TimeVariableElimination.time_query_alarm": {"result": [0.05999072454869747], "stats": [{"ci_99": [0.05807219091094787, 0.06202171631865446], "q_25": 0.05937638692557812, "q_75": 0.06066129123792052, "min": 0.059373464435338974, "max": 0.06083290092647076, "mean": 0.06004695361480117, "std": 0.0006763973933141818, "repeat": 4, "number": 1}]}, "inference.TimeVariableElimination.time_query_munin": {"result": [0.502012369222939], "stats": [{"ci_99": [0.5005447283554474, 0.503228203749319], "q_25": 0.5017272876575589, "q_75": 0.5021715476177633, "min": 0.5010604318231344, "max": 0.5024606939405203, "mean": 0.5018864660523832, "std": 0.0005127524206424868, "repeat": 4, "number": 1}]}, "readwrite.TimeRead.time_asia_read": {"result": [0.008761820383369923], "stats": [{"ci_99": [0.008337090723216534, 0.009186550043523312], "q_25": 0.008757573086768389, "q_75": 0.008766067679971457, "min": 0.008753325790166855, "max": 0.00877031497657299, "mean": 0.008761820383369923, "std": 8.49459320306778e-06, "repeat": 2, "number": 2}]}, "readwrite.TimeRead.time_asia_write": {"result": [0.0005996607326190261], "stats": [{"ci_99": [-0.0001940445508807904, 0.001393366016118842], "q_25": 0.000591723679784028, "q_75": 0.0006075977854540243, "min": 0.0005837866269490298, "max": 0.0006155348382890224, "mean": 0.0005996607326190261, "std": 1.587410566999633e-05, "repeat": 2, "number": 68}]}, "readwrite.TimeRead.time_munin_read": {"result": [5.281958801671863], "stats": [{"ci_99": [2.4688299540430307, 8.095087649300693], "q_25": 5.253827513195574, "q_75": 5.310090090148151, "min": 5.225696224719286, "max": 5.338221378624439, "mean": 5.281958801671863, "std": 0.05626257695257664, "repeat": 2, "number": 1}]}, "readwrite.TimeRead.time_munin_write": {"result": [0.042065166868269444], "stats": [{"ci_99": [0.030806641094386578, 0.053323692642152296], "q_25": 0.041952581610530615, "q_75": 0.04217775212600827, "min": 0.041839996352791786, "max": 0.0422903373837471, "mean": 0.042065166868269444, "std": 0.00022517051547765732, "repeat": 2, "number": 1}]}, "readwrite.TimeRead.time_pathfinder_read": {"result": [5.980234221555293], "stats": [{"ci_99": [4.837782355956733, 7.122686087153851], "q_25": 5.968809702899307, "q_75": 5.991658740211278, "min": 5.957385184243321, "max": 6.003083258867264, "mean": 5.980234221555293, "std": 0.022849037311971188, "repeat": 2, "number": 1}]}, "readwrite.TimeRead.time_pathfinder_write": {"result": [0.026033319532871246], "stats": [{"ci_99": [0.02566293254494667, 0.026403706520795822], "q_25": 0.026029615662992, "q_75": 0.026037023402750492, "min": 0.026025911793112755, "max": 0.026040727272629738, "mean": 0.026033319532871246, "std": 7.407739758491516e-06, "repeat": 2, "number": 1}]}, "sampling.TimeSampling.time_forward_sample": {"result": [0.204841167666018], "stats": [{"ci_99": [0.20410380139946938, 0.20674761198461056], "q_25": 0.20463926810771227, "q_75": 0.20530663896352053, "min": 0.20410380139946938, "max": 0.20674761198461056, "mean": 0.20512892715632916, "std": 0.0008216981643160816, "repeat": 10, "number": 1}]}, "sampling.TimeSampling.time_gibbs_sampling": null, "sampling.TimeSampling.time_likelihood_sample": {"result": [0.212766888551414], "stats": [{"ci_99": [0.21202038414776325, 0.2402989435940981], "q_25": 0.21249492606148124, "q_75": 0.21324510173872113, "min": 0.21202038414776325, "max": 0.2402989435940981, "mean": 0.21552209705114364, "std": 0.008270058473603589, "repeat": 10, "number": 1}]}, "sampling.TimeSampling.time_rejection_sample": {"result": [38.434550043195486], "stats": [{"ci_99": [34.468481194227934, 42.40061889216304], "q_25": 38.39488935470581, "q_75": 38.47421073168516, "min": 38.355228666216135, "max": 38.51387142017484, "mean": 38.434550043195486, "std": 0.07932137697935104, "repeat": 2, "number": 1}]}, "structure_learning.TimeHillClimb.time_hillclimb": null, "structure_learning.TimePC.time_pc_orig": {"result": [40.61678751651198], "stats": [{"ci_99": [35.16740758251399, 46.06616745050996], "q_25": 40.562293717172, "q_75": 40.67128131585196, "min": 40.50779991783202, "max": 40.72577511519194, "mean": 40.61678751651198, "std": 0.10898759867995977, "repeat": 2, "number": 1}]}, "structure_learning.TimePC.time_pc_stable": {"result": [40.35041068121791], "stats": [{"ci_99": [35.56802474334836, 45.13279661908745], "q_25": 40.30258682183921, "q_75": 40.398234540596604, "min": 40.25476296246052, "max": 40.4460583999753, "mean": 40.35041068121791, "std": 0.09564771875739098, "repeat": 2, "number": 1}]}}, "params": {"arch": "x86_64", "cpu": "Intel(R) Core(TM) i9-9820X CPU @ 3.30GHz", "machine": "graveyard", "num_cpu": "20", "os": "Linux 4.15.0-112-generic", "ram": "131688676", "python": "3.7"}, "requirements": {}, "commit_hash": "aa75ff69b1de7d0de1062414dffb7da4c916b68a", "date": 1626246629000, "env_name": "conda-py3.7", "python": "3.7", "profiles": {}, "started_at": {"factor.TimeDiscreteFactor.time_factor_marginalize": 1627071479181, "factor.TimeDiscreteFactor.time_factor_multiply_large": 1627071479389, "factor.TimeDiscreteFactor.time_factor_reduce": 1627071479596, "import.TimeImport.time_import": 1627071479803, "inference.TimeVariableElimination.time_query_alarm": 1627071480010, "inference.TimeVariableElimination.time_query_munin": 1627071498517, "readwrite.TimeRead.time_asia_read": 1627071518278, "readwrite.TimeRead.time_asia_write": 1627071542953, "readwrite.TimeRead.time_munin_read": 1627071567277, "readwrite.TimeRead.time_munin_write": 1627071604134, "readwrite.TimeRead.time_pathfinder_read": 1627071628458, "readwrite.TimeRead.time_pathfinder_write": 1627071665466, "sampling.TimeSampling.time_forward_sample": 1627071689840, "sampling.TimeSampling.time_gibbs_sampling": 1627070641493, "sampling.TimeSampling.time_likelihood_sample": 1627071691654, "sampling.TimeSampling.time_rejection_sample": 1627071693568, "structure_learning.TimeHillClimb.time_hillclimb": 1627071320831, "structure_learning.TimePC.time_pc_orig": 1627071770150, "structure_learning.TimePC.time_pc_stable": 1627071849115}, "ended_at": {"factor.TimeDiscreteFactor.time_factor_marginalize": 1627071479388, "factor.TimeDiscreteFactor.time_factor_multiply_large": 1627071479596, "factor.TimeDiscreteFactor.time_factor_reduce": 1627071479803, "import.TimeImport.time_import": 1627071480010, "inference.TimeVariableElimination.time_query_alarm": 1627071498517, "inference.TimeVariableElimination.time_query_munin": 1627071518278, "readwrite.TimeRead.time_asia_read": 1627071542953,