{"results": {"factor.TimeDiscreteFactor.time_factor_marginalize": {"result": [6.174228310240487e-05], "stats": [{"ci_99": [6.0956096115139865e-05, 6.242079197326837e-05], "q_25": 6.125717170837986e-05, "q_75": 6.219115097484836e-05, "min": 6.0956096115139865e-05, "max": 6.242079197326837e-05, "mean": 6.172832941388808e-05, "std": 5.527738786830909e-07, "repeat": 10, "number": 173}]}, "factor.TimeDiscreteFactor.time_factor_multiply_large": {"result": [4.984587782396461e-05], "stats": [{"ci_99": [4.83251247062998e-05, 5.078129470348358e-05], "q_25": 4.850878854686359e-05, "q_75": 5.012087058275938e-05, "min": 4.83251247062998e-05, "max": 5.078129470348358e-05, "mean": 4.952803148694758e-05, "std": 9.29598432499262e-07, "repeat": 10, "number": 212}]}, "factor.TimeDiscreteFactor.time_factor_reduce": {"result": [2.9227179827309456e-05], "stats": [{"ci_99": [2.8891927179168252e-05, 2.9812167797769818e-05], "q_25": 2.9104700473760692e-05, "q_75": 2.9575560993256685e-05, "min": 2.8891927179168252e-05, "max": 2.9812167797769818e-05, "mean": 2.9322125163732794e-05, "std": 2.9268683366500393e-07, "repeat": 10, "number": 357}]}, "import.TimeImport.time_import": {"result": [1.3122245183649716e-07], "stats": [{"ci_99": [1.292238010236956e-07, 1.3253064825394043e-07], "q_25": 1.297221220908919e-07, "q_75": 1.3197872928889725e-07, "min": 1.292238010236956e-07, "max": 1.3253064825394043e-07, "mean": 1.309608125530085e-07, "std": 1.235641094375303e-09, "repeat": 10, "number": 75838}]}, "inference.TimeVariableElimination.time_query_alarm": {"result": [0.07455207221210003], "stats": [{"ci_99": [0.029079152593086598, 0.12032426302724047], "q_25": 0.05911184987053275, "q_75": 0.09014193015173078, "min": 0.05907817557454109, "max": 0.09062451124191284, "mean": 0.0747017078101635, "std": 0.015602749298465914, "repeat": 4, "number": 1}]}, "inference.TimeVariableElimination.time_query_munin": {"result": [0.4953228831291199], "stats": [{"ci_99": [0.4770659366612118, 0.5113917374993878], "q_25": 0.48973783664405346, "q_75": 0.49981388356536627, "min": 0.4860812649130821, "max": 0.5001883171498775, "mean": 0.49422883708029985, "std": 0.0059669805056072715, "repeat": 4, "number": 1}]}, "readwrite.TimeRead.time_asia_read": {"result": [0.009574012830853462], "stats": [{"ci_99": [-0.042783452197909355, 0.06193147785961624], "q_25": 0.009050438180565834, "q_75": 0.01009758748114109, "min": 0.008526863530278206, "max": 0.010621162131428719, "mean": 0.009574012830853462, "std": 0.0010471493005752563, "repeat": 2, "number": 2}]}, "readwrite.TimeRead.time_asia_write": {"result": [0.0005592618426176864], "stats": [{"ci_99": [2.505718140115331e-05, 0.001093466503834219], "q_25": 0.000553919796005521, "q_75": 0.0005646038892298518, "min": 0.0005485777493933557, "max": 0.000569945935842017, "mean": 0.0005592618426176864, "std": 1.0684093224330661e-05, "repeat": 2, "number": 71}]}, "readwrite.TimeRead.time_munin_read": {"result": [5.454263251274824], "stats": [{"ci_99": [-8.298712342977524, 19.207238845527158], "q_25": 5.316733495332301, "q_75": 5.591793007217348, "min": 5.179203739389777, "max": 5.729322763159871, "mean": 5.454263251274824, "std": 0.27505951188504696, "repeat": 2, "number": 1}]}, "readwrite.TimeRead.time_munin_write": {"result": [0.04074167087674141], "stats": [{"ci_99": [0.037913523614406586, 0.04356981813907623], "q_25": 0.04071338940411806, "q_75": 0.04076995234936476, "min": 0.04068510793149471, "max": 0.040798233821988106, "mean": 0.04074167087674141, "std": 5.656294524669647e-05, "repeat": 2, "number": 1}]}, "readwrite.TimeRead.time_pathfinder_read": {"result": [5.720463736914098], "stats": [{"ci_99": [2.411241658963263, 9.02968581486493], "q_25": 5.68737151613459, "q_75": 5.753555957693607, "min": 5.654279295355082, "max": 5.786648178473115, "mean": 5.720463736914098, "std": 0.0661844415590167, "repeat": 2, "number": 1}]}, "readwrite.TimeRead.time_pathfinder_write": {"result": [0.026008352637290955], "stats": [{"ci_99": [0.025467999279499054, 0.026548705995082855], "q_25": 0.026002949103713036, "q_75": 0.026013756170868874, "min": 0.025997545570135117, "max": 0.026019159704446793, "mean": 0.026008352637290955, "std": 1.0807067155838013e-05, "repeat": 2, "number": 1}]}, "sampling.TimeSampling.time_forward_sample": {"result": [0.1980957379564643], "stats": [{"ci_99": [0.19404161535203457, 0.22988148219883442], "q_25": 0.19574887305498123, "q_75": 0.1985411597415805, "min": 0.19404161535203457, "max": 0.22988148219883442, "mean": 0.20063803549855946, "std": 0.010028128580964676, "repeat": 10, "number": 1}]}, "sampling.TimeSampling.time_gibbs_sampling": null, "sampling.TimeSampling.time_likelihood_sample": {"result": [0.20625879522413015], "stats": [{"ci_99": [0.20254024863243103, 0.2357114627957344], "q_25": 0.20349051291123033, "q_75": 0.20730161666870117, "min": 0.20254024863243103, "max": 0.2357114627957344, "mean": 0.20828043203800917, "std": 0.009319526376507405, "repeat": 10, "number": 1}]}, "sampling.TimeSampling.time_rejection_sample": {"result": [36.64480126649141], "stats": [{"ci_99": [20.077380679547787, 53.212221853435025], "q_25": 36.47912706062198, "q_75": 36.81047547236085, "min": 36.31345285475254, "max": 36.976149678230286, "mean": 36.64480126649141, "std": 0.33134841173887253, "repeat": 2, "number": 1}]}, "structure_learning.TimeHillClimb.time_hillclimb": null, "structure_learning.TimePC.time_pc_orig": {"result": [32.29241200815886], "stats": [{"ci_99": [30.987956394441426, 33.5968676218763], "q_25": 32.27936745202169, "q_75": 32.30545656429604, "min": 32.266322895884514, "max": 32.31850112043321, "mean": 32.29241200815886, "std": 0.026089112274348736, "repeat": 2, "number": 1}]}, "structure_learning.TimePC.time_pc_stable": {"result": [31.936395826749504], "stats": [{"ci_99": [2.251829073764384, 61.620962579734595], "q_25": 31.639550159219652, "q_75": 32.233241494279355, "min": 31.3427044916898, "max": 32.530087161809206, "mean": 31.936395826749504, "std": 0.5936913350597024, "repeat": 2, "number": 1}]}}, "params": {"arch": "x86_64", "cpu": "Intel(R) Core(TM) i9-9820X CPU @ 3.30GHz", "machine": "graveyard", "num_cpu": "20", "os": "Linux 4.15.0-112-generic", "ram": "131688676", "python": "3.8"}, "requirements": {}, "commit_hash": "aa75ff69b1de7d0de1062414dffb7da4c916b68a", "date": 1626246629000, "env_name": "conda-py3.8", "python": "3.8", "profiles": {}, "started_at": {"factor.TimeDiscreteFactor.time_factor_marginalize": 1627072941628, "factor.TimeDiscreteFactor.time_factor_multiply_large": 1627072941836, "factor.TimeDiscreteFactor.time_factor_reduce": 1627072942043, "import.TimeImport.time_import": 1627072942250, "inference.TimeVariableElimination.time_query_alarm": 1627072942457, "inference.TimeVariableElimination.time_query_munin": 1627072960362, "readwrite.TimeRead.time_asia_read": 1627072979221, "readwrite.TimeRead.time_asia_write": 1627073004847, "readwrite.TimeRead.time_munin_read": 1627073028168, "readwrite.TimeRead.time_munin_write": 1627073067530, "readwrite.TimeRead.time_pathfinder_read": 1627073091552, "readwrite.TimeRead.time_pathfinder_write": 1627073126852, "sampling.TimeSampling.time_forward_sample": 1627073150573, "sampling.TimeSampling.time_gibbs_sampling": 1627072140328, "sampling.TimeSampling.time_likelihood_sample": 1627073152437, "sampling.TimeSampling.time_rejection_sample": 1627073154351, "structure_learning.TimeHillClimb.time_hillclimb": 1627072815365, "structure_learning.TimePC.time_pc_orig": 1627073228626, "structure_learning.TimePC.time_pc_stable": 1627073291804}, "ended_at": {"factor.TimeDiscreteFactor.time_factor_marginalize": 1627072941836, "factor.TimeDiscreteFactor.time_factor_multiply_large": 1627072942043, "factor.TimeDiscreteFactor.time_factor_reduce": 1627072942250, "import.TimeImport.time_import": 1627072942457, "inference.TimeVariableElimination.time_query_alarm": 1627072960362, "inference.TimeVariableElimination.time_query_munin": 1627072979220, "readwrite.TimeRead.time_asia_read": 1627073004847,