{"results": {"factor.TimeDiscreteFactor.time_factor_marginalize": {"result": [6.625155009419085e-05], "stats": [{"ci_99": [6.605875510049153e-05, 6.672112742461355e-05], "q_25": 6.60968102873808e-05, "q_75": 6.652666614895843e-05, "min": 6.605875510049153e-05, "max": 6.672112742461355e-05, "mean": 6.631569690014944e-05, "std": 2.3518469709469824e-07, "repeat": 10, "number": 166}]}, "factor.TimeDiscreteFactor.time_factor_multiply_large": {"result": [5.72504306381399e-05], "stats": [{"ci_99": [5.689009346745231e-05, 5.763073832812634e-05], "q_25": 5.704985233023763e-05, "q_75": 5.7582185201516204e-05, "min": 5.689009346745231e-05, "max": 5.763073832812634e-05, "mean": 5.728936203840104e-05, "std": 2.727845200242571e-07, "repeat": 10, "number": 176}]}, "factor.TimeDiscreteFactor.time_factor_reduce": {"result": [3.3584659798041956e-05], "stats": [{"ci_99": [3.329453984096692e-05, 3.367509035503163e-05], "q_25": 3.351435503538917e-05, "q_75": 3.365787530415936e-05, "min": 3.329453984096692e-05, "max": 3.367509035503163e-05, "mean": 3.355465564104057e-05, "std": 1.2219318011235188e-07, "repeat": 10, "number": 323}]}, "import.TimeImport.time_import": {"result": [1.422676373738948e-07], "stats": [{"ci_99": [1.4164985242354828e-07, 1.4246331676447434e-07], "q_25": 1.4179655564156524e-07, "q_75": 1.4239307627886165e-07, "min": 1.4164985242354828e-07, "max": 1.4246331676447434e-07, "mean": 1.4211879645958926e-07, "std": 3.0768003455524475e-10, "repeat": 10, "number": 70273}]}, "inference.TimeVariableElimination.time_query_alarm": {"result": [0.08137146662920713], "stats": [{"ci_99": [0.08062880723364703, 0.08216632199846156], "q_25": 0.08123336220160127, "q_75": 0.08153566904366016, "min": 0.08103292994201183, "max": 0.08181439526379108, "mean": 0.0813975646160543, "std": 0.0002820611725598088, "repeat": 4, "number": 1}]}, "inference.TimeVariableElimination.time_query_munin": {"result": [0.26588070672005415], "stats": [{"ci_99": [0.24327735485399843, 0.2984372072491538], "q_25": 0.26410581171512604, "q_75": 0.27263217605650425, "min": 0.26164349913597107, "max": 0.2900242116302252, "mean": 0.27085728105157614, "std": 0.011220720731289439, "repeat": 4, "number": 1}]}, "readwrite.TimeRead.time_asia_read": {"result": [0.009280397091060877], "stats": [{"ci_99": [0.008793618064373732, 0.009767176117748022], "q_25": 0.009275529300794005, "q_75": 0.009285264881327748, "min": 0.009270661510527134, "max": 0.00929013267159462, "mean": 0.009280397091060877, "std": 9.735580533742905e-06, "repeat": 2, "number": 2}]}, "readwrite.TimeRead.time_asia_write": {"result": [0.00065963857230686], "stats": [{"ci_99": [0.000545672776680145, 0.000773604367933575], "q_25": 0.0006584989143505929, "q_75": 0.0006607782302631271, "min": 0.0006573592563943257, "max": 0.0006619178882193943, "mean": 0.00065963857230686, "std": 2.2793159125343012e-06, "repeat": 2, "number": 63}]}, "readwrite.TimeRead.time_munin_read": {"result": [5.654491365887225], "stats": [{"ci_99": [5.596792067401111, 5.712190664373338], "q_25": 5.6539143729023635, "q_75": 5.655068358872086, "min": 5.653337379917502, "max": 5.655645351856947, "mean": 5.654491365887225, "std": 0.001153985969722271, "repeat": 2, "number": 1}]}, "readwrite.TimeRead.time_munin_write": {"result": [0.050265987403690815], "stats": [{"ci_99": [-0.33429158572107553, 0.43482356052845683], "q_25": 0.04642041167244315, "q_75": 0.05411156313493848, "min": 0.04257483594119549, "max": 0.05795713886618614, "mean": 0.050265987403690815, "std": 0.007691151462495327, "repeat": 2, "number": 1}]}, "readwrite.TimeRead.time_pathfinder_read": {"result": [6.3081665225327015], "stats": [{"ci_99": [6.13867698982358, 6.477656055241823], "q_25": 6.30647162720561, "q_75": 6.309861417859793, "min": 6.304776731878519, "max": 6.311556313186884, "mean": 6.3081665225327015, "std": 0.003389790654182434, "repeat": 2, "number": 1}]}, "readwrite.TimeRead.time_pathfinder_write": {"result": [0.024987774901092052], "stats": [{"ci_99": [0.009768799878656864, 0.04020674992352723], "q_25": 0.0248355851508677, "q_75": 0.025139964651316404, "min": 0.02468339540064335, "max": 0.025292154401540756, "mean": 0.024987774901092052, "std": 0.00030437950044870377, "repeat": 2, "number": 1}]}, "sampling.TimeSampling.time_forward_sample": {"result": [0.20379896834492683], "stats": [{"ci_99": [0.2029260490089655, 0.204377057030797], "q_25": 0.20362793048843741, "q_75": 0.20420627063140273, "min": 0.2029260490089655, "max": 0.204377057030797, "mean": 0.20383806563913823, "std": 0.0004313019701572519, "repeat": 10, "number": 1}]}, "sampling.TimeSampling.time_gibbs_sampling": null, "sampling.TimeSampling.time_likelihood_sample": {"result": [0.2130164820700884], "stats": [{"ci_99": [0.21203035861253738, 0.2143109105527401], "q_25": 0.21282237535342574, "q_75": 0.2136110831052065, "min": 0.21203035861253738, "max": 0.2143109105527401, "mean": 0.21314892284572123, "std": 0.0006665193063206992, "repeat": 10, "number": 1}]}, "sampling.TimeSampling.time_rejection_sample": {"result": [36.84969680849463], "stats": [{"ci_99": [33.250704794190824, 40.44868882279843], "q_25": 36.81370688835159, "q_75": 36.885686728637666, "min": 36.77771696820855, "max": 36.9216766487807, "mean": 36.84969680849463, "std": 0.07197984028607607, "repeat": 2, "number": 1}]}, "structure_learning.TimeHillClimb.time_hillclimb": null, "structure_learning.TimePC.time_pc_orig": {"result": [34.7340912213549], "stats": [{"ci_99": [32.44471122790128, 37.023471214808524], "q_25": 34.711197421420366, "q_75": 34.75698502128944, "min": 34.68830362148583, "max": 34.779878821223974, "mean": 34.7340912213549, "std": 0.04578759986907244, "repeat": 2, "number": 1}]}, "structure_learning.TimePC.time_pc_stable": {"result": [34.82780637964606], "stats": [{"ci_99": [33.220957171171904, 36.43465558812022], "q_25": 34.81173788756132, "q_75": 34.843874871730804, "min": 34.79566939547658, "max": 34.859943363815546, "mean": 34.82780637964606, "std": 0.032136984169483185, "repeat": 2, "number": 1}]}}, "params": {"arch": "x86_64", "cpu": "Intel(R) Core(TM) i9-9820X CPU @ 3.30GHz", "machine": "graveyard", "num_cpu": "20", "os": "Linux 4.15.0-112-generic", "ram": "131688676", "python": "3.6"}, "requirements": {}, "commit_hash": "aa7b1fa2863e4835cc64d45761503af4bca57af2", "date": 1622102416000, "env_name": "conda-py3.6", "python": "3.6", "profiles": {}, "started_at": {"factor.TimeDiscreteFactor.time_factor_marginalize": 1625164024832, "factor.TimeDiscreteFactor.time_factor_multiply_large": 1625164025039, "factor.TimeDiscreteFactor.time_factor_reduce": 1625164025246, "import.TimeImport.time_import": 1625164025453, "inference.TimeVariableElimination.time_query_alarm": 1625164025660, "inference.TimeVariableElimination.time_query_munin": 1625164045018, "readwrite.TimeRead.time_asia_read": 1625164064879, "readwrite.TimeRead.time_asia_write": 1625164090355, "readwrite.TimeRead.time_munin_read": 1625164115329, "readwrite.TimeRead.time_munin_write": 1625164154492, "readwrite.TimeRead.time_pathfinder_read": 1625164180069, "readwrite.TimeRead.time_pathfinder_write": 1625164218930, "sampling.TimeSampling.time_forward_sample": 1625164243905, "sampling.TimeSampling.time_gibbs_sampling": 1625163195365, "sampling.TimeSampling.time_likelihood_sample": 1625164245718, "sampling.TimeSampling.time_rejection_sample": 1625164247631, "structure_learning.TimeHillClimb.time_hillclimb": 1625163870448, "structure_learning.TimePC.time_pc_orig": 1625164320804, "structure_learning.TimePC.time_pc_stable": 1625164397817}, "ended_at": {"factor.TimeDiscreteFactor.time_factor_marginalize": 1625164025039, "factor.TimeDiscreteFactor.time_factor_multiply_large": 1625164025246, "factor.TimeDiscreteFactor.time_factor_reduce": 1625164025453, "import.TimeImport.time_import": 1625164025659, "inference.TimeVariableElimination.time_query_alarm": 1625164045018, "inference.TimeVariableElimination.time_query_munin": 1625164064879, "readwrite.TimeRead.time_asia_read": 1625164090354,