{"results": {"factor.TimeDiscreteFactor.time_factor_marginalize": {"result": [6.455961505279822e-05], "stats": [{"ci_99": [6.423836902660482e-05, 6.51619999724276e-05], "q_25": 6.428308894529063e-05, "q_75": 6.487971062169354e-05, "min": 6.423836902660482e-05, "max": 6.51619999724276e-05, "mean": 6.460250410086968e-05, "std": 3.1807714156765486e-07, "repeat": 10, "number": 170}]}, "factor.TimeDiscreteFactor.time_factor_multiply_large": {"result": [5.624032242916017e-05], "stats": [{"ci_99": [5.6092602966343546e-05, 5.728401321703227e-05], "q_25": 5.6158244141733455e-05, "q_75": 5.644282413870877e-05, "min": 5.6092602966343546e-05, "max": 5.728401321703227e-05, "mean": 5.6366414728901146e-05, "std": 3.3421371355869276e-07, "repeat": 10, "number": 191}]}, "factor.TimeDiscreteFactor.time_factor_reduce": {"result": [3.27551917502167e-05], "stats": [{"ci_99": [3.2592564821243286e-05, 3.316455444720577e-05], "q_25": 3.266961980622341e-05, "q_75": 3.295321597118392e-05, "min": 3.2592564821243286e-05, "max": 3.316455444720577e-05, "mean": 3.2815741223150874e-05, "std": 1.8731249012356904e-07, "repeat": 10, "number": 331}]}, "import.TimeImport.time_import": {"result": [1.3594126738412717e-07], "stats": [{"ci_99": [1.345685654982731e-07, 1.3877031240344548e-07], "q_25": 1.3523910408551747e-07, "q_75": 1.3643432156964177e-07, "min": 1.345685654982731e-07, "max": 1.3877031240344548e-07, "mean": 1.3604742475489363e-07, "std": 1.140430933991182e-09, "repeat": 10, "number": 77687}]}, "inference.TimeVariableElimination.time_query_alarm": {"result": [0.056954262778162956], "stats": [{"ci_99": [0.055929333508861034, 0.05788327047889236], "q_25": 0.05663856025785208, "q_75": 0.057222004514187574, "min": 0.056461067870259285, "max": 0.057255614548921585, "mean": 0.056906301993876696, "std": 0.00033781542735421396, "repeat": 4, "number": 1}]}, "inference.TimeVariableElimination.time_query_munin": {"result": [0.2678812127560377], "stats": [{"ci_99": [0.26446308690034864, 0.27200902876532557], "q_25": 0.26737617840990424, "q_75": 0.2687410921789706, "min": 0.26664947159588337, "max": 0.2705323342233896, "mean": 0.2682360578328371, "std": 0.001430043492623845, "repeat": 4, "number": 1}]}, "readwrite.TimeRead.time_asia_read": {"result": [0.009188845753669739], "stats": [{"ci_99": [0.008413147181272507, 0.00996454432606697], "q_25": 0.009181088767945766, "q_75": 0.009196602739393711, "min": 0.009173331782221794, "max": 0.009204359725117683, "mean": 0.009188845753669739, "std": 1.551397144794464e-05, "repeat": 2, "number": 2}]}, "readwrite.TimeRead.time_asia_write": {"result": [0.0006366890544692676], "stats": [{"ci_99": [-0.000197976280654234, 0.0014713543895927684], "q_25": 0.0006283424011180325, "q_75": 0.0006450357078205026, "min": 0.0006199957477667975, "max": 0.0006533823611717376, "mean": 0.0006366890544692676, "std": 1.6693306702470032e-05, "repeat": 2, "number": 63}]}, "readwrite.TimeRead.time_munin_read": {"result": [5.648546286858618], "stats": [{"ci_99": [4.946653398685157, 6.350439175032078], "q_25": 5.641527357976884, "q_75": 5.655565215740353, "min": 5.634508429095149, "max": 5.6625841446220875, "mean": 5.648546286858618, "std": 0.01403785776346922, "repeat": 2, "number": 1}]}, "readwrite.TimeRead.time_munin_write": {"result": [0.042172037065029144], "stats": [{"ci_99": [0.03947250545024872, 0.04487156867980957], "q_25": 0.04214504174888134, "q_75": 0.04219903238117695, "min": 0.042118046432733536, "max": 0.04222602769732475, "mean": 0.042172037065029144, "std": 5.399063229560852e-05, "repeat": 2, "number": 1}]}, "readwrite.TimeRead.time_pathfinder_read": {"result": [6.296636056154966], "stats": [{"ci_99": [5.690320659428835, 6.902951452881097], "q_25": 6.290572902187705, "q_75": 6.302699210122228, "min": 6.284509748220444, "max": 6.308762364089489, "mean": 6.296636056154966, "std": 0.012126307934522629, "repeat": 2, "number": 1}]}, "readwrite.TimeRead.time_pathfinder_write": {"result": [0.025392876006662846], "stats": [{"ci_99": [0.02106935065239668, 0.02971640136092901], "q_25": 0.025349640753120184, "q_75": 0.025436111260205507, "min": 0.025306405499577522, "max": 0.02547934651374817, "mean": 0.025392876006662846, "std": 8.647050708532333e-05, "repeat": 2, "number": 1}]}, "sampling.TimeSampling.time_forward_sample": null, "sampling.TimeSampling.time_gibbs_sampling": null, "sampling.TimeSampling.time_likelihood_sample": {"result": [0.20966347679495811], "stats": [{"ci_99": [0.20856566354632378, 0.21123183518648148], "q_25": 0.2093182485550642, "q_75": 0.21005541691556573, "min": 0.20856566354632378, "max": 0.21123183518648148, "mean": 0.20971077382564546, "std": 0.000722231947788157, "repeat": 10, "number": 1}]}, "sampling.TimeSampling.time_rejection_sample": null, "structure_learning.TimeHillClimb.time_hillclimb": null, "structure_learning.TimePC.time_pc_orig": {"result": [34.7340912213549], "stats": [{"ci_99": [32.44471122790128, 37.023471214808524], "q_25": 34.711197421420366, "q_75": 34.75698502128944, "min": 34.68830362148583, "max": 34.779878821223974, "mean": 34.7340912213549, "std": 0.04578759986907244, "repeat": 2, "number": 1}]}, "structure_learning.TimePC.time_pc_stable": {"result": [34.82780637964606], "stats": [{"ci_99": [33.220957171171904, 36.43465558812022], "q_25": 34.81173788756132, "q_75": 34.843874871730804, "min": 34.79566939547658, "max": 34.859943363815546, "mean": 34.82780637964606, "std": 0.032136984169483185, "repeat": 2, "number": 1}]}, "factor.TimeDiscreteFactor.time_factor_compare": {"result": [7.579182373716476e-05], "stats": [{"ci_99": [7.487871809631375e-05, 7.680176050527721e-05], "q_25": 7.53542903731478e-05, "q_75": 7.653799806292175e-05, "min": 7.487871809631375e-05, "max": 7.680176050527721e-05, "mean": 7.587934163868004e-05, "std": 6.453637716331826e-07, "repeat": 10, "number": 141}]}, "inference.TimeBeliefPropagation.time_query_alarm": {"result": [82.01228444371372], "stats": [{"ci_99": [68.2378704091534, 95.78669847827403], "q_25": 81.87454030336812, "q_75": 82.15002858405933, "min": 81.73679616302252, "max": 82.28777272440493, "mean": 82.01228444371372, "std": 0.27548828069120646, "repeat": 2, "number": 1}]}, "parameter_learning.TimeBayesianEstimator.time_alarm_bayesian_estimator": null, "parameter_learning.TimeBayesianEstimator.time_munin_bayesian_estimator": null, "parameter_learning.TimeExpectationMaximization.time_alarm_em": null, "parameter_learning.TimeExpectationMaximization.time_munin_em": null, "parameter_learning.TimeMLE.time_alarm_mle": null, "parameter_learning.TimeMLE.time_munin_mle": null, "structure_learning.TimeHillClimbAlarmModel.time_hillclimb": null, "structure_learning.TimeMmhcAlarmModel.time_mmhc": null, "structure_learning.TimePCAlarmModel.time_pc_orig": null, "structure_learning.TimePCAlarmModel.time_pc_stable": null, "structure_learning.TimeTreeSearchAlarmModel.time_tan": null}, "params": {"arch": "x86_64", "cpu": "Intel(R) Core(TM) i9-9820X CPU @ 3.30GHz", "machine": "graveyard", "num_cpu": "20", "os": "Linux 4.15.0-112-generic", "ram": "131688676", "python": "3.6"}, "requirements": {}, "commit_hash": "aa7b1fa2863e4835cc64d45761503af4bca57af2", "date": 1622102416000, "env_name": "conda-py3.6", "python": "3.6", "profiles": {}, "started_at": {"factor.TimeDiscreteFactor.time_factor_marginalize": 1654119921368, "factor.TimeDiscreteFactor.time_factor_multiply_large": 1654119921575, "factor.TimeDiscreteFactor.time_factor_reduce": 1654119921781, "import.TimeImport.time_import": 1654119921987, "inference.TimeVariableElimination.time_query_alarm": 1654120086243, "inference.TimeVariableElimination.time_query_munin": 1654120105354, "readwrite.TimeRead.time_asia_read": 1654120125116, "readwrite.TimeRead.time_asia_write": 1654120150442, "readwrite.TimeRead.time_munin_read": 1654120175768, "readwrite.TimeRead.time_munin_write": 1654120214130, "readwrite.TimeRead.time_pathfinder_read": 1654120239456, "readwrite.TimeRead.time_pathfinder_write": 1654120278018,