{"results": {"factor.TimeDiscreteFactor.time_factor_marginalize": {"result": [6.125640814726272e-05], "stats": [{"ci_99": [6.0974254032199304e-05, 6.187012356318784e-05], "q_25": 6.112195237466459e-05, "q_75": 6.161083917269546e-05, "min": 6.0974254032199304e-05, "max": 6.187012356318784e-05, "mean": 6.135067892041099e-05, "std": 2.900621478327325e-07, "repeat": 10, "number": 178}]}, "factor.TimeDiscreteFactor.time_factor_multiply_large": {"result": [5.118252709507943e-05], "stats": [{"ci_99": [5.090581253170967e-05, 5.1442598924040794e-05], "q_25": 5.1045173313468696e-05, "q_75": 5.1265552174299954e-05, "min": 5.090581253170967e-05, "max": 5.1442598924040794e-05, "mean": 5.116124544292689e-05, "std": 1.5536804036890736e-07, "repeat": 10, "number": 200}]}, "factor.TimeDiscreteFactor.time_factor_reduce": {"result": [3.0007390622896228e-05], "stats": [{"ci_99": [2.9851005158641122e-05, 3.0337557704611257e-05], "q_25": 2.9946459108032286e-05, "q_75": 3.0120464295826174e-05, "min": 2.9851005158641122e-05, "max": 3.0337557704611257e-05, "mean": 3.0045823024755174e-05, "std": 1.3927809727709512e-07, "repeat": 10, "number": 352}]}, "import.TimeImport.time_import": {"result": [1.2854800137619107e-07], "stats": [{"ci_99": [1.276295344122246e-07, 1.3077357549855943e-07], "q_25": 1.2830304683352763e-07, "q_75": 1.2868631739024007e-07, "min": 1.276295344122246e-07, "max": 1.3077357549855943e-07, "mean": 1.2866354652402224e-07, "std": 7.84988536994437e-10, "repeat": 10, "number": 82732}]}, "inference.TimeVariableElimination.time_query_alarm": {"result": [0.2123225098475814], "stats": [{"ci_99": [0.2079011572766663, 0.21667686120983345], "q_25": 0.2109340545721352, "q_75": 0.21367746451869607, "min": 0.21054033562541008, "max": 0.21397068165242672, "mean": 0.2122890092432499, "std": 0.001504103417132478, "repeat": 4, "number": 1}]}, "inference.TimeVariableElimination.time_query_munin": {"result": [0.25379648711532354], "stats": [{"ci_99": [0.24821958938430766, 0.2587529936264851], "q_25": 0.25211224937811494, "q_75": 0.25517052924260497, "min": 0.25098407454788685, "max": 0.25536811724305153, "mean": 0.25348629150539637, "std": 0.0018314930687662676, "repeat": 4, "number": 1}]}, "readwrite.TimeRead.time_asia_read": {"result": [0.008640150539577007], "stats": [{"ci_99": [0.00859400350600481, 0.008686297573149204], "q_25": 0.008639689069241285, "q_75": 0.00864061200991273, "min": 0.008639227598905563, "max": 0.008641073480248451, "mean": 0.008640150539577007, "std": 9.229406714439392e-07, "repeat": 2, "number": 2}]}, "readwrite.TimeRead.time_asia_write": {"result": [0.0005983940895591209], "stats": [{"ci_99": [-0.00014279481134752683, 0.001339582990465768], "q_25": 0.0005909822005500544, "q_75": 0.0006058059785681874, "min": 0.0005835703115409879, "max": 0.0006132178675772538, "mean": 0.0005983940895591209, "std": 1.4823778018132954e-05, "repeat": 2, "number": 67}]}, "readwrite.TimeRead.time_munin_read": {"result": [5.267092701047659], "stats": [{"ci_99": [5.00490527972579, 5.529280122369528], "q_25": 5.26447082683444, "q_75": 5.269714575260878, "min": 5.2618489526212215, "max": 5.272336449474096, "mean": 5.267092701047659, "std": 0.005243748426437378, "repeat": 2, "number": 1}]}, "readwrite.TimeRead.time_munin_write": {"result": [0.04000310879200697], "stats": [{"ci_99": [0.031074938364326954, 0.04893127921968698], "q_25": 0.03991382708773017, "q_75": 0.04009239049628377, "min": 0.03982454538345337, "max": 0.04018167220056057, "mean": 0.04000310879200697, "std": 0.0001785634085536003, "repeat": 2, "number": 1}]}, "readwrite.TimeRead.time_pathfinder_read": {"result": [5.90484372805804], "stats": [{"ci_99": [5.260882549919188, 6.548804906196891], "q_25": 5.898404116276652, "q_75": 5.911283339839429, "min": 5.891964504495263, "max": 5.917722951620817, "mean": 5.90484372805804, "std": 0.012879223562777042, "repeat": 2, "number": 1}]}, "readwrite.TimeRead.time_pathfinder_write": {"result": [0.024459206499159336], "stats": [{"ci_99": [0.01902377512305975, 0.02989463787525892], "q_25": 0.02440485218539834, "q_75": 0.024513560812920332, "min": 0.024350497871637344, "max": 0.024567915126681328, "mean": 0.024459206499159336, "std": 0.00010870862752199173, "repeat": 2, "number": 1}]}, "sampling.TimeSampling.time_forward_sample": null, "sampling.TimeSampling.time_gibbs_sampling": null, "sampling.TimeSampling.time_likelihood_sample": {"result": [0.2094408357515931], "stats": [{"ci_99": [0.20873897895216942, 0.21016186848282814], "q_25": 0.20931441988795996, "q_75": 0.20990219479426742, "min": 0.20873897895216942, "max": 0.21016186848282814, "mean": 0.20954424291849136, "std": 0.0004272792771594562, "repeat": 10, "number": 1}]}, "sampling.TimeSampling.time_rejection_sample": null, "structure_learning.TimeHillClimb.time_hillclimb": null, "structure_learning.TimePC.time_pc_orig": {"result": [37.67637716140598], "stats": [{"ci_99": [36.536278002895415, 38.816476319916546], "q_25": 37.664976169820875, "q_75": 37.687778152991086, "min": 37.65357517823577, "max": 37.69917914457619, "mean": 37.67637716140598, "std": 0.022801983170211315, "repeat": 2, "number": 1}]}, "structure_learning.TimePC.time_pc_stable": {"result": [37.55442315340042], "stats": [{"ci_99": [36.90988506749272, 38.19896123930812], "q_25": 37.547977772541344, "q_75": 37.5608685342595, "min": 37.54153239168227, "max": 37.567313915118575, "mean": 37.55442315340042, "std": 0.012890761718153954, "repeat": 2, "number": 1}]}, "factor.TimeDiscreteFactor.time_factor_compare": {"result": [7.064538076519966e-05], "stats": [{"ci_99": [7.032960653305053e-05, 7.151844600836436e-05], "q_25": 7.041709808011849e-05, "q_75": 7.082609770198663e-05, "min": 7.032960653305053e-05, "max": 7.151844600836436e-05, "mean": 7.069357484579086e-05, "std": 3.4505562803727794e-07, "repeat": 10, "number": 150}]}, "inference.TimeBeliefPropagation.time_query_alarm": {"result": [100.22783138602972], "stats": [{"ci_99": [82.76847609132528, 117.68718668073414], "q_25": 100.05323783308268, "q_75": 100.40242493897676, "min": 99.87864428013563, "max": 100.57701849192381, "mean": 100.22783138602972, "std": 0.34918710589408875, "repeat": 2, "number": 1}]}, "parameter_learning.TimeBayesianEstimator.time_alarm_bayesian_estimator": null, "parameter_learning.TimeBayesianEstimator.time_munin_bayesian_estimator": null, "parameter_learning.TimeExpectationMaximization.time_alarm_em": null, "parameter_learning.TimeExpectationMaximization.time_munin_em": null, "parameter_learning.TimeMLE.time_alarm_mle": null, "parameter_learning.TimeMLE.time_munin_mle": null, "structure_learning.TimeHillClimbAlarmModel.time_hillclimb": null, "structure_learning.TimeMmhcAlarmModel.time_mmhc": null, "structure_learning.TimePCAlarmModel.time_pc_orig": null, "structure_learning.TimePCAlarmModel.time_pc_stable": null, "structure_learning.TimeTreeSearchAlarmModel.time_tan": null}, "params": {"arch": "x86_64", "cpu": "Intel(R) Core(TM) i9-9820X CPU @ 3.30GHz", "machine": "graveyard", "num_cpu": "20", "os": "Linux 4.15.0-112-generic", "ram": "131688676", "python": "3.7"}, "requirements": {}, "commit_hash": "aa7b1fa2863e4835cc64d45761503af4bca57af2", "date": 1622102416000, "env_name": "conda-py3.7", "python": "3.7", "profiles": {}, "started_at": {"factor.TimeDiscreteFactor.time_factor_marginalize": 1654121322843, "factor.TimeDiscreteFactor.time_factor_multiply_large": 1654121323050, "factor.TimeDiscreteFactor.time_factor_reduce": 1654121323256, "import.TimeImport.time_import": 1654121323463, "inference.TimeVariableElimination.time_query_alarm": 1654121523591, "inference.TimeVariableElimination.time_query_munin": 1654121542352, "readwrite.TimeRead.time_asia_read": 1654121561265, "readwrite.TimeRead.time_asia_write": 1654121585438, "readwrite.TimeRead.time_munin_read": 1654121609611, "readwrite.TimeRead.time_munin_write": 1654121646169, "readwrite.TimeRead.time_pathfinder_read": 1654121670393, "readwrite.TimeRead.time_pathfinder_write": 1654121707201,