{"results": {"factor.TimeDiscreteFactor.time_factor_marginalize": {"result": [6.083860436732741e-05], "stats": [{"ci_99": [6.0634869525487395e-05, 6.124041118155951e-05], "q_25": 6.074790211244561e-05, "q_75": 6.109510077399083e-05, "min": 6.0634869525487395e-05, "max": 6.124041118155951e-05, "mean": 6.0897630949815117e-05, "std": 2.1366882289298657e-07, "repeat": 10, "number": 174}]}, "factor.TimeDiscreteFactor.time_factor_multiply_large": {"result": [4.917097816226679e-05], "stats": [{"ci_99": [4.8629819936708575e-05, 5.4354762333795565e-05], "q_25": 4.883189771085157e-05, "q_75": 5.3067768522358814e-05, "min": 4.8629819936708575e-05, "max": 5.4354762333795565e-05, "mean": 5.0575336561017075e-05, "std": 2.4749217446334793e-06, "repeat": 10, "number": 218}]}, "factor.TimeDiscreteFactor.time_factor_reduce": {"result": [2.887077137546719e-05], "stats": [{"ci_99": [2.8706303825275596e-05, 2.9131800257613397e-05], "q_25": 2.8805276303680117e-05, "q_75": 2.8980135254943466e-05, "min": 2.8706303825275596e-05, "max": 2.9131800257613397e-05, "mean": 2.8892463409515087e-05, "std": 1.2260324887598912e-07, "repeat": 10, "number": 371}]}, "import.TimeImport.time_import": {"result": [1.2730778590636766e-07], "stats": [{"ci_99": [1.2703207776598988e-07, 1.2752661723057834e-07], "q_25": 1.2726217478259715e-07, "q_75": 1.2740322125140253e-07, "min": 1.2703207776598988e-07, "max": 1.2752661723057834e-07, "mean": 1.2731603836537622e-07, "std": 1.396021060257353e-10, "repeat": 10, "number": 85769}]}, "inference.TimeVariableElimination.time_query_alarm": {"result": [0.0685096699744463], "stats": [{"ci_99": [0.0661512914293147, 0.07175530836054317], "q_25": 0.06814624881371856, "q_75": 0.06931672105565667, "min": 0.06803842820227146, "max": 0.07075543142855167, "mean": 0.06895329989492893, "std": 0.0010831402085462332, "repeat": 4, "number": 1}]}, "inference.TimeVariableElimination.time_query_munin": {"result": [0.5016951700672507], "stats": [{"ci_99": [0.4851622475828955, 0.5164227907959392], "q_25": 0.4967453256249428, "q_75": 0.5057423636317253, "min": 0.4933296386152506, "max": 0.5064500980079174, "mean": 0.5007925191894174, "std": 0.005440222521768984, "repeat": 4, "number": 1}]}, "readwrite.TimeRead.time_asia_read": {"result": [0.008541091810911894], "stats": [{"ci_99": [0.008015709463506937, 0.00906647415831685], "q_25": 0.008535837987437844, "q_75": 0.008546345634385943, "min": 0.008530584163963795, "max": 0.008551599457859993, "mean": 0.008541091810911894, "std": 1.0507646948099136e-05, "repeat": 2, "number": 2}]}, "readwrite.TimeRead.time_asia_write": {"result": [0.0005715038654777933], "stats": [{"ci_99": [0.00045034085290835134, 0.0006926668780472352], "q_25": 0.0005702922353520989, "q_75": 0.0005727154956034877, "min": 0.0005690806052264045, "max": 0.0005739271257291822, "mean": 0.0005715038654777933, "std": 2.42326025138884e-06, "repeat": 2, "number": 68}]}, "readwrite.TimeRead.time_munin_read": {"result": [5.1196568608284], "stats": [{"ci_99": [4.854772329330444, 5.384541392326355], "q_25": 5.11700801551342, "q_75": 5.122305706143379, "min": 5.1143591701984406, "max": 5.124954551458359, "mean": 5.1196568608284, "std": 0.0052976906299591064, "repeat": 2, "number": 1}]}, "readwrite.TimeRead.time_munin_write": {"result": [0.04800142999738455], "stats": [{"ci_99": [-0.3347138939425349, 0.4307167539373037], "q_25": 0.044174276757985353, "q_75": 0.05182858323678374, "min": 0.04034712351858616, "max": 0.05565573647618294, "mean": 0.04800142999738455, "std": 0.0076543064787983894, "repeat": 2, "number": 1}]}, "readwrite.TimeRead.time_pathfinder_read": {"result": [5.705563548952341], "stats": [{"ci_99": [5.3552303574979305, 6.055896740406752], "q_25": 5.702060217037797, "q_75": 5.709066880866885, "min": 5.698556885123253, "max": 5.712570212781429, "mean": 5.705563548952341, "std": 0.007006663829088211, "repeat": 2, "number": 1}]}, "readwrite.TimeRead.time_pathfinder_write": {"result": [0.025501522235572338], "stats": [{"ci_99": [0.02349801454693079, 0.027505029924213886], "q_25": 0.025481487158685923, "q_75": 0.025521557312458754, "min": 0.025461452081799507, "max": 0.02554159238934517, "mean": 0.025501522235572338, "std": 4.007015377283096e-05, "repeat": 2, "number": 1}]}, "sampling.TimeSampling.time_forward_sample": null, "sampling.TimeSampling.time_gibbs_sampling": null, "sampling.TimeSampling.time_likelihood_sample": {"result": [0.2044563964009285], "stats": [{"ci_99": [0.2034123633056879, 0.20608000084757805], "q_25": 0.204255155287683, "q_75": 0.20502904849126935, "min": 0.2034123633056879, "max": 0.20608000084757805, "mean": 0.20456006210297345, "std": 0.0007933050783346892, "repeat": 10, "number": 1}]}, "sampling.TimeSampling.time_rejection_sample": null, "structure_learning.TimeHillClimb.time_hillclimb": null, "structure_learning.TimePC.time_pc_orig": {"result": [41.93333752825856], "stats": [{"ci_99": [34.71857684105635, 49.14809821546077], "q_25": 41.86118992138654, "q_75": 42.005485135130584, "min": 41.78904231451452, "max": 42.077632742002606, "mean": 41.93333752825856, "std": 0.1442952137440443, "repeat": 2, "number": 1}]}, "structure_learning.TimePC.time_pc_stable": {"result": [41.843377576209605], "stats": [{"ci_99": [40.052242680452764, 43.634512471966445], "q_25": 41.825466227252036, "q_75": 41.86128892516717, "min": 41.80755487829447, "max": 41.87920027412474, "mean": 41.843377576209605, "std": 0.035822697915136814, "repeat": 2, "number": 1}]}, "factor.TimeDiscreteFactor.time_factor_compare": {"result": [6.232854838554675e-05], "stats": [{"ci_99": [6.206129738212338e-05, 6.28777090790709e-05], "q_25": 6.220848492440388e-05, "q_75": 6.248768055315554e-05, "min": 6.206129738212338e-05, "max": 6.28777090790709e-05, "mean": 6.237908558556313e-05, "std": 2.3296918391630844e-07, "repeat": 10, "number": 169}]}, "inference.TimeBeliefPropagation.time_query_alarm": {"result": [51.004927390255034], "stats": [{"ci_99": [47.304215672425926, 54.70563910808414], "q_25": 50.96792027307674, "q_75": 51.041934507433325, "min": 50.93091315589845, "max": 51.078941624611616, "mean": 51.004927390255034, "std": 0.07401423435658216, "repeat": 2, "number": 1}]}, "parameter_learning.TimeBayesianEstimator.time_alarm_bayesian_estimator": null, "parameter_learning.TimeBayesianEstimator.time_munin_bayesian_estimator": null, "parameter_learning.TimeExpectationMaximization.time_alarm_em": null, "parameter_learning.TimeExpectationMaximization.time_munin_em": null, "parameter_learning.TimeMLE.time_alarm_mle": null, "parameter_learning.TimeMLE.time_munin_mle": null, "structure_learning.TimeHillClimbAlarmModel.time_hillclimb": null, "structure_learning.TimeMmhcAlarmModel.time_mmhc": null, "structure_learning.TimePCAlarmModel.time_pc_orig": null, "structure_learning.TimePCAlarmModel.time_pc_stable": null, "structure_learning.TimeTreeSearchAlarmModel.time_tan": null}, "params": {"arch": "x86_64", "cpu": "Intel(R) Core(TM) i9-9820X CPU @ 3.30GHz", "machine": "graveyard", "num_cpu": "20", "os": "Linux 4.15.0-112-generic", "ram": "131688676", "python": "3.8"}, "requirements": {}, "commit_hash": "acdd68cdadda1669f82a5dac1e97edb9f90ce375", "date": 1624380472000, "env_name": "conda-py3.8", "python": "3.8", "profiles": {}, "started_at": {"factor.TimeDiscreteFactor.time_factor_marginalize": 1654002681934, "factor.TimeDiscreteFactor.time_factor_multiply_large": 1654002682141, "factor.TimeDiscreteFactor.time_factor_reduce": 1654002682347, "import.TimeImport.time_import": 1654002682554, "inference.TimeVariableElimination.time_query_alarm": 1654002785018, "inference.TimeVariableElimination.time_query_munin": 1654002802929, "readwrite.TimeRead.time_asia_read": 1654002822043, "readwrite.TimeRead.time_asia_write": 1654002845464, "readwrite.TimeRead.time_munin_read": 1654002868882, "readwrite.TimeRead.time_munin_write": 1654002904336, "readwrite.TimeRead.time_pathfinder_read": 1654002927806, "readwrite.TimeRead.time_pathfinder_write": 1654002963460,