{"results": {"factor.TimeDiscreteFactor.time_factor_marginalize": {"result": [6.067704027855253e-05], "stats": [{"ci_99": [6.0270809714334554e-05, 6.20239851884095e-05], "q_25": 6.061920009732964e-05, "q_75": 6.086680286350739e-05, "min": 6.0270809714334554e-05, "max": 6.20239851884095e-05, "mean": 6.079160080975797e-05, "std": 4.553082383659047e-07, "repeat": 10, "number": 166}]}, "factor.TimeDiscreteFactor.time_factor_multiply_large": {"result": [4.859551122770623e-05], "stats": [{"ci_99": [4.807423293030878e-05, 4.919579016490721e-05], "q_25": 4.839145320472023e-05, "q_75": 4.8757375528415046e-05, "min": 4.807423293030878e-05, "max": 4.919579016490721e-05, "mean": 4.861871821219932e-05, "std": 3.5082900122992207e-07, "repeat": 10, "number": 213}]}, "factor.TimeDiscreteFactor.time_factor_reduce": {"result": [2.8934421638647714e-05], "stats": [{"ci_99": [2.8711318969726564e-05, 2.934892475605011e-05], "q_25": 2.8795536607503892e-05, "q_75": 2.9150263716777166e-05, "min": 2.8711318969726564e-05, "max": 2.934892475605011e-05, "mean": 2.897211412588756e-05, "std": 2.0643160617018452e-07, "repeat": 10, "number": 375}]}, "import.TimeImport.time_import": {"result": [1.293165191133361e-07], "stats": [{"ci_99": [1.2873116248387093e-07, 1.3147896553480267e-07], "q_25": 1.2904848831847515e-07, "q_75": 1.2948429029973517e-07, "min": 1.2873116248387093e-07, "max": 1.3147896553480267e-07, "mean": 1.2945671121878787e-07, "std": 7.595828444513335e-10, "repeat": 10, "number": 84791}]}, "readwrite.TimeRead.time_asia_read": {"result": [0.1440032795071602], "stats": [{"ci_99": [0.13123130798339844, 0.15677525103092194], "q_25": 0.14387555979192257, "q_75": 0.1441309992223978, "min": 0.14374784007668495, "max": 0.14425871893763542, "mean": 0.1440032795071602, "std": 0.000255439430475235, "repeat": 2, "number": 1}]}, "readwrite.TimeRead.time_asia_write": {"result": [0.00038841352338942], "stats": [{"ci_99": [-0.009404409899782968, 0.010181236946561797], "q_25": 0.0002904852891576962, "q_75": 0.0004863417576211439, "min": 0.00019255705492597232, "max": 0.0005842699918528677, "mean": 0.00038841352338942, "std": 0.0001958564684634477, "repeat": 2, "number": 71}]}, "readwrite.TimeRead.time_munin_read": {"result": [5.251269467175007], "stats": [{"ci_99": [5.027489975094795, 5.4750489592552185], "q_25": 5.249031672254205, "q_75": 5.253507262095809, "min": 5.246793877333403, "max": 5.255745057016611, "mean": 5.251269467175007, "std": 0.004475589841604233, "repeat": 2, "number": 1}]}, "readwrite.TimeRead.time_munin_write": {"result": [0.03998452425003052], "stats": [{"ci_99": [0.03401893749833107, 0.04595011100172996], "q_25": 0.03992486838251352, "q_75": 0.04004418011754751, "min": 0.03986521251499653, "max": 0.04010383598506451, "mean": 0.03998452425003052, "std": 0.00011931173503398895, "repeat": 2, "number": 1}]}, "readwrite.TimeRead.time_pathfinder_read": {"result": [5.8506239438429475], "stats": [{"ci_99": [4.55057134386152, 7.150676543824374], "q_25": 5.837623417843133, "q_75": 5.863624469842762, "min": 5.824622891843319, "max": 5.876624995842576, "mean": 5.8506239438429475, "std": 0.026001051999628544, "repeat": 2, "number": 1}]}, "readwrite.TimeRead.time_pathfinder_write": {"result": [0.03308905567973852], "stats": [{"ci_99": [-0.3467916948720813, 0.412969806231558], "q_25": 0.029290248174220324, "q_75": 0.03688786318525672, "min": 0.025491440668702126, "max": 0.04068667069077492, "mean": 0.03308905567973852, "std": 0.007597615011036396, "repeat": 2, "number": 1}]}, "sampling.TimeSampling.time_forward_sample": null, "sampling.TimeSampling.time_gibbs_sampling": null, "sampling.TimeSampling.time_likelihood_sample": {"result": [5.291382533498108], "stats": [{"ci_99": [4.619899655692279, 5.9628654113039365], "q_25": 5.28466770472005, "q_75": 5.298097362276167, "min": 5.277952875941992, "max": 5.304812191054225, "mean": 5.291382533498108, "std": 0.013429657556116581, "repeat": 2, "number": 1}]}, "sampling.TimeSampling.time_rejection_sample": null, "structure_learning.TimeHillClimb.time_hillclimb": null, "structure_learning.TimePC.time_pc_orig": {"result": [58.16649191081524], "stats": [{"ci_99": [50.5688186455518, 65.76416517607868], "q_25": 58.090515178162605, "q_75": 58.24246864346787, "min": 58.01453844550997, "max": 58.31844537612051, "mean": 58.16649191081524, "std": 0.15195346530526876, "repeat": 2, "number": 1}]}, "structure_learning.TimePC.time_pc_stable": {"result": [64.8380323164165], "stats": [{"ci_99": [62.424834337085485, 67.25123029574752], "q_25": 64.81390033662319, "q_75": 64.86216429620981, "min": 64.78976835682988, "max": 64.88629627600312, "mean": 64.8380323164165, "std": 0.04826395958662033, "repeat": 2, "number": 1}]}, "factor.TimeDiscreteFactor.time_factor_compare": {"result": [7.069539525453617e-05], "stats": [{"ci_99": [6.979793951606119e-05, 7.12686643892566e-05], "q_25": 7.008421327301997e-05, "q_75": 7.087889355638169e-05, "min": 6.979793951606119e-05, "max": 7.12686643892566e-05, "mean": 7.053612922595825e-05, "std": 4.838670929665295e-07, "repeat": 10, "number": 151}]}, "inference.TimeBeliefPropagation.time_query_alarm": {"result": [150.6596454679966], "stats": [{"ci_99": [136.20573126524687, 165.11355967074633], "q_25": 150.5151063259691, "q_75": 150.8041846100241, "min": 150.3705671839416, "max": 150.9487237520516, "mean": 150.6596454679966, "std": 0.2890782840549946, "repeat": 2, "number": 1}]}, "inference.TimeVariableElimination.time_query_alarm": {"result": [0.08653122372925282], "stats": [{"ci_99": [0.08503592161865457, 0.08773721327601446], "q_25": 0.08611585758626461, "q_75": 0.08680193359032273, "min": 0.08563217148184776, "max": 0.08685165084898472, "mean": 0.08638656744733453, "std": 0.0004889883437748247, "repeat": 4, "number": 1}]}, "inference.TimeVariableElimination.time_query_munin": null, "parameter_learning.TimeBayesianEstimator.time_alarm_bayesian_estimator": null, "parameter_learning.TimeBayesianEstimator.time_munin_bayesian_estimator": null, "parameter_learning.TimeExpectationMaximization.time_alarm_em": null, "parameter_learning.TimeExpectationMaximization.time_munin_em": null, "parameter_learning.TimeMLE.time_alarm_mle": null, "parameter_learning.TimeMLE.time_munin_mle": null, "structure_learning.TimeHillClimbAlarmModel.time_hillclimb": null, "structure_learning.TimeMmhcAlarmModel.time_mmhc": null, "structure_learning.TimePCAlarmModel.time_pc_orig": null, "structure_learning.TimePCAlarmModel.time_pc_stable": null, "structure_learning.TimeTreeSearchAlarmModel.time_tan": null}, "params": {"arch": "x86_64", "cpu": "Intel(R) Core(TM) i9-9820X CPU @ 3.30GHz", "machine": "graveyard", "num_cpu": "20", "os": "Linux 4.15.0-112-generic", "ram": "131688676", "python": "3.8"}, "requirements": {}, "commit_hash": "ad3b5239e7cd9c517cd036be8f6bc29d2683c65f", "date": 1595158540000, "env_name": "conda-py3.8", "python": "3.8", "profiles": {}, "started_at": {"factor.TimeDiscreteFactor.time_factor_marginalize": 1654463146256, "factor.TimeDiscreteFactor.time_factor_multiply_large": 1654463146462, "factor.TimeDiscreteFactor.time_factor_reduce": 1654463146668, "import.TimeImport.time_import": 1654463146875, "readwrite.TimeRead.time_asia_read": 1654463469139, "readwrite.TimeRead.time_asia_write": 1654463493563, "readwrite.TimeRead.time_munin_read": 1654463517837, "readwrite.TimeRead.time_munin_write": 1654463554345, "readwrite.TimeRead.time_pathfinder_read": 1654463578668, "readwrite.TimeRead.time_pathfinder_write": 1654463615324, "sampling.TimeSampling.time_forward_sample": 1654462533900, "sampling.TimeSampling.time_gibbs_sampling": 1654462534207, "sampling.TimeSampling.time_likelihood_sample": 1654463639547, "sampling.TimeSampling.time_rejection_sample": 1654463145412, "structure_learning.TimeHillClimb.time_hillclimb": 1610524075833, "structure_learning.TimePC.time_pc_orig": 1610524539582, "structure_learning.TimePC.time_pc_stable": 1610524662368, "factor.TimeDiscreteFactor.time_factor_compare": 1654463146049,