{"results": {"factor.TimeDiscreteFactor.time_factor_marginalize": {"result": [6.294194823023917e-05], "stats": [{"ci_99": [6.263753955905465e-05, 6.376956750092835e-05], "q_25": 6.277221602912265e-05, "q_75": 6.313059056156326e-05, "min": 6.263753955905465e-05, "max": 6.376956750092835e-05, "mean": 6.30060794238729e-05, "std": 3.221971963358773e-07, "repeat": 10, "number": 174}]}, "factor.TimeDiscreteFactor.time_factor_multiply_large": {"result": [5.2165151351974125e-05], "stats": [{"ci_99": [5.195150595335733e-05, 5.255328668724923e-05], "q_25": 5.2048885706989536e-05, "q_75": 5.226138801801773e-05, "min": 5.195150595335733e-05, "max": 5.255328668724923e-05, "mean": 5.217015078025205e-05, "std": 1.7333764533306852e-07, "repeat": 10, "number": 210}]}, "factor.TimeDiscreteFactor.time_factor_reduce": {"result": [3.040588021071421e-05], "stats": [{"ci_99": [3.0312110255989763e-05, 3.065987386637264e-05], "q_25": 3.0363937710515326e-05, "q_75": 3.0480821280636722e-05, "min": 3.0312110255989763e-05, "max": 3.065987386637264e-05, "mean": 3.0432816905279952e-05, "std": 9.551738543965528e-08, "repeat": 10, "number": 360}]}, "import.TimeImport.time_import": {"result": [1.268899148401272e-07], "stats": [{"ci_99": [1.2660473474131201e-07, 1.2754178338170028e-07], "q_25": 1.2673952302610418e-07, "q_75": 1.2712210130138162e-07, "min": 1.2660473474131201e-07, "max": 1.2754178338170028e-07, "mean": 1.269760646008454e-07, "std": 3.0693344282209247e-10, "repeat": 10, "number": 84576}]}, "readwrite.TimeRead.time_asia_read": {"result": [0.18057209625840187], "stats": [{"ci_99": [0.013675644993782043, 0.3474685475230216], "q_25": 0.17890313174575567, "q_75": 0.18224106077104807, "min": 0.17723416723310947, "max": 0.18391002528369427, "mean": 0.18057209625840187, "std": 0.0033379290252923965, "repeat": 2, "number": 1}]}, "readwrite.TimeRead.time_asia_write": {"result": [0.0004136030397870961], "stats": [{"ci_99": [-0.009610494379611575, 0.010437700459185758], "q_25": 0.00031336206559310937, "q_75": 0.0005138440139810828, "min": 0.00021312109139912268, "max": 0.0006140849881750695, "mean": 0.0004136030397870961, "std": 0.00020048194838797343, "repeat": 2, "number": 68}]}, "readwrite.TimeRead.time_munin_read": {"result": [5.3747860146686435], "stats": [{"ci_99": [1.9915771102532744, 8.757994919084009], "q_25": 5.34095392562449, "q_75": 5.408618103712797, "min": 5.307121836580336, "max": 5.442450192756951, "mean": 5.3747860146686435, "std": 0.06766417808830738, "repeat": 2, "number": 1}]}, "readwrite.TimeRead.time_munin_write": {"result": [0.040629737079143524], "stats": [{"ci_99": [0.03180079907178879, 0.049458675086498254], "q_25": 0.04054144769906998, "q_75": 0.04071802645921707, "min": 0.04045315831899643, "max": 0.04080631583929062, "mean": 0.040629737079143524, "std": 0.00017657876014709473, "repeat": 2, "number": 1}]}, "readwrite.TimeRead.time_pathfinder_read": {"result": [6.0256643812172115], "stats": [{"ci_99": [3.98072492191568, 8.070603840518741], "q_25": 6.005214986624196, "q_75": 6.046113775810227, "min": 5.984765592031181, "max": 6.066563170403242, "mean": 6.0256643812172115, "std": 0.040898789186030626, "repeat": 2, "number": 1}]}, "readwrite.TimeRead.time_pathfinder_write": {"result": [0.02492226241156459], "stats": [{"ci_99": [0.019649183843284845, 0.03019534097984433], "q_25": 0.02486953162588179, "q_75": 0.024974993197247386, "min": 0.024816800840198994, "max": 0.025027723982930183, "mean": 0.02492226241156459, "std": 0.00010546157136559486, "repeat": 2, "number": 1}]}, "sampling.TimeSampling.time_forward_sample": {"result": [5.598809964489192], "stats": [{"ci_99": [5.51616949820891, 5.681450430769473], "q_25": 5.597983559826389, "q_75": 5.599636369151995, "min": 5.597157155163586, "max": 5.600462773814797, "mean": 5.598809964489192, "std": 0.0016528093256056309, "repeat": 2, "number": 1}]}, "sampling.TimeSampling.time_gibbs_sampling": null, "sampling.TimeSampling.time_likelihood_sample": {"result": [5.213569922372699], "stats": [{"ci_99": [5.126058988273144, 5.301080856472254], "q_25": 5.212694813031703, "q_75": 5.214445031713694, "min": 5.211819703690708, "max": 5.21532014105469, "mean": 5.213569922372699, "std": 0.0017502186819911003, "repeat": 2, "number": 1}]}, "sampling.TimeSampling.time_rejection_sample": null, "structure_learning.TimeHillClimb.time_hillclimb": null, "structure_learning.TimePC.time_pc_orig": {"result": [87.03142454801127], "stats": [{"ci_99": [79.09357483917847, 94.96927425684407], "q_25": 86.95204605092295, "q_75": 87.1108030450996, "min": 86.87266755383462, "max": 87.19018154218793, "mean": 87.03142454801127, "std": 0.158756994176656, "repeat": 2, "number": 1}]}, "structure_learning.TimePC.time_pc_stable": {"result": [98.04661296168342], "stats": [{"ci_99": [95.6071409988217, 100.48608492454514], "q_25": 98.0222182420548, "q_75": 98.07100768131204, "min": 97.99782352242619, "max": 98.09540240094066, "mean": 98.04661296168342, "std": 0.048789439257234335, "repeat": 2, "number": 1}]}}, "params": {"arch": "x86_64", "cpu": "Intel(R) Core(TM) i9-9820X CPU @ 3.30GHz", "machine": "graveyard", "num_cpu": "20", "os": "Linux 4.15.0-112-generic", "ram": "131688676", "python": "3.7"}, "requirements": {}, "commit_hash": "ad3b5239e7cd9c517cd036be8f6bc29d2683c65f", "date": 1595158540000, "env_name": "conda-py3.7", "python": "3.7", "profiles": {}, "started_at": {"factor.TimeDiscreteFactor.time_factor_marginalize": 1610522123230, "factor.TimeDiscreteFactor.time_factor_multiply_large": 1610522123438, "factor.TimeDiscreteFactor.time_factor_reduce": 1610522123645, "import.TimeImport.time_import": 1610522123852, "readwrite.TimeRead.time_asia_read": 1610522124059, "readwrite.TimeRead.time_asia_write": 1610522149434, "readwrite.TimeRead.time_munin_read": 1610522174509, "readwrite.TimeRead.time_munin_write": 1610522212219, "readwrite.TimeRead.time_pathfinder_read": 1610522237294, "readwrite.TimeRead.time_pathfinder_write": 1610522275253, "sampling.TimeSampling.time_forward_sample": 1610522300329, "sampling.TimeSampling.time_gibbs_sampling": 1610520552700, "sampling.TimeSampling.time_likelihood_sample": 1610522311918, "sampling.TimeSampling.time_rejection_sample": 1610521163881, "structure_learning.TimeHillClimb.time_hillclimb": 1610521763968, "structure_learning.TimePC.time_pc_orig": 1610522322804, "structure_learning.TimePC.time_pc_stable": 1610522488529}, "ended_at": {"factor.TimeDiscreteFactor.time_factor_marginalize": 1610522123438, "factor.TimeDiscreteFactor.time_factor_multiply_large": 1610522123645, "factor.TimeDiscreteFactor.time_factor_reduce": 1610522123852, "import.TimeImport.time_import": 1610522124058, "readwrite.TimeRead.time_asia_read": 1610522149434, "readwrite.TimeRead.time_asia_write": 1610522174509, "readwrite.TimeRead.time_munin_read": 1610522212219, "readwrite.TimeRead.time_munin_write": 1610522237293, "readwrite.TimeRead.time_pathfinder_read": 1610522275253, "readwrite.TimeRead.time_pathfinder_write": 1610522300328, "sampling.TimeSampling.time_forward_sample": 1610522311917, "sampling.TimeSampling.time_gibbs_sampling": 1610521152894, "sampling.TimeSampling.time_likelihood_sample": 1610522322803, "sampling.TimeSampling.time_rejection_sample": 1610521763967, "structure_learning.TimeHillClimb.time_hillclimb": 1610521769882, "structure_learning.TimePC.time_pc_orig": 1610522488528, "structure_learning.TimePC.time_pc_stable": 1610522675282}, "benchmark_version": {"factor.TimeDiscreteFactor.time_factor_marginalize": "a3ae79cdcf3bcd4bc49df94b3b3d5f93c4126249a9b3cf2481ac381ee836f851", "factor.TimeDiscreteFactor.time_factor_multiply_large": "cfb6b66fddb2953948ffb6566ae101535dd1e8d0fd9af855331f39ef905f4450", "factor.TimeDiscreteFactor.time_factor_reduce": "cb3858b638914f7572792153a60efb4aecbde56d5abf039791451adb0f26c263", "import.TimeImport.time_import": "b8454f897532cbfc3dc91dd442b9d4429c7671f8720779f25b6975fed7999d6c", "readwrite.TimeRead.time_asia_read": "00ee50175421b36358b2284cbbaaf9e6caad1078a142202d8afbc8a5431e3d42",