{"results": {"factor.TimeDiscreteFactor.time_factor_marginalize": {"result": [6.565495006601263e-05], "stats": [{"ci_99": [6.453611928483714e-05, 6.638820173207277e-05], "q_25": 6.4841286504861e-05, "q_75": 6.62286476642819e-05, "min": 6.453611928483714e-05, "max": 6.638820173207277e-05, "mean": 6.55221249561132e-05, "std": 7.107220642054828e-07, "repeat": 10, "number": 161}]}, "factor.TimeDiscreteFactor.time_factor_multiply_large": {"result": [5.67337088481918e-05], "stats": [{"ci_99": [5.593765234447899e-05, 5.8173236110447586e-05], "q_25": 5.6107399292797316e-05, "q_75": 5.748175591698492e-05, "min": 5.593765234447899e-05, "max": 5.8173236110447586e-05, "mean": 5.683290494206064e-05, "std": 7.752697944609038e-07, "repeat": 10, "number": 191}]}, "factor.TimeDiscreteFactor.time_factor_reduce": {"result": [3.3124715353323334e-05], "stats": [{"ci_99": [3.254346525554105e-05, 3.3722256109645515e-05], "q_25": 3.265598010259809e-05, "q_75": 3.364630690341594e-05, "min": 3.254346525554105e-05, "max": 3.3722256109645515e-05, "mean": 3.3143217229191514e-05, "std": 4.910251637041986e-07, "repeat": 10, "number": 311}]}, "import.TimeImport.time_import": {"result": [1.2657109694991307e-07], "stats": [{"ci_99": [1.2462009014144277e-07, 1.2786277567718576e-07], "q_25": 1.2477004179407522e-07, "q_75": 1.277886175129939e-07, "min": 1.2462009014144277e-07, "max": 1.2786277567718576e-07, "mean": 1.2632280707712801e-07, "std": 1.4667268196302638e-09, "repeat": 10, "number": 85995}]}, "inference.TimeVariableElimination.time_query_alarm": {"result": [0.07848053611814976], "stats": [{"ci_99": [0.0773269213706856, 0.07978007979983041], "q_25": 0.0782384816557169, "q_75": 0.07879555504769087, "min": 0.0780324824154377, "max": 0.07922044768929482, "mean": 0.07855350058525801, "std": 0.00044357999021126535, "repeat": 4, "number": 1}]}, "inference.TimeVariableElimination.time_query_munin": {"result": [0.2628401964902878], "stats": [{"ci_99": [0.2605425823371288, 0.2652472000677708], "q_25": 0.26239523896947503, "q_75": 0.26333984872326255, "min": 0.26175984740257263, "max": 0.264139324426651, "mean": 0.2628948912024498, "std": 0.0008590181867843042, "repeat": 4, "number": 1}]}, "readwrite.TimeRead.time_asia_read": {"result": [0.00907305907458067], "stats": [{"ci_99": [0.008076357655227184, 0.010069760493934155], "q_25": 0.009063092060387135, "q_75": 0.009083026088774204, "min": 0.0090531250461936, "max": 0.009092993102967739, "mean": 0.00907305907458067, "std": 1.9934028387069702e-05, "repeat": 2, "number": 2}]}, "readwrite.TimeRead.time_asia_write": {"result": [0.0006408457984290426], "stats": [{"ci_99": [0.00033342730372197825, 0.0009482642931361066], "q_25": 0.0006377716134819719, "q_75": 0.0006439199833761132, "min": 0.0006346974285349013, "max": 0.0006469941683231839, "mean": 0.0006408457984290426, "std": 6.1483698941412865e-06, "repeat": 2, "number": 63}]}, "readwrite.TimeRead.time_munin_read": {"result": [5.999298235401511], "stats": [{"ci_99": [-17.107289070263505, 29.105885541066506], "q_25": 5.768232362344861, "q_75": 6.230364108458161, "min": 5.537166489288211, "max": 6.4614299815148115, "mean": 5.999298235401511, "std": 0.4621317461133003, "repeat": 2, "number": 1}]}, "readwrite.TimeRead.time_munin_write": {"result": [0.04350261576473713], "stats": [{"ci_99": [0.02834608592092991, 0.058659145608544336], "q_25": 0.04335105046629906, "q_75": 0.0436541810631752, "min": 0.043199485167860985, "max": 0.043805746361613274, "mean": 0.04350261576473713, "std": 0.0003031305968761444, "repeat": 2, "number": 1}]}, "readwrite.TimeRead.time_pathfinder_read": {"result": [6.673703606240451], "stats": [{"ci_99": [-9.3116319430992, 22.65903915558009], "q_25": 6.513850250747055, "q_75": 6.833556961733848, "min": 6.353996895253658, "max": 6.993410317227244, "mean": 6.673703606240451, "std": 0.31970671098679304, "repeat": 2, "number": 1}]}, "readwrite.TimeRead.time_pathfinder_write": {"result": [0.02538276929408312], "stats": [{"ci_99": [0.025030403397977352, 0.025735135190188885], "q_25": 0.02537924563512206, "q_75": 0.025386292953044176, "min": 0.025375721976161003, "max": 0.025389816612005234, "mean": 0.02538276929408312, "std": 7.047317922115326e-06, "repeat": 2, "number": 1}]}, "sampling.TimeSampling.time_forward_sample": {"result": [0.2030098969116807], "stats": [{"ci_99": [0.20049556531012058, 0.24036778323352337], "q_25": 0.2012729775160551, "q_75": 0.20402156608179212, "min": 0.20049556531012058, "max": 0.24036778323352337, "mean": 0.2062826905399561, "std": 0.011435873134004015, "repeat": 10, "number": 1}]}, "sampling.TimeSampling.time_gibbs_sampling": null, "sampling.TimeSampling.time_likelihood_sample": {"result": [0.20956641994416714], "stats": [{"ci_99": [0.20866943150758743, 0.21159602515399456], "q_25": 0.20916524762287736, "q_75": 0.2101296028122306, "min": 0.20866943150758743, "max": 0.21159602515399456, "mean": 0.20967944543808698, "std": 0.0008341312847318351, "repeat": 10, "number": 1}]}, "sampling.TimeSampling.time_rejection_sample": {"result": [35.12466486170888], "stats": [{"ci_99": [10.395948231220245, 59.85338149219749], "q_25": 34.87737769540399, "q_75": 35.371952028013766, "min": 34.63009052909911, "max": 35.61923919431865, "mean": 35.12466486170888, "std": 0.4945743326097727, "repeat": 2, "number": 1}]}, "structure_learning.TimeHillClimb.time_hillclimb": null, "structure_learning.TimePC.time_pc_orig": {"result": [44.33651262894273], "stats": [{"ci_99": [33.10101315379143, 55.57201210409402], "q_25": 44.224157634191215, "q_75": 44.44886762369424, "min": 44.1118026394397, "max": 44.561222618445754, "mean": 44.33651262894273, "std": 0.224709989503026, "repeat": 2, "number": 1}]}, "structure_learning.TimePC.time_pc_stable": {"result": [47.05668714735657], "stats": [{"ci_99": [39.680929145775735, 54.4324451489374], "q_25": 46.98292956734076, "q_75": 47.13044472737238, "min": 46.90917198732495, "max": 47.20420230738819, "mean": 47.05668714735657, "std": 0.1475151600316167, "repeat": 2, "number": 1}]}}, "params": {"arch": "x86_64", "cpu": "Intel(R) Core(TM) i9-9820X CPU @ 3.30GHz", "machine": "graveyard", "num_cpu": "20", "os": "Linux 4.15.0-112-generic", "ram": "131688676", "python": "3.6"}, "requirements": {}, "commit_hash": "ae3533fdf9a1da511a57810f230d8ee98e6c57dd", "date": 1623784114000, "env_name": "conda-py3.6", "python": "3.6", "profiles": {}, "started_at": {"factor.TimeDiscreteFactor.time_factor_marginalize": 1625101777614, "factor.TimeDiscreteFactor.time_factor_multiply_large": 1625101777821, "factor.TimeDiscreteFactor.time_factor_reduce": 1625101778028, "import.TimeImport.time_import": 1625101778235, "inference.TimeVariableElimination.time_query_alarm": 1625101778442, "inference.TimeVariableElimination.time_query_munin": 1625101797600, "readwrite.TimeRead.time_asia_read": 1625101818163, "readwrite.TimeRead.time_asia_write": 1625101843589, "readwrite.TimeRead.time_munin_read": 1625101869315, "readwrite.TimeRead.time_munin_write": 1625101907326, "readwrite.TimeRead.time_pathfinder_read": 1625101932952, "readwrite.TimeRead.time_pathfinder_write": 1625101975775, "sampling.TimeSampling.time_forward_sample": 1625102001402, "sampling.TimeSampling.time_gibbs_sampling": 1625100941690, "sampling.TimeSampling.time_likelihood_sample": 1625102003215, "sampling.TimeSampling.time_rejection_sample": 1625102005078, "structure_learning.TimeHillClimb.time_hillclimb": 1625101617662, "structure_learning.TimePC.time_pc_orig": 1625102076897, "structure_learning.TimePC.time_pc_stable": 1625102153911}, "ended_at": {"factor.TimeDiscreteFactor.time_factor_marginalize": 1625101777821, "factor.TimeDiscreteFactor.time_factor_multiply_large": 1625101778028, "factor.TimeDiscreteFactor.time_factor_reduce": 1625101778234, "import.TimeImport.time_import": 1625101778441, "inference.TimeVariableElimination.time_query_alarm": 1625101797600, "inference.TimeVariableElimination.time_query_munin": 1625101818163, "readwrite.TimeRead.time_asia_read": 1625101843588,