{"results": {"factor.TimeDiscreteFactor.time_factor_compare": {"result": [6.76410735486457e-05], "stats": [{"ci_99": [6.725149726645547e-05, 6.799109465216998e-05], "q_25": 6.748201117289733e-05, "q_75": 6.778118264230882e-05, "min": 6.725149726645547e-05, "max": 6.799109465216998e-05, "mean": 6.7633334894358e-05, "std": 2.3921790095687745e-07, "repeat": 10, "number": 161}]}, "factor.TimeDiscreteFactor.time_factor_marginalize": {"result": [6.439909890029556e-05], "stats": [{"ci_99": [6.412729047811948e-05, 6.51788253050584e-05], "q_25": 6.431750347011189e-05, "q_75": 6.498928462877076e-05, "min": 6.412729047811948e-05, "max": 6.51788253050584e-05, "mean": 6.458911736159635e-05, "std": 3.8506255894977243e-07, "repeat": 10, "number": 169}]}, "factor.TimeDiscreteFactor.time_factor_multiply_large": {"result": [5.651350794215277e-05], "stats": [{"ci_99": [5.60987798661148e-05, 5.7032370428347215e-05], "q_25": 5.634326651846807e-05, "q_75": 5.6869683333629157e-05, "min": 5.60987798661148e-05, "max": 5.7032370428347215e-05, "mean": 5.658737774648815e-05, "std": 3.186746963855341e-07, "repeat": 10, "number": 193}]}, "factor.TimeDiscreteFactor.time_factor_reduce": {"result": [3.3423342041371404e-05], "stats": [{"ci_99": [3.288020797927313e-05, 3.382227392204037e-05], "q_25": 3.3233026417416315e-05, "q_75": 3.3555783031525626e-05, "min": 3.288020797927313e-05, "max": 3.382227392204037e-05, "mean": 3.3378624717702066e-05, "std": 2.695706891969627e-07, "repeat": 10, "number": 323}]}, "import.TimeImport.time_import": {"result": [1.289718545270156e-07], "stats": [{"ci_99": [1.277158449187524e-07, 1.2984147431955806e-07], "q_25": 1.2821724483694262e-07, "q_75": 1.2969230869888765e-07, "min": 1.277158449187524e-07, "max": 1.2984147431955806e-07, "mean": 1.28922004680587e-07, "std": 7.669057109940211e-10, "repeat": 10, "number": 84419}]}, "inference.TimeBeliefPropagation.time_query_alarm": null, "inference.TimeVariableElimination.time_query_alarm": null, "inference.TimeVariableElimination.time_query_munin": null, "parameter_learning.TimeBayesianEstimator.time_alarm_bayesian_estimator": {"result": [1.7784932060167193], "stats": [{"ci_99": [1.580475184721789, 1.934627911420622], "q_25": 1.7237778203561902, "q_75": 1.8122669337317348, "min": 1.6563232280313969, "max": 1.816896552219987, "mean": 1.7575515480712056, "std": 0.0646601140765631, "repeat": 4, "number": 1}]}, "parameter_learning.TimeBayesianEstimator.time_munin_bayesian_estimator": {"result": [19.91179344523698], "stats": [{"ci_99": [19.611184916459024, 20.212401974014938], "q_25": 19.9087873599492, "q_75": 19.91479953052476, "min": 19.90578127466142, "max": 19.91780561581254, "mean": 19.91179344523698, "std": 0.006012170575559139, "repeat": 2, "number": 1}]}, "parameter_learning.TimeExpectationMaximization.time_alarm_em": {"result": [10.855324541218579], "stats": [{"ci_99": [10.707931148819625, 11.002717933617532], "q_25": 10.85385060729459, "q_75": 10.856798475142568, "min": 10.8523766733706, "max": 10.858272409066558, "mean": 10.855324541218579, "std": 0.0029478678479790688, "repeat": 2, "number": 1}]}, "parameter_learning.TimeExpectationMaximization.time_munin_em": {"result": [99.3557601114735], "stats": [{"ci_99": [92.84215097967535, 105.86936924327165], "q_25": 99.29062402015552, "q_75": 99.42089620279148, "min": 99.22548792883754, "max": 99.48603229410946, "mean": 99.3557601114735, "std": 0.13027218263596296, "repeat": 2, "number": 1}]}, "parameter_learning.TimeMLE.time_alarm_mle": {"result": [1.6940338341519237], "stats": [{"ci_99": [1.6375544518385867, 1.7713431678558849], "q_25": 1.687330533284694, "q_75": 1.7111521107144654, "min": 1.6808503065258265, "max": 1.748877264559269, "mean": 1.7044488098472357, "std": 0.02640550215620027, "repeat": 4, "number": 1}]}, "parameter_learning.TimeMLE.time_munin_mle": {"result": [19.79105492681265], "stats": [{"ci_99": [11.11843466386199, 28.4636751897633], "q_25": 19.704328724183142, "q_75": 19.877781129442155, "min": 19.617602521553636, "max": 19.964507332071662, "mean": 19.79105492681265, "std": 0.17345240525901318, "repeat": 2, "number": 1}]}, "readwrite.TimeRead.time_asia_read": {"result": [0.00907353451475501], "stats": [{"ci_99": [0.00818875478580594, 0.00995831424370408], "q_25": 0.00906468671746552, "q_75": 0.009082382312044501, "min": 0.00905583892017603, "max": 0.009091230109333992, "mean": 0.00907353451475501, "std": 1.76955945789814e-05, "repeat": 2, "number": 2}]}, "readwrite.TimeRead.time_asia_write": null, "readwrite.TimeRead.time_munin_read": {"result": [5.574383406899869], "stats": [{"ci_99": [5.188488082028925, 5.9602787317708135], "q_25": 5.57052445365116, "q_75": 5.578242360148579, "min": 5.566665500402451, "max": 5.582101313397288, "mean": 5.574383406899869, "std": 0.0077179064974188805, "repeat": 2, "number": 1}]}, "readwrite.TimeRead.time_munin_write": null, "readwrite.TimeRead.time_pathfinder_read": {"result": [6.197680152952671], "stats": [{"ci_99": [4.987664140760899, 7.407696165144443], "q_25": 6.185579992830753, "q_75": 6.209780313074589, "min": 6.173479832708836, "max": 6.2218804731965065, "mean": 6.197680152952671, "std": 0.02420032024383545, "repeat": 2, "number": 1}]}, "readwrite.TimeRead.time_pathfinder_write": null, "sampling.TimeSampling.time_forward_sample": {"result": [0.2101669032126665], "stats": [{"ci_99": [0.20864741690456867, 0.21193148754537106], "q_25": 0.20955159422010183, "q_75": 0.21098292479291558, "min": 0.20864741690456867, "max": 0.21193148754537106, "mean": 0.2102039348334074, "std": 0.0010048867366224971, "repeat": 10, "number": 1}]}, "sampling.TimeSampling.time_gibbs_sampling": null, "sampling.TimeSampling.time_likelihood_sample": {"result": [0.21204891335219145], "stats": [{"ci_99": [0.20989280752837658, 0.21411465667188168], "q_25": 0.2108034803532064, "q_75": 0.21291822660714388, "min": 0.20989280752837658, "max": 0.21411465667188168, "mean": 0.211941134929657, "std": 0.0013685833239028542, "repeat": 10, "number": 1}]}, "sampling.TimeSampling.time_rejection_sample": {"result": [37.99071879219264], "stats": [{"ci_99": [31.34168101567775, 44.63975656870752], "q_25": 37.92422841442749, "q_75": 38.05720916995779, "min": 37.85773803666234, "max": 38.123699547722936, "mean": 37.99071879219264, "std": 0.13298075553029776, "repeat": 2, "number": 1}]}, "structure_learning.TimeHillClimbAlarmModel.time_hillclimb": {"result": [54.30109092500061], "stats": [{"ci_99": [51.105521586723626, 57.49666026327759], "q_25": 54.26913523161784, "q_75": 54.33304661838338, "min": 54.23717953823507, "max": 54.36500231176615, "mean": 54.30109092500061, "std": 0.06391138676553965, "repeat": 2, "number": 1}]}, "structure_learning.TimeMmhcAlarmModel.time_mmhc": null, "structure_learning.TimePCAlarmModel.time_pc_orig": null, "structure_learning.TimePCAlarmModel.time_pc_stable": null, "structure_learning.TimeTreeSearchAlarmModel.time_tan": null}, "params": {"arch": "x86_64", "cpu": "Intel(R) Core(TM) i9-9820X CPU @ 3.30GHz", "machine": "graveyard", "num_cpu": "20", "os": "Linux 4.15.0-112-generic", "ram": "131688676", "python": "3.6"}, "requirements": {}, "commit_hash": "af0151d0d9e0b011dc3e421c3b39715c874d03f1", "date": 1656577072000, "env_name": "conda-py3.6", "python": "3.6", "profiles": {}, "started_at": {"factor.TimeDiscreteFactor.time_factor_compare": 1657100665986, "factor.TimeDiscreteFactor.time_factor_marginalize": 1657100666196, "factor.TimeDiscreteFactor.time_factor_multiply_large": 1657100666403, "factor.TimeDiscreteFactor.time_factor_reduce": 1657100666610, "import.TimeImport.time_import": 1657100666816, "inference.TimeBeliefPropagation.time_query_alarm": 1657098723513, "inference.TimeVariableElimination.time_query_alarm": 1657098724621, "inference.TimeVariableElimination.time_query_munin": 1657098730405, "parameter_learning.TimeBayesianEstimator.time_alarm_bayesian_estimator": 1657100667024, "parameter_learning.TimeBayesianEstimator.time_munin_bayesian_estimator": 1657100683225,