{"results": {"factor.TimeDiscreteFactor.time_factor_compare": {"result": [5.983599868103944e-05], "stats": [{"ci_99": [5.947100770407619e-05, 6.01288095857557e-05], "q_25": 5.9676137932920974e-05, "q_75": 6.0064252465963364e-05, "min": 5.947100770407619e-05, "max": 6.01288095857557e-05, "mean": 5.984282563569136e-05, "std": 2.2365584423359498e-07, "repeat": 10, "number": 181}]}, "factor.TimeDiscreteFactor.time_factor_marginalize": {"result": [6.332757227398731e-05], "stats": [{"ci_99": [6.311567339264317e-05, 6.388679698661522e-05], "q_25": 6.32493756711483e-05, "q_75": 6.341735004550881e-05, "min": 6.311567339264317e-05, "max": 6.388679698661522e-05, "mean": 6.337477538136788e-05, "std": 2.196842383380434e-07, "repeat": 10, "number": 162}]}, "factor.TimeDiscreteFactor.time_factor_multiply_large": {"result": [4.904585831983078e-05], "stats": [{"ci_99": [4.7791920206397054e-05, 4.988646917585014e-05], "q_25": 4.877175028989281e-05, "q_75": 4.950352687982545e-05, "min": 4.7791920206397054e-05, "max": 4.988646917585014e-05, "mean": 4.906533151001171e-05, "std": 5.793532792514025e-07, "repeat": 10, "number": 207}]}, "factor.TimeDiscreteFactor.time_factor_reduce": {"result": [2.6595387267381654e-05], "stats": [{"ci_99": [2.6332832114192276e-05, 2.6943677593771534e-05], "q_25": 2.653793220264793e-05, "q_75": 2.670912290911139e-05, "min": 2.6332832114192276e-05, "max": 2.6943677593771534e-05, "mean": 2.6618771488454882e-05, "std": 1.6615422396888473e-07, "repeat": 10, "number": 383}]}, "import.TimeImport.time_import": {"result": [1.2153785686783678e-07], "stats": [{"ci_99": [1.2048088380109883e-07, 1.227351001708599e-07], "q_25": 1.213130248208287e-07, "q_75": 1.2186719243227368e-07, "min": 1.2048088380109883e-07, "max": 1.227351001708599e-07, "mean": 1.2163804750856147e-07, "std": 6.648237581920921e-10, "repeat": 10, "number": 89248}]}, "inference.TimeBeliefPropagation.time_query_alarm": {"result": [12.887178471311927], "stats": [{"ci_99": [11.269303055480123, 14.50505388714373], "q_25": 12.870999717153609, "q_75": 12.903357225470245, "min": 12.85482096299529, "max": 12.919535979628563, "mean": 12.887178471311927, "std": 0.032357508316636086, "repeat": 2, "number": 1}]}, "inference.TimeVariableElimination.time_query_alarm": {"result": [0.017044004052877426], "stats": [{"ci_99": [-0.0017504199543393363, 0.04765417903153071], "q_25": 0.016884347423911095, "q_75": 0.023111536167562008, "min": 0.01658887416124344, "max": 0.041130635887384415, "mean": 0.022951879538595676, "std": 0.010497243540297302, "repeat": 4, "number": 1}]}, "inference.TimeVariableElimination.time_query_munin": {"result": [0.5144141614437103], "stats": [{"ci_99": [0.48907662264879065, 0.5537082935882057], "q_25": 0.5136753609403968, "q_75": 0.5221312586218119, "min": 0.5119161810725927, "max": 0.5448253285139799, "mean": 0.5213924581184983, "std": 0.013567783040190236, "repeat": 4, "number": 1}]}, "parameter_learning.TimeBayesianEstimator.time_alarm_bayesian_estimator": {"result": [2.1179651422426105], "stats": [{"ci_99": [1.9752707584415592, 2.2737572993497333], "q_25": 2.091789957601577, "q_75": 2.1506892135366797, "min": 2.055320443585515, "max": 2.2068053875118494, "mean": 2.1245140288956463, "std": 0.0548599183373134, "repeat": 4, "number": 1}]}, "parameter_learning.TimeBayesianEstimator.time_munin_bayesian_estimator": {"result": [35.56638180837035], "stats": [{"ci_99": [29.857546161860228, 41.27521745488047], "q_25": 35.50929345190525, "q_75": 35.62347016483545, "min": 35.45220509544015, "max": 35.680558521300554, "mean": 35.56638180837035, "std": 0.11417671293020248, "repeat": 2, "number": 1}]}, "parameter_learning.TimeExpectationMaximization.time_alarm_em": {"result": [7.182940712198615], "stats": [{"ci_99": [5.490970762446523, 8.874910661950706], "q_25": 7.166021012701094, "q_75": 7.199860411696136, "min": 7.149101313203573, "max": 7.216780111193657, "mean": 7.182940712198615, "std": 0.03383939899504185, "repeat": 2, "number": 1}]}, "parameter_learning.TimeExpectationMaximization.time_munin_em": {"result": [81.21813654433936], "stats": [{"ci_99": [78.50892471615225, 83.92734837252647], "q_25": 81.19104442605749, "q_75": 81.24522866262123, "min": 81.16395230777562, "max": 81.2723207809031, "mean": 81.21813654433936, "std": 0.05418423656374216, "repeat": 2, "number": 1}]}, "parameter_learning.TimeMLE.time_alarm_mle": {"result": [2.1860664058476686], "stats": [{"ci_99": [1.7884862372335442, 2.4863685224521537], "q_25": 2.08839981071651, "q_75": 2.2350939749740064, "min": 1.9183601196855307, "max": 2.2592165879905224, "mean": 2.1374273798428476, "std": 0.13314879293591347, "repeat": 4, "number": 1}]}, "parameter_learning.TimeMLE.time_munin_mle": {"result": [35.36512065585703], "stats": [{"ci_99": [30.95610645506531, 39.77413485664874], "q_25": 35.32103051384911, "q_75": 35.409210797864944, "min": 35.27694037184119, "max": 35.45330093987286, "mean": 35.36512065585703, "std": 0.08818028401583433, "repeat": 2, "number": 1}]}, "readwrite.TimeRead.time_asia_read": {"result": [0.00908355601131916], "stats": [{"ci_99": [0.008393026888370514, 0.009774085134267807], "q_25": 0.009076650720089674, "q_75": 0.009090461302548647, "min": 0.009069745428860188, "max": 0.009097366593778133, "mean": 0.00908355601131916, "std": 1.3810582458972931e-05, "repeat": 2, "number": 2}]}, "readwrite.TimeRead.time_asia_write": {"result": [0.0009088159228364627], "stats": [{"ci_99": [0.00046737626608874986, 0.0013502555795841752], "q_25": 0.0009044015262689856, "q_75": 0.0009132303194039397, "min": 0.0008999871297015084, "max": 0.0009176447159714169, "mean": 0.0009088159228364627, "std": 8.828793134954256e-06, "repeat": 2, "number": 45}]}, "readwrite.TimeRead.time_munin_read": {"result": [4.918072669766843], "stats": [{"ci_99": [4.709126212634146, 5.12701912689954], "q_25": 4.915983205195516, "q_75": 4.92016213433817, "min": 4.913893740624189, "max": 4.922251598909497, "mean": 4.918072669766843, "std": 0.004178929142653942, "repeat": 2, "number": 1}]}, "readwrite.TimeRead.time_munin_write": {"result": [0.11036099307239056], "stats": [{"ci_99": [0.1057905275374651, 0.11493145860731602], "q_25": 0.1103152884170413, "q_75": 0.11040669772773981, "min": 0.11026958376169205, "max": 0.11045240238308907, "mean": 0.11036099307239056, "std": 9.140931069850922e-05, "repeat": 2, "number": 1}]}, "readwrite.TimeRead.time_pathfinder_read": {"result": [5.519156996160746], "stats": [{"ci_99": [5.39728756994009, 5.641026422381401], "q_25": 5.517938301898539, "q_75": 5.520375690422952, "min": 5.5167196076363325, "max": 5.521594384685159, "mean": 5.519156996160746, "std": 0.002437388524413109, "repeat": 2, "number": 1}]}, "readwrite.TimeRead.time_pathfinder_write": {"result": [0.10870891530066729], "stats": [{"ci_99": [0.08405908849090338, 0.13335874211043117], "q_25": 0.10846241703256965, "q_75": 0.10895541356876493, "min": 0.10821591876447201, "max": 0.10920191183686256, "mean": 0.10870891530066729, "std": 0.0004929965361952782, "repeat": 2, "number": 1}]}, "sampling.TimeSampling.time_forward_sample": {"result": [0.24307353235781193], "stats": [{"ci_99": [0.24213477969169617, 0.2458877395838499], "q_25": 0.2427151626907289, "q_75": 0.24480069940909743, "min": 0.24213477969169617, "max": 0.2458877395838499, "mean": 0.24359231442213058, "std": 0.001297120990237427, "repeat": 10, "number": 1}]}, "sampling.TimeSampling.time_gibbs_sampling": null, "sampling.TimeSampling.time_likelihood_sample": {"result": [0.24248759727925062], "stats": [{"ci_99": [0.24164718203246593, 0.26683529652655125], "q_25": 0.24198059923946857, "q_75": 0.24297365779057145, "min": 0.24164718203246593, "max": 0.26683529652655125, "mean": 0.24486775286495685, "std": 0.0073425681810143795, "repeat": 10, "number": 1}]}, "sampling.TimeSampling.time_rejection_sample": {"result": [42.44931806996465], "stats": [{"ci_99": [41.755184914916754, 43.14345122501254], "q_25": 42.44237673841417, "q_75": 42.456259401515126, "min": 42.43543540686369, "max": 42.463200733065605,