{"results": {"factor.TimeDiscreteFactor.time_factor_marginalize": {"result": [6.356531602525434e-05], "stats": [{"ci_99": [6.308360025286674e-05, 6.379619197443475e-05], "q_25": 6.320612873275612e-05, "q_75": 6.365091377479392e-05, "min": 6.308360025286674e-05, "max": 6.379619197443475e-05, "mean": 6.345807531372058e-05, "std": 2.437890238729138e-07, "repeat": 10, "number": 172}]}, "factor.TimeDiscreteFactor.time_factor_multiply_large": {"result": [5.33556705340743e-05], "stats": [{"ci_99": [5.283961072564125e-05, 5.464162677526474e-05], "q_25": 5.31282857991755e-05, "q_75": 5.398849025368691e-05, "min": 5.283961072564125e-05, "max": 5.464162677526474e-05, "mean": 5.3568157367408275e-05, "std": 6.089391671019446e-07, "repeat": 10, "number": 200}]}, "factor.TimeDiscreteFactor.time_factor_reduce": {"result": [3.100955509580672e-05], "stats": [{"ci_99": [3.090613754466176e-05, 3.128566313534975e-05], "q_25": 3.094793646596372e-05, "q_75": 3.115958097623661e-05, "min": 3.090613754466176e-05, "max": 3.128566313534975e-05, "mean": 3.1051255064085126e-05, "std": 1.2810461422561196e-07, "repeat": 10, "number": 320}]}, "import.TimeImport.time_import": {"result": [1.2582076062528465e-07], "stats": [{"ci_99": [1.2570484175305849e-07, 1.2592203071835534e-07], "q_25": 1.2579483836171003e-07, "q_75": 1.258680991339609e-07, "min": 1.2570484175305849e-07, "max": 1.2592203071835534e-07, "mean": 1.2582194422863882e-07, "std": 6.187874279016952e-11, "repeat": 10, "number": 82777}]}, "inference.TimeVariableElimination.time_query_alarm": {"result": [0.09825608693063259], "stats": [{"ci_99": [0.07251542005872172, 0.1370160687696394], "q_25": 0.09632270177826285, "q_75": 0.10669912956655025, "min": 0.09497406892478466, "max": 0.12757673487067223, "mean": 0.10476574441418052, "std": 0.01327942998630192, "repeat": 4, "number": 1}]}, "inference.TimeVariableElimination.time_query_munin": {"result": [0.2656684210523963], "stats": [{"ci_99": [0.23130846230269198, 0.30036395767747653], "q_25": 0.2543647075071931, "q_75": 0.2771399235352874, "min": 0.25342882610857487, "max": 0.2785791717469692, "mean": 0.26583620999008417, "std": 0.011811221643791538, "repeat": 4, "number": 1}]}, "readwrite.TimeRead.time_asia_read": {"result": [0.008617280051112175], "stats": [{"ci_99": [0.008008800446987152, 0.009225759655237198], "q_25": 0.008611195255070925, "q_75": 0.008623364847153425, "min": 0.008605110459029675, "max": 0.008629449643194675, "mean": 0.008617280051112175, "std": 1.2169592082500458e-05, "repeat": 2, "number": 2}]}, "readwrite.TimeRead.time_asia_write": {"result": [0.0006050602395964019], "stats": [{"ci_99": [-0.00018963115015889064, 0.0013997516293516939], "q_25": 0.000597113325698849, "q_75": 0.0006130071534939549, "min": 0.0005891664118012961, "max": 0.0006209540673915078, "mean": 0.0006050602395964019, "std": 1.589382779510585e-05, "repeat": 2, "number": 68}]}, "readwrite.TimeRead.time_munin_read": {"result": [5.313130700960755], "stats": [{"ci_99": [-0.5552481394261122, 11.181509541347618], "q_25": 5.254446912556887, "q_75": 5.371814489364624, "min": 5.195763124153018, "max": 5.430498277768493, "mean": 5.313130700960755, "std": 0.11736757680773735, "repeat": 2, "number": 1}]}, "readwrite.TimeRead.time_munin_write": {"result": [0.04031371511518955], "stats": [{"ci_99": [0.03728468157351017, 0.043342748656868935], "q_25": 0.04028342477977276, "q_75": 0.040344005450606346, "min": 0.040253134444355965, "max": 0.04037429578602314, "mean": 0.04031371511518955, "std": 6.0580670833587646e-05, "repeat": 2, "number": 1}]}, "readwrite.TimeRead.time_pathfinder_read": {"result": [5.821021871641278], "stats": [{"ci_99": [5.400235431268811, 6.241808312013745], "q_25": 5.816814007237554, "q_75": 5.825229736045003, "min": 5.812606142833829, "max": 5.829437600448728, "mean": 5.821021871641278, "std": 0.00841572880744934, "repeat": 2, "number": 1}]}, "readwrite.TimeRead.time_pathfinder_write": {"result": [0.024847804568707943], "stats": [{"ci_99": [0.019133162684738636, 0.030562446452677243], "q_25": 0.02479065814986825, "q_75": 0.024904950987547636, "min": 0.024733511731028557, "max": 0.02496209740638733, "mean": 0.024847804568707943, "std": 0.00011429283767938614, "repeat": 2, "number": 1}]}, "sampling.TimeSampling.time_forward_sample": {"result": [0.6357745788991451], "stats": [{"ci_99": [0.6343015097081661, 0.6389383636415005], "q_25": 0.6352481739595532, "q_75": 0.6374293686822057, "min": 0.6343015097081661, "max": 0.6389383636415005, "mean": 0.6361581476405263, "std": 0.0014836043534833278, "repeat": 10, "number": 1}]}, "sampling.TimeSampling.time_gibbs_sampling": null, "sampling.TimeSampling.time_likelihood_sample": {"result": [3.931618142873049], "stats": [{"ci_99": [3.7627085636951483, 4.070425642316745], "q_25": 3.8865931928157806, "q_75": 3.961592053063214, "min": 3.8300543893128633, "max": 3.972977736964822, "mean": 3.9165671030059457, "std": 0.05588005829946738, "repeat": 4, "number": 1}]}, "sampling.TimeSampling.time_rejection_sample": {"result": [109.1975765042007], "stats": [{"ci_99": [67.59504030644894, 150.80011270195243], "q_25": 108.78155114222318, "q_75": 109.61360186617821, "min": 108.36552578024566, "max": 110.02962722815573, "mean": 109.1975765042007, "std": 0.8320507239550352, "repeat": 2, "number": 1}]}, "structure_learning.TimeHillClimb.time_hillclimb": null, "structure_learning.TimePC.time_pc_orig": {"result": [38.37423238530755], "stats": [{"ci_99": [34.45507453382015, 42.29339023679495], "q_25": 38.33504080679268, "q_75": 38.413423963822424, "min": 38.2958492282778, "max": 38.4526155423373, "mean": 38.37423238530755, "std": 0.07838315702974796, "repeat": 2, "number": 1}]}, "structure_learning.TimePC.time_pc_stable": {"result": [38.515700628980994], "stats": [{"ci_99": [36.9609960783273, 40.07040517963469], "q_25": 38.50015358347446, "q_75": 38.53124767448753, "min": 38.48460653796792, "max": 38.54679471999407, "mean": 38.515700628980994, "std": 0.03109409101307392, "repeat": 2, "number": 1}]}}, "params": {"arch": "x86_64", "cpu": "Intel(R) Core(TM) i9-9820X CPU @ 3.30GHz", "machine": "graveyard", "num_cpu": "20", "os": "Linux 4.15.0-112-generic", "ram": "131688676", "python": "3.7"}, "requirements": {}, "commit_hash": "afbf8f917a840b4c95d761fbc85274d1625c6bb9", "date": 1620917354000, "env_name": "conda-py3.7", "python": "3.7", "profiles": {}, "started_at": {"factor.TimeDiscreteFactor.time_factor_marginalize": 1621552098696, "factor.TimeDiscreteFactor.time_factor_multiply_large": 1621552098904, "factor.TimeDiscreteFactor.time_factor_reduce": 1621552099111, "import.TimeImport.time_import": 1621552099317, "inference.TimeVariableElimination.time_query_alarm": 1621552099524, "inference.TimeVariableElimination.time_query_munin": 1621552117880, "readwrite.TimeRead.time_asia_read": 1621552136588, "readwrite.TimeRead.time_asia_write": 1621552160409, "readwrite.TimeRead.time_munin_read": 1621552184231, "readwrite.TimeRead.time_munin_write": 1621552220184, "readwrite.TimeRead.time_pathfinder_read": 1621552245610, "readwrite.TimeRead.time_pathfinder_write": 1621552281764, "sampling.TimeSampling.time_forward_sample": 1621552305686, "sampling.TimeSampling.time_gibbs_sampling": 1621551115916, "sampling.TimeSampling.time_likelihood_sample": 1621552310107, "sampling.TimeSampling.time_rejection_sample": 1621552322297, "structure_learning.TimeHillClimb.time_hillclimb": 1621551945216, "structure_learning.TimePC.time_pc_orig": 1621552543507, "structure_learning.TimePC.time_pc_stable": 1621552619460}, "ended_at": {"factor.TimeDiscreteFactor.time_factor_marginalize": 1621552098903, "factor.TimeDiscreteFactor.time_factor_multiply_large": 1621552099110, "factor.TimeDiscreteFactor.time_factor_reduce": 1621552099317, "import.TimeImport.time_import": 1621552099524, "inference.TimeVariableElimination.time_query_alarm": 1621552117880, "inference.TimeVariableElimination.time_query_munin": 1621552136587, "readwrite.TimeRead.time_asia_read": 1621552160409,