{"results": {"factor.TimeDiscreteFactor.time_factor_marginalize": {"result": [6.146261617084222e-05], "stats": [{"ci_99": [6.124314400681688e-05, 6.203691652216063e-05], "q_25": 6.13003089292649e-05, "q_75": 6.159676947385255e-05, "min": 6.124314400681688e-05, "max": 6.203691652216063e-05, "mean": 6.152506506333321e-05, "std": 2.702954894409208e-07, "repeat": 10, "number": 163}]}, "factor.TimeDiscreteFactor.time_factor_multiply_large": {"result": [5.3794529544664365e-05], "stats": [{"ci_99": [5.28568931508298e-05, 5.528540807027443e-05], "q_25": 5.336384078962546e-05, "q_75": 5.429624305928454e-05, "min": 5.28568931508298e-05, "max": 5.528540807027443e-05, "mean": 5.389864958238367e-05, "std": 7.94253932472525e-07, "repeat": 10, "number": 204}]}, "factor.TimeDiscreteFactor.time_factor_reduce": {"result": [3.0244096509508183e-05], "stats": [{"ci_99": [2.983381395583396e-05, 3.123679408082017e-05], "q_25": 2.994195504992216e-05, "q_75": 3.0554052129074616e-05, "min": 2.983381395583396e-05, "max": 3.123679408082017e-05, "mean": 3.0322180495963802e-05, "std": 4.3892120426242694e-07, "repeat": 10, "number": 333}]}, "import.TimeImport.time_import": {"result": [1.2240784307700843e-07], "stats": [{"ci_99": [1.2182690312140972e-07, 1.2417844548000125e-07], "q_25": 1.221396609369762e-07, "q_75": 1.2261030883334486e-07, "min": 1.2182690312140972e-07, "max": 1.2417844548000125e-07, "mean": 1.225555807989011e-07, "std": 6.431759953853667e-10, "repeat": 10, "number": 88900}]}, "inference.TimeVariableElimination.time_query_alarm": {"result": [0.04998656641691923], "stats": [{"ci_99": [0.04593230423593096, 0.056018194061879543], "q_25": 0.04982407158240676, "q_75": 0.05113774398341775, "min": 0.04936369135975838, "max": 0.05456417240202427, "mean": 0.05097524914890528, "std": 0.0020876205933658214, "repeat": 4, "number": 1}]}, "inference.TimeVariableElimination.time_query_munin": {"result": [0.2568709524348378], "stats": [{"ci_99": [0.25288942473934384, 0.2609845779929927], "q_25": 0.256322315428406, "q_75": 0.2574856383726001, "min": 0.2548559866845608, "max": 0.25915011391043663, "mean": 0.25693700136616826, "std": 0.0015202286655414806, "repeat": 4, "number": 1}]}, "readwrite.TimeRead.time_asia_read": {"result": [0.008613361045718193], "stats": [{"ci_99": [0.00737852044403553, 0.009848201647400854], "q_25": 0.008601012639701366, "q_75": 0.00862570945173502, "min": 0.00858866423368454, "max": 0.008638057857751846, "mean": 0.008613361045718193, "std": 2.469681203365326e-05, "repeat": 2, "number": 2}]}, "readwrite.TimeRead.time_asia_write": {"result": [0.0005939862663474154], "stats": [{"ci_99": [0.0005810908726690438, 0.0006068816600257867], "q_25": 0.0005938573124106316, "q_75": 0.0005941152202841991, "min": 0.0005937283584738479, "max": 0.0005942441742209828, "mean": 0.0005939862663474154, "std": 2.579078735674288e-07, "repeat": 2, "number": 68}]}, "readwrite.TimeRead.time_munin_read": {"result": [5.200158824212849], "stats": [{"ci_99": [5.174670062027872, 5.225647586397827], "q_25": 5.199903936590999, "q_75": 5.200413711834699, "min": 5.19964904896915, "max": 5.200668599456549, "mean": 5.200158824212849, "std": 0.0005097752436995506, "repeat": 2, "number": 1}]}, "readwrite.TimeRead.time_munin_write": {"result": [0.04007584508508444], "stats": [{"ci_99": [0.03971053380519152, 0.04044115636497736], "q_25": 0.04007219197228551, "q_75": 0.04007949819788337, "min": 0.04006853885948658, "max": 0.0400831513106823, "mean": 0.04007584508508444, "std": 7.306225597858429e-06, "repeat": 2, "number": 1}]}, "readwrite.TimeRead.time_pathfinder_read": {"result": [5.828551712445915], "stats": [{"ci_99": [5.341649238951504, 6.315454185940325], "q_25": 5.823682687710971, "q_75": 5.833420737180859, "min": 5.8188136629760265, "max": 5.838289761915803, "mean": 5.828551712445915, "std": 0.00973804946988821, "repeat": 2, "number": 1}]}, "readwrite.TimeRead.time_pathfinder_write": {"result": [0.031869443133473396], "stats": [{"ci_99": [-0.34388857521116734, 0.4076274614781138], "q_25": 0.02811186295002699, "q_75": 0.035627023316919804, "min": 0.02435428276658058, "max": 0.03938460350036621, "mean": 0.031869443133473396, "std": 0.007515160366892815, "repeat": 2, "number": 1}]}, "sampling.TimeSampling.time_forward_sample": null, "sampling.TimeSampling.time_gibbs_sampling": null, "sampling.TimeSampling.time_likelihood_sample": {"result": [3.925226072780788], "stats": [{"ci_99": [3.897809818187854, 3.9614487599710615], "q_25": 3.9224907658062875, "q_75": 3.932364596053958, "min": 3.9174408353865147, "max": 3.9506241753697395, "mean": 3.9296292890794575, "std": 0.012553223450498075, "repeat": 4, "number": 1}]}, "sampling.TimeSampling.time_rejection_sample": null, "structure_learning.TimeHillClimb.time_hillclimb": null, "structure_learning.TimePC.time_pc_orig": {"result": [38.37423238530755], "stats": [{"ci_99": [34.45507453382015, 42.29339023679495], "q_25": 38.33504080679268, "q_75": 38.413423963822424, "min": 38.2958492282778, "max": 38.4526155423373, "mean": 38.37423238530755, "std": 0.07838315702974796, "repeat": 2, "number": 1}]}, "structure_learning.TimePC.time_pc_stable": {"result": [38.515700628980994], "stats": [{"ci_99": [36.9609960783273, 40.07040517963469], "q_25": 38.50015358347446, "q_75": 38.53124767448753, "min": 38.48460653796792, "max": 38.54679471999407, "mean": 38.515700628980994, "std": 0.03109409101307392, "repeat": 2, "number": 1}]}, "factor.TimeDiscreteFactor.time_factor_compare": {"result": [7.1425416463653e-05], "stats": [{"ci_99": [7.088017335395939e-05, 7.360902250997279e-05], "q_25": 7.111376570846072e-05, "q_75": 7.235494732165968e-05, "min": 7.088017335395939e-05, "max": 7.360902250997279e-05, "mean": 7.1764722565152e-05, "std": 8.463958259377717e-07, "repeat": 10, "number": 151}]}, "inference.TimeBeliefPropagation.time_query_alarm": {"result": [167.17024541646242], "stats": [{"ci_99": [163.73954958468676, 170.6009412482381], "q_25": 167.13593845814466, "q_75": 167.20455237478018, "min": 167.1016314998269, "max": 167.23885933309793, "mean": 167.17024541646242, "std": 0.0686139166355133, "repeat": 2, "number": 1}]}, "parameter_learning.TimeBayesianEstimator.time_alarm_bayesian_estimator": null, "parameter_learning.TimeBayesianEstimator.time_munin_bayesian_estimator": null, "parameter_learning.TimeExpectationMaximization.time_alarm_em": null, "parameter_learning.TimeExpectationMaximization.time_munin_em": null, "parameter_learning.TimeMLE.time_alarm_mle": null, "parameter_learning.TimeMLE.time_munin_mle": null, "structure_learning.TimeHillClimbAlarmModel.time_hillclimb": null, "structure_learning.TimeMmhcAlarmModel.time_mmhc": null, "structure_learning.TimePCAlarmModel.time_pc_orig": null, "structure_learning.TimePCAlarmModel.time_pc_stable": null, "structure_learning.TimeTreeSearchAlarmModel.time_tan": null}, "params": {"arch": "x86_64", "cpu": "Intel(R) Core(TM) i9-9820X CPU @ 3.30GHz", "machine": "graveyard", "num_cpu": "20", "os": "Linux 4.15.0-112-generic", "ram": "131688676", "python": "3.7"}, "requirements": {}, "commit_hash": "afbf8f917a840b4c95d761fbc85274d1625c6bb9", "date": 1620917354000, "env_name": "conda-py3.7", "python": "3.7", "profiles": {}, "started_at": {"factor.TimeDiscreteFactor.time_factor_marginalize": 1654177899153, "factor.TimeDiscreteFactor.time_factor_multiply_large": 1654177899360, "factor.TimeDiscreteFactor.time_factor_reduce": 1654177899566, "import.TimeImport.time_import": 1654177899773, "inference.TimeVariableElimination.time_query_alarm": 1654178233977, "inference.TimeVariableElimination.time_query_munin": 1654178252087, "readwrite.TimeRead.time_asia_read": 1654178270798, "readwrite.TimeRead.time_asia_write": 1654178294719, "readwrite.TimeRead.time_munin_read": 1654178318540, "readwrite.TimeRead.time_munin_write": 1654178354596, "readwrite.TimeRead.time_pathfinder_read": 1654178378519, "readwrite.TimeRead.time_pathfinder_write": 1654178414825, "sampling.TimeSampling.time_forward_sample": 1654177285498,