{"results": {"factor.TimeDiscreteFactor.time_factor_marginalize": {"result": [6.486786600605697e-05], "stats": [{"ci_99": [6.398311252616773e-05, 6.613933190608481e-05], "q_25": 6.406680105408287e-05, "q_75": 6.573779544063435e-05, "min": 6.398311252616773e-05, "max": 6.613933190608481e-05, "mean": 6.494423208437908e-05, "std": 8.859138929638186e-07, "repeat": 10, "number": 157}]}, "factor.TimeDiscreteFactor.time_factor_multiply_large": {"result": [5.594306349305052e-05], "stats": [{"ci_99": [5.5261536608988315e-05, 5.6700883948024196e-05], "q_25": 5.5382259882724464e-05, "q_75": 5.662030582526821e-05, "min": 5.5261536608988315e-05, "max": 5.6700883948024196e-05, "mean": 5.5985017469031125e-05, "std": 6.251013276986681e-07, "repeat": 10, "number": 199}]}, "factor.TimeDiscreteFactor.time_factor_reduce": {"result": [3.3403152958789005e-05], "stats": [{"ci_99": [3.31837695308417e-05, 3.357586487899862e-05], "q_25": 3.332021113610414e-05, "q_75": 3.353812922623909e-05, "min": 3.31837695308417e-05, "max": 3.357586487899862e-05, "mean": 3.3411332932998644e-05, "std": 1.2616792855087743e-07, "repeat": 10, "number": 327}]}, "import.TimeImport.time_import": {"result": [1.2884731936416922e-07], "stats": [{"ci_99": [1.2800331203751716e-07, 1.2937975184233714e-07], "q_25": 1.2826828108764592e-07, "q_75": 1.2916010834358803e-07, "min": 1.2800331203751716e-07, "max": 1.2937975184233714e-07, "mean": 1.2874451613307422e-07, "std": 4.789159514833833e-10, "repeat": 10, "number": 77474}]}, "inference.TimeVariableElimination.time_query_alarm": null, "inference.TimeVariableElimination.time_query_munin": null, "readwrite.TimeRead.time_asia_read": null, "readwrite.TimeRead.time_asia_write": null, "readwrite.TimeRead.time_munin_read": null, "readwrite.TimeRead.time_munin_write": null, "readwrite.TimeRead.time_pathfinder_read": null, "readwrite.TimeRead.time_pathfinder_write": null, "sampling.TimeSampling.time_forward_sample": null, "sampling.TimeSampling.time_gibbs_sampling": null, "sampling.TimeSampling.time_likelihood_sample": null, "sampling.TimeSampling.time_rejection_sample": null, "structure_learning.TimeHillClimb.time_hillclimb": null, "structure_learning.TimePC.time_pc_orig": null, "structure_learning.TimePC.time_pc_stable": null}, "params": {"arch": "x86_64", "cpu": "Intel(R) Core(TM) i9-9820X CPU @ 3.30GHz", "machine": "graveyard", "num_cpu": "20", "os": "Linux 4.15.0-112-generic", "ram": "131688676", "python": "3.6"}, "requirements": {}, "commit_hash": "afdcf6dfed299517345113298a67c7be23cbd557", "date": 1617176515000, "env_name": "conda-py3.6", "python": "3.6", "profiles": {}, "started_at": {"factor.TimeDiscreteFactor.time_factor_marginalize": 1618079972469, "factor.TimeDiscreteFactor.time_factor_multiply_large": 1618079972676, "factor.TimeDiscreteFactor.time_factor_reduce": 1618079972883, "import.TimeImport.time_import": 1618079973090, "inference.TimeVariableElimination.time_query_alarm": 1618079971624, "inference.TimeVariableElimination.time_query_munin": 1618079971680, "readwrite.TimeRead.time_asia_read": 1618079971736, "readwrite.TimeRead.time_asia_write": 1618079971792, "readwrite.TimeRead.time_munin_read": 1618079971849, "readwrite.TimeRead.time_munin_write": 1618079971905, "readwrite.TimeRead.time_pathfinder_read": 1618079971962, "readwrite.TimeRead.time_pathfinder_write": 1618079972018, "sampling.TimeSampling.time_forward_sample": 1618079972074, "sampling.TimeSampling.time_gibbs_sampling": 1618079972131, "sampling.TimeSampling.time_likelihood_sample": 1618079972187, "sampling.TimeSampling.time_rejection_sample": 1618079972244, "structure_learning.TimeHillClimb.time_hillclimb": 1618079972300, "structure_learning.TimePC.time_pc_orig": 1618079972356, "structure_learning.TimePC.time_pc_stable": 1618079972412}, "ended_at": {"factor.TimeDiscreteFactor.time_factor_marginalize": 1618079972676, "factor.TimeDiscreteFactor.time_factor_multiply_large": 1618079972883, "factor.TimeDiscreteFactor.time_factor_reduce": 1618079973089, "import.TimeImport.time_import": 1618079973296, "inference.TimeVariableElimination.time_query_alarm": 1618079971680, "inference.TimeVariableElimination.time_query_munin": 1618079971736, "readwrite.TimeRead.time_asia_read": 1618079971792, "readwrite.TimeRead.time_asia_write": 1618079971849, "readwrite.TimeRead.time_munin_read": 1618079971905, "readwrite.TimeRead.time_munin_write": 1618079971961, "readwrite.TimeRead.time_pathfinder_read": 1618079972018, "readwrite.TimeRead.time_pathfinder_write": 1618079972074, "sampling.TimeSampling.time_forward_sample": 1618079972131, "sampling.TimeSampling.time_gibbs_sampling": 1618079972187, "sampling.TimeSampling.time_likelihood_sample": 1618079972243, "sampling.TimeSampling.time_rejection_sample": 1618079972300, "structure_learning.TimeHillClimb.time_hillclimb": 1618079972356, "structure_learning.TimePC.time_pc_orig": 1618079972412, "structure_learning.TimePC.time_pc_stable": 1618079972469}, "benchmark_version": {"factor.TimeDiscreteFactor.time_factor_marginalize": "a3ae79cdcf3bcd4bc49df94b3b3d5f93c4126249a9b3cf2481ac381ee836f851", "factor.TimeDiscreteFactor.time_factor_multiply_large": "cfb6b66fddb2953948ffb6566ae101535dd1e8d0fd9af855331f39ef905f4450", "factor.TimeDiscreteFactor.time_factor_reduce": "cb3858b638914f7572792153a60efb4aecbde56d5abf039791451adb0f26c263", "import.TimeImport.time_import": "b8454f897532cbfc3dc91dd442b9d4429c7671f8720779f25b6975fed7999d6c", "inference.TimeVariableElimination.time_query_alarm": "4f4aca0c4d029f458791f2444cae6bacf18251d2d465b1cc3492e4e32c07beec", "inference.TimeVariableElimination.time_query_munin": "3c25bd77115999cfba0644b479e5b10cea7897bdaa8f985e5dfa2b24c8c34ee0", "readwrite.TimeRead.time_asia_read": "00ee50175421b36358b2284cbbaaf9e6caad1078a142202d8afbc8a5431e3d42", "readwrite.TimeRead.time_asia_write": "6b23702a30f46b24f31ce56f640429a894ab62a5f2644da15763d9698ca06dd4", "readwrite.TimeRead.time_munin_read": "bf56520cd7d0afbd0aeb4f693d91093132666189d9704b5fa557da1164506529", "readwrite.TimeRead.time_munin_write": "bfbe73d230ae1b37c4fbfbc360be8367ce771b72ffaf78ad32604f393fac0f4d", "readwrite.TimeRead.time_pathfinder_read": "a603f5c5619a5360146c5c5aa9307b9d792df6d3932faa44d90d3b270b6f66eb", "readwrite.TimeRead.time_pathfinder_write": "6c7561cbd54f97bdd12c71950c46921d86f5e962246d9ca8c4182c8abb22cde5", "sampling.TimeSampling.time_forward_sample": "0ea380c0fe8a8131a802a270f53e62da34837522727ab5a9413ce81f5ac2bffb", "sampling.TimeSampling.time_gibbs_sampling": "fe05678c727f352eb59d83d51246094439e561a03c2b67f7a771857b69b42487", "sampling.TimeSampling.time_likelihood_sample": "89996fc93f8b65dbdfa66d6bfdb4c6e440fa4b483e60369ed8ee461919ebb6ad", "sampling.TimeSampling.time_rejection_sample": "1246c8af155cc0a2db8d6a7daca8e062bcf5f2e0afd4c564bb19a65d21aed4da", "structure_learning.TimeHillClimb.time_hillclimb": "8ff6ea5990c046c4dfab297898cf6a57ff81a2c8b58e8d272917a3497b27ec8b", "structure_learning.TimePC.time_pc_orig": "d9de7bbd7c35a34e7b84a5fd2c2e6da9b5300987ed40c008d7515e11cd38a6c2", "structure_learning.TimePC.time_pc_stable": "e241d1e8b9c0c9daf2eaa78b9808996236e0aa980f7d6cdc9de17f76c10a7d06"}, "version": 1}