{"results": {"factor.TimeDiscreteFactor.time_factor_marginalize": {"result": [6.210457731308883e-05], "stats": [{"ci_99": [6.10498076710621e-05, 6.288144862352137e-05], "q_25": 6.127942941416909e-05, "q_75": 6.261636118024755e-05, "min": 6.10498076710621e-05, "max": 6.288144862352137e-05, "mean": 6.197939611263782e-05, "std": 6.918630973656907e-07, "repeat": 10, "number": 179}]}, "factor.TimeDiscreteFactor.time_factor_multiply_large": {"result": [5.1580613390320827e-05], "stats": [{"ci_99": [5.077328976421129e-05, 5.3199402810562226e-05], "q_25": 5.1357053841153774e-05, "q_75": 5.228996631645021e-05, "min": 5.077328976421129e-05, "max": 5.3199402810562226e-05, "mean": 5.178421868809632e-05, "std": 7.146492147454424e-07, "repeat": 10, "number": 210}]}, "factor.TimeDiscreteFactor.time_factor_reduce": {"result": [3.0296218399338158e-05], "stats": [{"ci_99": [3.0161474238742482e-05, 3.069089648644786e-05], "q_25": 3.022518773504197e-05, "q_75": 3.0345188520499824e-05, "min": 3.0161474238742482e-05, "max": 3.069089648644786e-05, "mean": 3.0327017724349806e-05, "std": 1.4902498649388768e-07, "repeat": 10, "number": 363}]}, "import.TimeImport.time_import": {"result": [1.273640317428586e-07], "stats": [{"ci_99": [1.258952975079912e-07, 1.2759603036032078e-07], "q_25": 1.262795212602659e-07, "q_75": 1.2757414509995743e-07, "min": 1.258952975079912e-07, "max": 1.2759603036032078e-07, "mean": 1.2695095213364747e-07, "std": 7.024312302554876e-10, "repeat": 10, "number": 78354}]}, "inference.TimeVariableElimination.time_query_alarm": null, "inference.TimeVariableElimination.time_query_munin": null, "readwrite.TimeRead.time_asia_read": null, "readwrite.TimeRead.time_asia_write": null, "readwrite.TimeRead.time_munin_read": null, "readwrite.TimeRead.time_munin_write": null, "readwrite.TimeRead.time_pathfinder_read": null, "readwrite.TimeRead.time_pathfinder_write": null, "sampling.TimeSampling.time_forward_sample": null, "sampling.TimeSampling.time_gibbs_sampling": null, "sampling.TimeSampling.time_likelihood_sample": null, "sampling.TimeSampling.time_rejection_sample": null, "structure_learning.TimeHillClimb.time_hillclimb": null, "structure_learning.TimePC.time_pc_orig": null, "structure_learning.TimePC.time_pc_stable": null}, "params": {"arch": "x86_64", "cpu": "Intel(R) Core(TM) i9-9820X CPU @ 3.30GHz", "machine": "graveyard", "num_cpu": "20", "os": "Linux 4.15.0-112-generic", "ram": "131688676", "python": "3.7"}, "requirements": {}, "commit_hash": "afdcf6dfed299517345113298a67c7be23cbd557", "date": 1617176515000, "env_name": "conda-py3.7", "python": "3.7", "profiles": {}, "started_at": {"factor.TimeDiscreteFactor.time_factor_marginalize": 1618079978457, "factor.TimeDiscreteFactor.time_factor_multiply_large": 1618079978665, "factor.TimeDiscreteFactor.time_factor_reduce": 1618079978872, "import.TimeImport.time_import": 1618079979079, "inference.TimeVariableElimination.time_query_alarm": 1618079977612, "inference.TimeVariableElimination.time_query_munin": 1618079977668, "readwrite.TimeRead.time_asia_read": 1618079977724, "readwrite.TimeRead.time_asia_write": 1618079977780, "readwrite.TimeRead.time_munin_read": 1618079977836, "readwrite.TimeRead.time_munin_write": 1618079977892, "readwrite.TimeRead.time_pathfinder_read": 1618079977949, "readwrite.TimeRead.time_pathfinder_write": 1618079978006, "sampling.TimeSampling.time_forward_sample": 1618079978062, "sampling.TimeSampling.time_gibbs_sampling": 1618079978119, "sampling.TimeSampling.time_likelihood_sample": 1618079978175, "sampling.TimeSampling.time_rejection_sample": 1618079978232, "structure_learning.TimeHillClimb.time_hillclimb": 1618079978288, "structure_learning.TimePC.time_pc_orig": 1618079978344, "structure_learning.TimePC.time_pc_stable": 1618079978401}, "ended_at": {"factor.TimeDiscreteFactor.time_factor_marginalize": 1618079978665, "factor.TimeDiscreteFactor.time_factor_multiply_large": 1618079978871, "factor.TimeDiscreteFactor.time_factor_reduce": 1618079979078, "import.TimeImport.time_import": 1618079979285, "inference.TimeVariableElimination.time_query_alarm": 1618079977667, "inference.TimeVariableElimination.time_query_munin": 1618079977723, "readwrite.TimeRead.time_asia_read": 1618079977780, "readwrite.TimeRead.time_asia_write": 1618079977836, "readwrite.TimeRead.time_munin_read": 1618079977892, "readwrite.TimeRead.time_munin_write": 1618079977949, "readwrite.TimeRead.time_pathfinder_read": 1618079978005, "readwrite.TimeRead.time_pathfinder_write": 1618079978062, "sampling.TimeSampling.time_forward_sample": 1618079978118, "sampling.TimeSampling.time_gibbs_sampling": 1618079978175, "sampling.TimeSampling.time_likelihood_sample": 1618079978231, "sampling.TimeSampling.time_rejection_sample": 1618079978288, "structure_learning.TimeHillClimb.time_hillclimb": 1618079978344, "structure_learning.TimePC.time_pc_orig": 1618079978401, "structure_learning.TimePC.time_pc_stable": 1618079978457}, "benchmark_version": {"factor.TimeDiscreteFactor.time_factor_marginalize": "a3ae79cdcf3bcd4bc49df94b3b3d5f93c4126249a9b3cf2481ac381ee836f851", "factor.TimeDiscreteFactor.time_factor_multiply_large": "cfb6b66fddb2953948ffb6566ae101535dd1e8d0fd9af855331f39ef905f4450", "factor.TimeDiscreteFactor.time_factor_reduce": "cb3858b638914f7572792153a60efb4aecbde56d5abf039791451adb0f26c263", "import.TimeImport.time_import": "b8454f897532cbfc3dc91dd442b9d4429c7671f8720779f25b6975fed7999d6c", "inference.TimeVariableElimination.time_query_alarm": "4f4aca0c4d029f458791f2444cae6bacf18251d2d465b1cc3492e4e32c07beec", "inference.TimeVariableElimination.time_query_munin": "3c25bd77115999cfba0644b479e5b10cea7897bdaa8f985e5dfa2b24c8c34ee0", "readwrite.TimeRead.time_asia_read": "00ee50175421b36358b2284cbbaaf9e6caad1078a142202d8afbc8a5431e3d42", "readwrite.TimeRead.time_asia_write": "6b23702a30f46b24f31ce56f640429a894ab62a5f2644da15763d9698ca06dd4", "readwrite.TimeRead.time_munin_read": "bf56520cd7d0afbd0aeb4f693d91093132666189d9704b5fa557da1164506529", "readwrite.TimeRead.time_munin_write": "bfbe73d230ae1b37c4fbfbc360be8367ce771b72ffaf78ad32604f393fac0f4d", "readwrite.TimeRead.time_pathfinder_read": "a603f5c5619a5360146c5c5aa9307b9d792df6d3932faa44d90d3b270b6f66eb", "readwrite.TimeRead.time_pathfinder_write": "6c7561cbd54f97bdd12c71950c46921d86f5e962246d9ca8c4182c8abb22cde5", "sampling.TimeSampling.time_forward_sample": "0ea380c0fe8a8131a802a270f53e62da34837522727ab5a9413ce81f5ac2bffb", "sampling.TimeSampling.time_gibbs_sampling": "fe05678c727f352eb59d83d51246094439e561a03c2b67f7a771857b69b42487", "sampling.TimeSampling.time_likelihood_sample": "89996fc93f8b65dbdfa66d6bfdb4c6e440fa4b483e60369ed8ee461919ebb6ad", "sampling.TimeSampling.time_rejection_sample": "1246c8af155cc0a2db8d6a7daca8e062bcf5f2e0afd4c564bb19a65d21aed4da", "structure_learning.TimeHillClimb.time_hillclimb": "8ff6ea5990c046c4dfab297898cf6a57ff81a2c8b58e8d272917a3497b27ec8b", "structure_learning.TimePC.time_pc_orig": "d9de7bbd7c35a34e7b84a5fd2c2e6da9b5300987ed40c008d7515e11cd38a6c2", "structure_learning.TimePC.time_pc_stable": "e241d1e8b9c0c9daf2eaa78b9808996236e0aa980f7d6cdc9de17f76c10a7d06"}, "version": 1}