{"results": {"factor.TimeDiscreteFactor.time_factor_marginalize": {"result": [6.123813042460486e-05], "stats": [{"ci_99": [6.112925231803295e-05, 6.192330227688302e-05], "q_25": 6.119537892816372e-05, "q_75": 6.134167779237032e-05, "min": 6.112925231803295e-05, "max": 6.192330227688302e-05, "mean": 6.132219203336295e-05, "std": 2.2515960257954402e-07, "repeat": 10, "number": 172}]}, "factor.TimeDiscreteFactor.time_factor_multiply_large": {"result": [5.098539117670737e-05], "stats": [{"ci_99": [5.082914084902307e-05, 5.166880539243255e-05], "q_25": 5.0943964977541236e-05, "q_75": 5.12944666836499e-05, "min": 5.082914084902307e-05, "max": 5.166880539243255e-05, "mean": 5.111652051244302e-05, "std": 2.7005168848521737e-07, "repeat": 10, "number": 211}]}, "factor.TimeDiscreteFactor.time_factor_reduce": {"result": [2.988979819278951e-05], "stats": [{"ci_99": [2.9635816122270736e-05, 3.0401337901967748e-05], "q_25": 2.9811341244453305e-05, "q_75": 3.00078706090067e-05, "min": 2.9635816122270736e-05, "max": 3.0401337901967748e-05, "mean": 2.9921427633034757e-05, "std": 1.9713371191649892e-07, "repeat": 10, "number": 367}]}, "import.TimeImport.time_import": {"result": [1.25834274652774e-07], "stats": [{"ci_99": [1.251018944721301e-07, 1.2931063938554126e-07], "q_25": 1.2545521075448163e-07, "q_75": 1.2641355341819965e-07, "min": 1.251018944721301e-07, "max": 1.2931063938554126e-07, "mean": 1.2618852905132252e-07, "std": 1.1637047528259047e-09, "repeat": 10, "number": 87462}]}, "inference.TimeVariableElimination.time_query_alarm": {"result": [0.08341317623853683], "stats": [{"ci_99": [0.081472567404091, 0.08514740212780274], "q_25": 0.0828330060467124, "q_75": 0.0838901549577713, "min": 0.08243483491241932, "max": 0.08397875167429447, "mean": 0.08330998476594687, "std": 0.0006393062860424521, "repeat": 4, "number": 1}]}, "inference.TimeVariableElimination.time_query_munin": {"result": [0.5000634370371699], "stats": [{"ci_99": [0.4982861421053719, 0.5019289943406868], "q_25": 0.49966398486867547, "q_75": 0.5005070203915238, "min": 0.4992735739797354, "max": 0.5010298248380423, "mean": 0.5001075682230294, "std": 0.0006509723774392884, "repeat": 4, "number": 1}]}, "readwrite.TimeRead.time_asia_read": {"result": [0.008532232604920864], "stats": [{"ci_99": [0.008121845312416553, 0.008942619897425175], "q_25": 0.008528128731995821, "q_75": 0.008536336477845907, "min": 0.008524024859070778, "max": 0.00854044035077095, "mean": 0.008532232604920864, "std": 8.207745850086212e-06, "repeat": 2, "number": 2}]}, "readwrite.TimeRead.time_asia_write": {"result": [0.000588098687252828], "stats": [{"ci_99": [-0.0004199309407600337, 0.0015961283152656888], "q_25": 0.0005780183909726994, "q_75": 0.0005981789835329566, "min": 0.0005679380946925708, "max": 0.0006082592798130852, "mean": 0.000588098687252828, "std": 2.0160592560257234e-05, "repeat": 2, "number": 70}]}, "readwrite.TimeRead.time_munin_read": {"result": [5.182051663286984], "stats": [{"ci_99": [5.136563959531486, 5.227539367042482], "q_25": 5.181596786249429, "q_75": 5.182506540324539, "min": 5.181141909211874, "max": 5.182961417362094, "mean": 5.182051663286984, "std": 0.0009097540751099586, "repeat": 2, "number": 1}]}, "readwrite.TimeRead.time_munin_write": {"result": [0.04096311517059803], "stats": [{"ci_99": [0.011793067678809166, 0.07013316266238687], "q_25": 0.04067141469568014, "q_75": 0.04125481564551592, "min": 0.04037971422076225, "max": 0.04154651612043381, "mean": 0.04096311517059803, "std": 0.0005834009498357773, "repeat": 2, "number": 1}]}, "readwrite.TimeRead.time_pathfinder_read": {"result": [5.7923700995743275], "stats": [{"ci_99": [5.758904419839382, 5.825835779309273], "q_25": 5.792035442776978, "q_75": 5.792704756371677, "min": 5.791700785979629, "max": 5.793039413169026, "mean": 5.7923700995743275, "std": 0.0006693135946989059, "repeat": 2, "number": 1}]}, "readwrite.TimeRead.time_pathfinder_write": {"result": [0.024654919281601906], "stats": [{"ci_99": [0.023038236424326897, 0.026271602138876915], "q_25": 0.024638752453029156, "q_75": 0.024671086110174656, "min": 0.024622585624456406, "max": 0.024687252938747406, "mean": 0.024654919281601906, "std": 3.233365714550018e-05, "repeat": 2, "number": 1}]}, "sampling.TimeSampling.time_forward_sample": {"result": [0.21128825843334198], "stats": [{"ci_99": [0.21030542999505997, 0.21221276931464672], "q_25": 0.21108593372628093, "q_75": 0.21166591299697757, "min": 0.21030542999505997, "max": 0.21221276931464672, "mean": 0.21134233009070158, "std": 0.0005763655188631188, "repeat": 10, "number": 1}]}, "sampling.TimeSampling.time_gibbs_sampling": null, "sampling.TimeSampling.time_likelihood_sample": {"result": [0.21060721017420292], "stats": [{"ci_99": [0.20945224165916443, 0.23956217989325523], "q_25": 0.21006864635273814, "q_75": 0.21127839386463165, "min": 0.20945224165916443, "max": 0.23956217989325523, "mean": 0.21345546953380107, "std": 0.008730671753066114, "repeat": 10, "number": 1}]}, "sampling.TimeSampling.time_rejection_sample": {"result": [38.9135748706758], "stats": [{"ci_99": [32.66715161502361, 45.159998126327984], "q_25": 38.85111063811928, "q_75": 38.976039103232324, "min": 38.78864640556276, "max": 39.038503335788846, "mean": 38.9135748706758, "std": 0.12492846511304379, "repeat": 2, "number": 1}]}, "structure_learning.TimeHillClimb.time_hillclimb": null, "structure_learning.TimePC.time_pc_orig": {"result": [46.29872747696936], "stats": [{"ci_99": [18.7677966337651, 73.82965832017359], "q_25": 46.02341816853732, "q_75": 46.574036785401404, "min": 45.748108860105276, "max": 46.84934609383345, "mean": 46.29872747696936, "std": 0.5506186168640852, "repeat": 2, "number": 1}]}, "structure_learning.TimePC.time_pc_stable": {"result": [46.56137383542955], "stats": [{"ci_99": [11.41874042339623, 81.70400724746284], "q_25": 46.209947501309216, "q_75": 46.91280016954988, "min": 45.85852116718888, "max": 47.264226503670216, "mean": 46.56137383542955, "std": 0.7028526682406664, "repeat": 2, "number": 1}]}, "factor.TimeDiscreteFactor.time_factor_compare": {"result": [6.42170887109796e-05], "stats": [{"ci_99": [6.382693068162929e-05, 6.500307536689487e-05], "q_25": 6.404717744895693e-05, "q_75": 6.436150983945858e-05, "min": 6.382693068162929e-05, "max": 6.500307536689487e-05, "mean": 6.424007198867007e-05, "std": 3.1024353275232503e-07, "repeat": 10, "number": 169}]}, "inference.TimeBeliefPropagation.time_query_alarm": {"result": [59.87373676802963], "stats": [{"ci_99": [59.581597966142, 60.16587556991726], "q_25": 59.870815380010754, "q_75": 59.87665815604851, "min": 59.86789399199188, "max": 59.87957954406738, "mean": 59.87373676802963, "std": 0.005842776037752628, "repeat": 2, "number": 1}]}, "parameter_learning.TimeBayesianEstimator.time_alarm_bayesian_estimator": {"result": [1.6911435909569263], "stats": [{"ci_99": [1.5217747493983738, 1.8154279858468536], "q_25": 1.653611778281629, "q_75": 1.7061331802979112, "min": 1.571412155404687, "max": 1.720706133171916, "mean": 1.668601367622614, "std": 0.057840871321648855, "repeat": 4, "number": 1}]}, "parameter_learning.TimeBayesianEstimator.time_munin_bayesian_estimator": {"result": [18.447174469009042], "stats": [{"ci_99": [5.323392676189542, 31.57095626182853], "q_25": 18.315936651080847, "q_75": 18.578412286937237, "min": 18.184698833152652, "max": 18.709650104865432, "mean": 18.447174469009042, "std": 0.26247563585639, "repeat": 2, "number": 1}]}, "parameter_learning.TimeExpectationMaximization.time_alarm_em": {"result": [19.546223265118897], "stats": [{"ci_99": [19.504020708613098, 19.588425821624696], "q_25": 19.54580123955384, "q_75": 19.546645290683955, "min": 19.54537921398878, "max": 19.547067316249013, "mean": 19.546223265118897, "std": 0.0008440511301159859, "repeat": 2, "number": 1}]}, "parameter_learning.TimeExpectationMaximization.time_munin_em": {"result": [111.62768588867038], "stats": [{"ci_99": [106.37961067724973, 116.87576110009104], "q_25": 111.57520513655618,