{"results": {"factor.TimeDiscreteFactor.time_factor_marginalize": {"result": [6.168145054613638e-05], "stats": [{"ci_99": [6.156105395646124e-05, 6.283919887933118e-05], "q_25": 6.164539583593782e-05, "q_75": 6.178346032287643e-05, "min": 6.156105395646124e-05, "max": 6.283919887933118e-05, "mean": 6.184451369165676e-05, "std": 3.7858796339973483e-07, "repeat": 10, "number": 171}]}, "factor.TimeDiscreteFactor.time_factor_multiply_large": {"result": [4.8573897112899115e-05], "stats": [{"ci_99": [4.82764833259143e-05, 4.978398985577069e-05], "q_25": 4.8441820979667704e-05, "q_75": 4.8868825942415244e-05, "min": 4.82764833259143e-05, "max": 4.978398985577069e-05, "mean": 4.873651032623608e-05, "std": 4.510850789485841e-07, "repeat": 10, "number": 217}]}, "factor.TimeDiscreteFactor.time_factor_reduce": {"result": [2.902059130511194e-05], "stats": [{"ci_99": [2.891494518502382e-05, 2.9319666346128416e-05], "q_25": 2.89397783617607e-05, "q_75": 2.915830655159012e-05, "min": 2.891494518502382e-05, "max": 2.9319666346128416e-05, "mean": 2.9063401517842337e-05, "std": 1.436730423804544e-07, "repeat": 10, "number": 371}]}, "import.TimeImport.time_import": {"result": [1.2861371292767996e-07], "stats": [{"ci_99": [1.2774408574014477e-07, 1.302649813910665e-07], "q_25": 1.2816534175632586e-07, "q_75": 1.2896047550735033e-07, "min": 1.2774408574014477e-07, "max": 1.302649813910665e-07, "mean": 1.286434473699513e-07, "std": 7.110390940708107e-10, "repeat": 10, "number": 85833}]}, "inference.TimeVariableElimination.time_query_alarm": {"result": [0.11797100491821766], "stats": [{"ci_99": [0.11563629392241802, 0.12038815658832226], "q_25": 0.11720521654933691, "q_75": 0.11877801362425089, "min": 0.1171948704868555, "max": 0.11891202069818974, "mean": 0.11801222525537014, "std": 0.0008129302658526061, "repeat": 4, "number": 1}]}, "inference.TimeVariableElimination.time_query_munin": {"result": [0.5038592955097556], "stats": [{"ci_99": [0.4776289625862655, 0.5323082064440433], "q_25": 0.5002657761797309, "q_75": 0.5085621038451791, "min": 0.4916280321776867, "max": 0.5205277148634195, "mean": 0.5049685845151544, "std": 0.010290022899899947, "repeat": 4, "number": 1}]}, "readwrite.TimeRead.time_asia_read": {"result": [0.008486871607601643], "stats": [{"ci_99": [0.007174358703196049, 0.009799384512007235], "q_25": 0.008473746478557587, "q_75": 0.008499996736645699, "min": 0.00846062134951353, "max": 0.008513121865689754, "mean": 0.008486871607601643, "std": 2.6250258088111877e-05, "repeat": 2, "number": 2}]}, "readwrite.TimeRead.time_asia_write": {"result": [0.0005835465772051206], "stats": [{"ci_99": [4.118334659387228e-06, 0.0011629748197508538], "q_25": 0.0005777522947796633, "q_75": 0.0005893408596305779, "min": 0.000571958012354206, "max": 0.0005951351420560353, "mean": 0.0005835465772051206, "std": 1.158856485091467e-05, "repeat": 2, "number": 71}]}, "readwrite.TimeRead.time_munin_read": {"result": [5.099788736552], "stats": [{"ci_99": [4.750360790640116, 5.449216682463884], "q_25": 5.096294457092881, "q_75": 5.103283016011119, "min": 5.092800177633762, "max": 5.106777295470238, "mean": 5.099788736552, "std": 0.006988558918237686, "repeat": 2, "number": 1}]}, "readwrite.TimeRead.time_munin_write": {"result": [0.04025784321129322], "stats": [{"ci_99": [0.03440634347498417, 0.046109342947602265], "q_25": 0.04019932821393013, "q_75": 0.04031635820865631, "min": 0.04014081321656704, "max": 0.0403748732060194, "mean": 0.04025784321129322, "std": 0.00011702999472618103, "repeat": 2, "number": 1}]}, "readwrite.TimeRead.time_pathfinder_read": {"result": [5.696056695654988], "stats": [{"ci_99": [5.244258796796203, 6.147854594513774], "q_25": 5.6915387166664, "q_75": 5.700574674643576, "min": 5.687020737677813, "max": 5.705092653632164, "mean": 5.696056695654988, "std": 0.009035957977175713, "repeat": 2, "number": 1}]}, "readwrite.TimeRead.time_pathfinder_write": {"result": [0.025630392134189606], "stats": [{"ci_99": [0.021102767437696457, 0.03015801683068275], "q_25": 0.025585115887224674, "q_75": 0.025675668381154537, "min": 0.025539839640259743, "max": 0.02572094462811947, "mean": 0.025630392134189606, "std": 9.055249392986298e-05, "repeat": 2, "number": 1}]}, "sampling.TimeSampling.time_forward_sample": null, "sampling.TimeSampling.time_gibbs_sampling": null, "sampling.TimeSampling.time_likelihood_sample": {"result": [0.20383678190410137], "stats": [{"ci_99": [0.20323815755546093, 0.2046312503516674], "q_25": 0.20355793833732605, "q_75": 0.20404880121350288, "min": 0.20323815755546093, "max": 0.2046312503516674, "mean": 0.20385089609771967, "std": 0.00040535340954305686, "repeat": 10, "number": 1}]}, "sampling.TimeSampling.time_rejection_sample": null, "structure_learning.TimeHillClimb.time_hillclimb": null, "structure_learning.TimePC.time_pc_orig": {"result": [41.639960010536015], "stats": [{"ci_99": [35.12197859864682, 48.1579414224252], "q_25": 41.57478019641712, "q_75": 41.70513982465491, "min": 41.50960038229823, "max": 41.7703196387738, "mean": 41.639960010536015, "std": 0.1303596282377839, "repeat": 2, "number": 1}]}, "structure_learning.TimePC.time_pc_stable": {"result": [41.62771920487285], "stats": [{"ci_99": [34.07092070952058, 49.18451770022511], "q_25": 41.552151219919324, "q_75": 41.70328718982637, "min": 41.4765832349658, "max": 41.77885517477989, "mean": 41.62771920487285, "std": 0.15113596990704536, "repeat": 2, "number": 1}]}, "factor.TimeDiscreteFactor.time_factor_compare": {"result": [6.268536504692659e-05], "stats": [{"ci_99": [6.237467695139126e-05, 6.302924614823506e-05], "q_25": 6.253873472085256e-05, "q_75": 6.270820475713221e-05, "min": 6.237467695139126e-05, "max": 6.302924614823506e-05, "mean": 6.26556831830276e-05, "std": 1.8422434403024244e-07, "repeat": 10, "number": 167}]}, "inference.TimeBeliefPropagation.time_query_alarm": {"result": [204.62553373444825], "stats": [{"ci_99": [157.40544831287116, 251.8456191560253], "q_25": 204.15333288023248, "q_75": 205.09773458866403, "min": 203.6811320260167, "max": 205.5699354428798, "mean": 204.62553373444825, "std": 0.9444017084315419, "repeat": 2, "number": 1}]}, "parameter_learning.TimeBayesianEstimator.time_alarm_bayesian_estimator": null, "parameter_learning.TimeBayesianEstimator.time_munin_bayesian_estimator": null, "parameter_learning.TimeExpectationMaximization.time_alarm_em": null, "parameter_learning.TimeExpectationMaximization.time_munin_em": null, "parameter_learning.TimeMLE.time_alarm_mle": null, "parameter_learning.TimeMLE.time_munin_mle": null, "structure_learning.TimeHillClimbAlarmModel.time_hillclimb": null, "structure_learning.TimeMmhcAlarmModel.time_mmhc": null, "structure_learning.TimePCAlarmModel.time_pc_orig": null, "structure_learning.TimePCAlarmModel.time_pc_stable": null, "structure_learning.TimeTreeSearchAlarmModel.time_tan": null}, "params": {"arch": "x86_64", "cpu": "Intel(R) Core(TM) i9-9820X CPU @ 3.30GHz", "machine": "graveyard", "num_cpu": "20", "os": "Linux 4.15.0-112-generic", "ram": "131688676", "python": "3.8"}, "requirements": {}, "commit_hash": "b5c7b7c247310a00f152ebf48cba87f9eefcea2d", "date": 1625150620000, "env_name": "conda-py3.8", "python": "3.8", "profiles": {}, "started_at": {"factor.TimeDiscreteFactor.time_factor_marginalize": 1653962752084, "factor.TimeDiscreteFactor.time_factor_multiply_large": 1653962752291, "factor.TimeDiscreteFactor.time_factor_reduce": 1653962752497, "import.TimeImport.time_import": 1653962752703, "inference.TimeVariableElimination.time_query_alarm": 1653963160569, "inference.TimeVariableElimination.time_query_munin": 1653963178477, "readwrite.TimeRead.time_asia_read": 1653963197541, "readwrite.TimeRead.time_asia_write": 1653963220962, "readwrite.TimeRead.time_munin_read": 1653963244383, "readwrite.TimeRead.time_munin_write": 1653963279785, "readwrite.TimeRead.time_pathfinder_read": 1653963303206, "readwrite.TimeRead.time_pathfinder_write": 1653963338711, "sampling.TimeSampling.time_forward_sample": 1653962148295,