{"results": {"factor.TimeDiscreteFactor.time_factor_marginalize": {"result": [6.11296110957332e-05], "stats": [{"ci_99": [6.090988509753752e-05, 6.187822912219009e-05], "q_25": 6.098052784359667e-05, "q_75": 6.137121490825563e-05, "min": 6.090988509753752e-05, "max": 6.187822912219009e-05, "mean": 6.124078786584752e-05, "std": 3.228954864613583e-07, "repeat": 10, "number": 169}]}, "factor.TimeDiscreteFactor.time_factor_multiply_large": {"result": [4.87292646735071e-05], "stats": [{"ci_99": [4.8273826174646894e-05, 4.930825573261653e-05], "q_25": 4.862703243705714e-05, "q_75": 4.886609075643192e-05, "min": 4.8273826174646894e-05, "max": 4.930825573261653e-05, "mean": 4.878173556143993e-05, "std": 2.944209472087436e-07, "repeat": 10, "number": 214}]}, "factor.TimeDiscreteFactor.time_factor_reduce": {"result": [2.920726078680192e-05], "stats": [{"ci_99": [2.9085830239386396e-05, 2.9394772417586425e-05], "q_25": 2.9112565620192165e-05, "q_75": 2.9277539512292407e-05, "min": 2.9085830239386396e-05, "max": 2.9394772417586425e-05, "mean": 2.920972129822462e-05, "std": 1.0282780837501376e-07, "repeat": 10, "number": 348}]}, "import.TimeImport.time_import": {"result": [1.2995662035893199e-07], "stats": [{"ci_99": [1.2969411743446757e-07, 1.3126424728635225e-07], "q_25": 1.2981869948050382e-07, "q_75": 1.3026444280915408e-07, "min": 1.2969411743446757e-07, "max": 1.3126424728635225e-07, "mean": 1.3010567579158336e-07, "std": 4.4341339301168047e-10, "repeat": 10, "number": 77361}]}, "inference.TimeVariableElimination.time_query_alarm": {"result": [0.048514229245483875], "stats": [{"ci_99": [0.046007942698836554, 0.051727148413717526], "q_25": 0.048263407312333584, "q_75": 0.04911836748942733, "min": 0.04772074334323406, "max": 0.050720980390906334, "mean": 0.04886754555627704, "std": 0.00111913162160396, "repeat": 4, "number": 1}]}, "inference.TimeVariableElimination.time_query_munin": {"result": [0.5855747470632195], "stats": [{"ci_99": [0.5626068733558045, 0.6065013563334956], "q_25": 0.5787031827494502, "q_75": 0.5914256791584194, "min": 0.5743452217429876, "max": 0.5927217435091734, "mean": 0.58455411484465, "std": 0.007611573782236989, "repeat": 4, "number": 1}]}, "readwrite.TimeRead.time_asia_read": {"result": [0.008388152811676264], "stats": [{"ci_99": [0.00833709305152297, 0.008439212571829557], "q_25": 0.008387642214074731, "q_75": 0.008388663409277797, "min": 0.008387131616473198, "max": 0.00838917400687933, "mean": 0.008388152811676264, "std": 1.0211952030658722e-06, "repeat": 2, "number": 2}]}, "readwrite.TimeRead.time_asia_write": {"result": [0.00038489721662981406], "stats": [{"ci_99": [-0.008884137273359467, 0.009653931706619085], "q_25": 0.00029220687172992125, "q_75": 0.00047758756152970687, "min": 0.00019951652683002847, "max": 0.0005702779064295997, "mean": 0.00038489721662981406, "std": 0.0001853806897997856, "repeat": 2, "number": 71}]}, "readwrite.TimeRead.time_munin_read": {"result": [5.043202083557844], "stats": [{"ci_99": [4.899929653853178, 5.18647451326251], "q_25": 5.0417693592607975, "q_75": 5.044634807854891, "min": 5.040336634963751, "max": 5.0460675321519375, "mean": 5.043202083557844, "std": 0.0028654485940933228, "repeat": 2, "number": 1}]}, "readwrite.TimeRead.time_munin_write": {"result": [0.0403057923540473], "stats": [{"ci_99": [0.025334921665489674, 0.05527666304260491], "q_25": 0.04015608364716172, "q_75": 0.040455501060932875, "min": 0.040006374940276146, "max": 0.04060520976781845, "mean": 0.0403057923540473, "std": 0.0002994174137711525, "repeat": 2, "number": 1}]}, "readwrite.TimeRead.time_pathfinder_read": {"result": [5.6436799773946404], "stats": [{"ci_99": [4.963239452801645, 6.324120501987635], "q_25": 5.6368755721487105, "q_75": 5.65048438264057, "min": 5.6300711669027805, "max": 5.6572887878865, "mean": 5.6436799773946404, "std": 0.013608810491859913, "repeat": 2, "number": 1}]}, "readwrite.TimeRead.time_pathfinder_write": {"result": [0.025599174201488495], "stats": [{"ci_99": [0.02142507955431938, 0.029773268848657605], "q_25": 0.025557433255016804, "q_75": 0.025640915147960186, "min": 0.025515692308545113, "max": 0.025682656094431877, "mean": 0.025599174201488495, "std": 8.348189294338226e-05, "repeat": 2, "number": 1}]}, "sampling.TimeSampling.time_forward_sample": {"result": [0.20229627657681704], "stats": [{"ci_99": [0.2013743631541729, 0.20373793505132198], "q_25": 0.2018390605226159, "q_75": 0.2029856094159186, "min": 0.2013743631541729, "max": 0.20373793505132198, "mean": 0.20238936506211758, "std": 0.0007360930109043858, "repeat": 10, "number": 1}]}, "sampling.TimeSampling.time_gibbs_sampling": null, "sampling.TimeSampling.time_likelihood_sample": {"result": [0.20445825532078743], "stats": [{"ci_99": [0.20318862423300743, 0.21643388085067272], "q_25": 0.20399352861568332, "q_75": 0.20461058663204312, "min": 0.20318862423300743, "max": 0.21643388085067272, "mean": 0.20539361853152513, "std": 0.0037179761738861156, "repeat": 10, "number": 1}]}, "sampling.TimeSampling.time_rejection_sample": {"result": [36.99851858150214], "stats": [{"ci_99": [29.83287710417062, 44.16416005883365], "q_25": 36.926862166728824, "q_75": 37.070174996275455, "min": 36.85520575195551, "max": 37.14183141104877, "mean": 36.99851858150214, "std": 0.14331282954663038, "repeat": 2, "number": 1}]}, "structure_learning.TimeHillClimb.time_hillclimb": null, "structure_learning.TimePC.time_pc_orig": {"result": [37.91096168383956], "stats": [{"ci_99": [-1.6692879162728786, 77.49121128395197], "q_25": 37.515159187838435, "q_75": 38.306764179840684, "min": 37.11935669183731, "max": 38.70256667584181, "mean": 37.91096168383956, "std": 0.7916049920022488, "repeat": 2, "number": 1}]}, "structure_learning.TimePC.time_pc_stable": {"result": [36.86812250968069], "stats": [{"ci_99": [32.719835695810616, 41.01640932355076], "q_25": 36.82663964154199, "q_75": 36.90960537781939, "min": 36.78515677340329, "max": 36.95108824595809, "mean": 36.86812250968069, "std": 0.08296573627740145, "repeat": 2, "number": 1}]}, "factor.TimeDiscreteFactor.time_factor_compare": {"result": [6.242979063906452e-05], "stats": [{"ci_99": [6.22156181965362e-05, 6.270125000314279e-05], "q_25": 6.234002119692212e-05, "q_75": 6.254851310090585e-05, "min": 6.22156181965362e-05, "max": 6.270125000314279e-05, "mean": 6.244061514735222e-05, "std": 1.4257101353740504e-07, "repeat": 10, "number": 176}]}, "inference.TimeBeliefPropagation.time_query_alarm": null, "inference.TimeBeliefPropagation.time_query_munin": null, "parameter_learning.TimeBayesianEstimator.time_alarm_bayesian_estimator": {"result": [1.628927143290639], "stats": [{"ci_99": [1.5871704489915248, 1.6803159230397462], "q_25": 1.6199697484262288, "q_75": 1.642700580880046, "min": 1.6169884633272886, "max": 1.6601299941539764, "mean": 1.6337431860156357, "std": 0.016957386425366726, "repeat": 4, "number": 1}]}, "parameter_learning.TimeBayesianEstimator.time_munin_bayesian_estimator": {"result": [20.050698736682534], "stats": [{"ci_99": [15.803398316726089, 24.297999156638976], "q_25": 20.00822573248297, "q_75": 20.0931717408821, "min": 19.965752728283405, "max": 20.135644745081663, "mean": 20.050698736682534, "std": 0.08494600839912891, "repeat": 2, "number": 1}]}, "parameter_learning.TimeExpectationMaximization.time_alarm_em": {"result": [18.344033071771264], "stats": [{"ci_99": [17.883946681395173, 18.804119462147355], "q_25": 18.339432207867503, "q_75": 18.348633935675025, "min": 18.334831343963742, "max": 18.353234799578786, "mean": 18.344033071771264, "std": 0.00920172780752182, "repeat": 2, "number": 1}]}, "parameter_learning.TimeExpectationMaximization.time_munin_em": {"result": [113.42642495594919], "stats": [{"ci_99": [103.00037779100239, 123.85247212089597], "q_25": 113.32216448429972, "q_75": 113.53068542759866, "min": 113.21790401265025, "max": 113.63494589924812, "mean": 113.42642495594919, "std": 0.2085209432989359, "repeat": 2, "number": 1}]},