{"results": {"factor.TimeDiscreteFactor.time_factor_compare": {"result": [6.996880785948565e-05], "stats": [{"ci_99": [6.973716829504286e-05, 7.054193236795412e-05], "q_25": 6.983850822866368e-05, "q_75": 7.015350433129842e-05, "min": 6.973716829504286e-05, "max": 7.054193236795412e-05, "mean": 7.003302983686227e-05, "std": 2.406097705368013e-07, "repeat": 10, "number": 147}]}, "factor.TimeDiscreteFactor.time_factor_marginalize": {"result": [6.583058850818805e-05], "stats": [{"ci_99": [6.568436039967483e-05, 6.600892108477903e-05], "q_25": 6.576513170442554e-05, "q_75": 6.590816035364451e-05, "min": 6.568436039967483e-05, "max": 6.600892108477903e-05, "mean": 6.584321473086818e-05, "std": 9.63568124451227e-08, "repeat": 10, "number": 178}]}, "factor.TimeDiscreteFactor.time_factor_multiply_large": {"result": [4.925802177577107e-05], "stats": [{"ci_99": [4.8605656182324446e-05, 5.049136881199148e-05], "q_25": 4.876939433247403e-05, "q_75": 4.959879529283003e-05, "min": 4.8605656182324446e-05, "max": 5.049136881199148e-05, "mean": 4.9336779759162e-05, "std": 6.301100810087835e-07, "repeat": 10, "number": 216}]}, "factor.TimeDiscreteFactor.time_factor_reduce": {"result": [2.9017667767110762e-05], "stats": [{"ci_99": [2.88290340084951e-05, 2.9278980506645453e-05], "q_25": 2.8891953291719433e-05, "q_75": 2.910406584595586e-05, "min": 2.88290340084951e-05, "max": 2.9278980506645453e-05, "mean": 2.9008283412882258e-05, "std": 1.381062302830894e-07, "repeat": 10, "number": 364}]}, "import.TimeImport.time_import": {"result": [1.2501913451677303e-07], "stats": [{"ci_99": [1.2417302846894794e-07, 1.2706933566655665e-07], "q_25": 1.2471700759730817e-07, "q_75": 1.2554085704278388e-07, "min": 1.2417302846894794e-07, "max": 1.2706933566655665e-07, "mean": 1.2527915147104814e-07, "std": 8.390783479338971e-10, "repeat": 10, "number": 86535}]}, "inference.TimeBeliefPropagation.time_query_alarm": null, "inference.TimeVariableElimination.time_query_alarm": null, "inference.TimeVariableElimination.time_query_munin": null, "parameter_learning.TimeBayesianEstimator.time_alarm_bayesian_estimator": null, "parameter_learning.TimeBayesianEstimator.time_munin_bayesian_estimator": null, "parameter_learning.TimeExpectationMaximization.time_alarm_em": null, "parameter_learning.TimeExpectationMaximization.time_munin_em": null, "parameter_learning.TimeMLE.time_alarm_mle": null, "parameter_learning.TimeMLE.time_munin_mle": null, "readwrite.TimeRead.time_asia_read": null, "readwrite.TimeRead.time_asia_write": null, "readwrite.TimeRead.time_munin_read": null, "readwrite.TimeRead.time_munin_write": null, "readwrite.TimeRead.time_pathfinder_read": null, "readwrite.TimeRead.time_pathfinder_write": null, "sampling.TimeSampling.time_forward_sample": null, "sampling.TimeSampling.time_gibbs_sampling": null, "sampling.TimeSampling.time_likelihood_sample": null, "sampling.TimeSampling.time_rejection_sample": null, "structure_learning.TimeHillClimbAlarmModel.time_hillclimb": null, "structure_learning.TimeMmhcAlarmModel.time_mmhc": null, "structure_learning.TimePCAlarmModel.time_pc_orig": null, "structure_learning.TimePCAlarmModel.time_pc_stable": null, "structure_learning.TimeTreeSearchAlarmModel.time_tan": null}, "params": {"arch": "x86_64", "cpu": "Intel(R) Core(TM) i9-9820X CPU @ 3.30GHz", "machine": "graveyard", "num_cpu": "20", "os": "Linux 4.15.0-112-generic", "ram": "131688676", "python": "3.8"}, "requirements": {}, "commit_hash": "b7dec2aef3d660d3d53be379f17953810cfc045d", "date": 1589437899000, "env_name": "conda-py3.8", "python": "3.8", "profiles": {}, "started_at": {"factor.TimeDiscreteFactor.time_factor_compare": 1654471068137, "factor.TimeDiscreteFactor.time_factor_marginalize": 1654471068344, "factor.TimeDiscreteFactor.time_factor_multiply_large": 1654471068550, "factor.TimeDiscreteFactor.time_factor_reduce": 1654471068756, "import.TimeImport.time_import": 1654471068963, "inference.TimeBeliefPropagation.time_query_alarm": 1654471066798, "inference.TimeVariableElimination.time_query_alarm": 1654471066853, "inference.TimeVariableElimination.time_query_munin": 1654471066908, "parameter_learning.TimeBayesianEstimator.time_alarm_bayesian_estimator": 1654471066964, "parameter_learning.TimeBayesianEstimator.time_munin_bayesian_estimator": 1654471067020, "parameter_learning.TimeExpectationMaximization.time_alarm_em": 1654471067075, "parameter_learning.TimeExpectationMaximization.time_munin_em": 1654471067131, "parameter_learning.TimeMLE.time_alarm_mle": 1654471067187, "parameter_learning.TimeMLE.time_munin_mle": 1654471067243, "readwrite.TimeRead.time_asia_read": 1654471067299, "readwrite.TimeRead.time_asia_write": 1654471067355, "readwrite.TimeRead.time_munin_read": 1654471067411, "readwrite.TimeRead.time_munin_write": 1654471067467, "readwrite.TimeRead.time_pathfinder_read": 1654471067522, "readwrite.TimeRead.time_pathfinder_write": 1654471067578, "sampling.TimeSampling.time_forward_sample": 1654471067634, "sampling.TimeSampling.time_gibbs_sampling": 1654471067690, "sampling.TimeSampling.time_likelihood_sample": 1654471067746, "sampling.TimeSampling.time_rejection_sample": 1654471067802, "structure_learning.TimeHillClimbAlarmModel.time_hillclimb": 1654471067858, "structure_learning.TimeMmhcAlarmModel.time_mmhc": 1654471067914, "structure_learning.TimePCAlarmModel.time_pc_orig": 1654471067970, "structure_learning.TimePCAlarmModel.time_pc_stable": 1654471068025, "structure_learning.TimeTreeSearchAlarmModel.time_tan": 1654471068081}, "ended_at": {"factor.TimeDiscreteFactor.time_factor_compare": 1654471068344, "factor.TimeDiscreteFactor.time_factor_marginalize": 1654471068550, "factor.TimeDiscreteFactor.time_factor_multiply_large": 1654471068756, "factor.TimeDiscreteFactor.time_factor_reduce": 1654471068962, "import.TimeImport.time_import": 1654471069168, "inference.TimeBeliefPropagation.time_query_alarm": 1654471066853, "inference.TimeVariableElimination.time_query_alarm": 1654471066908, "inference.TimeVariableElimination.time_query_munin": 1654471066964, "parameter_learning.TimeBayesianEstimator.time_alarm_bayesian_estimator": 1654471067020, "parameter_learning.TimeBayesianEstimator.time_munin_bayesian_estimator": 1654471067075, "parameter_learning.TimeExpectationMaximization.time_alarm_em": 1654471067131, "parameter_learning.TimeExpectationMaximization.time_munin_em": 1654471067187, "parameter_learning.TimeMLE.time_alarm_mle": 1654471067243, "parameter_learning.TimeMLE.time_munin_mle": 1654471067299, "readwrite.TimeRead.time_asia_read": 1654471067355, "readwrite.TimeRead.time_asia_write": 1654471067411, "readwrite.TimeRead.time_munin_read": 1654471067466, "readwrite.TimeRead.time_munin_write": 1654471067522, "readwrite.TimeRead.time_pathfinder_read": 1654471067578, "readwrite.TimeRead.time_pathfinder_write": 1654471067634, "sampling.TimeSampling.time_forward_sample": 1654471067690, "sampling.TimeSampling.time_gibbs_sampling": 1654471067746, "sampling.TimeSampling.time_likelihood_sample": 1654471067802, "sampling.TimeSampling.time_rejection_sample": 1654471067858, "structure_learning.TimeHillClimbAlarmModel.time_hillclimb": 1654471067914, "structure_learning.TimeMmhcAlarmModel.time_mmhc": 1654471067970, "structure_learning.TimePCAlarmModel.time_pc_orig": 1654471068025, "structure_learning.TimePCAlarmModel.time_pc_stable": 1654471068081, "structure_learning.TimeTreeSearchAlarmModel.time_tan": 1654471068137}, "benchmark_version": {"factor.TimeDiscreteFactor.time_factor_compare": "95feb42df85ffe5cf519cf4af677309a5cdb891db99ad54b655196c3e1f2e13a", "factor.TimeDiscreteFactor.time_factor_marginalize": "a3ae79cdcf3bcd4bc49df94b3b3d5f93c4126249a9b3cf2481ac381ee836f851", "factor.TimeDiscreteFactor.time_factor_multiply_large": "cfb6b66fddb2953948ffb6566ae101535dd1e8d0fd9af855331f39ef905f4450", "factor.TimeDiscreteFactor.time_factor_reduce": "cb3858b638914f7572792153a60efb4aecbde56d5abf039791451adb0f26c263",