{"results": {"factor.TimeDiscreteFactor.time_factor_compare": {"result": [6.459681143671829e-05], "stats": [{"ci_99": [6.405015400848034e-05, 6.508929018648515e-05], "q_25": 6.423895218357536e-05, "q_75": 6.472154792328799e-05, "min": 6.405015400848034e-05, "max": 6.508929018648515e-05, "mean": 6.453869806498475e-05, "std": 3.26239344959847e-07, "repeat": 10, "number": 161}]}, "factor.TimeDiscreteFactor.time_factor_marginalize": {"result": [6.261499721311523e-05], "stats": [{"ci_99": [6.188752274670287e-05, 6.340312475929717e-05], "q_25": 6.21003355317844e-05, "q_75": 6.286200682470898e-05, "min": 6.188752274670287e-05, "max": 6.340312475929717e-05, "mean": 6.253640920280696e-05, "std": 4.6987859742668736e-07, "repeat": 10, "number": 167}]}, "factor.TimeDiscreteFactor.time_factor_multiply_large": {"result": [5.395505933812931e-05], "stats": [{"ci_99": [5.25988620576676e-05, 5.637144928343558e-05], "q_25": 5.282378314357055e-05, "q_75": 5.428272223715006e-05, "min": 5.25988620576676e-05, "max": 5.637144928343558e-05, "mean": 5.385717599871056e-05, "std": 1.1089018416732551e-06, "repeat": 10, "number": 209}]}, "factor.TimeDiscreteFactor.time_factor_reduce": {"result": [3.048223917970316e-05], "stats": [{"ci_99": [3.0084233474468723e-05, 3.1229118834513934e-05], "q_25": 3.0267854110843222e-05, "q_75": 3.07725642399847e-05, "min": 3.0084233474468723e-05, "max": 3.1229118834513934e-05, "mean": 3.053997861370239e-05, "std": 3.5792752653194913e-07, "repeat": 10, "number": 363}]}, "import.TimeImport.time_import": {"result": [1.2288269217594033e-07], "stats": [{"ci_99": [1.2142524762195378e-07, 1.2581425685089268e-07], "q_25": 1.215308630311227e-07, "q_75": 1.2483791547288368e-07, "min": 1.2142524762195378e-07, "max": 1.2581425685089268e-07, "mean": 1.232481369649181e-07, "std": 1.7629348161721349e-09, "repeat": 10, "number": 89080}]}, "inference.TimeBeliefPropagation.time_query_alarm": {"result": [8.32127396017313], "stats": [{"ci_99": [6.338743753731251, 10.303804166615008], "q_25": 8.301448658108711, "q_75": 8.341099262237549, "min": 8.281623356044292, "max": 8.360924564301968, "mean": 8.32127396017313, "std": 0.039650604128837585, "repeat": 2, "number": 1}]}, "inference.TimeVariableElimination.time_query_alarm": {"result": [0.017034651711583138], "stats": [{"ci_99": [0.016050022413000253, 0.01803680943234286], "q_25": 0.016704842913895845, "q_75": 0.01737322472035885, "min": 0.016702117398381233, "max": 0.017402242869138718, "mean": 0.017043415922671556, "std": 0.0003397594324737733, "repeat": 4, "number": 1}]}, "inference.TimeVariableElimination.time_query_munin": {"result": [0.5340021476149559], "stats": [{"ci_99": [0.5259927551178765, 0.5420524614946414], "q_25": 0.5324421492405236, "q_75": 0.5355826066806912, "min": 0.5299528483301401, "max": 0.5381332896649837, "mean": 0.5340226083062589, "std": 0.00293802487156034, "repeat": 4, "number": 1}]}, "parameter_learning.TimeBayesianEstimator.time_alarm_bayesian_estimator": {"result": [1.6203956492245197], "stats": [{"ci_99": [1.521309454264963, 1.7254805087196585], "q_25": 1.5898933736607432, "q_75": 1.6538972570560873, "min": 1.5867782477289438, "max": 1.6660103797912598, "mean": 1.6233949814923108, "std": 0.035039592563409175, "repeat": 4, "number": 1}]}, "parameter_learning.TimeBayesianEstimator.time_munin_bayesian_estimator": {"result": [18.38665603287518], "stats": [{"ci_99": [16.311199018731713, 20.462113047018647], "q_25": 18.365901462733746, "q_75": 18.407410603016615, "min": 18.34514689259231, "max": 18.42816517315805, "mean": 18.38665603287518, "std": 0.04150914028286934, "repeat": 2, "number": 1}]}, "parameter_learning.TimeExpectationMaximization.time_alarm_em": {"result": [9.789250017143786], "stats": [{"ci_99": [4.8298243610188365, 14.748675673268732], "q_25": 9.739655760582536, "q_75": 9.838844273705035, "min": 9.690061504021287, "max": 9.888438530266285, "mean": 9.789250017143786, "std": 0.09918851312249899, "repeat": 2, "number": 1}]}, "parameter_learning.TimeExpectationMaximization.time_munin_em": {"result": [91.41547033656389], "stats": [{"ci_99": [76.87781808059663, 105.95312259253113], "q_25": 91.27009381400421, "q_75": 91.56084685912356, "min": 91.12471729144454, "max": 91.70622338168323, "mean": 91.41547033656389, "std": 0.2907530451193452, "repeat": 2, "number": 1}]}, "parameter_learning.TimeMLE.time_alarm_mle": {"result": [1.600081722252071], "stats": [{"ci_99": [1.4214634163396886, 1.7845520652738878], "q_25": 1.5485074575990438, "q_75": 1.6545820054598153, "min": 1.5300200413912535, "max": 1.6818474773317575, "mean": 1.6030077408067882, "std": 0.06261887355623236, "repeat": 4, "number": 1}]}, "parameter_learning.TimeMLE.time_munin_mle": {"result": [18.3626091433689], "stats": [{"ci_99": [10.406837877817452, 26.31838040892034], "q_25": 18.283051430713385, "q_75": 18.442166856024414, "min": 18.20349371805787, "max": 18.52172456867993, "mean": 18.3626091433689, "std": 0.15911542531102896, "repeat": 2, "number": 1}]}, "readwrite.TimeRead.time_asia_read": {"result": [0.008727792650461197], "stats": [{"ci_99": [0.0015871562063694, 0.015868429094552987], "q_25": 0.008656386286020279, "q_75": 0.008799199014902115, "min": 0.008584979921579361, "max": 0.008870605379343033, "mean": 0.008727792650461197, "std": 0.00014281272888183594, "repeat": 2, "number": 2}]}, "readwrite.TimeRead.time_asia_write": {"result": [0.0010054183598512258], "stats": [{"ci_99": [0.00015103974594519792, 0.0018597969737572527], "q_25": 0.0009968745737121655, "q_75": 0.001013962145990286, "min": 0.0009883307875731052, "max": 0.0010225059321293463, "mean": 0.0010054183598512258, "std": 1.7087572278120557e-05, "repeat": 2, "number": 39}]}, "readwrite.TimeRead.time_munin_read": {"result": [5.286206518299878], "stats": [{"ci_99": [2.4310530899092555, 8.141359946690498], "q_25": 5.257654984015971, "q_75": 5.314758052583784, "min": 5.229103449732065, "max": 5.34330958686769, "mean": 5.286206518299878, "std": 0.05710306856781244, "repeat": 2, "number": 1}]}, "readwrite.TimeRead.time_munin_write": {"result": [0.12361480295658112], "stats": [{"ci_99": [0.09514967352151871, 0.1520799323916435], "q_25": 0.12333015166223049, "q_75": 0.12389945425093174, "min": 0.12304550036787987, "max": 0.12418410554528236, "mean": 0.12361480295658112, "std": 0.0005693025887012482, "repeat": 2, "number": 1}]}, "readwrite.TimeRead.time_pathfinder_read": {"result": [5.884507647715509], "stats": [{"ci_99": [2.450245642103255, 9.31876965332776], "q_25": 5.850165027659386, "q_75": 5.9188502677716315, "min": 5.815822407603264, "max": 5.953192887827754, "mean": 5.884507647715509, "std": 0.06868524011224508, "repeat": 2, "number": 1}]}, "readwrite.TimeRead.time_pathfinder_write": {"result": [0.1172340800985694], "stats": [{"ci_99": [0.1138256723061204, 0.12064248789101839], "q_25": 0.1171999960206449, "q_75": 0.11726816417649388, "min": 0.11716591194272041, "max": 0.11730224825441837, "mean": 0.1172340800985694, "std": 6.816815584897995e-05, "repeat": 2, "number": 1}]}, "sampling.TimeSampling.time_forward_sample": {"result": [0.21216304879635572], "stats": [{"ci_99": [0.20917818322777748, 0.21799380891025066], "q_25": 0.20950803998857737, "q_75": 0.21589333517476916, "min": 0.20917818322777748, "max": 0.21799380891025066, "mean": 0.21284837704151868, "std": 0.0035087327610222774, "repeat": 10, "number": 1}]}, "sampling.TimeSampling.time_gibbs_sampling": null, "sampling.TimeSampling.time_likelihood_sample": {"result": [0.21895903535187244], "stats": [{"ci_99": [0.21625851467251778, 0.22305040061473846], "q_25": 0.21730911685153842, "q_75": 0.22108748089522123, "min": 0.21625851467251778, "max": 0.22305040061473846, "mean": 0.21925652883946894, "std": 0.0022715395070630837, "repeat": 10, "number": 1}]}, "sampling.TimeSampling.time_rejection_sample": {"result": [40.92174073588103], "stats": [{"ci_99": [30.42172592971474, 51.421755542047315], "q_25": 40.81674058781937, "q_75": 41.02674088394269, "min": 40.711740439757705, "max": 41.131741032004356,