{"results": {"factor.TimeDiscreteFactor.time_factor_compare": {"result": [6.779688823072217e-05], "stats": [{"ci_99": [6.760602604739273e-05, 6.83030797333657e-05], "q_25": 6.765528888547723e-05, "q_75": 6.800398666741728e-05, "min": 6.760602604739273e-05, "max": 6.83030797333657e-05, "mean": 6.784890672262711e-05, "std": 2.1644141514205467e-07, "repeat": 10, "number": 158}]}, "factor.TimeDiscreteFactor.time_factor_marginalize": {"result": [6.419968687825733e-05], "stats": [{"ci_99": [6.387022198640812e-05, 6.56767917132517e-05], "q_25": 6.394898409993328e-05, "q_75": 6.423910469775312e-05, "min": 6.387022198640812e-05, "max": 6.56767917132517e-05, "mean": 6.425573397972429e-05, "std": 4.966045679993918e-07, "repeat": 10, "number": 171}]}, "factor.TimeDiscreteFactor.time_factor_multiply_large": {"result": [5.600592218494664e-05], "stats": [{"ci_99": [5.569081986322999e-05, 5.655816251722475e-05], "q_25": 5.5948029815529786e-05, "q_75": 5.617429026945805e-05, "min": 5.569081986322999e-05, "max": 5.655816251722475e-05, "mean": 5.6066796726857626e-05, "std": 2.475483139681407e-07, "repeat": 10, "number": 192}]}, "factor.TimeDiscreteFactor.time_factor_reduce": {"result": [3.29314458828706e-05], "stats": [{"ci_99": [3.275829438979809e-05, 3.381169186188624e-05], "q_25": 3.280196195611587e-05, "q_75": 3.31156371304622e-05, "min": 3.275829438979809e-05, "max": 3.381169186188624e-05, "mean": 3.302395687653468e-05, "std": 3.036774240132405e-07, "repeat": 10, "number": 325}]}, "import.TimeImport.time_import": {"result": [1.2422794419913618e-07], "stats": [{"ci_99": [1.2377872101437228e-07, 1.2630931805392136e-07], "q_25": 1.240613119606879e-07, "q_75": 1.2516356744011484e-07, "min": 1.2377872101437228e-07, "max": 1.2630931805392136e-07, "mean": 1.2463421806248612e-07, "std": 7.993969138462279e-10, "repeat": 10, "number": 87704}]}, "inference.TimeBeliefPropagation.time_query_alarm": null, "inference.TimeVariableElimination.time_query_alarm": null, "inference.TimeVariableElimination.time_query_munin": null, "parameter_learning.TimeBayesianEstimator.time_alarm_bayesian_estimator": {"result": [1.7440737839788198], "stats": [{"ci_99": [1.618709129025025, 1.8255765822485257], "q_25": 1.7167515261098742, "q_75": 1.749465113505721, "min": 1.6482258159667253, "max": 1.752198038622737, "mean": 1.7221428556367755, "std": 0.04292179273535059, "repeat": 4, "number": 1}]}, "parameter_learning.TimeBayesianEstimator.time_munin_bayesian_estimator": {"result": [19.992805380374193], "stats": [{"ci_99": [19.096311755478382, 20.889299005270004], "q_25": 19.983840444125235, "q_75": 20.00177031662315, "min": 19.974875507876277, "max": 20.01073525287211, "mean": 19.992805380374193, "std": 0.01792987249791622, "repeat": 2, "number": 1}]}, "parameter_learning.TimeExpectationMaximization.time_alarm_em": {"result": [10.794754744507372], "stats": [{"ci_99": [5.9787761410698295, 15.610733347944912], "q_25": 10.746594958472997, "q_75": 10.842914530541748, "min": 10.698435172438622, "max": 10.891074316576123, "mean": 10.794754744507372, "std": 0.09631957206875086, "repeat": 2, "number": 1}]}, "parameter_learning.TimeExpectationMaximization.time_munin_em": {"result": [99.69609618932009], "stats": [{"ci_99": [91.66360429301858, 107.7285880856216], "q_25": 99.61577127035707, "q_75": 99.7764211082831, "min": 99.53544635139406, "max": 99.85674602724612, "mean": 99.69609618932009, "std": 0.16064983792603016, "repeat": 2, "number": 1}]}, "parameter_learning.TimeMLE.time_alarm_mle": {"result": [1.753805534914136], "stats": [{"ci_99": [1.5233774675797083, 1.9908167592440396], "q_25": 1.709081423934549, "q_75": 1.8018212243914604, "min": 1.6417806800454855, "max": 1.878996703773737, "mean": 1.7570971134118736, "std": 0.08540022590699976, "repeat": 4, "number": 1}]}, "parameter_learning.TimeMLE.time_munin_mle": {"result": [19.518160058185458], "stats": [{"ci_99": [11.10079668648541, 27.9355234298855], "q_25": 19.433986424468458, "q_75": 19.60233369190246, "min": 19.349812790751457, "max": 19.68650732561946, "mean": 19.518160058185458, "std": 0.16834726743400097, "repeat": 2, "number": 1}]}, "readwrite.TimeRead.time_asia_read": {"result": [0.009105369914323092], "stats": [{"ci_99": [0.008582874666899443, 0.00962786516174674], "q_25": 0.009100144961848855, "q_75": 0.009110594866797328, "min": 0.009094920009374619, "max": 0.009115819819271564, "mean": 0.009105369914323092, "std": 1.0449904948472977e-05, "repeat": 2, "number": 2}]}, "readwrite.TimeRead.time_asia_write": null, "readwrite.TimeRead.time_munin_read": {"result": [5.640588538721204], "stats": [{"ci_99": [4.9611578937619925, 6.320019183680414], "q_25": 5.633794232271612, "q_75": 5.647382845170796, "min": 5.62699992582202, "max": 5.654177151620388, "mean": 5.640588538721204, "std": 0.013588612899184227, "repeat": 2, "number": 1}]}, "readwrite.TimeRead.time_munin_write": null, "readwrite.TimeRead.time_pathfinder_read": {"result": [6.24044790957123], "stats": [{"ci_99": [5.854251860640943, 6.626643958501518], "q_25": 6.2365859490819275, "q_75": 6.244309870060533, "min": 6.232723988592625, "max": 6.248171830549836, "mean": 6.24044790957123, "std": 0.007723920978605747, "repeat": 2, "number": 1}]}, "readwrite.TimeRead.time_pathfinder_write": null, "sampling.TimeSampling.time_forward_sample": {"result": [0.20686034578830004], "stats": [{"ci_99": [0.20624862425029278, 0.20799029432237148], "q_25": 0.20655331201851368, "q_75": 0.20720842666924, "min": 0.20624862425029278, "max": 0.20799029432237148, "mean": 0.20692996867001057, "std": 0.0005106118759765339, "repeat": 10, "number": 1}]}, "sampling.TimeSampling.time_gibbs_sampling": null, "sampling.TimeSampling.time_likelihood_sample": {"result": [0.20882788114249706], "stats": [{"ci_99": [0.2076514046639204, 0.21107409335672855], "q_25": 0.20821335026994348, "q_75": 0.2097723912447691, "min": 0.2076514046639204, "max": 0.21107409335672855, "mean": 0.20903319139033555, "std": 0.001054477842081692, "repeat": 10, "number": 1}]}, "sampling.TimeSampling.time_rejection_sample": {"result": [37.1209196196869], "stats": [{"ci_99": [31.464054240845144, 42.77778499852865], "q_25": 37.064350965898484, "q_75": 37.17748827347532, "min": 37.007782312110066, "max": 37.23405692726374, "mean": 37.1209196196869, "std": 0.11313730757683516, "repeat": 2, "number": 1}]}, "structure_learning.TimeHillClimbAlarmModel.time_hillclimb": {"result": [54.365009769797325], "stats": [{"ci_99": [49.41395917162299, 59.31606036797165], "q_25": 54.31549926381558, "q_75": 54.41452027577907, "min": 54.26598875783384, "max": 54.46403078176081, "mean": 54.365009769797325, "std": 0.09902101196348667, "repeat": 2, "number": 1}]}, "structure_learning.TimeMmhcAlarmModel.time_mmhc": null, "structure_learning.TimePCAlarmModel.time_pc_orig": null, "structure_learning.TimePCAlarmModel.time_pc_stable": null, "structure_learning.TimeTreeSearchAlarmModel.time_tan": null}, "params": {"arch": "x86_64", "cpu": "Intel(R) Core(TM) i9-9820X CPU @ 3.30GHz", "machine": "graveyard", "num_cpu": "20", "os": "Linux 4.15.0-112-generic", "ram": "131688676", "python": "3.6"}, "requirements": {}, "commit_hash": "badb2f7e1e2cb38ca7eac4c51391c8c520f6cecc", "date": 1656572357000, "env_name": "conda-py3.6", "python": "3.6", "profiles": {}, "started_at": {"factor.TimeDiscreteFactor.time_factor_compare": 1657123307808, "factor.TimeDiscreteFactor.time_factor_marginalize": 1657123308015, "factor.TimeDiscreteFactor.time_factor_multiply_large": 1657123308222, "factor.TimeDiscreteFactor.time_factor_reduce": 1657123308429, "import.TimeImport.time_import": 1657123308635, "inference.TimeBeliefPropagation.time_query_alarm": 1657121358867, "inference.TimeVariableElimination.time_query_alarm": 1657121365895, "inference.TimeVariableElimination.time_query_munin": 1657121371667, "parameter_learning.TimeBayesianEstimator.time_alarm_bayesian_estimator": 1657123308842, "parameter_learning.TimeBayesianEstimator.time_munin_bayesian_estimator": 1657123324944,