{"results": {"factor.TimeDiscreteFactor.time_factor_marginalize": {"result": [6.127100711488454e-05], "stats": [{"ci_99": [6.06575549322333e-05, 6.181336307929734e-05], "q_25": 6.121997642567602e-05, "q_75": 6.131176431637025e-05, "min": 6.06575549322333e-05, "max": 6.181336307929734e-05, "mean": 6.122131447839198e-05, "std": 3.072595486518475e-07, "repeat": 10, "number": 177}]}, "factor.TimeDiscreteFactor.time_factor_multiply_large": {"result": [4.90580520061689e-05], "stats": [{"ci_99": [4.857409501744208e-05, 4.961040462845954e-05], "q_25": 4.8677106257353985e-05, "q_75": 4.9232490029986775e-05, "min": 4.857409501744208e-05, "max": 4.961040462845954e-05, "mean": 4.899842821270506e-05, "std": 3.34254586562506e-07, "repeat": 10, "number": 214}]}, "factor.TimeDiscreteFactor.time_factor_reduce": {"result": [2.9128112481626054e-05], "stats": [{"ci_99": [2.897234227737235e-05, 2.9262477875421833e-05], "q_25": 2.9029241404053888e-05, "q_75": 2.9169072464691194e-05, "min": 2.897234227737235e-05, "max": 2.9262477875421833e-05, "mean": 2.9111375210171973e-05, "std": 9.323875191221015e-08, "repeat": 10, "number": 358}]}, "import.TimeImport.time_import": {"result": [1.295342953382528e-07], "stats": [{"ci_99": [1.281160954999016e-07, 1.3121585410918035e-07], "q_25": 1.2932294037695303e-07, "q_75": 1.3017486713986203e-07, "min": 1.281160954999016e-07, "max": 1.3121585410918035e-07, "mean": 1.2973425406104406e-07, "std": 8.169578340444633e-10, "repeat": 10, "number": 81583}]}, "inference.TimeVariableElimination.time_query_alarm": {"result": [0.04655922204256058], "stats": [{"ci_99": [0.045622001028032495, 0.047704261170356074], "q_25": 0.04634359572082758, "q_75": 0.046878757420927286, "min": 0.04629896767437458, "max": 0.04723511263728142, "mean": 0.04666313109919429, "std": 0.0003748244372062134, "repeat": 4, "number": 1}]}, "inference.TimeVariableElimination.time_query_munin": {"result": [0.2557252161204815], "stats": [{"ci_99": [0.23274732569157439, 0.2866673534557288], "q_25": 0.2540364139713347, "q_75": 0.26139614172279835, "min": 0.24956006556749344, "max": 0.2778188604861498, "mean": 0.25970733957365155, "std": 0.01075623475814275, "repeat": 4, "number": 1}]}, "readwrite.TimeRead.time_asia_read": {"result": [0.008401304017752409], "stats": [{"ci_99": [0.008019485045224428, 0.00878312299028039], "q_25": 0.00839748582802713, "q_75": 0.008405122207477689, "min": 0.00839366763830185, "max": 0.008408940397202969, "mean": 0.008401304017752409, "std": 7.636379450559616e-06, "repeat": 2, "number": 2}]}, "readwrite.TimeRead.time_asia_write": {"result": [0.0005543456386981739], "stats": [{"ci_99": [0.0003689587659512969, 0.0007397325114450507], "q_25": 0.0005524917699707051, "q_75": 0.0005561995074256427, "min": 0.0005506379012432364, "max": 0.0005580533761531115, "mean": 0.0005543456386981739, "std": 3.70773745493754e-06, "repeat": 2, "number": 72}]}, "readwrite.TimeRead.time_munin_read": {"result": [5.078559703193605], "stats": [{"ci_99": [5.027033490128815, 5.130085916258395], "q_25": 5.078044441062957, "q_75": 5.079074965324253, "min": 5.077529178932309, "max": 5.079590227454901, "mean": 5.078559703193605, "std": 0.0010305242612957954, "repeat": 2, "number": 1}]}, "readwrite.TimeRead.time_munin_write": {"result": [0.04040211904793978], "stats": [{"ci_99": [0.03663077484816313, 0.04417346324771643], "q_25": 0.04036440560594201, "q_75": 0.040439832489937544, "min": 0.040326692163944244, "max": 0.04047754593193531, "mean": 0.04040211904793978, "std": 7.542688399553299e-05, "repeat": 2, "number": 1}]}, "readwrite.TimeRead.time_pathfinder_read": {"result": [5.70662943739444], "stats": [{"ci_99": [3.944934952072799, 7.468323922716079], "q_25": 5.689012492541224, "q_75": 5.724246382247657, "min": 5.671395547688007, "max": 5.741863327100873, "mean": 5.70662943739444, "std": 0.03523388970643282, "repeat": 2, "number": 1}]}, "readwrite.TimeRead.time_pathfinder_write": {"result": [0.02577496413141489], "stats": [{"ci_99": [0.017541653476655483, 0.03400827478617429], "q_25": 0.025692631024867296, "q_75": 0.025857297237962484, "min": 0.025610297918319702, "max": 0.02593963034451008, "mean": 0.02577496413141489, "std": 0.00016466621309518814, "repeat": 2, "number": 1}]}, "sampling.TimeSampling.time_forward_sample": null, "sampling.TimeSampling.time_gibbs_sampling": null, "sampling.TimeSampling.time_likelihood_sample": {"result": [3.745940919034183], "stats": [{"ci_99": [3.7051415504794663, 3.797148981513446], "q_25": 3.7418755986727774, "q_75": 3.7552105863578618, "min": 3.732131212949753, "max": 3.7805680129677057, "mean": 3.751145265996456, "std": 0.017907668134336738, "repeat": 4, "number": 1}]}, "sampling.TimeSampling.time_rejection_sample": null, "structure_learning.TimeHillClimb.time_hillclimb": null, "structure_learning.TimePC.time_pc_orig": {"result": [37.3075275151059], "stats": [{"ci_99": [33.14304393064231, 41.4720110995695], "q_25": 37.26588267926127, "q_75": 37.34917235095054, "min": 37.22423784341663, "max": 37.390817186795175, "mean": 37.3075275151059, "std": 0.08328967168927193, "repeat": 2, "number": 1}]}, "structure_learning.TimePC.time_pc_stable": {"result": [37.307275152765214], "stats": [{"ci_99": [29.01198488753289, 45.60256541799753], "q_25": 37.22432225011289, "q_75": 37.39022805541754, "min": 37.14136934746057, "max": 37.47318095806986, "mean": 37.307275152765214, "std": 0.1659058053046465, "repeat": 2, "number": 1}]}, "factor.TimeDiscreteFactor.time_factor_compare": {"result": [7.057537675484434e-05], "stats": [{"ci_99": [7.041443332836225e-05, 7.112785061071446e-05], "q_25": 7.051230081683629e-05, "q_75": 7.068545726889914e-05, "min": 7.041443332836225e-05, "max": 7.112785061071446e-05, "mean": 7.063805113558646e-05, "std": 2.0813425129507032e-07, "repeat": 10, "number": 154}]}, "inference.TimeBeliefPropagation.time_query_alarm": {"result": [17.055801663547754], "stats": [{"ci_99": [15.315051272511482, 18.796552054584026], "q_25": 17.03839415963739, "q_75": 17.073209167458117, "min": 17.02098665572703, "max": 17.09061667136848, "mean": 17.055801663547754, "std": 0.03481500782072544, "repeat": 2, "number": 1}]}, "parameter_learning.TimeBayesianEstimator.time_alarm_bayesian_estimator": null, "parameter_learning.TimeBayesianEstimator.time_munin_bayesian_estimator": null, "parameter_learning.TimeExpectationMaximization.time_alarm_em": null, "parameter_learning.TimeExpectationMaximization.time_munin_em": null, "parameter_learning.TimeMLE.time_alarm_mle": null, "parameter_learning.TimeMLE.time_munin_mle": null, "structure_learning.TimeHillClimbAlarmModel.time_hillclimb": null, "structure_learning.TimeMmhcAlarmModel.time_mmhc": null, "structure_learning.TimePCAlarmModel.time_pc_orig": null, "structure_learning.TimePCAlarmModel.time_pc_stable": null, "structure_learning.TimeTreeSearchAlarmModel.time_tan": null}, "params": {"arch": "x86_64", "cpu": "Intel(R) Core(TM) i9-9820X CPU @ 3.30GHz", "machine": "graveyard", "num_cpu": "20", "os": "Linux 4.15.0-112-generic", "ram": "131688676", "python": "3.8"}, "requirements": {}, "commit_hash": "bda1004f3065bf5e25247e5c6be457dce0b1b2b1", "date": 1620311290000, "env_name": "conda-py3.8", "python": "3.8", "profiles": {}, "started_at": {"factor.TimeDiscreteFactor.time_factor_marginalize": 1654190614487, "factor.TimeDiscreteFactor.time_factor_multiply_large": 1654190614693, "factor.TimeDiscreteFactor.time_factor_reduce": 1654190614900, "import.TimeImport.time_import": 1654190615106, "inference.TimeVariableElimination.time_query_alarm": 1654190649626, "inference.TimeVariableElimination.time_query_munin": 1654190667385, "readwrite.TimeRead.time_asia_read": 1654190685597, "readwrite.TimeRead.time_asia_write": 1654190708968, "readwrite.TimeRead.time_munin_read": 1654190732339, "readwrite.TimeRead.time_munin_write": 1654190767641, "readwrite.TimeRead.time_pathfinder_read": 1654190791012, "readwrite.TimeRead.time_pathfinder_write": 1654190826566, "sampling.TimeSampling.time_forward_sample": 1654190001029,