{"results": {"factor.TimeDiscreteFactor.time_factor_marginalize": {"result": [6.093025342168578e-05], "stats": [{"ci_99": [6.0587324740656886e-05, 6.184362279004361e-05], "q_25": 6.0687526073082385e-05, "q_75": 6.130435335707951e-05, "min": 6.0587324740656886e-05, "max": 6.184362279004361e-05, "mean": 6.105422928749797e-05, "std": 4.2623077266996126e-07, "repeat": 10, "number": 166}]}, "factor.TimeDiscreteFactor.time_factor_multiply_large": {"result": [5.0799554805337535e-05], "stats": [{"ci_99": [5.032715356745426e-05, 5.132669662412309e-05], "q_25": 5.0528387658262704e-05, "q_75": 5.10071448416789e-05, "min": 5.032715356745426e-05, "max": 5.132669662412309e-05, "mean": 5.07870212338547e-05, "std": 3.2735545180193263e-07, "repeat": 10, "number": 211}]}, "factor.TimeDiscreteFactor.time_factor_reduce": {"result": [2.9608778247278028e-05], "stats": [{"ci_99": [2.9293029275659014e-05, 2.9934667152901217e-05], "q_25": 2.9532510583123115e-05, "q_75": 2.9739261643119057e-05, "min": 2.9293029275659014e-05, "max": 2.9934667152901217e-05, "mean": 2.9625274649221607e-05, "std": 1.6864542694737355e-07, "repeat": 10, "number": 365}]}, "import.TimeImport.time_import": {"result": [1.2319076306845074e-07], "stats": [{"ci_99": [1.222801346644009e-07, 1.2583229434819205e-07], "q_25": 1.2246116620726967e-07, "q_75": 1.2402701980720617e-07, "min": 1.222801346644009e-07, "max": 1.2583229434819205e-07, "mean": 1.2342913019866057e-07, "std": 1.1434232356443584e-09, "repeat": 10, "number": 87758}]}, "inference.TimeVariableElimination.time_query_alarm": {"result": [0.06832617521286011], "stats": [{"ci_99": [0.044855739334195295, 0.10427210818085114], "q_25": 0.0662227738648653, "q_75": 0.0766673251055181, "min": 0.06618559174239635, "max": 0.09541775286197662, "mean": 0.0745639237575233, "std": 0.012161848878805734, "repeat": 4, "number": 1}]}, "inference.TimeVariableElimination.time_query_munin": {"result": [0.2552144471555948], "stats": [{"ci_99": [0.2542795701298079, 0.2559722900044957], "q_25": 0.25499698193743825, "q_75": 0.25534339528530836, "min": 0.2546156905591488, "max": 0.2554591353982687, "mean": 0.2551259300671518, "std": 0.0003175584521902623, "repeat": 4, "number": 1}]}, "readwrite.TimeRead.time_asia_read": {"result": [0.008637941908091307], "stats": [{"ci_99": [0.0032330811955034733, 0.014042802620679137], "q_25": 0.008583893300965428, "q_75": 0.008691990515217185, "min": 0.00852984469383955, "max": 0.008746039122343063, "mean": 0.008637941908091307, "std": 0.00010809721425175667, "repeat": 2, "number": 2}]}, "readwrite.TimeRead.time_asia_write": {"result": [0.0005734390579164028], "stats": [{"ci_99": [-6.996427795718553e-06, 0.0011538745436285238], "q_25": 0.0005676347030592816, "q_75": 0.000579243412773524, "min": 0.0005618303482021604, "max": 0.0005850477676306452, "mean": 0.0005734390579164028, "std": 1.1608709714242427e-05, "repeat": 2, "number": 70}]}, "readwrite.TimeRead.time_munin_read": {"result": [5.159187656827271], "stats": [{"ci_99": [4.974692887626588, 5.343682426027954], "q_25": 5.157342709135264, "q_75": 5.161032604519278, "min": 5.155497761443257, "max": 5.162877552211285, "mean": 5.159187656827271, "std": 0.003689895384013653, "repeat": 2, "number": 1}]}, "readwrite.TimeRead.time_munin_write": {"result": [0.03942128550261259], "stats": [{"ci_99": [0.03434897679835558, 0.044493594206869595], "q_25": 0.03937056241557002, "q_75": 0.03947200858965516, "min": 0.03931983932852745, "max": 0.03952273167669773, "mean": 0.03942128550261259, "std": 0.00010144617408514023, "repeat": 2, "number": 1}]}, "readwrite.TimeRead.time_pathfinder_read": {"result": [5.769614649005234], "stats": [{"ci_99": [5.524754996411502, 6.014474301598966], "q_25": 5.767166052479297, "q_75": 5.772063245531172, "min": 5.76471745595336, "max": 5.774511842057109, "mean": 5.769614649005234, "std": 0.004897193051874638, "repeat": 2, "number": 1}]}, "readwrite.TimeRead.time_pathfinder_write": {"result": [0.024294392205774784], "stats": [{"ci_99": [0.021412554197013378, 0.027176230214536187], "q_25": 0.02426557382568717, "q_75": 0.024323210585862398, "min": 0.024236755445599556, "max": 0.024352028965950012, "mean": 0.024294392205774784, "std": 5.763676017522812e-05, "repeat": 2, "number": 1}]}, "sampling.TimeSampling.time_forward_sample": null, "sampling.TimeSampling.time_gibbs_sampling": null, "sampling.TimeSampling.time_likelihood_sample": {"result": [3.9042422100901604], "stats": [{"ci_99": [3.7848378049996394, 4.055089452039014], "q_25": 3.876571010798216, "q_75": 3.947634827811271, "min": 3.8765257485210896, "max": 3.9948443453758955, "mean": 3.9199636285193264, "std": 0.04878016558412914, "repeat": 4, "number": 1}]}, "sampling.TimeSampling.time_rejection_sample": null, "structure_learning.TimeHillClimb.time_hillclimb": null, "structure_learning.TimePC.time_pc_orig": {"result": [46.56919367611408], "stats": [{"ci_99": [46.478565046563745, 46.65982230566442], "q_25": 46.56828738981858, "q_75": 46.570099962409586, "min": 46.567381103523076, "max": 46.57100624870509, "mean": 46.56919367611408, "std": 0.0018125725910067558, "repeat": 2, "number": 1}]}, "structure_learning.TimePC.time_pc_stable": {"result": [46.58173484588042], "stats": [{"ci_99": [33.18035114882514, 59.983118542935685], "q_25": 46.447721008909866, "q_75": 46.71574868285097, "min": 46.31370717193931, "max": 46.849762519821525, "mean": 46.58173484588042, "std": 0.2680276739411056, "repeat": 2, "number": 1}]}, "factor.TimeDiscreteFactor.time_factor_compare": {"result": [7.071995383335484e-05], "stats": [{"ci_99": [7.027480751276016e-05, 7.092119711968634e-05], "q_25": 7.034574971637792e-05, "q_75": 7.083491719741788e-05, "min": 7.027480751276016e-05, "max": 7.092119711968634e-05, "mean": 7.062025963225298e-05, "std": 2.437765907400249e-07, "repeat": 10, "number": 144}]}, "inference.TimeBeliefPropagation.time_query_alarm": {"result": [22.85213835351169], "stats": [{"ci_99": [18.765480926260352, 26.938795780763026], "q_25": 22.811271779239178, "q_75": 22.893004927784204, "min": 22.770405204966664, "max": 22.933871502056718, "mean": 22.85213835351169, "std": 0.08173314854502678, "repeat": 2, "number": 1}]}, "parameter_learning.TimeBayesianEstimator.time_alarm_bayesian_estimator": null, "parameter_learning.TimeBayesianEstimator.time_munin_bayesian_estimator": null, "parameter_learning.TimeExpectationMaximization.time_alarm_em": null, "parameter_learning.TimeExpectationMaximization.time_munin_em": null, "parameter_learning.TimeMLE.time_alarm_mle": null, "parameter_learning.TimeMLE.time_munin_mle": null, "structure_learning.TimeHillClimbAlarmModel.time_hillclimb": null, "structure_learning.TimeMmhcAlarmModel.time_mmhc": null, "structure_learning.TimePCAlarmModel.time_pc_orig": null, "structure_learning.TimePCAlarmModel.time_pc_stable": null, "structure_learning.TimeTreeSearchAlarmModel.time_tan": null}, "params": {"arch": "x86_64", "cpu": "Intel(R) Core(TM) i9-9820X CPU @ 3.30GHz", "machine": "graveyard", "num_cpu": "20", "os": "Linux 4.15.0-112-generic", "ram": "131688676", "python": "3.7"}, "requirements": {}, "commit_hash": "bda1004f3065bf5e25247e5c6be457dce0b1b2b1", "date": 1620311290000, "env_name": "conda-py3.7", "python": "3.7", "profiles": {}, "started_at": {"factor.TimeDiscreteFactor.time_factor_marginalize": 1654189499464, "factor.TimeDiscreteFactor.time_factor_multiply_large": 1654189499671, "factor.TimeDiscreteFactor.time_factor_reduce": 1654189499877, "import.TimeImport.time_import": 1654189500084, "inference.TimeVariableElimination.time_query_alarm": 1654189546337, "inference.TimeVariableElimination.time_query_munin": 1654189564448, "readwrite.TimeRead.time_asia_read": 1654189583061, "readwrite.TimeRead.time_asia_write": 1654189606733, "readwrite.TimeRead.time_munin_read": 1654189630455, "readwrite.TimeRead.time_munin_write": 1654189666260, "readwrite.TimeRead.time_pathfinder_read": 1654189689933, "readwrite.TimeRead.time_pathfinder_write": 1654189726040,