{"results": {"factor.TimeDiscreteFactor.time_factor_compare": {"result": [6.540584727190434e-05], "stats": [{"ci_99": [6.468674400821328e-05, 6.750451866537333e-05], "q_25": 6.49453781079501e-05, "q_75": 6.635477766394615e-05, "min": 6.468674400821328e-05, "max": 6.750451866537333e-05, "mean": 6.567942211404443e-05, "std": 8.750721997643586e-07, "repeat": 10, "number": 160}]}, "factor.TimeDiscreteFactor.time_factor_marginalize": {"result": [6.098214494572444e-05], "stats": [{"ci_99": [6.065422415056012e-05, 6.131568542596969e-05], "q_25": 6.0919489690356634e-05, "q_75": 6.122558525848117e-05, "min": 6.065422415056012e-05, "max": 6.131568542596969e-05, "mean": 6.103305230763825e-05, "std": 1.9833153361982716e-07, "repeat": 10, "number": 176}]}, "factor.TimeDiscreteFactor.time_factor_multiply_large": {"result": [4.2956275474123594e-05], "stats": [{"ci_99": [4.2055913505433986e-05, 4.334812749083303e-05], "q_25": 4.276102447897947e-05, "q_75": 4.3186472587976134e-05, "min": 4.2055913505433986e-05, "max": 4.334812749083303e-05, "mean": 4.291092710835593e-05, "std": 3.7699562579441474e-07, "repeat": 10, "number": 238}]}, "factor.TimeDiscreteFactor.time_factor_reduce": {"result": [2.280849302227879e-05], "stats": [{"ci_99": [2.2689952994837906e-05, 2.303797332368372e-05], "q_25": 2.2772100887128287e-05, "q_75": 2.2869832305745646e-05, "min": 2.2689952994837906e-05, "max": 2.303797332368372e-05, "mean": 2.283055367536875e-05, "std": 1.0269763958116595e-07, "repeat": 10, "number": 462}]}, "import.TimeImport.time_import": {"result": [1.1397219558544219e-07], "stats": [{"ci_99": [1.1230065843323997e-07, 1.1598074800181835e-07], "q_25": 1.1250742976532783e-07, "q_75": 1.156201276994093e-07, "min": 1.1230065843323997e-07, "max": 1.1598074800181835e-07, "mean": 1.1407534012989573e-07, "std": 1.6483131876671923e-09, "repeat": 10, "number": 97334}]}, "inference.TimeBeliefPropagation.time_query_alarm": null, "inference.TimeVariableElimination.time_query_alarm": null, "inference.TimeVariableElimination.time_query_munin": null, "parameter_learning.TimeBayesianEstimator.time_alarm_bayesian_estimator": null, "parameter_learning.TimeBayesianEstimator.time_munin_bayesian_estimator": null, "parameter_learning.TimeExpectationMaximization.time_alarm_em": null, "parameter_learning.TimeExpectationMaximization.time_munin_em": null, "parameter_learning.TimeMLE.time_alarm_mle": null, "parameter_learning.TimeMLE.time_munin_mle": null, "readwrite.TimeRead.time_asia_read": null, "readwrite.TimeRead.time_asia_write": null, "readwrite.TimeRead.time_munin_read": null, "readwrite.TimeRead.time_munin_write": null, "readwrite.TimeRead.time_pathfinder_read": null, "readwrite.TimeRead.time_pathfinder_write": null, "sampling.TimeSampling.time_forward_sample": null, "sampling.TimeSampling.time_gibbs_sampling": null, "sampling.TimeSampling.time_likelihood_sample": null, "sampling.TimeSampling.time_rejection_sample": null, "structure_learning.TimeHillClimbAlarmModel.time_hillclimb": null, "structure_learning.TimeMmhcAlarmModel.time_mmhc": null, "structure_learning.TimePCAlarmModel.time_pc_orig": null, "structure_learning.TimePCAlarmModel.time_pc_stable": null, "structure_learning.TimeTreeSearchAlarmModel.time_tan": null}, "params": {"arch": "x86_64", "cpu": "Intel(R) Core(TM) i9-9820X CPU @ 3.30GHz", "machine": "graveyard", "num_cpu": "20", "os": "Linux 4.15.0-112-generic", "ram": "131688676", "python": "3.9"}, "requirements": {}, "commit_hash": "be5c40a47f42fbea4123b4551bd654352e64cf04", "date": 1560940350000, "env_name": "conda-py3.9", "python": "3.9", "profiles": {}, "started_at": {"factor.TimeDiscreteFactor.time_factor_compare": 1654473983160, "factor.TimeDiscreteFactor.time_factor_marginalize": 1654473983367, "factor.TimeDiscreteFactor.time_factor_multiply_large": 1654473983573, "factor.TimeDiscreteFactor.time_factor_reduce": 1654473983779, "import.TimeImport.time_import": 1654473983985, "inference.TimeBeliefPropagation.time_query_alarm": 1654473981824, "inference.TimeVariableElimination.time_query_alarm": 1654473981879, "inference.TimeVariableElimination.time_query_munin": 1654473981934, "parameter_learning.TimeBayesianEstimator.time_alarm_bayesian_estimator": 1654473981990, "parameter_learning.TimeBayesianEstimator.time_munin_bayesian_estimator": 1654473982045, "parameter_learning.TimeExpectationMaximization.time_alarm_em": 1654473982101, "parameter_learning.TimeExpectationMaximization.time_munin_em": 1654473982157, "parameter_learning.TimeMLE.time_alarm_mle": 1654473982212, "parameter_learning.TimeMLE.time_munin_mle": 1654473982268, "readwrite.TimeRead.time_asia_read": 1654473982324, "readwrite.TimeRead.time_asia_write": 1654473982380, "readwrite.TimeRead.time_munin_read": 1654473982436, "readwrite.TimeRead.time_munin_write": 1654473982491, "readwrite.TimeRead.time_pathfinder_read": 1654473982547, "readwrite.TimeRead.time_pathfinder_write": 1654473982603, "sampling.TimeSampling.time_forward_sample": 1654473982658, "sampling.TimeSampling.time_gibbs_sampling": 1654473982714, "sampling.TimeSampling.time_likelihood_sample": 1654473982769, "sampling.TimeSampling.time_rejection_sample": 1654473982825, "structure_learning.TimeHillClimbAlarmModel.time_hillclimb": 1654473982881, "structure_learning.TimeMmhcAlarmModel.time_mmhc": 1654473982937, "structure_learning.TimePCAlarmModel.time_pc_orig": 1654473982992, "structure_learning.TimePCAlarmModel.time_pc_stable": 1654473983048, "structure_learning.TimeTreeSearchAlarmModel.time_tan": 1654473983104}, "ended_at": {"factor.TimeDiscreteFactor.time_factor_compare": 1654473983367, "factor.TimeDiscreteFactor.time_factor_marginalize": 1654473983573, "factor.TimeDiscreteFactor.time_factor_multiply_large": 1654473983779, "factor.TimeDiscreteFactor.time_factor_reduce": 1654473983985, "import.TimeImport.time_import": 1654473984191, "inference.TimeBeliefPropagation.time_query_alarm": 1654473981879, "inference.TimeVariableElimination.time_query_alarm": 1654473981934, "inference.TimeVariableElimination.time_query_munin": 1654473981989, "parameter_learning.TimeBayesianEstimator.time_alarm_bayesian_estimator": 1654473982045, "parameter_learning.TimeBayesianEstimator.time_munin_bayesian_estimator": 1654473982101, "parameter_learning.TimeExpectationMaximization.time_alarm_em": 1654473982156, "parameter_learning.TimeExpectationMaximization.time_munin_em": 1654473982212, "parameter_learning.TimeMLE.time_alarm_mle": 1654473982268, "parameter_learning.TimeMLE.time_munin_mle": 1654473982324, "readwrite.TimeRead.time_asia_read": 1654473982380, "readwrite.TimeRead.time_asia_write": 1654473982436, "readwrite.TimeRead.time_munin_read": 1654473982491, "readwrite.TimeRead.time_munin_write": 1654473982547, "readwrite.TimeRead.time_pathfinder_read": 1654473982602, "readwrite.TimeRead.time_pathfinder_write": 1654473982658, "sampling.TimeSampling.time_forward_sample": 1654473982714, "sampling.TimeSampling.time_gibbs_sampling": 1654473982769, "sampling.TimeSampling.time_likelihood_sample": 1654473982825, "sampling.TimeSampling.time_rejection_sample": 1654473982881, "structure_learning.TimeHillClimbAlarmModel.time_hillclimb": 1654473982936, "structure_learning.TimeMmhcAlarmModel.time_mmhc": 1654473982992, "structure_learning.TimePCAlarmModel.time_pc_orig": 1654473983048, "structure_learning.TimePCAlarmModel.time_pc_stable": 1654473983104, "structure_learning.TimeTreeSearchAlarmModel.time_tan": 1654473983160}, "benchmark_version": {"factor.TimeDiscreteFactor.time_factor_compare": "95feb42df85ffe5cf519cf4af677309a5cdb891db99ad54b655196c3e1f2e13a", "factor.TimeDiscreteFactor.time_factor_marginalize": "a3ae79cdcf3bcd4bc49df94b3b3d5f93c4126249a9b3cf2481ac381ee836f851", "factor.TimeDiscreteFactor.time_factor_multiply_large": "cfb6b66fddb2953948ffb6566ae101535dd1e8d0fd9af855331f39ef905f4450", "factor.TimeDiscreteFactor.time_factor_reduce": "cb3858b638914f7572792153a60efb4aecbde56d5abf039791451adb0f26c263",