{"results": {"factor.TimeDiscreteFactor.time_factor_compare": {"result": [5.3912605992786545e-05], "stats": [{"ci_99": [5.355003382523022e-05, 5.4272457333135356e-05], "q_25": 5.380116910210455e-05, "q_75": 5.399028853518176e-05, "min": 5.355003382523022e-05, "max": 5.4272457333135356e-05, "mean": 5.389106367270984e-05, "std": 1.940026860940104e-07, "repeat": 10, "number": 191}]}, "factor.TimeDiscreteFactor.time_factor_marginalize": {"result": [5.0005710964063995e-05], "stats": [{"ci_99": [4.961568572856848e-05, 5.052468368729341e-05], "q_25": 4.973153366698224e-05, "q_75": 5.028535186955072e-05, "min": 4.961568572856848e-05, "max": 5.052468368729341e-05, "mean": 5.0024177372744944e-05, "std": 3.1733528257224735e-07, "repeat": 10, "number": 206}]}, "factor.TimeDiscreteFactor.time_factor_multiply_large": {"result": [2.4201623345267036e-05], "stats": [{"ci_99": [2.3261492632892094e-05, 2.4488677422023746e-05], "q_25": 2.3713684907221414e-05, "q_75": 2.4414874903124585e-05, "min": 2.3261492632892094e-05, "max": 2.4488677422023746e-05, "mean": 2.4054058799754566e-05, "std": 4.048530040233453e-07, "repeat": 10, "number": 437}]}, "factor.TimeDiscreteFactor.time_factor_reduce": {"result": [1.3662421622791805e-05], "stats": [{"ci_99": [1.3450231101061847e-05, 1.3787883359032708e-05], "q_25": 1.3586369066222294e-05, "q_75": 1.3754845319970234e-05, "min": 1.3450231101061847e-05, "max": 1.3787883359032708e-05, "mean": 1.3653322852946617e-05, "std": 1.1130605097445357e-07, "repeat": 10, "number": 740}]}, "import.TimeImport.time_import": {"result": [1.2117920402062112e-07], "stats": [{"ci_99": [1.2013509620395602e-07, 1.2282904682636222e-07], "q_25": 1.2030109791265e-07, "q_75": 1.221087532423742e-07, "min": 1.2013509620395602e-07, "max": 1.2282904682636222e-07, "mean": 1.212491810539311e-07, "std": 1.003232327848945e-09, "repeat": 10, "number": 87967}]}, "inference.TimeBeliefPropagation.time_query_alarm": null, "inference.TimeVariableElimination.time_query_alarm": null, "inference.TimeVariableElimination.time_query_munin": null, "parameter_learning.TimeBayesianEstimator.time_alarm_bayesian_estimator": null, "parameter_learning.TimeBayesianEstimator.time_munin_bayesian_estimator": null, "parameter_learning.TimeExpectationMaximization.time_alarm_em": null, "parameter_learning.TimeExpectationMaximization.time_munin_em": null, "parameter_learning.TimeMLE.time_alarm_mle": null, "parameter_learning.TimeMLE.time_munin_mle": null, "readwrite.TimeRead.time_asia_read": null, "readwrite.TimeRead.time_asia_write": null, "readwrite.TimeRead.time_munin_read": null, "readwrite.TimeRead.time_munin_write": null, "readwrite.TimeRead.time_pathfinder_read": null, "readwrite.TimeRead.time_pathfinder_write": null, "sampling.TimeSampling.time_forward_sample": null, "sampling.TimeSampling.time_gibbs_sampling": null, "sampling.TimeSampling.time_likelihood_sample": null, "sampling.TimeSampling.time_rejection_sample": null, "structure_learning.TimeHillClimbAlarmModel.time_hillclimb": null, "structure_learning.TimeMmhcAlarmModel.time_mmhc": null, "structure_learning.TimePCAlarmModel.time_pc_orig": null, "structure_learning.TimePCAlarmModel.time_pc_stable": null, "structure_learning.TimeTreeSearchAlarmModel.time_tan": null}, "params": {"arch": "x86_64", "cpu": "Intel(R) Core(TM) i9-9820X CPU @ 3.30GHz", "machine": "graveyard", "num_cpu": "20", "os": "Linux 4.15.0-112-generic", "ram": "131688676", "python": "3.9"}, "requirements": {}, "commit_hash": "c07b9720fba92aa11ed264865d0f278da4a52db0", "date": 1472840214000, "env_name": "conda-py3.9", "python": "3.9", "profiles": {}, "started_at": {"factor.TimeDiscreteFactor.time_factor_compare": 1654478380397, "factor.TimeDiscreteFactor.time_factor_marginalize": 1654478380603, "factor.TimeDiscreteFactor.time_factor_multiply_large": 1654478380808, "factor.TimeDiscreteFactor.time_factor_reduce": 1654478381013, "import.TimeImport.time_import": 1654478381218, "inference.TimeBeliefPropagation.time_query_alarm": 1654478379085, "inference.TimeVariableElimination.time_query_alarm": 1654478379140, "inference.TimeVariableElimination.time_query_munin": 1654478379194, "parameter_learning.TimeBayesianEstimator.time_alarm_bayesian_estimator": 1654478379248, "parameter_learning.TimeBayesianEstimator.time_munin_bayesian_estimator": 1654478379303, "parameter_learning.TimeExpectationMaximization.time_alarm_em": 1654478379357, "parameter_learning.TimeExpectationMaximization.time_munin_em": 1654478379412, "parameter_learning.TimeMLE.time_alarm_mle": 1654478379467, "parameter_learning.TimeMLE.time_munin_mle": 1654478379522, "readwrite.TimeRead.time_asia_read": 1654478379576, "readwrite.TimeRead.time_asia_write": 1654478379631, "readwrite.TimeRead.time_munin_read": 1654478379685, "readwrite.TimeRead.time_munin_write": 1654478379740, "readwrite.TimeRead.time_pathfinder_read": 1654478379795, "readwrite.TimeRead.time_pathfinder_write": 1654478379850, "sampling.TimeSampling.time_forward_sample": 1654478379904, "sampling.TimeSampling.time_gibbs_sampling": 1654478379959, "sampling.TimeSampling.time_likelihood_sample": 1654478380014, "sampling.TimeSampling.time_rejection_sample": 1654478380069, "structure_learning.TimeHillClimbAlarmModel.time_hillclimb": 1654478380123, "structure_learning.TimeMmhcAlarmModel.time_mmhc": 1654478380178, "structure_learning.TimePCAlarmModel.time_pc_orig": 1654478380233, "structure_learning.TimePCAlarmModel.time_pc_stable": 1654478380288, "structure_learning.TimeTreeSearchAlarmModel.time_tan": 1654478380342}, "ended_at": {"factor.TimeDiscreteFactor.time_factor_compare": 1654478380602, "factor.TimeDiscreteFactor.time_factor_marginalize": 1654478380808, "factor.TimeDiscreteFactor.time_factor_multiply_large": 1654478381013, "factor.TimeDiscreteFactor.time_factor_reduce": 1654478381218, "import.TimeImport.time_import": 1654478381423, "inference.TimeBeliefPropagation.time_query_alarm": 1654478379139, "inference.TimeVariableElimination.time_query_alarm": 1654478379194, "inference.TimeVariableElimination.time_query_munin": 1654478379248, "parameter_learning.TimeBayesianEstimator.time_alarm_bayesian_estimator": 1654478379303, "parameter_learning.TimeBayesianEstimator.time_munin_bayesian_estimator": 1654478379357, "parameter_learning.TimeExpectationMaximization.time_alarm_em": 1654478379412, "parameter_learning.TimeExpectationMaximization.time_munin_em": 1654478379467, "parameter_learning.TimeMLE.time_alarm_mle": 1654478379521, "parameter_learning.TimeMLE.time_munin_mle": 1654478379576, "readwrite.TimeRead.time_asia_read": 1654478379631, "readwrite.TimeRead.time_asia_write": 1654478379685, "readwrite.TimeRead.time_munin_read": 1654478379740, "readwrite.TimeRead.time_munin_write": 1654478379795, "readwrite.TimeRead.time_pathfinder_read": 1654478379850, "readwrite.TimeRead.time_pathfinder_write": 1654478379904, "sampling.TimeSampling.time_forward_sample": 1654478379959, "sampling.TimeSampling.time_gibbs_sampling": 1654478380014, "sampling.TimeSampling.time_likelihood_sample": 1654478380069, "sampling.TimeSampling.time_rejection_sample": 1654478380123, "structure_learning.TimeHillClimbAlarmModel.time_hillclimb": 1654478380178, "structure_learning.TimeMmhcAlarmModel.time_mmhc": 1654478380233, "structure_learning.TimePCAlarmModel.time_pc_orig": 1654478380288, "structure_learning.TimePCAlarmModel.time_pc_stable": 1654478380342, "structure_learning.TimeTreeSearchAlarmModel.time_tan": 1654478380397}, "benchmark_version": {"factor.TimeDiscreteFactor.time_factor_compare": "95feb42df85ffe5cf519cf4af677309a5cdb891db99ad54b655196c3e1f2e13a", "factor.TimeDiscreteFactor.time_factor_marginalize": "a3ae79cdcf3bcd4bc49df94b3b3d5f93c4126249a9b3cf2481ac381ee836f851", "factor.TimeDiscreteFactor.time_factor_multiply_large": "cfb6b66fddb2953948ffb6566ae101535dd1e8d0fd9af855331f39ef905f4450", "factor.TimeDiscreteFactor.time_factor_reduce": "cb3858b638914f7572792153a60efb4aecbde56d5abf039791451adb0f26c263",