{"results": {"factor.TimeDiscreteFactor.time_factor_compare": {"result": [3.86345128600414e-05], "stats": [{"ci_99": [3.837175094164335e-05, 3.908661982187858e-05], "q_25": 3.854087374817866e-05, "q_75": 3.866849896999506e-05, "min": 3.837175094164335e-05, "max": 3.908661982187858e-05, "mean": 3.865837835921691e-05, "std": 1.9078346473883403e-07, "repeat": 10, "number": 260}]}, "factor.TimeDiscreteFactor.time_factor_marginalize": {"result": [3.7371718130827765e-05], "stats": [{"ci_99": [3.706211853556259e-05, 3.8090559301115956e-05], "q_25": 3.7161970301292864e-05, "q_75": 3.769150029219458e-05, "min": 3.706211853556259e-05, "max": 3.8090559301115956e-05, "mean": 3.746264318557322e-05, "std": 3.530364641087694e-07, "repeat": 10, "number": 293}]}, "factor.TimeDiscreteFactor.time_factor_multiply_large": {"result": [1.4465482157914817e-05], "stats": [{"ci_99": [1.4265621600507879e-05, 1.471721801628061e-05], "q_25": 1.4397508914576096e-05, "q_75": 1.4620890118637864e-05, "min": 1.4265621600507879e-05, "max": 1.471721801628061e-05, "mean": 1.4498111392770495e-05, "std": 1.4437839428764447e-07, "repeat": 10, "number": 735}]}, "factor.TimeDiscreteFactor.time_factor_reduce": {"result": [7.516943470588855e-06], "stats": [{"ci_99": [7.401247716595764e-06, 7.67920535331272e-06], "q_25": 7.467581050806358e-06, "q_75": 7.524051526275942e-06, "min": 7.401247716595764e-06, "max": 7.67920535331272e-06, "mean": 7.5092511311311505e-06, "std": 7.373656270458112e-08, "repeat": 10, "number": 1403}]}, "import.TimeImport.time_import": {"result": [1.1411339758591802e-07], "stats": [{"ci_99": [1.1229590155199973e-07, 1.1612975885136425e-07], "q_25": 1.1392643368880666e-07, "q_75": 1.1467505376412923e-07, "min": 1.1229590155199973e-07, "max": 1.1612975885136425e-07, "mean": 1.1432217648598194e-07, "std": 1.022562304653606e-09, "repeat": 10, "number": 94413}]}, "inference.TimeBeliefPropagation.time_query_alarm": null, "inference.TimeVariableElimination.time_query_alarm": {"result": [0.0043695320685704555], "stats": [{"ci_99": [0.004104865919294365, 0.004749820984162481], "q_25": 0.004340611553440492, "q_75": 0.004456263966858387, "min": 0.0043232447157303495, "max": 0.004647064954042435, "mean": 0.004427343451728424, "std": 0.00012929475670978117, "repeat": 4, "number": 3}]}, "inference.TimeVariableElimination.time_query_munin": {"result": [0.15589362755417824], "stats": [{"ci_99": [0.1503919890638252, 0.16282059750298067], "q_25": 0.15467022312805057, "q_75": 0.1578296977095306, "min": 0.15452716499567032, "max": 0.16011075302958488, "mean": 0.15660629328340292, "std": 0.002257455695037673, "repeat": 4, "number": 1}]}, "parameter_learning.TimeBayesianEstimator.time_alarm_bayesian_estimator": {"result": [2.1645534075796604], "stats": [{"ci_99": [1.989581120418897, 2.2937963118454903], "q_25": 2.121639162302017, "q_75": 2.184602961409837, "min": 2.0444922875612974, "max": 2.193155761808157, "mean": 2.141688716132194, "std": 0.058594316773001864, "repeat": 4, "number": 1}]}, "parameter_learning.TimeBayesianEstimator.time_munin_bayesian_estimator": {"result": [35.734689614735544], "stats": [{"ci_99": [27.786877897568047, 43.68250133190303], "q_25": 35.65521149756387, "q_75": 35.81416773190722, "min": 35.575733380392194, "max": 35.893645849078894, "mean": 35.734689614735544, "std": 0.15895623434334993, "repeat": 2, "number": 1}]}, "parameter_learning.TimeExpectationMaximization.time_alarm_em": {"result": [7.224760563112795], "stats": [{"ci_99": [6.071944939903915, 8.377576186321676], "q_25": 7.2132324068807065, "q_75": 7.236288719344884, "min": 7.201704250648618, "max": 7.247816875576973, "mean": 7.224760563112795, "std": 0.02305631246417761, "repeat": 2, "number": 1}]}, "parameter_learning.TimeExpectationMaximization.time_munin_em": {"result": [82.3207001760602], "stats": [{"ci_99": [78.91443507745862, 85.72696527466178], "q_25": 82.28663752507418, "q_75": 82.35476282704622, "min": 82.25257487408817, "max": 82.38882547803223, "mean": 82.3207001760602, "std": 0.0681253019720316, "repeat": 2, "number": 1}]}, "parameter_learning.TimeMLE.time_alarm_mle": {"result": [2.133952940814197], "stats": [{"ci_99": [1.9917982376353058, 2.2597677300511685], "q_25": 2.105627996381372, "q_75": 2.154107928276062, "min": 2.048409653827548, "max": 2.1868163999170065, "mean": 2.125782983843237, "std": 0.050041012007764146, "repeat": 4, "number": 1}]}, "parameter_learning.TimeMLE.time_munin_mle": {"result": [35.652972327545285], "stats": [{"ci_99": [34.70609945990145, 36.59984519518912], "q_25": 35.64350359886885, "q_75": 35.662441056221724, "min": 35.63403487019241, "max": 35.67190978489816, "mean": 35.652972327545285, "std": 0.018937457352876663, "repeat": 2, "number": 1}]}, "readwrite.TimeRead.time_asia_read": {"result": [0.00898340716958046], "stats": [{"ci_99": [0.0039734505116939545, 0.013993363827466961], "q_25": 0.008933307603001595, "q_75": 0.009033506736159325, "min": 0.00888320803642273, "max": 0.00908360630273819, "mean": 0.00898340716958046, "std": 0.0001001991331577301, "repeat": 2, "number": 2}]}, "readwrite.TimeRead.time_asia_write": {"result": [0.0009543726752911295], "stats": [{"ci_99": [0.0005657716787287175, 0.0013429736718535412], "q_25": 0.0009504866653255054, "q_75": 0.0009582586852567537, "min": 0.0009466006553598813, "max": 0.0009621446952223778, "mean": 0.0009543726752911295, "std": 7.77201993124824e-06, "repeat": 2, "number": 42}]}, "readwrite.TimeRead.time_munin_read": {"result": [4.8486200869083405], "stats": [{"ci_99": [4.1586320623755455, 5.5386081114411345], "q_25": 4.8417202066630125, "q_75": 4.855519967153668, "min": 4.8348203264176846, "max": 4.862419847398996, "mean": 4.8486200869083405, "std": 0.013799760490655899, "repeat": 2, "number": 1}]}, "readwrite.TimeRead.time_munin_write": {"result": [0.1160229193046689], "stats": [{"ci_99": [0.11551129724830389, 0.11653454136103392], "q_25": 0.11601780308410525, "q_75": 0.11602803552523255, "min": 0.1160126868635416, "max": 0.1160331517457962, "mean": 0.1160229193046689, "std": 1.0232441127300262e-05, "repeat": 2, "number": 1}]}, "readwrite.TimeRead.time_pathfinder_read": {"result": [5.348998081870377], "stats": [{"ci_99": [5.265604338608682, 5.432391825132072], "q_25": 5.34816414443776, "q_75": 5.349832019302994, "min": 5.347330207005143, "max": 5.350665956735611, "mean": 5.348998081870377, "std": 0.0016678748652338982, "repeat": 2, "number": 1}]}, "readwrite.TimeRead.time_pathfinder_write": {"result": [0.1131167458370328], "stats": [{"ci_99": [0.0740926070138812, 0.15214088466018436], "q_25": 0.11272650444880128, "q_75": 0.11350698722526431, "min": 0.11233626306056976, "max": 0.11389722861349583, "mean": 0.1131167458370328, "std": 0.0007804827764630318, "repeat": 2, "number": 1}]}, "sampling.TimeSampling.time_forward_sample": {"result": [0.22950354591012], "stats": [{"ci_99": [0.22832565754652023, 0.23013462498784065], "q_25": 0.22901134798303246, "q_75": 0.229748772457242, "min": 0.22832565754652023, "max": 0.23013462498784065, "mean": 0.22938129529356957, "std": 0.000507990618096304, "repeat": 10, "number": 1}]}, "sampling.TimeSampling.time_gibbs_sampling": null, "sampling.TimeSampling.time_likelihood_sample": {"result": [0.22869036719202995], "stats": [{"ci_99": [0.22677688486874104, 0.2308835331350565], "q_25": 0.22772178519517183, "q_75": 0.2290811501443386, "min": 0.22677688486874104, "max": 0.2308835331350565, "mean": 0.22849302124232054, "std": 0.0011774095249536868, "repeat": 10, "number": 1}]}, "sampling.TimeSampling.time_rejection_sample": {"result": [40.81530199572444], "stats": [{"ci_99": [37.34656284749508, 44.2840411439538], "q_25": 40.780614604242146, "q_75": 40.84998938720673, "min": 40.74592721275985, "max": 40.88467677868903, "mean": 40.81530199572444, "std": 0.06937478296458721, "repeat": 2, "number": 1}]}, "structure_learning.TimeHillClimbAlarmModel.time_hillclimb": {"result": [108.61268739029765], "stats": [{"ci_99": [108.50375012308359, 108.72162465751171], "q_25": 108.61159801762551,