{"results": {"factor.TimeDiscreteFactor.time_factor_compare": {"result": [3.702548273331345e-05], "stats": [{"ci_99": [3.654597619903526e-05, 3.794516533314185e-05], "q_25": 3.689044407478543e-05, "q_75": 3.748964269125342e-05, "min": 3.654597619903526e-05, "max": 3.794516533314185e-05, "mean": 3.7171123518194235e-05, "std": 4.040987444936868e-07, "repeat": 10, "number": 299}]}, "factor.TimeDiscreteFactor.time_factor_marginalize": {"result": [3.6366837061691605e-05], "stats": [{"ci_99": [3.6219928738654857e-05, 3.722126301903053e-05], "q_25": 3.625708475908977e-05, "q_75": 3.655244840071505e-05, "min": 3.6219928738654857e-05, "max": 3.722126301903053e-05, "mean": 3.64579929151391e-05, "std": 2.8674436646410205e-07, "repeat": 10, "number": 298}]}, "factor.TimeDiscreteFactor.time_factor_multiply_large": {"result": [1.4470397911540383e-05], "stats": [{"ci_99": [1.4256005723321264e-05, 1.45556293873198e-05], "q_25": 1.4353938064331396e-05, "q_75": 1.4498538571406169e-05, "min": 1.4256005723321264e-05, "max": 1.45556293873198e-05, "mean": 1.4434013500869037e-05, "std": 9.841296428659213e-08, "repeat": 10, "number": 753}]}, "factor.TimeDiscreteFactor.time_factor_reduce": {"result": [7.310861853953919e-06], "stats": [{"ci_99": [7.242041950424512e-06, 7.495523272642021e-06], "q_25": 7.289959260267638e-06, "q_75": 7.349467846498789e-06, "min": 7.242041950424512e-06, "max": 7.495523272642021e-06, "mean": 7.32757680403079e-06, "std": 7.215684881885488e-08, "repeat": 10, "number": 1464}]}, "import.TimeImport.time_import": {"result": [1.1508041085697148e-07], "stats": [{"ci_99": [1.1318005090324545e-07, 1.1668002767353437e-07], "q_25": 1.1445897972223861e-07, "q_75": 1.1579311045316405e-07, "min": 1.1318005090324545e-07, "max": 1.1668002767353437e-07, "mean": 1.1510683755318554e-07, "std": 1.0236834041720967e-09, "repeat": 10, "number": 95491}]}, "inference.TimeBeliefPropagation.time_query_alarm": {"result": [100.80601983889937], "stats": [{"ci_99": [97.6453731879592, 103.96666648983955], "q_25": 100.77441337238997, "q_75": 100.83762630540878, "min": 100.74280690588057, "max": 100.86923277191818, "mean": 100.80601983889937, "std": 0.0632129330188036, "repeat": 2, "number": 1}]}, "inference.TimeVariableElimination.time_query_alarm": {"result": [0.004330152956147988], "stats": [{"ci_99": [0.0042849632990385874, 0.0043733949073130095], "q_25": 0.0043185170119007426, "q_75": 0.004340815047423045, "min": 0.004307740678389867, "max": 0.004348669822017352, "mean": 0.004329179103175799, "std": 1.557881140062698e-05, "repeat": 4, "number": 3}]}, "inference.TimeVariableElimination.time_query_munin": {"result": [0.1460957219824195], "stats": [{"ci_99": [0.141855907838747, 0.15048568208892632], "q_25": 0.14488348551094532, "q_75": 0.14738303143531084, "min": 0.14442829228937626, "max": 0.14806344360113144, "mean": 0.14617079496383667, "std": 0.0014898867185617005, "repeat": 4, "number": 1}]}, "parameter_learning.TimeBayesianEstimator.time_alarm_bayesian_estimator": {"result": [2.1471873074769974], "stats": [{"ci_99": [1.9842329952929028, 2.298063237586259], "q_25": 2.104967352002859, "q_75": 2.183368071913719, "min": 2.062226764857769, "max": 2.20799108594656, "mean": 2.141148116439581, "std": 0.05553038321293243, "repeat": 4, "number": 1}]}, "parameter_learning.TimeBayesianEstimator.time_munin_bayesian_estimator": {"result": [35.72968684043735], "stats": [{"ci_99": [25.808685616590083, 45.650688064284616], "q_25": 35.63047682819888, "q_75": 35.828896852675825, "min": 35.53126681596041, "max": 35.9281068649143, "mean": 35.72968684043735, "std": 0.1984200244769454, "repeat": 2, "number": 1}]}, "parameter_learning.TimeExpectationMaximization.time_alarm_em": {"result": [7.063847590237856], "stats": [{"ci_99": [-1.0741656683385372, 15.201860848814242], "q_25": 6.982467457652092, "q_75": 7.14522772282362, "min": 6.901087325066328, "max": 7.226607855409384, "mean": 7.063847590237856, "std": 0.16276026517152786, "repeat": 2, "number": 1}]}, "parameter_learning.TimeExpectationMaximization.time_munin_em": {"result": [81.33191645424813], "stats": [{"ci_99": [79.15853203553706, 83.5053008729592], "q_25": 81.31018261006102, "q_75": 81.35365029843524, "min": 81.28844876587391, "max": 81.37538414262235, "mean": 81.33191645424813, "std": 0.043467688374221325, "repeat": 2, "number": 1}]}, "parameter_learning.TimeMLE.time_alarm_mle": {"result": [2.21822552010417], "stats": [{"ci_99": [2.02842840884261, 2.4178070048204794], "q_25": 2.167758459225297, "q_75": 2.2735847677104175, "min": 2.141964292153716, "max": 2.3140554949641228, "mean": 2.2231177068315446, "std": 0.06784071822510383, "repeat": 4, "number": 1}]}, "parameter_learning.TimeMLE.time_munin_mle": {"result": [35.66928400564939], "stats": [{"ci_99": [26.93373655807227, 44.4048314532265], "q_25": 35.58192853117362, "q_75": 35.75663948012516, "min": 35.494573056697845, "max": 35.84399495460093, "mean": 35.66928400564939, "std": 0.17471094895154238, "repeat": 2, "number": 1}]}, "readwrite.TimeRead.time_asia_read": {"result": [0.009346254169940948], "stats": [{"ci_99": [0.00470314547419548, 0.013989362865686413], "q_25": 0.009299823082983494, "q_75": 0.009392685256898403, "min": 0.009253391996026039, "max": 0.009439116343855858, "mean": 0.009346254169940948, "std": 9.286217391490936e-05, "repeat": 2, "number": 2}]}, "readwrite.TimeRead.time_asia_write": {"result": [0.0008722968480509261], "stats": [{"ci_99": [0.0007386966001080433, 0.0010058970959938088], "q_25": 0.0008709608455714972, "q_75": 0.000873632850530355, "min": 0.0008696248430920684, "max": 0.0008749688530097837, "mean": 0.0008722968480509261, "std": 2.672004958857656e-06, "repeat": 2, "number": 46}]}, "readwrite.TimeRead.time_munin_read": {"result": [5.052197387441993], "stats": [{"ci_99": [4.727195331826806, 5.3771994430571795], "q_25": 5.048947366885841, "q_75": 5.055447407998145, "min": 5.045697346329689, "max": 5.0586974285542965, "mean": 5.052197387441993, "std": 0.006500041112303734, "repeat": 2, "number": 1}]}, "readwrite.TimeRead.time_munin_write": {"result": [0.11631676089018583], "stats": [{"ci_99": [-0.2264310410246253, 0.4590645628049967], "q_25": 0.11288928287103772, "q_75": 0.11974423890933394, "min": 0.10946180485188961, "max": 0.12317171692848206, "mean": 0.11631676089018583, "std": 0.006854956038296223, "repeat": 2, "number": 1}]}, "readwrite.TimeRead.time_pathfinder_read": {"result": [5.703161136247218], "stats": [{"ci_99": [5.387572097592056, 6.0187501749023795], "q_25": 5.700005245860666, "q_75": 5.706317026633769, "min": 5.696849355474114, "max": 5.709472917020321, "mean": 5.703161136247218, "std": 0.006311780773103237, "repeat": 2, "number": 1}]}, "readwrite.TimeRead.time_pathfinder_write": {"result": [0.10489249881356955], "stats": [{"ci_99": [0.1026925751939416, 0.1070924224331975], "q_25": 0.10487049957737327, "q_75": 0.10491449804976583, "min": 0.10484850034117699, "max": 0.1049364972859621, "mean": 0.10489249881356955, "std": 4.399847239255905e-05, "repeat": 2, "number": 1}]}, "sampling.TimeSampling.time_forward_sample": {"result": [0.24204324930906296], "stats": [{"ci_99": [0.2406704816967249, 0.24615313485264778], "q_25": 0.24139488907530904, "q_75": 0.2431513206101954, "min": 0.2406704816967249, "max": 0.24615313485264778, "mean": 0.24241618122905492, "std": 0.0015374658745864287, "repeat": 10, "number": 1}]}, "sampling.TimeSampling.time_gibbs_sampling": null, "sampling.TimeSampling.time_likelihood_sample": {"result": [0.2419180553406477], "stats": [{"ci_99": [0.23963861167430878, 0.24548030085861683], "q_25": 0.24165291292592883, "q_75": 0.24283747654408216, "min": 0.23963861167430878, "max": 0.24548030085861683, "mean": 0.24229852464050056, "std": 0.0014430480421824719, "repeat": 10, "number": 1}]}, "sampling.TimeSampling.time_rejection_sample": {"result": [44.817245251499116], "stats": [{"ci_99": [42.269598425365984, 47.36489207763225], "q_25": 44.791768783237785, "q_75": 44.84272171976045, "min": 44.766292314976454,