{"results": {"factor.TimeDiscreteFactor.time_factor_compare": {"result": [5.977281738491454e-05], "stats": [{"ci_99": [5.9365024845275656e-05, 6.1248974687249e-05], "q_25": 5.9725600983616864e-05, "q_75": 5.988007378296034e-05, "min": 5.9365024845275656e-05, "max": 6.1248974687249e-05, "mean": 5.997465978536381e-05, "std": 5.381408186488865e-07, "repeat": 10, "number": 169}]}, "factor.TimeDiscreteFactor.time_factor_marginalize": {"result": [6.31268953253155e-05], "stats": [{"ci_99": [6.283588844574302e-05, 6.356375989007072e-05], "q_25": 6.299596451268604e-05, "q_75": 6.324866718035534e-05, "min": 6.283588844574302e-05, "max": 6.356375989007072e-05, "mean": 6.315148795492078e-05, "std": 2.2547490650931546e-07, "repeat": 10, "number": 163}]}, "factor.TimeDiscreteFactor.time_factor_multiply_large": {"result": [4.643565664688746e-05], "stats": [{"ci_99": [4.562930100493961e-05, 4.805949827035268e-05], "q_25": 4.603022502528297e-05, "q_75": 4.7546674807866414e-05, "min": 4.562930100493961e-05, "max": 4.805949827035268e-05, "mean": 4.673743082417382e-05, "std": 8.487347555653256e-07, "repeat": 10, "number": 225}]}, "factor.TimeDiscreteFactor.time_factor_reduce": {"result": [2.546856270694151e-05], "stats": [{"ci_99": [2.5310344630625188e-05, 2.550121578501492e-05], "q_25": 2.542343217788673e-05, "q_75": 2.5483915900311817e-05, "min": 2.5310344630625188e-05, "max": 2.550121578501492e-05, "mean": 2.543789084728171e-05, "std": 6.477910923366979e-08, "repeat": 10, "number": 410}]}, "import.TimeImport.time_import": {"result": [1.1104299606894177e-07], "stats": [{"ci_99": [1.1046376970097159e-07, 1.1180178882534498e-07], "q_25": 1.1088312442868102e-07, "q_75": 1.1138069885647376e-07, "min": 1.1046376970097159e-07, "max": 1.1180178882534498e-07, "mean": 1.1108921562746804e-07, "std": 3.98900394198242e-10, "repeat": 10, "number": 97413}]}, "inference.TimeBeliefPropagation.time_query_alarm": {"result": [21.073326953686774], "stats": [{"ci_99": [20.202976810745895, 21.943677096627653], "q_25": 21.064623452257365, "q_75": 21.082030455116183, "min": 21.055919950827956, "max": 21.09073395654559, "mean": 21.073326953686774, "std": 0.017407002858817577, "repeat": 2, "number": 1}]}, "inference.TimeVariableElimination.time_query_alarm": {"result": [0.05059564206749201], "stats": [{"ci_99": [0.04954049779600711, 0.051699615581563996], "q_25": 0.0502968430519104, "q_75": 0.05091885570436716, "min": 0.050187911838293076, "max": 0.05110103078186512, "mean": 0.05062005668878555, "std": 0.00037318826995925703, "repeat": 4, "number": 1}]}, "inference.TimeVariableElimination.time_query_munin": {"result": [0.4518015366047621], "stats": [{"ci_99": [0.4385556087427854, 0.46489303535138377], "q_25": 0.44812943832948804, "q_75": 0.4553964203223586, "min": 0.44588135182857513, "max": 0.457412863150239, "mean": 0.45172432204708457, "std": 0.004571556019290842, "repeat": 4, "number": 1}]}, "parameter_learning.TimeBayesianEstimator.time_alarm_bayesian_estimator": null, "parameter_learning.TimeBayesianEstimator.time_munin_bayesian_estimator": null, "parameter_learning.TimeExpectationMaximization.time_alarm_em": null, "parameter_learning.TimeExpectationMaximization.time_munin_em": null, "parameter_learning.TimeMLE.time_alarm_mle": null, "parameter_learning.TimeMLE.time_munin_mle": null, "readwrite.TimeRead.time_asia_read": {"result": [0.008936882950365543], "stats": [{"ci_99": [0.008085141889750957, 0.00978862401098013], "q_25": 0.008928365539759398, "q_75": 0.00894540036097169, "min": 0.008919848129153252, "max": 0.008953917771577835, "mean": 0.008936882950365543, "std": 1.7034821212291718e-05, "repeat": 2, "number": 2}]}, "readwrite.TimeRead.time_asia_write": {"result": [0.0005094684445514128], "stats": [{"ci_99": [-8.868721003333746e-05, 0.0011076240991361626], "q_25": 0.0005034868880055654, "q_75": 0.0005154500010972603, "min": 0.0004975053314597178, "max": 0.0005214315576431078, "mean": 0.0005094684445514128, "std": 1.1963113091695006e-05, "repeat": 2, "number": 78}]}, "readwrite.TimeRead.time_munin_read": {"result": [4.803377592936158], "stats": [{"ci_99": [4.653678385540843, 4.953076800331473], "q_25": 4.801880600862205, "q_75": 4.804874585010111, "min": 4.800383608788252, "max": 4.8063715770840645, "mean": 4.803377592936158, "std": 0.0029939841479063034, "repeat": 2, "number": 1}]}, "readwrite.TimeRead.time_munin_write": {"result": [0.03481196518987417], "stats": [{"ci_99": [0.028524932451546192, 0.041098997928202145], "q_25": 0.03474909486249089, "q_75": 0.03487483551725745, "min": 0.03468622453510761, "max": 0.03493770584464073, "mean": 0.03481196518987417, "std": 0.0001257406547665596, "repeat": 2, "number": 1}]}, "readwrite.TimeRead.time_pathfinder_read": {"result": [5.345066891983151], "stats": [{"ci_99": [4.853928996250033, 5.8362047877162695], "q_25": 5.34015551302582, "q_75": 5.349978270940483, "min": 5.335244134068489, "max": 5.354889649897814, "mean": 5.345066891983151, "std": 0.009822757914662361, "repeat": 2, "number": 1}]}, "readwrite.TimeRead.time_pathfinder_write": {"result": [0.02092225756496191], "stats": [{"ci_99": [0.018160187639296055, 0.023684327490627762], "q_25": 0.02089463686570525, "q_75": 0.02094987826421857, "min": 0.020867016166448593, "max": 0.020977498963475227, "mean": 0.02092225756496191, "std": 5.524139851331711e-05, "repeat": 2, "number": 1}]}, "sampling.TimeSampling.time_forward_sample": null, "sampling.TimeSampling.time_gibbs_sampling": null, "sampling.TimeSampling.time_likelihood_sample": {"result": [0.22379939537495375], "stats": [{"ci_99": [0.22312308847904205, 0.22414961829781532], "q_25": 0.223626964725554, "q_75": 0.2239128346554935, "min": 0.22312308847904205, "max": 0.22414961829781532, "mean": 0.22373943831771612, "std": 0.0002757508790676765, "repeat": 10, "number": 1}]}, "sampling.TimeSampling.time_rejection_sample": null, "structure_learning.TimeHillClimbAlarmModel.time_hillclimb": null, "structure_learning.TimeMmhcAlarmModel.time_mmhc": null, "structure_learning.TimePCAlarmModel.time_pc_orig": null, "structure_learning.TimePCAlarmModel.time_pc_stable": null, "structure_learning.TimeTreeSearchAlarmModel.time_tan": null}, "params": {"arch": "x86_64", "cpu": "Intel(R) Core(TM) i9-9820X CPU @ 3.30GHz", "machine": "graveyard", "num_cpu": "20", "os": "Linux 4.15.0-112-generic", "ram": "131688676", "python": "3.9"}, "requirements": {}, "commit_hash": "c21818ddace3e7a9e70aa031ede0a52a3d1cf21e", "date": 1627559511000, "env_name": "conda-py3.9", "python": "3.9", "profiles": {}, "started_at": {"factor.TimeDiscreteFactor.time_factor_compare": 1653845766573, "factor.TimeDiscreteFactor.time_factor_marginalize": 1653845766780, "factor.TimeDiscreteFactor.time_factor_multiply_large": 1653845766987, "factor.TimeDiscreteFactor.time_factor_reduce": 1653845767194, "import.TimeImport.time_import": 1653845767401, "inference.TimeBeliefPropagation.time_query_alarm": 1653845767608, "inference.TimeVariableElimination.time_query_alarm": 1653845809993, "inference.TimeVariableElimination.time_query_munin": 1653845827248, "parameter_learning.TimeBayesianEstimator.time_alarm_bayesian_estimator": 1653845004470, "parameter_learning.TimeBayesianEstimator.time_munin_bayesian_estimator": 1653845004627, "parameter_learning.TimeExpectationMaximization.time_alarm_em": 1653845004784, "parameter_learning.TimeExpectationMaximization.time_munin_em": 1653845004941, "parameter_learning.TimeMLE.time_alarm_mle": 1653845005097, "parameter_learning.TimeMLE.time_munin_mle": 1653845005254, "readwrite.TimeRead.time_asia_read": 1653845845658, "readwrite.TimeRead.time_asia_write": 1653845868076, "readwrite.TimeRead.time_munin_read": 1653845890495, "readwrite.TimeRead.time_munin_write": 1653845924747, "readwrite.TimeRead.time_pathfinder_read": 1653845947266, "readwrite.TimeRead.time_pathfinder_write": 1653845981366, "sampling.TimeSampling.time_forward_sample": 1653845163286, "sampling.TimeSampling.time_gibbs_sampling": 1653845163443,