{"results": {"factor.TimeDiscreteFactor.time_factor_marginalize": {"result": [6.162074241934524e-05], "stats": [{"ci_99": [6.112973021585389e-05, 6.193129903515853e-05], "q_25": 6.137651754385334e-05, "q_75": 6.17026988059114e-05, "min": 6.112973021585389e-05, "max": 6.193129903515853e-05, "mean": 6.153794100223961e-05, "std": 2.507841129916176e-07, "repeat": 10, "number": 177}]}, "factor.TimeDiscreteFactor.time_factor_multiply_large": {"result": [5.109970354371601e-05], "stats": [{"ci_99": [5.07086965340923e-05, 5.151475397285056e-05], "q_25": 5.1044303347955e-05, "q_75": 5.122629142757775e-05, "min": 5.07086965340923e-05, "max": 5.151475397285056e-05, "mean": 5.10996540531444e-05, "std": 2.3937745335084755e-07, "repeat": 10, "number": 207}]}, "factor.TimeDiscreteFactor.time_factor_reduce": {"result": [3.003568230756645e-05], "stats": [{"ci_99": [2.9820185460028102e-05, 3.0492549466956508e-05], "q_25": 2.9940481292582602e-05, "q_75": 3.016224166612482e-05, "min": 2.9820185460028102e-05, "max": 3.0492549466956508e-05, "mean": 3.007652563719801e-05, "std": 1.9712539580061333e-07, "repeat": 10, "number": 366}]}, "import.TimeImport.time_import": {"result": [1.2625715517169196e-07], "stats": [{"ci_99": [1.2329673406709757e-07, 1.3757904908179062e-07], "q_25": 1.2368732152640817e-07, "q_75": 1.2647841807138866e-07, "min": 1.2329673406709757e-07, "max": 1.3757904908179062e-07, "mean": 1.2638349989781907e-07, "std": 3.96451535444948e-09, "repeat": 10, "number": 86931}]}, "inference.TimeVariableElimination.time_query_alarm": {"result": [0.05505708046257496], "stats": [{"ci_99": [0.032494992016607285, 0.09127296507472443], "q_25": 0.05477759847417474, "q_75": 0.06216346053406596, "min": 0.05397476442158222, "max": 0.08344698883593082, "mean": 0.06188397854566574, "std": 0.012457251277233758, "repeat": 4, "number": 1}]}, "inference.TimeVariableElimination.time_query_munin": {"result": [0.5022009378299117], "stats": [{"ci_99": [0.5004543535942961, 0.5047632246677946], "q_25": 0.5021041845902801, "q_75": 0.502705542370677, "min": 0.5019040387123823, "max": 0.5041292421519756, "mean": 0.5026087891310453, "std": 0.0008864170104491433, "repeat": 4, "number": 1}]}, "readwrite.TimeRead.time_asia_read": {"result": [0.008512899745255709], "stats": [{"ci_99": [0.007233378943055868, 0.009792420547455548], "q_25": 0.00850010453723371, "q_75": 0.008525694953277707, "min": 0.008487309329211712, "max": 0.008538490161299706, "mean": 0.008512899745255709, "std": 2.559041604399681e-05, "repeat": 2, "number": 2}]}, "readwrite.TimeRead.time_asia_write": {"result": [0.00037915105305945694], "stats": [{"ci_99": [-0.010548821928452199, 0.011307124034571105], "q_25": 0.00026987132324434034, "q_75": 0.0004884307828745735, "min": 0.0001605915934292238, "max": 0.0005977105126896901, "mean": 0.00037915105305945694, "std": 0.00021855945963023313, "repeat": 2, "number": 67}]}, "readwrite.TimeRead.time_munin_read": {"result": [5.1512824492529035], "stats": [{"ci_99": [4.9926726734265685, 5.309892225079238], "q_25": 5.14969635149464, "q_75": 5.152868547011167, "min": 5.148110253736377, "max": 5.15445464476943, "mean": 5.1512824492529035, "std": 0.003172195516526699, "repeat": 2, "number": 1}]}, "readwrite.TimeRead.time_munin_write": {"result": [0.04114445857703686], "stats": [{"ci_99": [0.03037678636610508, 0.05191213078796863], "q_25": 0.04103678185492754, "q_75": 0.041252135299146175, "min": 0.04092910513281822, "max": 0.04135981202125549, "mean": 0.04114445857703686, "std": 0.00021535344421863556, "repeat": 2, "number": 1}]}, "readwrite.TimeRead.time_pathfinder_read": {"result": [5.726948030292988], "stats": [{"ci_99": [5.301565885543823, 6.152330175042152], "q_25": 5.722694208845496, "q_75": 5.7312018517404795, "min": 5.7184403873980045, "max": 5.735455673187971, "mean": 5.726948030292988, "std": 0.008507642894983292, "repeat": 2, "number": 1}]}, "readwrite.TimeRead.time_pathfinder_write": {"result": [0.03320408519357443], "stats": [{"ci_99": [-0.33717708196491003, 0.40358525235205855], "q_25": 0.029500273521989584, "q_75": 0.03690789686515927, "min": 0.02579646185040474, "max": 0.04061170853674412, "mean": 0.03320408519357443, "std": 0.007407623343169689, "repeat": 2, "number": 1}]}, "sampling.TimeSampling.time_forward_sample": null, "sampling.TimeSampling.time_gibbs_sampling": null, "sampling.TimeSampling.time_likelihood_sample": {"result": [0.21015775110572577], "stats": [{"ci_99": [0.20935576409101486, 0.21102354675531387], "q_25": 0.20966497203335166, "q_75": 0.21066257869824767, "min": 0.20935576409101486, "max": 0.21102354675531387, "mean": 0.2101698162034154, "std": 0.0005681615416389099, "repeat": 10, "number": 1}]}, "sampling.TimeSampling.time_rejection_sample": null, "structure_learning.TimeHillClimb.time_hillclimb": null, "structure_learning.TimePC.time_pc_orig": {"result": [35.74367508105934], "stats": [{"ci_99": [34.89947279728949, 36.58787736482918], "q_25": 35.73523305822164, "q_75": 35.752117103897035, "min": 35.72679103538394, "max": 35.760559126734734, "mean": 35.74367508105934, "std": 0.01688404567539692, "repeat": 2, "number": 1}]}, "structure_learning.TimePC.time_pc_stable": {"result": [35.80969398654997], "stats": [{"ci_99": [32.72306158952415, 38.8963263835758], "q_25": 35.778827662579715, "q_75": 35.84056031052023, "min": 35.74796133860946, "max": 35.87142663449049, "mean": 35.80969398654997, "std": 0.06173264794051647, "repeat": 2, "number": 1}]}, "factor.TimeDiscreteFactor.time_factor_compare": {"result": [6.345020318847327e-05], "stats": [{"ci_99": [6.312448974876177e-05, 6.400855878988902e-05], "q_25": 6.333079987338612e-05, "q_75": 6.375940505503897e-05, "min": 6.312448974876177e-05, "max": 6.400855878988902e-05, "mean": 6.353610882624275e-05, "std": 2.921980759339269e-07, "repeat": 10, "number": 168}]}, "inference.TimeBeliefPropagation.time_query_alarm": {"result": [189.10123945586383], "stats": [{"ci_99": [179.67376399226487, 198.5287149194628], "q_25": 189.00696470122784, "q_75": 189.19551421049982, "min": 188.91268994659185, "max": 189.2897889651358, "mean": 189.10123945586383, "std": 0.18854950927197933, "repeat": 2, "number": 1}]}, "parameter_learning.TimeBayesianEstimator.time_alarm_bayesian_estimator": null, "parameter_learning.TimeBayesianEstimator.time_munin_bayesian_estimator": null, "parameter_learning.TimeExpectationMaximization.time_alarm_em": null, "parameter_learning.TimeExpectationMaximization.time_munin_em": null, "parameter_learning.TimeMLE.time_alarm_mle": null, "parameter_learning.TimeMLE.time_munin_mle": null, "structure_learning.TimeHillClimbAlarmModel.time_hillclimb": null, "structure_learning.TimeMmhcAlarmModel.time_mmhc": null, "structure_learning.TimePCAlarmModel.time_pc_orig": null, "structure_learning.TimePCAlarmModel.time_pc_stable": null, "structure_learning.TimeTreeSearchAlarmModel.time_tan": null}, "params": {"arch": "x86_64", "cpu": "Intel(R) Core(TM) i9-9820X CPU @ 3.30GHz", "machine": "graveyard", "num_cpu": "20", "os": "Linux 4.15.0-112-generic", "ram": "131688676", "python": "3.7"}, "requirements": {}, "commit_hash": "c21818ddace3e7a9e70aa031ede0a52a3d1cf21e", "date": 1627559511000, "env_name": "conda-py3.7", "python": "3.7", "profiles": {}, "started_at": {"factor.TimeDiscreteFactor.time_factor_marginalize": 1653843168029, "factor.TimeDiscreteFactor.time_factor_multiply_large": 1653843168236, "factor.TimeDiscreteFactor.time_factor_reduce": 1653843168442, "import.TimeImport.time_import": 1653843168649, "inference.TimeVariableElimination.time_query_alarm": 1653843547079, "inference.TimeVariableElimination.time_query_munin": 1653843564988, "readwrite.TimeRead.time_asia_read": 1653843584201, "readwrite.TimeRead.time_asia_write": 1653843607671, "readwrite.TimeRead.time_munin_read": 1653843631093, "readwrite.TimeRead.time_munin_write": 1653843666696, "readwrite.TimeRead.time_pathfinder_read": 1653843690167, "readwrite.TimeRead.time_pathfinder_write": 1653843725872, "sampling.TimeSampling.time_forward_sample": 1653842564638,