{"results": {"factor.TimeDiscreteFactor.time_factor_marginalize": {"result": [6.333132041618228e-05], "stats": [{"ci_99": [6.282222457230092e-05, 6.404095329344272e-05], "q_25": 6.295753992162645e-05, "q_75": 6.385011947713792e-05, "min": 6.282222457230092e-05, "max": 6.404095329344272e-05, "mean": 6.338179344311355e-05, "std": 4.6696684184305627e-07, "repeat": 10, "number": 160}]}, "factor.TimeDiscreteFactor.time_factor_multiply_large": {"result": [5.297705319255449e-05], "stats": [{"ci_99": [5.23653640566279e-05, 5.3386517328108655e-05], "q_25": 5.265189361233282e-05, "q_75": 5.311550245889555e-05, "min": 5.23653640566279e-05, "max": 5.3386517328108655e-05, "mean": 5.291360143519126e-05, "std": 3.0942548783644077e-07, "repeat": 10, "number": 211}]}, "factor.TimeDiscreteFactor.time_factor_reduce": {"result": [3.105130147289585e-05], "stats": [{"ci_99": [3.0867945593040624e-05, 3.2984648828391914e-05], "q_25": 3.099053896762229e-05, "q_75": 3.1298859878345296e-05, "min": 3.0867945593040624e-05, "max": 3.2984648828391914e-05, "mean": 3.1375054930065484e-05, "std": 7.005418108428584e-07, "repeat": 10, "number": 333}]}, "import.TimeImport.time_import": {"result": [1.2463411959076671e-07], "stats": [{"ci_99": [1.2406553422407505e-07, 1.2557441782594375e-07], "q_25": 1.2458833209266063e-07, "q_75": 1.249077345153762e-07, "min": 1.2406553422407505e-07, "max": 1.2557441782594375e-07, "mean": 1.2476974615638746e-07, "std": 4.3410514710505446e-10, "repeat": 10, "number": 88093}]}, "inference.TimeVariableElimination.time_query_alarm": {"result": [0.056495700031518936], "stats": [{"ci_99": [0.05521322243727729, 0.05788804761253312], "q_25": 0.056118398904800415, "q_75": 0.056927936151623726, "min": 0.05606767162680626, "max": 0.05714346840977669, "mean": 0.056550635024905205, "std": 0.0004611143051177857, "repeat": 4, "number": 1}]}, "inference.TimeVariableElimination.time_query_munin": {"result": [0.5007919576019049], "stats": [{"ci_99": [0.4904049375791819, 0.5111124700169294], "q_25": 0.4983030930161476, "q_75": 0.5032475683838129, "min": 0.49579834565520287, "max": 0.50565255433321, "mean": 0.5007587037980556, "std": 0.0036751949218606157, "repeat": 4, "number": 1}]}, "readwrite.TimeRead.time_asia_read": {"result": [0.00920302513986826], "stats": [{"ci_99": [-0.002621185965836048, 0.021027236245572557], "q_25": 0.009084783028811216, "q_75": 0.009321267250925303, "min": 0.008966540917754173, "max": 0.009439509361982346, "mean": 0.00920302513986826, "std": 0.00023648422211408615, "repeat": 2, "number": 2}]}, "readwrite.TimeRead.time_asia_write": {"result": [0.0006064882721094525], "stats": [{"ci_99": [-0.0003864851177615284, 0.0015994616619804324], "q_25": 0.0005965585382107426, "q_75": 0.0006164180060081623, "min": 0.0005866288043120328, "max": 0.0006263477399068721, "mean": 0.0006064882721094525, "std": 1.9859467797419617e-05, "repeat": 2, "number": 68}]}, "readwrite.TimeRead.time_munin_read": {"result": [5.3703745026141405], "stats": [{"ci_99": [5.155610864982009, 5.585138140246272], "q_25": 5.368226866237819, "q_75": 5.372522138990462, "min": 5.366079229861498, "max": 5.374669775366783, "mean": 5.3703745026141405, "std": 0.0042952727526426315, "repeat": 2, "number": 1}]}, "readwrite.TimeRead.time_munin_write": {"result": [0.04098808020353317], "stats": [{"ci_99": [0.0314660519361496, 0.05051010847091674], "q_25": 0.04089285992085934, "q_75": 0.04108330048620701, "min": 0.0407976396381855, "max": 0.041178520768880844, "mean": 0.04098808020353317, "std": 0.0001904405653476715, "repeat": 2, "number": 1}]}, "readwrite.TimeRead.time_pathfinder_read": {"result": [6.337629947811365], "stats": [{"ci_99": [-11.340694185346365, 24.01595408096908], "q_25": 6.160846706479788, "q_75": 6.514413189142942, "min": 5.9840634651482105, "max": 6.69119643047452, "mean": 6.337629947811365, "std": 0.3535664826631546, "repeat": 2, "number": 1}]}, "readwrite.TimeRead.time_pathfinder_write": {"result": [0.025056231766939163], "stats": [{"ci_99": [0.015645403414964676, 0.034467060118913644], "q_25": 0.02496212348341942, "q_75": 0.025150340050458908, "min": 0.024868015199899673, "max": 0.025244448333978653, "mean": 0.025056231766939163, "std": 0.00018821656703948975, "repeat": 2, "number": 1}]}, "sampling.TimeSampling.time_forward_sample": {"result": [0.2058792244642973], "stats": [{"ci_99": [0.2045109160244465, 0.2069774642586708], "q_25": 0.2052013073116541, "q_75": 0.20657058991491795, "min": 0.2045109160244465, "max": 0.2069774642586708, "mean": 0.2058608725667, "std": 0.0008107946673855201, "repeat": 10, "number": 1}]}, "sampling.TimeSampling.time_gibbs_sampling": null, "sampling.TimeSampling.time_likelihood_sample": {"result": [0.2175480779260397], "stats": [{"ci_99": [0.2140279896557331, 0.22167223319411278], "q_25": 0.21447530202567577, "q_75": 0.219328205101192, "min": 0.2140279896557331, "max": 0.22167223319411278, "mean": 0.2172394447028637, "std": 0.0026886619495700183, "repeat": 10, "number": 1}]}, "sampling.TimeSampling.time_rejection_sample": {"result": [37.86074833199382], "stats": [{"ci_99": [-72.44295629486442, 148.16445295885194], "q_25": 36.757711285725236, "q_75": 38.9637853782624, "min": 35.654674239456654, "max": 40.06682242453098, "mean": 37.86074833199382, "std": 2.2060740925371647, "repeat": 2, "number": 1}]}, "structure_learning.TimeHillClimb.time_hillclimb": null, "structure_learning.TimePC.time_pc_orig": {"result": [35.74367508105934], "stats": [{"ci_99": [34.89947279728949, 36.58787736482918], "q_25": 35.73523305822164, "q_75": 35.752117103897035, "min": 35.72679103538394, "max": 35.760559126734734, "mean": 35.74367508105934, "std": 0.01688404567539692, "repeat": 2, "number": 1}]}, "structure_learning.TimePC.time_pc_stable": {"result": [35.80969398654997], "stats": [{"ci_99": [32.72306158952415, 38.8963263835758], "q_25": 35.778827662579715, "q_75": 35.84056031052023, "min": 35.74796133860946, "max": 35.87142663449049, "mean": 35.80969398654997, "std": 0.06173264794051647, "repeat": 2, "number": 1}]}}, "params": {"arch": "x86_64", "cpu": "Intel(R) Core(TM) i9-9820X CPU @ 3.30GHz", "machine": "graveyard", "num_cpu": "20", "os": "Linux 4.15.0-112-generic", "ram": "131688676", "python": "3.7"}, "requirements": {}, "commit_hash": "c21818ddace3e7a9e70aa031ede0a52a3d1cf21e", "date": 1627559511000, "env_name": "conda-py3.7", "python": "3.7", "profiles": {}, "started_at": {"factor.TimeDiscreteFactor.time_factor_marginalize": 1630643504336, "factor.TimeDiscreteFactor.time_factor_multiply_large": 1630643504544, "factor.TimeDiscreteFactor.time_factor_reduce": 1630643504751, "import.TimeImport.time_import": 1630643504958, "inference.TimeVariableElimination.time_query_alarm": 1630643505165, "inference.TimeVariableElimination.time_query_munin": 1630643523772, "readwrite.TimeRead.time_asia_read": 1630643543675, "readwrite.TimeRead.time_asia_write": 1630643569201, "readwrite.TimeRead.time_munin_read": 1630643593774, "readwrite.TimeRead.time_munin_write": 1630643630770, "readwrite.TimeRead.time_pathfinder_read": 1630643655292, "readwrite.TimeRead.time_pathfinder_write": 1630643694706, "sampling.TimeSampling.time_forward_sample": 1630643719276, "sampling.TimeSampling.time_gibbs_sampling": 1630642668646, "sampling.TimeSampling.time_likelihood_sample": 1630643721089, "sampling.TimeSampling.time_rejection_sample": 1630643722953, "structure_learning.TimeHillClimb.time_hillclimb": 1630643345088, "structure_learning.TimePC.time_pc_orig": 1630643802690, "structure_learning.TimePC.time_pc_stable": 1630643881661}, "ended_at": {"factor.TimeDiscreteFactor.time_factor_marginalize": 1630643504543, "factor.TimeDiscreteFactor.time_factor_multiply_large": 1630643504751, "factor.TimeDiscreteFactor.time_factor_reduce": 1630643504958, "import.TimeImport.time_import": 1630643505165, "inference.TimeVariableElimination.time_query_alarm": 1630643523772, "inference.TimeVariableElimination.time_query_munin": 1630643543674, "readwrite.TimeRead.time_asia_read": 1630643569201,