{"results": {"factor.TimeDiscreteFactor.time_factor_compare": {"result": [6.739474352329008e-05], "stats": [{"ci_99": [6.706808363237689e-05, 6.797119013724788e-05], "q_25": 6.719027916269918e-05, "q_75": 6.756762403153604e-05, "min": 6.706808363237689e-05, "max": 6.797119013724788e-05, "mean": 6.7428728986171e-05, "std": 2.8730111985519477e-07, "repeat": 10, "number": 155}]}, "factor.TimeDiscreteFactor.time_factor_marginalize": {"result": [6.32562126745196e-05], "stats": [{"ci_99": [6.28777505720363e-05, 6.382684497272267e-05], "q_25": 6.306794855524513e-05, "q_75": 6.346461527487811e-05, "min": 6.28777505720363e-05, "max": 6.382684497272267e-05, "mean": 6.329409997252858e-05, "std": 3.1278638996937147e-07, "repeat": 10, "number": 170}]}, "factor.TimeDiscreteFactor.time_factor_multiply_large": {"result": [4.7265734995296426e-05], "stats": [{"ci_99": [4.612438901282814e-05, 4.87303922530345e-05], "q_25": 4.674801521621417e-05, "q_75": 4.828975060100638e-05, "min": 4.612438901282814e-05, "max": 4.87303922530345e-05, "mean": 4.7427905503839396e-05, "std": 8.895852552117843e-07, "repeat": 10, "number": 229}]}, "factor.TimeDiscreteFactor.time_factor_reduce": {"result": [2.5449171842732094e-05], "stats": [{"ci_99": [2.5218808189142703e-05, 2.566697053412837e-05], "q_25": 2.5279291163561705e-05, "q_75": 2.5536415119797495e-05, "min": 2.5218808189142703e-05, "max": 2.566697053412837e-05, "mean": 2.5430061915307586e-05, "std": 1.5032546348535436e-07, "repeat": 10, "number": 413}]}, "import.TimeImport.time_import": {"result": [1.126905564198658e-07], "stats": [{"ci_99": [1.1101001942334295e-07, 1.1399884821670309e-07], "q_25": 1.1182425719660025e-07, "q_75": 1.135648116358184e-07, "min": 1.1101001942334295e-07, "max": 1.1399884821670309e-07, "mean": 1.1264761058371451e-07, "std": 1.0170906305230054e-09, "repeat": 10, "number": 95813}]}, "inference.TimeBeliefPropagation.time_query_alarm": {"result": [65.87089602276683], "stats": [{"ci_99": [65.7853341139853, 65.95645793154836], "q_25": 65.87004040367901, "q_75": 65.87175164185464, "min": 65.8691847845912, "max": 65.87260726094246, "mean": 65.87089602276683, "std": 0.0017112381756305695, "repeat": 2, "number": 1}]}, "inference.TimeVariableElimination.time_query_alarm": {"result": [0.03974137082695961], "stats": [{"ci_99": [0.016925176565441315, 0.07686088051935769], "q_25": 0.03922773338854313, "q_75": 0.04740666598081589, "min": 0.03920004516839981, "max": 0.0688893273472786, "mean": 0.046893028542399406, "std": 0.012706498587225692, "repeat": 4, "number": 1}]}, "inference.TimeVariableElimination.time_query_munin": {"result": [0.24344919994473457], "stats": [{"ci_99": [0.21804696152706687, 0.26842032821129014], "q_25": 0.23546160804107785, "q_75": 0.25122123677283525, "min": 0.23318235203623772, "max": 0.25285382755100727, "mean": 0.24323364486917853, "std": 0.008633548947646338, "repeat": 4, "number": 1}]}, "parameter_learning.TimeBayesianEstimator.time_alarm_bayesian_estimator": null, "parameter_learning.TimeBayesianEstimator.time_munin_bayesian_estimator": null, "parameter_learning.TimeExpectationMaximization.time_alarm_em": null, "parameter_learning.TimeExpectationMaximization.time_munin_em": null, "parameter_learning.TimeMLE.time_alarm_mle": null, "parameter_learning.TimeMLE.time_munin_mle": null, "readwrite.TimeRead.time_asia_read": {"result": [0.0087225791066885], "stats": [{"ci_99": [0.008308466523885727, 0.009136691689491272], "q_25": 0.008718437980860472, "q_75": 0.008726720232516527, "min": 0.008714296855032444, "max": 0.008730861358344555, "mean": 0.0087225791066885, "std": 8.28225165605545e-06, "repeat": 2, "number": 2}]}, "readwrite.TimeRead.time_asia_write": {"result": [0.0005120939303991162], "stats": [{"ci_99": [0.00010520676033029102, 0.000918981100467941], "q_25": 0.0005080250586984279, "q_75": 0.0005161628020998044, "min": 0.0005039561869977396, "max": 0.0005202316738004926, "mean": 0.0005120939303991162, "std": 8.137743401376502e-06, "repeat": 2, "number": 79}]}, "readwrite.TimeRead.time_munin_read": {"result": [4.725682032294571], "stats": [{"ci_99": [4.441684107296169, 5.009679957292974], "q_25": 4.722842053044587, "q_75": 4.728522011544555, "min": 4.720002073794603, "max": 4.7313619907945395, "mean": 4.725682032294571, "std": 0.005679958499968052, "repeat": 2, "number": 1}]}, "readwrite.TimeRead.time_munin_write": {"result": [0.034644875675439835], "stats": [{"ci_99": [0.03136857599020004, 0.037921175360679626], "q_25": 0.03461211267858744, "q_75": 0.03467763867229223, "min": 0.03457934968173504, "max": 0.03471040166914463, "mean": 0.034644875675439835, "std": 6.552599370479584e-05, "repeat": 2, "number": 1}]}, "readwrite.TimeRead.time_pathfinder_read": {"result": [5.246675009839237], "stats": [{"ci_99": [5.23016503546387, 5.263184984214604], "q_25": 5.246509910095483, "q_75": 5.24684010958299, "min": 5.246344810351729, "max": 5.247005209326744, "mean": 5.246675009839237, "std": 0.0003301994875073433, "repeat": 2, "number": 1}]}, "readwrite.TimeRead.time_pathfinder_write": {"result": [0.02105492539703846], "stats": [{"ci_99": [0.02012118138372898, 0.02198866941034794], "q_25": 0.021045587956905365, "q_75": 0.021064262837171555, "min": 0.02103625051677227, "max": 0.02107360027730465, "mean": 0.02105492539703846, "std": 1.8674880266189575e-05, "repeat": 2, "number": 1}]}, "sampling.TimeSampling.time_forward_sample": null, "sampling.TimeSampling.time_gibbs_sampling": null, "sampling.TimeSampling.time_likelihood_sample": {"result": [0.22475650999695063], "stats": [{"ci_99": [0.2243371456861496, 0.2262322809547186], "q_25": 0.22454984253272414, "q_75": 0.22514548292383552, "min": 0.2243371456861496, "max": 0.2262322809547186, "mean": 0.2249281408265233, "std": 0.0005603054398131323, "repeat": 10, "number": 1}]}, "sampling.TimeSampling.time_rejection_sample": null, "structure_learning.TimeHillClimbAlarmModel.time_hillclimb": null, "structure_learning.TimeMmhcAlarmModel.time_mmhc": null, "structure_learning.TimePCAlarmModel.time_pc_orig": null, "structure_learning.TimePCAlarmModel.time_pc_stable": null, "structure_learning.TimeTreeSearchAlarmModel.time_tan": null}, "params": {"arch": "x86_64", "cpu": "Intel(R) Core(TM) i9-9820X CPU @ 3.30GHz", "machine": "graveyard", "num_cpu": "20", "os": "Linux 4.15.0-112-generic", "ram": "131688676", "python": "3.9"}, "requirements": {}, "commit_hash": "c31f32a5367c9bf44cd624e8d2b8a630c0cee4ae", "date": 1623312841000, "env_name": "conda-py3.9", "python": "3.9", "profiles": {}, "started_at": {"factor.TimeDiscreteFactor.time_factor_compare": 1654079508516, "factor.TimeDiscreteFactor.time_factor_marginalize": 1654079508724, "factor.TimeDiscreteFactor.time_factor_multiply_large": 1654079508931, "factor.TimeDiscreteFactor.time_factor_reduce": 1654079509138, "import.TimeImport.time_import": 1654079509345, "inference.TimeBeliefPropagation.time_query_alarm": 1654079509552, "inference.TimeVariableElimination.time_query_alarm": 1654079641490, "inference.TimeVariableElimination.time_query_munin": 1654079658647, "parameter_learning.TimeBayesianEstimator.time_alarm_bayesian_estimator": 1654078749076, "parameter_learning.TimeBayesianEstimator.time_munin_bayesian_estimator": 1654078749133, "parameter_learning.TimeExpectationMaximization.time_alarm_em": 1654078749189, "parameter_learning.TimeExpectationMaximization.time_munin_em": 1654078749246, "parameter_learning.TimeMLE.time_alarm_mle": 1654078749302, "parameter_learning.TimeMLE.time_munin_mle": 1654078749358, "readwrite.TimeRead.time_asia_read": 1654079676307, "readwrite.TimeRead.time_asia_write": 1654079698475, "readwrite.TimeRead.time_munin_read": 1654079720644, "readwrite.TimeRead.time_munin_write": 1654079754394, "readwrite.TimeRead.time_pathfinder_read": 1654079776512, "readwrite.TimeRead.time_pathfinder_write": 1654079810062, "sampling.TimeSampling.time_forward_sample": 1654078905231, "sampling.TimeSampling.time_gibbs_sampling": 1654078905388, "sampling.TimeSampling.time_likelihood_sample": 1654079832130,