{"results": {"factor.TimeDiscreteFactor.time_factor_marginalize": {"result": [6.271786439944715e-05], "stats": [{"ci_99": [6.26166515490588e-05, 6.305384723579183e-05], "q_25": 6.263506160501171e-05, "q_75": 6.277836749658865e-05, "min": 6.26166515490588e-05, "max": 6.305384723579183e-05, "mean": 6.274143453030025e-05, "std": 1.3075188845145834e-07, "repeat": 10, "number": 170}]}, "factor.TimeDiscreteFactor.time_factor_multiply_large": {"result": [5.1068801938289374e-05], "stats": [{"ci_99": [4.998808867068746e-05, 5.228867071058283e-05], "q_25": 5.03658405949722e-05, "q_75": 5.1700671545075404e-05, "min": 4.998808867068746e-05, "max": 5.228867071058283e-05, "mean": 5.106903500293367e-05, "std": 7.874262558924005e-07, "repeat": 10, "number": 199}]}, "factor.TimeDiscreteFactor.time_factor_reduce": {"result": [2.9871380088518428e-05], "stats": [{"ci_99": [2.972843394569905e-05, 3.0124818552654797e-05], "q_25": 2.9845835994559714e-05, "q_75": 2.9904340465075573e-05, "min": 2.972843394569905e-05, "max": 3.0124818552654797e-05, "mean": 2.9890002318718615e-05, "std": 9.984623190376963e-08, "repeat": 10, "number": 353}]}, "import.TimeImport.time_import": {"result": [1.3070232264751114e-07], "stats": [{"ci_99": [1.2987222734564412e-07, 1.3115691237856582e-07], "q_25": 1.303027570808579e-07, "q_75": 1.3088292811570385e-07, "min": 1.2987222734564412e-07, "max": 1.3115691237856582e-07, "mean": 1.306199249367251e-07, "std": 3.94848601441784e-10, "repeat": 10, "number": 82352}]}, "inference.TimeVariableElimination.time_query_alarm": {"result": [0.07693381607532501], "stats": [{"ci_99": [0.0756353381618183, 0.0781436916843731], "q_25": 0.07652687327936292, "q_75": 0.0772964577190578, "min": 0.07634721137583256, "max": 0.07734321616590023, "mean": 0.0768895149230957, "std": 0.0004314968633129339, "repeat": 4, "number": 1}]}, "inference.TimeVariableElimination.time_query_munin": {"result": [0.25341340713202953], "stats": [{"ci_99": [0.24398047586617475, 0.26248090232076643], "q_25": 0.250344508793205, "q_75": 0.2562995874322951, "min": 0.24956809729337692, "max": 0.2565278448164463, "mean": 0.2532306890934706, "std": 0.003168037585758809, "repeat": 4, "number": 1}]}, "readwrite.TimeRead.time_asia_read": {"result": [0.008480389136821032], "stats": [{"ci_99": [0.005695245694369078, 0.011265532579272984], "q_25": 0.008452537702396512, "q_75": 0.008508240571245551, "min": 0.008424686267971992, "max": 0.00853609200567007, "mean": 0.008480389136821032, "std": 5.570286884903908e-05, "repeat": 2, "number": 2}]}, "readwrite.TimeRead.time_asia_write": {"result": [0.0003775857842049083], "stats": [{"ci_99": [-0.009045741168429723, 0.009800912736839532], "q_25": 0.000283352514678562, "q_75": 0.0004718190537312547, "min": 0.0001891192451522157, "max": 0.000566052323257601, "mean": 0.0003775857842049083, "std": 0.00018846653905269265, "repeat": 2, "number": 74}]}, "readwrite.TimeRead.time_munin_read": {"result": [5.091076263226569], "stats": [{"ci_99": [2.4966163216158748, 7.685536204837261], "q_25": 5.065131663810462, "q_75": 5.117020862642676, "min": 5.039187064394355, "max": 5.142965462058783, "mean": 5.091076263226569, "std": 0.05188919883221388, "repeat": 2, "number": 1}]}, "readwrite.TimeRead.time_munin_write": {"result": [0.040262794122099876], "stats": [{"ci_99": [0.01763361133635044, 0.06289197690784928], "q_25": 0.04003650229424238, "q_75": 0.04048908594995737, "min": 0.03981021046638489, "max": 0.040715377777814865, "mean": 0.040262794122099876, "std": 0.0004525836557149887, "repeat": 2, "number": 1}]}, "readwrite.TimeRead.time_pathfinder_read": {"result": [5.7824942441657186], "stats": [{"ci_99": [5.779590333811939, 5.785398154519498], "q_25": 5.782465205062181, "q_75": 5.782523283269256, "min": 5.782436165958643, "max": 5.782552322372794, "mean": 5.7824942441657186, "std": 5.8078207075595856e-05, "repeat": 2, "number": 1}]}, "readwrite.TimeRead.time_pathfinder_write": {"result": [0.02573572378605604], "stats": [{"ci_99": [0.0029225582256913185, 0.048548889346420744], "q_25": 0.025507592130452394, "q_75": 0.02596385544165969, "min": 0.025279460474848747, "max": 0.026191987097263336, "mean": 0.02573572378605604, "std": 0.00045626331120729446, "repeat": 2, "number": 1}]}, "sampling.TimeSampling.time_forward_sample": {"result": [0.6397896492853761], "stats": [{"ci_99": [0.6258739288896322, 0.6665121875703335], "q_25": 0.6315621375106275, "q_75": 0.6411278299055994, "min": 0.6258739288896322, "max": 0.6665121875703335, "mean": 0.6391762237995863, "std": 0.010691064561247651, "repeat": 10, "number": 1}]}, "sampling.TimeSampling.time_gibbs_sampling": null, "sampling.TimeSampling.time_likelihood_sample": {"result": [3.8209724482148886], "stats": [{"ci_99": [3.7088889664840314, 3.9240237196106107], "q_25": 3.795590623281896, "q_75": 3.8418381679803133, "min": 3.758690521121025, "max": 3.865189954638481, "mean": 3.816456343047321, "std": 0.03903495868619154, "repeat": 4, "number": 1}]}, "sampling.TimeSampling.time_rejection_sample": {"result": [110.52807297836989], "stats": [{"ci_99": [86.38103793654591, 134.67510802019385], "q_25": 110.28660262795165, "q_75": 110.76954332878813, "min": 110.04513227753341, "max": 111.01101367920637, "mean": 110.52807297836989, "std": 0.48294070083647966, "repeat": 2, "number": 1}]}, "structure_learning.TimeHillClimb.time_hillclimb": null, "structure_learning.TimePC.time_pc_orig": {"result": [37.827006882056594], "stats": [{"ci_99": [34.48756203614175, 41.166451727971435], "q_25": 37.793612433597445, "q_75": 37.86040133051574, "min": 37.7602179851383, "max": 37.89379577897489, "mean": 37.827006882056594, "std": 0.06678889691829681, "repeat": 2, "number": 1}]}, "structure_learning.TimePC.time_pc_stable": {"result": [37.903771554119885], "stats": [{"ci_99": [32.257916177622974, 43.54962693061679], "q_25": 37.847313000354916, "q_75": 37.960230107884854, "min": 37.79085444658995, "max": 38.01668866164982, "mean": 37.903771554119885, "std": 0.11291710752993822, "repeat": 2, "number": 1}]}}, "params": {"arch": "x86_64", "cpu": "Intel(R) Core(TM) i9-9820X CPU @ 3.30GHz", "machine": "graveyard", "num_cpu": "20", "os": "Linux 4.15.0-112-generic", "ram": "131688676", "python": "3.8"}, "requirements": {}, "commit_hash": "c35822a85079852f65a68099cb1951c20fa89a1f", "date": 1621075243000, "env_name": "conda-py3.8", "python": "3.8", "profiles": {}, "started_at": {"factor.TimeDiscreteFactor.time_factor_marginalize": 1621542954993, "factor.TimeDiscreteFactor.time_factor_multiply_large": 1621542955201, "factor.TimeDiscreteFactor.time_factor_reduce": 1621542955408, "import.TimeImport.time_import": 1621542955614, "inference.TimeVariableElimination.time_query_alarm": 1621542955821, "inference.TimeVariableElimination.time_query_munin": 1621542973776, "readwrite.TimeRead.time_asia_read": 1621542992182, "readwrite.TimeRead.time_asia_write": 1621543015853, "readwrite.TimeRead.time_munin_read": 1621543039474, "readwrite.TimeRead.time_munin_write": 1621543075027, "readwrite.TimeRead.time_pathfinder_read": 1621543098597, "readwrite.TimeRead.time_pathfinder_write": 1621543134451, "sampling.TimeSampling.time_forward_sample": 1621543158021, "sampling.TimeSampling.time_gibbs_sampling": 1621541950368, "sampling.TimeSampling.time_likelihood_sample": 1621543162492, "sampling.TimeSampling.time_rejection_sample": 1621543174231, "structure_learning.TimeHillClimb.time_hillclimb": 1621542781960, "structure_learning.TimePC.time_pc_orig": 1621543391430, "structure_learning.TimePC.time_pc_stable": 1621543477213}, "ended_at": {"factor.TimeDiscreteFactor.time_factor_marginalize": 1621542955201, "factor.TimeDiscreteFactor.time_factor_multiply_large": 1621542955408, "factor.TimeDiscreteFactor.time_factor_reduce": 1621542955614, "import.TimeImport.time_import": 1621542955821, "inference.TimeVariableElimination.time_query_alarm": 1621542973775, "inference.TimeVariableElimination.time_query_munin": 1621542992182, "readwrite.TimeRead.time_asia_read": 1621543015853,