{"results": {"factor.TimeDiscreteFactor.time_factor_compare": {"result": [6.872025127245101e-05], "stats": [{"ci_99": [6.838417951239655e-05, 7.053613909427694e-05], "q_25": 6.857873649885323e-05, "q_75": 6.917720376853121e-05, "min": 6.838417951239655e-05, "max": 7.053613909427694e-05, "mean": 6.895118103122079e-05, "std": 5.995815123717886e-07, "repeat": 10, "number": 151}]}, "factor.TimeDiscreteFactor.time_factor_marginalize": {"result": [6.403926985733437e-05], "stats": [{"ci_99": [6.362907588481903e-05, 6.44853056380243e-05], "q_25": 6.375618448311631e-05, "q_75": 6.414421015616619e-05, "min": 6.362907588481903e-05, "max": 6.44853056380243e-05, "mean": 6.400741975415836e-05, "std": 2.6842844457373247e-07, "repeat": 10, "number": 165}]}, "factor.TimeDiscreteFactor.time_factor_multiply_large": {"result": [4.797493510241072e-05], "stats": [{"ci_99": [4.7285248033344486e-05, 4.890778276857851e-05], "q_25": 4.7659999629946255e-05, "q_75": 4.8542675850953595e-05, "min": 4.7285248033344486e-05, "max": 4.890778276857851e-05, "mean": 4.807588396244175e-05, "std": 5.293895851868002e-07, "repeat": 10, "number": 229}]}, "factor.TimeDiscreteFactor.time_factor_reduce": {"result": [2.632909920066595e-05], "stats": [{"ci_99": [2.6212893426418305e-05, 2.670292742550373e-05], "q_25": 2.6272805407643317e-05, "q_75": 2.636247081682086e-05, "min": 2.6212893426418305e-05, "max": 2.670292742550373e-05, "mean": 2.636899193748832e-05, "std": 1.4843423922196232e-07, "repeat": 10, "number": 400}]}, "import.TimeImport.time_import": {"result": [1.1510759904310082e-07], "stats": [{"ci_99": [1.1260546945427055e-07, 1.1754356265805178e-07], "q_25": 1.1345634408255483e-07, "q_75": 1.1678888263805999e-07, "min": 1.1260546945427055e-07, "max": 1.1754356265805178e-07, "mean": 1.1506570592376735e-07, "std": 1.8554244901214516e-09, "repeat": 10, "number": 93152}]}, "inference.TimeBeliefPropagation.time_query_alarm": {"result": [202.65186274424195], "stats": [{"ci_99": [176.46723933517933, 228.83648615330455], "q_25": 202.39001651015133, "q_75": 202.91370897833258, "min": 202.1281702760607, "max": 203.1755552124232, "mean": 202.65186274424195, "std": 0.5236924681812525, "repeat": 2, "number": 1}]}, "inference.TimeVariableElimination.time_query_alarm": {"result": [0.04448459204286337], "stats": [{"ci_99": [0.020091176547429156, 0.08287303377656008], "q_25": 0.043373203836381435, "q_75": 0.05259349336847663, "min": 0.042712265625596046, "max": 0.074246970936656, "mean": 0.051482105161994696, "std": 0.01317827388092079, "repeat": 4, "number": 1}]}, "inference.TimeVariableElimination.time_query_munin": {"result": [0.23771768622100353], "stats": [{"ci_99": [0.2175061189517619, 0.26376905302104936], "q_25": 0.2354574901983142, "q_75": 0.24289778200909495, "min": 0.23150930367410183, "max": 0.25560566782951355, "mean": 0.2406375859864056, "std": 0.009030551184185586, "repeat": 4, "number": 1}]}, "parameter_learning.TimeBayesianEstimator.time_alarm_bayesian_estimator": null, "parameter_learning.TimeBayesianEstimator.time_munin_bayesian_estimator": null, "parameter_learning.TimeExpectationMaximization.time_alarm_em": null, "parameter_learning.TimeExpectationMaximization.time_munin_em": null, "parameter_learning.TimeMLE.time_alarm_mle": null, "parameter_learning.TimeMLE.time_munin_mle": null, "readwrite.TimeRead.time_asia_read": {"result": [0.008862367831170559], "stats": [{"ci_99": [0.008338731713593006, 0.009386003948748112], "q_25": 0.008857131469994783, "q_75": 0.008867604192346334, "min": 0.008851895108819008, "max": 0.00887284055352211, "mean": 0.008862367831170559, "std": 1.0472722351551056e-05, "repeat": 2, "number": 2}]}, "readwrite.TimeRead.time_asia_write": {"result": [0.000537328857493091], "stats": [{"ci_99": [0.0003285916497955063, 0.0007460660651906754], "q_25": 0.0005352414854161151, "q_75": 0.0005394162295700669, "min": 0.0005331541133391393, "max": 0.0005415036016470427, "mean": 0.000537328857493091, "std": 4.174744153951694e-06, "repeat": 2, "number": 77}]}, "readwrite.TimeRead.time_munin_read": {"result": [4.8255480993539095], "stats": [{"ci_99": [4.071602242067456, 5.579493956640362], "q_25": 4.818008640781045, "q_75": 4.833087557926774, "min": 4.81046918220818, "max": 4.840627016499639, "mean": 4.8255480993539095, "std": 0.015078917145729065, "repeat": 2, "number": 1}]}, "readwrite.TimeRead.time_munin_write": {"result": [0.03477778844535351], "stats": [{"ci_99": [0.022106027230620384, 0.04744954966008662], "q_25": 0.03465107083320618, "q_75": 0.03490450605750084, "min": 0.034524353221058846, "max": 0.03503122366964817, "mean": 0.03477778844535351, "std": 0.0002534352242946625, "repeat": 2, "number": 1}]}, "readwrite.TimeRead.time_pathfinder_read": {"result": [5.334382249042392], "stats": [{"ci_99": [4.916925286874175, 5.7518392112106085], "q_25": 5.33020767942071, "q_75": 5.338556818664074, "min": 5.326033109799027, "max": 5.342731388285756, "mean": 5.334382249042392, "std": 0.008349139243364334, "repeat": 2, "number": 1}]}, "readwrite.TimeRead.time_pathfinder_write": {"result": [0.02960611693561077], "stats": [{"ci_99": [-0.40033103339374065, 0.4595432672649618], "q_25": 0.025306745432317257, "q_75": 0.033905488438904285, "min": 0.021007373929023743, "max": 0.0382048599421978, "mean": 0.02960611693561077, "std": 0.008598743006587029, "repeat": 2, "number": 1}]}, "sampling.TimeSampling.time_forward_sample": null, "sampling.TimeSampling.time_gibbs_sampling": null, "sampling.TimeSampling.time_likelihood_sample": {"result": [1.530880636535585], "stats": [{"ci_99": [1.5267845634371042, 1.5350295696407557], "q_25": 1.5295117977075279, "q_75": 1.531743073835969, "min": 1.5267845634371042, "max": 1.5350295696407557, "mean": 1.530741623789072, "std": 0.002305946523643822, "repeat": 10, "number": 1}]}, "sampling.TimeSampling.time_rejection_sample": null, "structure_learning.TimeHillClimbAlarmModel.time_hillclimb": null, "structure_learning.TimeMmhcAlarmModel.time_mmhc": null, "structure_learning.TimePCAlarmModel.time_pc_orig": null, "structure_learning.TimePCAlarmModel.time_pc_stable": null, "structure_learning.TimeTreeSearchAlarmModel.time_tan": null}, "params": {"arch": "x86_64", "cpu": "Intel(R) Core(TM) i9-9820X CPU @ 3.30GHz", "machine": "graveyard", "num_cpu": "20", "os": "Linux 4.15.0-112-generic", "ram": "131688676", "python": "3.9"}, "requirements": {}, "commit_hash": "c35822a85079852f65a68099cb1951c20fa89a1f", "date": 1621075243000, "env_name": "conda-py3.9", "python": "3.9", "profiles": {}, "started_at": {"factor.TimeDiscreteFactor.time_factor_compare": 1654168906632, "factor.TimeDiscreteFactor.time_factor_marginalize": 1654168906839, "factor.TimeDiscreteFactor.time_factor_multiply_large": 1654168907046, "factor.TimeDiscreteFactor.time_factor_reduce": 1654168907253, "import.TimeImport.time_import": 1654168907460, "inference.TimeBeliefPropagation.time_query_alarm": 1654168907667, "inference.TimeVariableElimination.time_query_alarm": 1654169311818, "inference.TimeVariableElimination.time_query_munin": 1654169329174, "parameter_learning.TimeBayesianEstimator.time_alarm_bayesian_estimator": 1654168137318, "parameter_learning.TimeBayesianEstimator.time_munin_bayesian_estimator": 1654168137375, "parameter_learning.TimeExpectationMaximization.time_alarm_em": 1654168137432, "parameter_learning.TimeExpectationMaximization.time_munin_em": 1654168137489, "parameter_learning.TimeMLE.time_alarm_mle": 1654168137545, "parameter_learning.TimeMLE.time_munin_mle": 1654168137602, "readwrite.TimeRead.time_asia_read": 1654169346985, "readwrite.TimeRead.time_asia_write": 1654169369352, "readwrite.TimeRead.time_munin_read": 1654169391720, "readwrite.TimeRead.time_munin_write": 1654169426020, "readwrite.TimeRead.time_pathfinder_read": 1654169448439, "readwrite.TimeRead.time_pathfinder_write": 1654169482538, "sampling.TimeSampling.time_forward_sample": 1654168295532, "sampling.TimeSampling.time_gibbs_sampling": 1654168295689, "sampling.TimeSampling.time_likelihood_sample": 1654169504958,