{"results": {"factor.TimeDiscreteFactor.time_factor_marginalize": {"result": [6.0447873211050606e-05], "stats": [{"ci_99": [6.012462573238166e-05, 6.0959954757288275e-05], "q_25": 6.0395026265318134e-05, "q_75": 6.050508222486599e-05, "min": 6.012462573238166e-05, "max": 6.0959954757288275e-05, "mean": 6.046757797699377e-05, "std": 1.985275171439677e-07, "repeat": 10, "number": 166}]}, "factor.TimeDiscreteFactor.time_factor_multiply_large": {"result": [4.889154806733131e-05], "stats": [{"ci_99": [4.840286617929285e-05, 4.98590228909796e-05], "q_25": 4.869663071903315e-05, "q_75": 4.91636297242208e-05, "min": 4.840286617929285e-05, "max": 4.98590228909796e-05, "mean": 4.8976347527720706e-05, "std": 4.2479065522977434e-07, "repeat": 10, "number": 220}]}, "factor.TimeDiscreteFactor.time_factor_reduce": {"result": [2.9043786796139762e-05], "stats": [{"ci_99": [2.8774365579724637e-05, 2.913380026492501e-05], "q_25": 2.893602617633115e-05, "q_75": 2.9098677730609024e-05, "min": 2.8774365579724637e-05, "max": 2.913380026492501e-05, "mean": 2.901208427118021e-05, "std": 1.0968048806625956e-07, "repeat": 10, "number": 367}]}, "import.TimeImport.time_import": {"result": [1.262619935106127e-07], "stats": [{"ci_99": [1.2595228859109088e-07, 1.273333245051637e-07], "q_25": 1.2606358953052543e-07, "q_75": 1.2639681708594149e-07, "min": 1.2595228859109088e-07, "max": 1.273333245051637e-07, "mean": 1.2635306592267444e-07, "std": 4.00497436481131e-10, "repeat": 10, "number": 79304}]}, "inference.TimeVariableElimination.time_query_alarm": {"result": [0.07592965010553598], "stats": [{"ci_99": [0.07417869915508833, 0.0778972704590002], "q_25": 0.07542259292677045, "q_75": 0.0765450419858098, "min": 0.07540196366608143, "max": 0.07689067535102367, "mean": 0.07603798480704427, "std": 0.0006433192156823014, "repeat": 4, "number": 1}]}, "inference.TimeVariableElimination.time_query_munin": {"result": [0.4922005161643028], "stats": [{"ci_99": [0.4770513313743404, 0.5071444272142717], "q_25": 0.4874641178175807, "q_75": 0.49683427764102817, "min": 0.4860865045338869, "max": 0.4979039803147316, "mean": 0.49209787929430604, "std": 0.005158906857615519, "repeat": 4, "number": 1}]}, "readwrite.TimeRead.time_asia_read": {"result": [0.00842813029885292], "stats": [{"ci_99": [0.00831259973347187, 0.00854366086423397], "q_25": 0.00842697499319911, "q_75": 0.008429285604506731, "min": 0.0084258196875453, "max": 0.008430440910160542, "mean": 0.00842813029885292, "std": 2.310611307621002e-06, "repeat": 2, "number": 2}]}, "readwrite.TimeRead.time_asia_write": {"result": [0.0005694978560010592], "stats": [{"ci_99": [0.0002874235312143961, 0.000851572180787722], "q_25": 0.0005666771127531925, "q_75": 0.0005723185992489258, "min": 0.0005638563695053259, "max": 0.0005751393424967924, "mean": 0.0005694978560010592, "std": 5.641486495733261e-06, "repeat": 2, "number": 72}]}, "readwrite.TimeRead.time_munin_read": {"result": [5.128202226944268], "stats": [{"ci_99": [4.952784127555788, 5.303620326332748], "q_25": 5.126448045950383, "q_75": 5.1299564079381526, "min": 5.124693864956498, "max": 5.131710588932037, "mean": 5.128202226944268, "std": 0.0035083619877696037, "repeat": 2, "number": 1}]}, "readwrite.TimeRead.time_munin_write": {"result": [0.04037804901599884], "stats": [{"ci_99": [0.03708982840180397, 0.04366626963019371], "q_25": 0.04034516680985689, "q_75": 0.04041093122214079, "min": 0.04031228460371494, "max": 0.04044381342828274, "mean": 0.04037804901599884, "std": 6.57644122838974e-05, "repeat": 2, "number": 1}]}, "readwrite.TimeRead.time_pathfinder_read": {"result": [5.744427941739559], "stats": [{"ci_99": [5.232793591916561, 6.256062291562557], "q_25": 5.739311598241329, "q_75": 5.749544285237789, "min": 5.734195254743099, "max": 5.754660628736019, "mean": 5.744427941739559, "std": 0.010232686996459961, "repeat": 2, "number": 1}]}, "readwrite.TimeRead.time_pathfinder_write": {"result": [0.025664014741778374], "stats": [{"ci_99": [0.016296492889523506, 0.035031536594033234], "q_25": 0.025570339523255825, "q_75": 0.025757689960300922, "min": 0.025476664304733276, "max": 0.02585136517882347, "mean": 0.025664014741778374, "std": 0.00018735043704509735, "repeat": 2, "number": 1}]}, "sampling.TimeSampling.time_forward_sample": null, "sampling.TimeSampling.time_gibbs_sampling": null, "sampling.TimeSampling.time_likelihood_sample": {"result": [0.2043079324066639], "stats": [{"ci_99": [0.20355007238686085, 0.20496379025280476], "q_25": 0.20399674540385604, "q_75": 0.20449658716097474, "min": 0.20355007238686085, "max": 0.20496379025280476, "mean": 0.20427783597260712, "std": 0.0004173652005845054, "repeat": 10, "number": 1}]}, "sampling.TimeSampling.time_rejection_sample": null, "structure_learning.TimeHillClimb.time_hillclimb": null, "structure_learning.TimePC.time_pc_orig": {"result": [33.09869583789259], "stats": [{"ci_99": [26.839394486509264, 39.35799718927591], "q_25": 33.03610282437876, "q_75": 33.161288851406425, "min": 32.973509810864925, "max": 33.22388186492026, "mean": 33.09869583789259, "std": 0.12518602702766657, "repeat": 2, "number": 1}]}, "structure_learning.TimePC.time_pc_stable": {"result": [33.162724209949374], "stats": [{"ci_99": [27.00331367738545, 39.32213474251329], "q_25": 33.101130104623735, "q_75": 33.22431831527501, "min": 33.039535999298096, "max": 33.28591242060065, "mean": 33.162724209949374, "std": 0.1231882106512785, "repeat": 2, "number": 1}]}, "factor.TimeDiscreteFactor.time_factor_compare": {"result": [6.220792694126858e-05], "stats": [{"ci_99": [6.182936622815973e-05, 6.336066871881485e-05], "q_25": 6.208008648279836e-05, "q_75": 6.244623321382438e-05, "min": 6.182936622815973e-05, "max": 6.336066871881485e-05, "mean": 6.232809713658165e-05, "std": 4.167732973317746e-07, "repeat": 10, "number": 170}]}, "inference.TimeBeliefPropagation.time_query_alarm": {"result": [36.021386350505054], "stats": [{"ci_99": [30.740199361927807, 41.302573339082294], "q_25": 35.96857448061928, "q_75": 36.07419822039083, "min": 35.91576261073351, "max": 36.1270100902766, "mean": 36.021386350505054, "std": 0.10562373977154493, "repeat": 2, "number": 1}]}, "parameter_learning.TimeBayesianEstimator.time_alarm_bayesian_estimator": null, "parameter_learning.TimeBayesianEstimator.time_munin_bayesian_estimator": null, "parameter_learning.TimeExpectationMaximization.time_alarm_em": null, "parameter_learning.TimeExpectationMaximization.time_munin_em": null, "parameter_learning.TimeMLE.time_alarm_mle": null, "parameter_learning.TimeMLE.time_munin_mle": null, "structure_learning.TimeHillClimbAlarmModel.time_hillclimb": null, "structure_learning.TimeMmhcAlarmModel.time_mmhc": null, "structure_learning.TimePCAlarmModel.time_pc_orig": null, "structure_learning.TimePCAlarmModel.time_pc_stable": null, "structure_learning.TimeTreeSearchAlarmModel.time_tan": null}, "params": {"arch": "x86_64", "cpu": "Intel(R) Core(TM) i9-9820X CPU @ 3.30GHz", "machine": "graveyard", "num_cpu": "20", "os": "Linux 4.15.0-112-generic", "ram": "131688676", "python": "3.8"}, "requirements": {}, "commit_hash": "c377e56963a69d91a0c509fb12e288fbc818da21", "date": 1624791379000, "env_name": "conda-py3.8", "python": "3.8", "profiles": {}, "started_at": {"factor.TimeDiscreteFactor.time_factor_marginalize": 1653979449248, "factor.TimeDiscreteFactor.time_factor_multiply_large": 1653979449454, "factor.TimeDiscreteFactor.time_factor_reduce": 1653979449661, "import.TimeImport.time_import": 1653979449867, "inference.TimeVariableElimination.time_query_alarm": 1653979522393, "inference.TimeVariableElimination.time_query_munin": 1653979540356, "readwrite.TimeRead.time_asia_read": 1653979559420, "readwrite.TimeRead.time_asia_write": 1653979582991, "readwrite.TimeRead.time_munin_read": 1653979606562, "readwrite.TimeRead.time_munin_write": 1653979642167, "readwrite.TimeRead.time_pathfinder_read": 1653979665688, "readwrite.TimeRead.time_pathfinder_write": 1653979701493, "sampling.TimeSampling.time_forward_sample": 1653978845467,