{"results": {"factor.TimeDiscreteFactor.time_factor_marginalize": {"result": [6.62659944006891e-05], "stats": [{"ci_99": [6.591059041745735e-05, 6.677761222376967e-05], "q_25": 6.611358487244809e-05, "q_75": 6.634097715670412e-05, "min": 6.591059041745735e-05, "max": 6.677761222376967e-05, "mean": 6.625851446932012e-05, "std": 2.488060502278243e-07, "repeat": 10, "number": 165}]}, "factor.TimeDiscreteFactor.time_factor_multiply_large": {"result": [5.7573769363048285e-05], "stats": [{"ci_99": [5.722844608775947e-05, 5.781737601627474e-05], "q_25": 5.7359757509244524e-05, "q_75": 5.7725516735049695e-05, "min": 5.722844608775947e-05, "max": 5.781737601627474e-05, "mean": 5.754785126318103e-05, "std": 2.054256486444257e-07, "repeat": 10, "number": 184}]}, "factor.TimeDiscreteFactor.time_factor_reduce": {"result": [3.361980792488162e-05], "stats": [{"ci_99": [3.347347635741628e-05, 3.3822622640052705e-05], "q_25": 3.355140413302894e-05, "q_75": 3.3695554070243044e-05, "min": 3.347347635741628e-05, "max": 3.3822622640052705e-05, "mean": 3.363601065921491e-05, "std": 1.0683158685569249e-07, "repeat": 10, "number": 327}]}, "import.TimeImport.time_import": {"result": [1.317964041799067e-07], "stats": [{"ci_99": [1.310127297575617e-07, 1.321983458822678e-07], "q_25": 1.3121407172528008e-07, "q_75": 1.3205076520573148e-07, "min": 1.310127297575617e-07, "max": 1.321983458822678e-07, "mean": 1.3167628162878615e-07, "std": 4.5035653121900887e-10, "repeat": 10, "number": 82814}]}, "inference.TimeVariableElimination.time_query_alarm": {"result": [0.09592088777571917], "stats": [{"ci_99": [0.09491667081888319, 0.09690683684025404], "q_25": 0.09565511392429471, "q_75": 0.09617752768099308, "min": 0.0954523291438818, "max": 0.09635291062295437, "mean": 0.09591175382956862, "std": 0.0003479967630742393, "repeat": 4, "number": 1}]}, "inference.TimeVariableElimination.time_query_munin": {"result": [0.5198705298826098], "stats": [{"ci_99": [0.5164063185385449, 0.5231669876792447], "q_25": 0.5191752896644175, "q_75": 0.5204818933270872, "min": 0.5179768688976765, "max": 0.5214286837726831, "mean": 0.5197866531088948, "std": 0.001241028808723206, "repeat": 4, "number": 1}]}, "readwrite.TimeRead.time_asia_read": {"result": [0.009276897180825472], "stats": [{"ci_99": [0.008361570071429014, 0.01019222429022193], "q_25": 0.009267743909731507, "q_75": 0.009286050451919436, "min": 0.009258590638637543, "max": 0.009295203723013401, "mean": 0.009276897180825472, "std": 1.8306542187929153e-05, "repeat": 2, "number": 2}]}, "readwrite.TimeRead.time_asia_write": {"result": [0.000680492924792426], "stats": [{"ci_99": [0.00047089360536090854, 0.0008900922442239432], "q_25": 0.0006783969315981109, "q_75": 0.0006825889179867411, "min": 0.0006763009384037957, "max": 0.0006846849111810564, "mean": 0.000680492924792426, "std": 4.191986388630349e-06, "repeat": 2, "number": 63}]}, "readwrite.TimeRead.time_munin_read": {"result": [5.666396325454116], "stats": [{"ci_99": [5.5529166255146265, 5.779876025393605], "q_25": 5.665261528454721, "q_75": 5.667531122453511, "min": 5.664126731455326, "max": 5.668665919452906, "mean": 5.666396325454116, "std": 0.0022695939987897873, "repeat": 2, "number": 1}]}, "readwrite.TimeRead.time_munin_write": {"result": [0.04199689533561468], "stats": [{"ci_99": [0.01766818854957819, 0.06632560212165114], "q_25": 0.041753608267754316, "q_75": 0.042240182403475046, "min": 0.04151032119989395, "max": 0.04248346947133541, "mean": 0.04199689533561468, "std": 0.00048657413572072983, "repeat": 2, "number": 1}]}, "readwrite.TimeRead.time_pathfinder_read": {"result": [6.306686300784349], "stats": [{"ci_99": [5.5181192718446255, 7.0952533297240725], "q_25": 6.298800630494952, "q_75": 6.314571971073747, "min": 6.290914960205555, "max": 6.322457641363144, "mean": 6.306686300784349, "std": 0.01577134057879448, "repeat": 2, "number": 1}]}, "readwrite.TimeRead.time_pathfinder_write": {"result": [0.02506139501929283], "stats": [{"ci_99": [0.003394734114408493, 0.046728055924177156], "q_25": 0.024844728410243988, "q_75": 0.025278061628341675, "min": 0.024628061801195145, "max": 0.025494728237390518, "mean": 0.02506139501929283, "std": 0.00043333321809768677, "repeat": 2, "number": 1}]}, "sampling.TimeSampling.time_forward_sample": {"result": [0.20352239068597555], "stats": [{"ci_99": [0.20322681963443756, 0.204578360542655], "q_25": 0.20332224760204554, "q_75": 0.20370948361232877, "min": 0.20322681963443756, "max": 0.204578360542655, "mean": 0.20362271200865506, "std": 0.0003920248915415324, "repeat": 10, "number": 1}]}, "sampling.TimeSampling.time_gibbs_sampling": null, "sampling.TimeSampling.time_likelihood_sample": {"result": [0.2125264462083578], "stats": [{"ci_99": [0.21149597130715847, 0.23989483900368214], "q_25": 0.21235330030322075, "q_75": 0.2129859304986894, "min": 0.21149597130715847, "max": 0.23989483900368214, "mean": 0.21524700224399568, "std": 0.008241294818462211, "repeat": 10, "number": 1}]}, "sampling.TimeSampling.time_rejection_sample": {"result": [36.723615636117756], "stats": [{"ci_99": [31.487334880046546, 41.95989639218896], "q_25": 36.671252828557044, "q_75": 36.77597844367847, "min": 36.61889002099633, "max": 36.82834125123918, "mean": 36.723615636117756, "std": 0.1047256151214242, "repeat": 2, "number": 1}]}, "structure_learning.TimeHillClimb.time_hillclimb": null, "structure_learning.TimePC.time_pc_orig": {"result": [39.66603792179376], "stats": [{"ci_99": [36.83494474645704, 42.49713109713048], "q_25": 39.63772699004039, "q_75": 39.694348853547126, "min": 39.609416058287024, "max": 39.72265978530049, "mean": 39.66603792179376, "std": 0.05662186350673437, "repeat": 2, "number": 1}]}, "structure_learning.TimePC.time_pc_stable": {"result": [39.65476415492594], "stats": [{"ci_99": [36.561838345602155, 42.74768996424973], "q_25": 39.623834896832705, "q_75": 39.68569341301918, "min": 39.59290563873947, "max": 39.71662267111242, "mean": 39.65476415492594, "std": 0.061858516186475754, "repeat": 2, "number": 1}]}}, "params": {"arch": "x86_64", "cpu": "Intel(R) Core(TM) i9-9820X CPU @ 3.30GHz", "machine": "graveyard", "num_cpu": "20", "os": "Linux 4.15.0-112-generic", "ram": "131688676", "python": "3.6"}, "requirements": {}, "commit_hash": "c377e56963a69d91a0c509fb12e288fbc818da21", "date": 1624791379000, "env_name": "conda-py3.6", "python": "3.6", "profiles": {}, "started_at": {"factor.TimeDiscreteFactor.time_factor_marginalize": 1625048556455, "factor.TimeDiscreteFactor.time_factor_multiply_large": 1625048556663, "factor.TimeDiscreteFactor.time_factor_reduce": 1625048556870, "import.TimeImport.time_import": 1625048557077, "inference.TimeVariableElimination.time_query_alarm": 1625048557283, "inference.TimeVariableElimination.time_query_munin": 1625048576742, "readwrite.TimeRead.time_asia_read": 1625048597454, "readwrite.TimeRead.time_asia_write": 1625048623030, "readwrite.TimeRead.time_munin_read": 1625048648556, "readwrite.TimeRead.time_munin_write": 1625048687015, "readwrite.TimeRead.time_pathfinder_read": 1625048712290, "readwrite.TimeRead.time_pathfinder_write": 1625048751703, "sampling.TimeSampling.time_forward_sample": 1625048777278, "sampling.TimeSampling.time_gibbs_sampling": 1625047725992, "sampling.TimeSampling.time_likelihood_sample": 1625048779092, "sampling.TimeSampling.time_rejection_sample": 1625048781005, "structure_learning.TimeHillClimb.time_hillclimb": 1625048400818, "structure_learning.TimePC.time_pc_orig": 1625048852972, "structure_learning.TimePC.time_pc_stable": 1625048930336}, "ended_at": {"factor.TimeDiscreteFactor.time_factor_marginalize": 1625048556663, "factor.TimeDiscreteFactor.time_factor_multiply_large": 1625048556870, "factor.TimeDiscreteFactor.time_factor_reduce": 1625048557076, "import.TimeImport.time_import": 1625048557283, "inference.TimeVariableElimination.time_query_alarm": 1625048576741, "inference.TimeVariableElimination.time_query_munin": 1625048597454, "readwrite.TimeRead.time_asia_read": 1625048623029,