{"results": {"factor.TimeDiscreteFactor.time_factor_compare": {"result": [6.634372941873692e-05], "stats": [{"ci_99": [6.599049371333769e-05, 6.756081855223502e-05], "q_25": 6.626558455604093e-05, "q_75": 6.656900312705541e-05, "min": 6.599049371333769e-05, "max": 6.756081855223502e-05, "mean": 6.647055945646616e-05, "std": 4.044564269894173e-07, "repeat": 10, "number": 162}]}, "factor.TimeDiscreteFactor.time_factor_marginalize": {"result": [6.315899406408155e-05], "stats": [{"ci_99": [6.285081292654193e-05, 6.428034976124763e-05], "q_25": 6.306433216343786e-05, "q_75": 6.352267823680196e-05, "min": 6.285081292654193e-05, "max": 6.428034976124763e-05, "mean": 6.331061337922896e-05, "std": 4.197391388560882e-07, "repeat": 10, "number": 172}]}, "factor.TimeDiscreteFactor.time_factor_multiply_large": {"result": [5.551781409333661e-05], "stats": [{"ci_99": [5.461301500957037e-05, 5.678654907597709e-05], "q_25": 5.5170646801437295e-05, "q_75": 5.634269945937948e-05, "min": 5.461301500957037e-05, "max": 5.678654907597709e-05, "mean": 5.56984858721802e-05, "std": 6.882388969964502e-07, "repeat": 10, "number": 194}]}, "factor.TimeDiscreteFactor.time_factor_reduce": {"result": [3.193660868682723e-05], "stats": [{"ci_99": [3.17513726759648e-05, 3.2004568239916927e-05], "q_25": 3.188070233749307e-05, "q_75": 3.19821125679258e-05, "min": 3.17513726759648e-05, "max": 3.2004568239916927e-05, "mean": 3.19159349453622e-05, "std": 8.127531018923029e-08, "repeat": 10, "number": 345}]}, "import.TimeImport.time_import": {"result": [1.343861131150504e-07], "stats": [{"ci_99": [1.3342090941356664e-07, 1.3533396783883727e-07], "q_25": 1.3411650793080757e-07, "q_75": 1.345147405985652e-07, "min": 1.3342090941356664e-07, "max": 1.3533396783883727e-07, "mean": 1.343801030978429e-07, "std": 5.192959948463828e-10, "repeat": 10, "number": 80952}]}, "inference.TimeBeliefPropagation.time_query_alarm": null, "inference.TimeVariableElimination.time_query_alarm": null, "inference.TimeVariableElimination.time_query_munin": null, "parameter_learning.TimeBayesianEstimator.time_alarm_bayesian_estimator": {"result": [1.7097441414371133], "stats": [{"ci_99": [1.555573617694095, 1.8738029304620472], "q_25": 1.6819400074891746, "q_75": 1.7424924080260098, "min": 1.6381261330097914, "max": 1.8011386804282665, "mean": 1.7146882740780711, "std": 0.05859346631731174, "repeat": 4, "number": 1}]}, "parameter_learning.TimeBayesianEstimator.time_munin_bayesian_estimator": {"result": [19.959363252855837], "stats": [{"ci_99": [19.659947655163705, 20.25877885054797], "q_25": 19.956369096878916, "q_75": 19.96235740883276, "min": 19.953374940901995, "max": 19.96535156480968, "mean": 19.959363252855837, "std": 0.00598831195384264, "repeat": 2, "number": 1}]}, "parameter_learning.TimeExpectationMaximization.time_alarm_em": {"result": [10.730699012055993], "stats": [{"ci_99": [6.497003817930818, 14.964394206181165], "q_25": 10.688362060114741, "q_75": 10.773035963997245, "min": 10.64602510817349, "max": 10.815372915938497, "mean": 10.730699012055993, "std": 0.08467390388250351, "repeat": 2, "number": 1}]}, "parameter_learning.TimeExpectationMaximization.time_munin_em": {"result": [99.65195868071169], "stats": [{"ci_99": [72.32459404412657, 126.97932331729677], "q_25": 99.37868503434584, "q_75": 99.92523232707754, "min": 99.10541138797998, "max": 100.19850597344339, "mean": 99.65195868071169, "std": 0.5465472927317023, "repeat": 2, "number": 1}]}, "parameter_learning.TimeMLE.time_alarm_mle": {"result": [1.7054650206118822], "stats": [{"ci_99": [1.6456722308753966, 1.7678964027331237], "q_25": 1.6899240398779511, "q_75": 1.722325297538191, "min": 1.680637078359723, "max": 1.7355701476335526, "mean": 1.70678431680426, "std": 0.02136326018376862, "repeat": 4, "number": 1}]}, "parameter_learning.TimeMLE.time_munin_mle": {"result": [19.86955649126321], "stats": [{"ci_99": [12.925086989067495, 26.81402599345892], "q_25": 19.800111796241254, "q_75": 19.939001186285168, "min": 19.730667101219296, "max": 20.008445881307125, "mean": 19.86955649126321, "std": 0.13888939004391432, "repeat": 2, "number": 1}]}, "readwrite.TimeRead.time_asia_read": {"result": [0.009119672700762749], "stats": [{"ci_99": [0.008207069709897041, 0.010032275691628456], "q_25": 0.009110546670854092, "q_75": 0.009128798730671406, "min": 0.009101420640945435, "max": 0.009137924760580063, "mean": 0.009119672700762749, "std": 1.8252059817314148e-05, "repeat": 2, "number": 2}]}, "readwrite.TimeRead.time_asia_write": null, "readwrite.TimeRead.time_munin_read": {"result": [5.636889177374542], "stats": [{"ci_99": [4.832828898914158, 6.440949455834924], "q_25": 5.628848574589938, "q_75": 5.644929780159146, "min": 5.620807971805334, "max": 5.652970382943749, "mean": 5.636889177374542, "std": 0.01608120556920767, "repeat": 2, "number": 1}]}, "readwrite.TimeRead.time_munin_write": null, "readwrite.TimeRead.time_pathfinder_read": {"result": [6.25202036742121], "stats": [{"ci_99": [5.456374774686992, 7.047665960155427], "q_25": 6.244063911493868, "q_75": 6.259976823348552, "min": 6.2361074555665255, "max": 6.267933279275894, "mean": 6.25202036742121, "std": 0.015912911854684353, "repeat": 2, "number": 1}]}, "readwrite.TimeRead.time_pathfinder_write": null, "sampling.TimeSampling.time_forward_sample": {"result": [0.20686152670532465], "stats": [{"ci_99": [0.20644286274909973, 0.2083269152790308], "q_25": 0.20666446490213275, "q_75": 0.207310626283288, "min": 0.20644286274909973, "max": 0.2083269152790308, "mean": 0.20703000128269194, "std": 0.0005552556872161869, "repeat": 10, "number": 1}]}, "sampling.TimeSampling.time_gibbs_sampling": null, "sampling.TimeSampling.time_likelihood_sample": {"result": [0.20886624604463577], "stats": [{"ci_99": [0.20722323842346668, 0.2100465651601553], "q_25": 0.20863350294530392, "q_75": 0.20973589550703764, "min": 0.20722323842346668, "max": 0.2100465651601553, "mean": 0.2089160406962037, "std": 0.0009400934460969005, "repeat": 10, "number": 1}]}, "sampling.TimeSampling.time_rejection_sample": {"result": [37.28286665864289], "stats": [{"ci_99": [32.53865600563586, 42.02707731164991], "q_25": 37.23542455211282, "q_75": 37.33030876517296, "min": 37.18798244558275, "max": 37.37775087170303, "mean": 37.28286665864289, "std": 0.09488421306014061, "repeat": 2, "number": 1}]}, "structure_learning.TimeHillClimbAlarmModel.time_hillclimb": {"result": [54.30415231361985], "stats": [{"ci_99": [53.867947455495596, 54.74035717174411], "q_25": 54.29979026503861, "q_75": 54.308514362201095, "min": 54.29542821645737, "max": 54.31287641078234, "mean": 54.30415231361985, "std": 0.008724097162485123, "repeat": 2, "number": 1}]}, "structure_learning.TimeMmhcAlarmModel.time_mmhc": null, "structure_learning.TimePCAlarmModel.time_pc_orig": null, "structure_learning.TimePCAlarmModel.time_pc_stable": null, "structure_learning.TimeTreeSearchAlarmModel.time_tan": null}, "params": {"arch": "x86_64", "cpu": "Intel(R) Core(TM) i9-9820X CPU @ 3.30GHz", "machine": "graveyard", "num_cpu": "20", "os": "Linux 4.15.0-112-generic", "ram": "131688676", "python": "3.6"}, "requirements": {}, "commit_hash": "c641acd1adcd976c3327d7d1d955d0da7f6af811", "date": 1656580907000, "env_name": "conda-py3.6", "python": "3.6", "profiles": {}, "started_at": {"factor.TimeDiscreteFactor.time_factor_compare": 1657085566095, "factor.TimeDiscreteFactor.time_factor_marginalize": 1657085566303, "factor.TimeDiscreteFactor.time_factor_multiply_large": 1657085566510, "factor.TimeDiscreteFactor.time_factor_reduce": 1657085566717, "import.TimeImport.time_import": 1657085566923, "inference.TimeBeliefPropagation.time_query_alarm": 1657083619850, "inference.TimeVariableElimination.time_query_alarm": 1657083622313, "inference.TimeVariableElimination.time_query_munin": 1657083628135, "parameter_learning.TimeBayesianEstimator.time_alarm_bayesian_estimator": 1657085567130, "parameter_learning.TimeBayesianEstimator.time_munin_bayesian_estimator": 1657085583332,