{"results": {"factor.TimeDiscreteFactor.time_factor_compare": {"result": [6.210582867904674e-05], "stats": [{"ci_99": [6.186034233292188e-05, 6.288270597443258e-05], "q_25": 6.200499158421178e-05, "q_75": 6.24990639236807e-05, "min": 6.186034233292188e-05, "max": 6.288270597443258e-05, "mean": 6.225280852222736e-05, "std": 3.4964292011136567e-07, "repeat": 10, "number": 163}]}, "factor.TimeDiscreteFactor.time_factor_marginalize": {"result": [6.023540707497762e-05], "stats": [{"ci_99": [6.011140200941042e-05, 6.12412996847054e-05], "q_25": 6.019693114206024e-05, "q_75": 6.036058967483455e-05, "min": 6.011140200941042e-05, "max": 6.12412996847054e-05, "mean": 6.037776668866476e-05, "std": 3.298373183631149e-07, "repeat": 10, "number": 174}]}, "factor.TimeDiscreteFactor.time_factor_multiply_large": {"result": [4.8399237028070696e-05], "stats": [{"ci_99": [4.8039324372728295e-05, 4.921072798076077e-05], "q_25": 4.831387522134269e-05, "q_75": 4.901713474053089e-05, "min": 4.8039324372728295e-05, "max": 4.921072798076077e-05, "mean": 4.8589124126690566e-05, "std": 4.0631217914353794e-07, "repeat": 10, "number": 214}]}, "factor.TimeDiscreteFactor.time_factor_reduce": {"result": [2.899658276305366e-05], "stats": [{"ci_99": [2.852686231509052e-05, 2.968654217263759e-05], "q_25": 2.8709181888164536e-05, "q_75": 2.91604051652623e-05, "min": 2.852686231509052e-05, "max": 2.968654217263759e-05, "mean": 2.8978634093488968e-05, "std": 3.4743233293443687e-07, "repeat": 10, "number": 371}]}, "import.TimeImport.time_import": {"result": [1.2879597053108045e-07], "stats": [{"ci_99": [1.283046227760209e-07, 1.2921801839939078e-07], "q_25": 1.284144659860203e-07, "q_75": 1.2900228698508988e-07, "min": 1.283046227760209e-07, "max": 1.2921801839939078e-07, "mean": 1.2873060036688768e-07, "std": 3.257023296999006e-10, "repeat": 10, "number": 77355}]}, "inference.TimeBeliefPropagation.time_query_alarm": null, "inference.TimeVariableElimination.time_query_alarm": null, "inference.TimeVariableElimination.time_query_munin": null, "parameter_learning.TimeBayesianEstimator.time_alarm_bayesian_estimator": {"result": [1.6648883922025561], "stats": [{"ci_99": [1.5764033514419364, 1.76174181985019], "q_25": 1.6511016371659935, "q_75": 1.6828593406826258, "min": 1.624912390485406, "max": 1.7216011676937342, "mean": 1.669072585646063, "std": 0.034624905560784465, "repeat": 4, "number": 1}]}, "parameter_learning.TimeBayesianEstimator.time_munin_bayesian_estimator": {"result": [20.28410802502185], "stats": [{"ci_99": [5.931708960793912, 34.636507089249776], "q_25": 20.14058403437957, "q_75": 20.42763201566413, "min": 19.997060043737292, "max": 20.57115600630641, "mean": 20.28410802502185, "std": 0.2870479812845588, "repeat": 2, "number": 1}]}, "parameter_learning.TimeExpectationMaximization.time_alarm_em": {"result": [7.141157309524715], "stats": [{"ci_99": [5.41832868475467, 8.863985934294758], "q_25": 7.1239290232770145, "q_75": 7.158385595772415, "min": 7.106700737029314, "max": 7.175613882020116, "mean": 7.141157309524715, "std": 0.034456572495400906, "repeat": 2, "number": 1}]}, "parameter_learning.TimeExpectationMaximization.time_munin_em": {"result": [62.625253699719906], "stats": [{"ci_99": [44.40657890960574, 80.84392848983406], "q_25": 62.443066951818764, "q_75": 62.80744044762105, "min": 62.26088020391762, "max": 62.98962719552219, "mean": 62.625253699719906, "std": 0.3643734958022833, "repeat": 2, "number": 1}]}, "parameter_learning.TimeMLE.time_alarm_mle": {"result": [1.6480526868253946], "stats": [{"ci_99": [1.6193352475402956, 1.6760456484170554], "q_25": 1.6431733835488558, "q_75": 1.6525697512552142, "min": 1.6324533931910992, "max": 1.662203025072813, "mean": 1.6476904479786754, "std": 0.010564756247213416, "repeat": 4, "number": 1}]}, "parameter_learning.TimeMLE.time_munin_mle": {"result": [19.94621522538364], "stats": [{"ci_99": [18.99161591939628, 20.900814531370997], "q_25": 19.936669232323766, "q_75": 19.955761218443513, "min": 19.927123239263892, "max": 19.965307211503386, "mean": 19.94621522538364, "std": 0.019091986119747162, "repeat": 2, "number": 1}]}, "readwrite.TimeRead.time_asia_read": {"result": [0.008648507297039032], "stats": [{"ci_99": [0.008611626923084259, 0.008685387670993805], "q_25": 0.008648138493299484, "q_75": 0.00864887610077858, "min": 0.008647769689559937, "max": 0.008649244904518127, "mean": 0.008648507297039032, "std": 7.37607479095459e-07, "repeat": 2, "number": 2}]}, "readwrite.TimeRead.time_asia_write": null, "readwrite.TimeRead.time_munin_read": {"result": [5.217030698433518], "stats": [{"ci_99": [5.161762757226825, 5.272298639640212], "q_25": 5.2164780190214515, "q_75": 5.217583377845585, "min": 5.2159253396093845, "max": 5.218136057257652, "mean": 5.217030698433518, "std": 0.001105358824133873, "repeat": 2, "number": 1}]}, "readwrite.TimeRead.time_munin_write": null, "readwrite.TimeRead.time_pathfinder_read": {"result": [5.819448264315724], "stats": [{"ci_99": [5.741536704823375, 5.897359823808074], "q_25": 5.818669148720801, "q_75": 5.820227379910648, "min": 5.817890033125877, "max": 5.821006495505571, "mean": 5.819448264315724, "std": 0.0015582311898469925, "repeat": 2, "number": 1}]}, "readwrite.TimeRead.time_pathfinder_write": null, "sampling.TimeSampling.time_forward_sample": {"result": [0.20172783359885216], "stats": [{"ci_99": [0.2006666138768196, 0.20303929783403873], "q_25": 0.20107240043580532, "q_75": 0.2022346705198288, "min": 0.2006666138768196, "max": 0.20303929783403873, "mean": 0.201698774471879, "std": 0.0007404779564518481, "repeat": 10, "number": 1}]}, "sampling.TimeSampling.time_gibbs_sampling": null, "sampling.TimeSampling.time_likelihood_sample": {"result": [0.2030877461656928], "stats": [{"ci_99": [0.20176652818918228, 0.20408782549202442], "q_25": 0.20248581701889634, "q_75": 0.20331920683383942, "min": 0.20176652818918228, "max": 0.20408782549202442, "mean": 0.2029409481212497, "std": 0.000657489858298433, "repeat": 10, "number": 1}]}, "sampling.TimeSampling.time_rejection_sample": {"result": [36.71558456681669], "stats": [{"ci_99": [30.219828283414245, 43.21134085021912], "q_25": 36.65062700398266, "q_75": 36.78054212965071, "min": 36.58566944114864, "max": 36.845499692484736, "mean": 36.71558456681669, "std": 0.12991512566804886, "repeat": 2, "number": 1}]}, "structure_learning.TimeHillClimbAlarmModel.time_hillclimb": {"result": [53.30431261193007], "stats": [{"ci_99": [51.43264113087207, 55.175984092988074], "q_25": 53.28559589711949, "q_75": 53.32302932674065, "min": 53.26687918230891, "max": 53.34174604155123, "mean": 53.30431261193007, "std": 0.03743342962116003, "repeat": 2, "number": 1}]}, "structure_learning.TimeMmhcAlarmModel.time_mmhc": null, "structure_learning.TimePCAlarmModel.time_pc_orig": null, "structure_learning.TimePCAlarmModel.time_pc_stable": null, "structure_learning.TimeTreeSearchAlarmModel.time_tan": null}, "params": {"arch": "x86_64", "cpu": "Intel(R) Core(TM) i9-9820X CPU @ 3.30GHz", "machine": "graveyard", "num_cpu": "20", "os": "Linux 4.15.0-112-generic", "ram": "131688676", "python": "3.8"}, "requirements": {}, "commit_hash": "c641acd1adcd976c3327d7d1d955d0da7f6af811", "date": 1656580907000, "env_name": "conda-py3.8", "python": "3.8", "profiles": {}, "started_at": {"factor.TimeDiscreteFactor.time_factor_compare": 1657090591889, "factor.TimeDiscreteFactor.time_factor_marginalize": 1657090592097, "factor.TimeDiscreteFactor.time_factor_multiply_large": 1657090592304, "factor.TimeDiscreteFactor.time_factor_reduce": 1657090592510, "import.TimeImport.time_import": 1657090592717, "inference.TimeBeliefPropagation.time_query_alarm": 1657088742005, "inference.TimeVariableElimination.time_query_alarm": 1657088742863, "inference.TimeVariableElimination.time_query_munin": 1657088748284, "parameter_learning.TimeBayesianEstimator.time_alarm_bayesian_estimator": 1657090592924, "parameter_learning.TimeBayesianEstimator.time_munin_bayesian_estimator": 1657090608522,