{"results": {"factor.TimeDiscreteFactor.time_factor_compare": {"result": [6.844728564222654e-05], "stats": [{"ci_99": [6.797446558872859e-05, 6.978890548149744e-05], "q_25": 6.811289427181085e-05, "q_75": 6.855283863842488e-05, "min": 6.797446558872859e-05, "max": 6.978890548149744e-05, "mean": 6.848576044042904e-05, "std": 5.01780804178634e-07, "repeat": 10, "number": 150}]}, "factor.TimeDiscreteFactor.time_factor_marginalize": {"result": [6.353236077462926e-05], "stats": [{"ci_99": [6.336024140610415e-05, 6.437080309671514e-05], "q_25": 6.344904575277777e-05, "q_75": 6.381596493370393e-05, "min": 6.336024140610415e-05, "max": 6.437080309671514e-05, "mean": 6.365388412685956e-05, "std": 2.9785417761525095e-07, "repeat": 10, "number": 170}]}, "factor.TimeDiscreteFactor.time_factor_multiply_large": {"result": [4.8327352851629256e-05], "stats": [{"ci_99": [4.6496013445513586e-05, 4.944956550995509e-05], "q_25": 4.687981369594733e-05, "q_75": 4.932356643534842e-05, "min": 4.6496013445513586e-05, "max": 4.944956550995509e-05, "mean": 4.811255882183711e-05, "std": 1.2435964479953628e-06, "repeat": 10, "number": 210}]}, "factor.TimeDiscreteFactor.time_factor_reduce": {"result": [2.550053646537795e-05], "stats": [{"ci_99": [2.5298515918539533e-05, 2.5649768165984558e-05], "q_25": 2.5461181136431977e-05, "q_75": 2.557118492784785e-05, "min": 2.5298515918539533e-05, "max": 2.5649768165984558e-05, "mean": 2.5504101901801662e-05, "std": 1.0532637613523229e-07, "repeat": 10, "number": 402}]}, "import.TimeImport.time_import": {"result": [1.1777358590484081e-07], "stats": [{"ci_99": [1.1737278280205811e-07, 1.1850194455000039e-07], "q_25": 1.1765015754723365e-07, "q_75": 1.180478943733366e-07, "min": 1.1737278280205811e-07, "max": 1.1850194455000039e-07, "mean": 1.1785352137920757e-07, "std": 3.3021447981514136e-10, "repeat": 10, "number": 86867}]}, "inference.TimeBeliefPropagation.time_query_alarm": null, "inference.TimeVariableElimination.time_query_alarm": null, "inference.TimeVariableElimination.time_query_munin": null, "parameter_learning.TimeBayesianEstimator.time_alarm_bayesian_estimator": null, "parameter_learning.TimeBayesianEstimator.time_munin_bayesian_estimator": null, "parameter_learning.TimeExpectationMaximization.time_alarm_em": null, "parameter_learning.TimeExpectationMaximization.time_munin_em": null, "parameter_learning.TimeMLE.time_alarm_mle": null, "parameter_learning.TimeMLE.time_munin_mle": null, "readwrite.TimeRead.time_asia_read": null, "readwrite.TimeRead.time_asia_write": null, "readwrite.TimeRead.time_munin_read": null, "readwrite.TimeRead.time_munin_write": null, "readwrite.TimeRead.time_pathfinder_read": null, "readwrite.TimeRead.time_pathfinder_write": null, "sampling.TimeSampling.time_forward_sample": null, "sampling.TimeSampling.time_gibbs_sampling": null, "sampling.TimeSampling.time_likelihood_sample": null, "sampling.TimeSampling.time_rejection_sample": null, "structure_learning.TimeHillClimbAlarmModel.time_hillclimb": null, "structure_learning.TimeMmhcAlarmModel.time_mmhc": null, "structure_learning.TimePCAlarmModel.time_pc_orig": null, "structure_learning.TimePCAlarmModel.time_pc_stable": null, "structure_learning.TimeTreeSearchAlarmModel.time_tan": null}, "params": {"arch": "x86_64", "cpu": "Intel(R) Core(TM) i9-9820X CPU @ 3.30GHz", "machine": "graveyard", "num_cpu": "20", "os": "Linux 4.15.0-112-generic", "ram": "131688676", "python": "3.9"}, "requirements": {}, "commit_hash": "c6a0df099fa72f88c156fba60d68b57d557a9b08", "date": 1578993567000, "env_name": "conda-py3.9", "python": "3.9", "profiles": {}, "started_at": {"factor.TimeDiscreteFactor.time_factor_compare": 1654471701118, "factor.TimeDiscreteFactor.time_factor_marginalize": 1654471701326, "factor.TimeDiscreteFactor.time_factor_multiply_large": 1654471701532, "factor.TimeDiscreteFactor.time_factor_reduce": 1654471701739, "import.TimeImport.time_import": 1654471701946, "inference.TimeBeliefPropagation.time_query_alarm": 1654471699768, "inference.TimeVariableElimination.time_query_alarm": 1654471699823, "inference.TimeVariableElimination.time_query_munin": 1654471699879, "parameter_learning.TimeBayesianEstimator.time_alarm_bayesian_estimator": 1654471699935, "parameter_learning.TimeBayesianEstimator.time_munin_bayesian_estimator": 1654471699991, "parameter_learning.TimeExpectationMaximization.time_alarm_em": 1654471700048, "parameter_learning.TimeExpectationMaximization.time_munin_em": 1654471700104, "parameter_learning.TimeMLE.time_alarm_mle": 1654471700161, "parameter_learning.TimeMLE.time_munin_mle": 1654471700217, "readwrite.TimeRead.time_asia_read": 1654471700273, "readwrite.TimeRead.time_asia_write": 1654471700330, "readwrite.TimeRead.time_munin_read": 1654471700386, "readwrite.TimeRead.time_munin_write": 1654471700442, "readwrite.TimeRead.time_pathfinder_read": 1654471700498, "readwrite.TimeRead.time_pathfinder_write": 1654471700555, "sampling.TimeSampling.time_forward_sample": 1654471700611, "sampling.TimeSampling.time_gibbs_sampling": 1654471700667, "sampling.TimeSampling.time_likelihood_sample": 1654471700724, "sampling.TimeSampling.time_rejection_sample": 1654471700780, "structure_learning.TimeHillClimbAlarmModel.time_hillclimb": 1654471700836, "structure_learning.TimeMmhcAlarmModel.time_mmhc": 1654471700893, "structure_learning.TimePCAlarmModel.time_pc_orig": 1654471700949, "structure_learning.TimePCAlarmModel.time_pc_stable": 1654471701005, "structure_learning.TimeTreeSearchAlarmModel.time_tan": 1654471701062}, "ended_at": {"factor.TimeDiscreteFactor.time_factor_compare": 1654471701325, "factor.TimeDiscreteFactor.time_factor_marginalize": 1654471701532, "factor.TimeDiscreteFactor.time_factor_multiply_large": 1654471701739, "factor.TimeDiscreteFactor.time_factor_reduce": 1654471701945, "import.TimeImport.time_import": 1654471702152, "inference.TimeBeliefPropagation.time_query_alarm": 1654471699823, "inference.TimeVariableElimination.time_query_alarm": 1654471699879, "inference.TimeVariableElimination.time_query_munin": 1654471699935, "parameter_learning.TimeBayesianEstimator.time_alarm_bayesian_estimator": 1654471699991, "parameter_learning.TimeBayesianEstimator.time_munin_bayesian_estimator": 1654471700048, "parameter_learning.TimeExpectationMaximization.time_alarm_em": 1654471700104, "parameter_learning.TimeExpectationMaximization.time_munin_em": 1654471700160, "parameter_learning.TimeMLE.time_alarm_mle": 1654471700217, "parameter_learning.TimeMLE.time_munin_mle": 1654471700273, "readwrite.TimeRead.time_asia_read": 1654471700329, "readwrite.TimeRead.time_asia_write": 1654471700386, "readwrite.TimeRead.time_munin_read": 1654471700442, "readwrite.TimeRead.time_munin_write": 1654471700498, "readwrite.TimeRead.time_pathfinder_read": 1654471700555, "readwrite.TimeRead.time_pathfinder_write": 1654471700611, "sampling.TimeSampling.time_forward_sample": 1654471700667, "sampling.TimeSampling.time_gibbs_sampling": 1654471700724, "sampling.TimeSampling.time_likelihood_sample": 1654471700780, "sampling.TimeSampling.time_rejection_sample": 1654471700836, "structure_learning.TimeHillClimbAlarmModel.time_hillclimb": 1654471700893, "structure_learning.TimeMmhcAlarmModel.time_mmhc": 1654471700949, "structure_learning.TimePCAlarmModel.time_pc_orig": 1654471701005, "structure_learning.TimePCAlarmModel.time_pc_stable": 1654471701062, "structure_learning.TimeTreeSearchAlarmModel.time_tan": 1654471701118}, "benchmark_version": {"factor.TimeDiscreteFactor.time_factor_compare": "95feb42df85ffe5cf519cf4af677309a5cdb891db99ad54b655196c3e1f2e13a", "factor.TimeDiscreteFactor.time_factor_marginalize": "a3ae79cdcf3bcd4bc49df94b3b3d5f93c4126249a9b3cf2481ac381ee836f851", "factor.TimeDiscreteFactor.time_factor_multiply_large": "cfb6b66fddb2953948ffb6566ae101535dd1e8d0fd9af855331f39ef905f4450", "factor.TimeDiscreteFactor.time_factor_reduce": "cb3858b638914f7572792153a60efb4aecbde56d5abf039791451adb0f26c263",