{"results": {"factor.TimeDiscreteFactor.time_factor_compare": {"result": [6.747851437478332e-05], "stats": [{"ci_99": [6.7072567639884e-05, 6.899864684720958e-05], "q_25": 6.715201639703341e-05, "q_75": 6.782630840258569e-05, "min": 6.7072567639884e-05, "max": 6.899864684720958e-05, "mean": 6.760116319478668e-05, "std": 5.491225449658241e-07, "repeat": 10, "number": 161}]}, "factor.TimeDiscreteFactor.time_factor_marginalize": {"result": [5.790661214976698e-05], "stats": [{"ci_99": [5.754774083962312e-05, 5.8519648941787514e-05], "q_25": 5.7788681540940264e-05, "q_75": 5.803460355948757e-05, "min": 5.754774083962312e-05, "max": 5.8519648941787514e-05, "mean": 5.79336950102368e-05, "std": 2.5226209802429306e-07, "repeat": 10, "number": 185}]}, "factor.TimeDiscreteFactor.time_factor_multiply_large": {"result": [4.5996975708515086e-05], "stats": [{"ci_99": [4.5501741957157216e-05, 4.722505332307613e-05], "q_25": 4.5875628340117476e-05, "q_75": 4.6117502720432075e-05, "min": 4.5501741957157216e-05, "max": 4.722505332307613e-05, "mean": 4.6079616914404195e-05, "std": 4.269406138688355e-07, "repeat": 10, "number": 235}]}, "factor.TimeDiscreteFactor.time_factor_reduce": {"result": [2.5761629941450822e-05], "stats": [{"ci_99": [2.5528534970169675e-05, 2.605491750120168e-05], "q_25": 2.57351576530965e-05, "q_75": 2.5925808277386255e-05, "min": 2.5528534970169675e-05, "max": 2.605491750120168e-05, "mean": 2.578727614421111e-05, "std": 1.6323654847988704e-07, "repeat": 10, "number": 377}]}, "import.TimeImport.time_import": {"result": [1.2164420809342529e-07], "stats": [{"ci_99": [1.2096118634902126e-07, 1.2329060174066906e-07], "q_25": 1.2137653996664007e-07, "q_75": 1.2190592149917437e-07, "min": 1.2096118634902126e-07, "max": 1.2329060174066906e-07, "mean": 1.2179663213367297e-07, "std": 6.43900268823471e-10, "repeat": 10, "number": 88601}]}, "inference.TimeBeliefPropagation.time_query_alarm": null, "inference.TimeVariableElimination.time_query_alarm": null, "inference.TimeVariableElimination.time_query_munin": null, "parameter_learning.TimeBayesianEstimator.time_alarm_bayesian_estimator": null, "parameter_learning.TimeBayesianEstimator.time_munin_bayesian_estimator": null, "parameter_learning.TimeExpectationMaximization.time_alarm_em": null, "parameter_learning.TimeExpectationMaximization.time_munin_em": null, "parameter_learning.TimeMLE.time_alarm_mle": null, "parameter_learning.TimeMLE.time_munin_mle": null, "readwrite.TimeRead.time_asia_read": null, "readwrite.TimeRead.time_asia_write": null, "readwrite.TimeRead.time_munin_read": null, "readwrite.TimeRead.time_munin_write": null, "readwrite.TimeRead.time_pathfinder_read": null, "readwrite.TimeRead.time_pathfinder_write": null, "sampling.TimeSampling.time_forward_sample": null, "sampling.TimeSampling.time_gibbs_sampling": null, "sampling.TimeSampling.time_likelihood_sample": null, "sampling.TimeSampling.time_rejection_sample": null, "structure_learning.TimeHillClimbAlarmModel.time_hillclimb": null, "structure_learning.TimeMmhcAlarmModel.time_mmhc": null, "structure_learning.TimePCAlarmModel.time_pc_orig": null, "structure_learning.TimePCAlarmModel.time_pc_stable": null, "structure_learning.TimeTreeSearchAlarmModel.time_tan": null}, "params": {"arch": "x86_64", "cpu": "Intel(R) Core(TM) i9-9820X CPU @ 3.30GHz", "machine": "graveyard", "num_cpu": "20", "os": "Linux 4.15.0-112-generic", "ram": "131688676", "python": "3.7"}, "requirements": {}, "commit_hash": "c78f8492401ac13621e6800f918efbeaf2ae8f87", "date": 1560941867000, "env_name": "conda-py3.7", "python": "3.7", "profiles": {}, "started_at": {"factor.TimeDiscreteFactor.time_factor_compare": 1654473927244, "factor.TimeDiscreteFactor.time_factor_marginalize": 1654473927451, "factor.TimeDiscreteFactor.time_factor_multiply_large": 1654473927657, "factor.TimeDiscreteFactor.time_factor_reduce": 1654473927863, "import.TimeImport.time_import": 1654473928069, "inference.TimeBeliefPropagation.time_query_alarm": 1654473925914, "inference.TimeVariableElimination.time_query_alarm": 1654473925969, "inference.TimeVariableElimination.time_query_munin": 1654473926024, "parameter_learning.TimeBayesianEstimator.time_alarm_bayesian_estimator": 1654473926079, "parameter_learning.TimeBayesianEstimator.time_munin_bayesian_estimator": 1654473926134, "parameter_learning.TimeExpectationMaximization.time_alarm_em": 1654473926189, "parameter_learning.TimeExpectationMaximization.time_munin_em": 1654473926245, "parameter_learning.TimeMLE.time_alarm_mle": 1654473926301, "parameter_learning.TimeMLE.time_munin_mle": 1654473926356, "readwrite.TimeRead.time_asia_read": 1654473926412, "readwrite.TimeRead.time_asia_write": 1654473926467, "readwrite.TimeRead.time_munin_read": 1654473926522, "readwrite.TimeRead.time_munin_write": 1654473926578, "readwrite.TimeRead.time_pathfinder_read": 1654473926633, "readwrite.TimeRead.time_pathfinder_write": 1654473926689, "sampling.TimeSampling.time_forward_sample": 1654473926744, "sampling.TimeSampling.time_gibbs_sampling": 1654473926800, "sampling.TimeSampling.time_likelihood_sample": 1654473926855, "sampling.TimeSampling.time_rejection_sample": 1654473926911, "structure_learning.TimeHillClimbAlarmModel.time_hillclimb": 1654473926966, "structure_learning.TimeMmhcAlarmModel.time_mmhc": 1654473927022, "structure_learning.TimePCAlarmModel.time_pc_orig": 1654473927077, "structure_learning.TimePCAlarmModel.time_pc_stable": 1654473927133, "structure_learning.TimeTreeSearchAlarmModel.time_tan": 1654473927188}, "ended_at": {"factor.TimeDiscreteFactor.time_factor_compare": 1654473927451, "factor.TimeDiscreteFactor.time_factor_marginalize": 1654473927657, "factor.TimeDiscreteFactor.time_factor_multiply_large": 1654473927863, "factor.TimeDiscreteFactor.time_factor_reduce": 1654473928068, "import.TimeImport.time_import": 1654473928274, "inference.TimeBeliefPropagation.time_query_alarm": 1654473925969, "inference.TimeVariableElimination.time_query_alarm": 1654473926024, "inference.TimeVariableElimination.time_query_munin": 1654473926079, "parameter_learning.TimeBayesianEstimator.time_alarm_bayesian_estimator": 1654473926134, "parameter_learning.TimeBayesianEstimator.time_munin_bayesian_estimator": 1654473926189, "parameter_learning.TimeExpectationMaximization.time_alarm_em": 1654473926245, "parameter_learning.TimeExpectationMaximization.time_munin_em": 1654473926300, "parameter_learning.TimeMLE.time_alarm_mle": 1654473926356, "parameter_learning.TimeMLE.time_munin_mle": 1654473926412, "readwrite.TimeRead.time_asia_read": 1654473926467, "readwrite.TimeRead.time_asia_write": 1654473926522, "readwrite.TimeRead.time_munin_read": 1654473926578, "readwrite.TimeRead.time_munin_write": 1654473926633, "readwrite.TimeRead.time_pathfinder_read": 1654473926689, "readwrite.TimeRead.time_pathfinder_write": 1654473926744, "sampling.TimeSampling.time_forward_sample": 1654473926800, "sampling.TimeSampling.time_gibbs_sampling": 1654473926855, "sampling.TimeSampling.time_likelihood_sample": 1654473926911, "sampling.TimeSampling.time_rejection_sample": 1654473926966, "structure_learning.TimeHillClimbAlarmModel.time_hillclimb": 1654473927021, "structure_learning.TimeMmhcAlarmModel.time_mmhc": 1654473927077, "structure_learning.TimePCAlarmModel.time_pc_orig": 1654473927132, "structure_learning.TimePCAlarmModel.time_pc_stable": 1654473927188, "structure_learning.TimeTreeSearchAlarmModel.time_tan": 1654473927244}, "benchmark_version": {"factor.TimeDiscreteFactor.time_factor_compare": "95feb42df85ffe5cf519cf4af677309a5cdb891db99ad54b655196c3e1f2e13a", "factor.TimeDiscreteFactor.time_factor_marginalize": "a3ae79cdcf3bcd4bc49df94b3b3d5f93c4126249a9b3cf2481ac381ee836f851", "factor.TimeDiscreteFactor.time_factor_multiply_large": "cfb6b66fddb2953948ffb6566ae101535dd1e8d0fd9af855331f39ef905f4450", "factor.TimeDiscreteFactor.time_factor_reduce": "cb3858b638914f7572792153a60efb4aecbde56d5abf039791451adb0f26c263",