{"results": {"factor.TimeDiscreteFactor.time_factor_compare": {"result": [6.739660551783385e-05], "stats": [{"ci_99": [6.707230950616727e-05, 6.756109369408553e-05], "q_25": 6.73219573440825e-05, "q_75": 6.746912707283998e-05, "min": 6.707230950616727e-05, "max": 6.756109369408553e-05, "mean": 6.738265466158558e-05, "std": 1.3658472544970844e-07, "repeat": 10, "number": 157}]}, "factor.TimeDiscreteFactor.time_factor_marginalize": {"result": [5.791517528327736e-05], "stats": [{"ci_99": [5.736166762339102e-05, 5.93858997564058e-05], "q_25": 5.750847174911886e-05, "q_75": 5.874161331637486e-05, "min": 5.736166762339102e-05, "max": 5.93858997564058e-05, "mean": 5.811959907815262e-05, "std": 6.902694717826351e-07, "repeat": 10, "number": 185}]}, "factor.TimeDiscreteFactor.time_factor_multiply_large": {"result": [4.4658198512556184e-05], "stats": [{"ci_99": [4.3832677326121917e-05, 4.506353996222532e-05], "q_25": 4.4131527737348885e-05, "q_75": 4.480211142812097e-05, "min": 4.3832677326121917e-05, "max": 4.506353996222532e-05, "mean": 4.450320600205836e-05, "std": 3.9165829747170584e-07, "repeat": 10, "number": 237}]}, "factor.TimeDiscreteFactor.time_factor_reduce": {"result": [2.5317050263430308e-05], "stats": [{"ci_99": [2.5161004001365125e-05, 2.5436865364752927e-05], "q_25": 2.522014072436152e-05, "q_75": 2.539401774484556e-05, "min": 2.5161004001365125e-05, "max": 2.5436865364752927e-05, "mean": 2.5309328875929407e-05, "std": 9.5582620878765e-08, "repeat": 10, "number": 412}]}, "import.TimeImport.time_import": {"result": [1.3212192244387748e-07], "stats": [{"ci_99": [1.3143465410674982e-07, 1.3379048463931425e-07], "q_25": 1.3158461630933893e-07, "q_75": 1.329221519919672e-07, "min": 1.3143465410674982e-07, "max": 1.3379048463931425e-07, "mean": 1.3234430070025274e-07, "std": 8.267315854493126e-10, "repeat": 10, "number": 77046}]}, "inference.TimeBeliefPropagation.time_query_alarm": null, "inference.TimeVariableElimination.time_query_alarm": null, "inference.TimeVariableElimination.time_query_munin": null, "parameter_learning.TimeBayesianEstimator.time_alarm_bayesian_estimator": null, "parameter_learning.TimeBayesianEstimator.time_munin_bayesian_estimator": null, "parameter_learning.TimeExpectationMaximization.time_alarm_em": null, "parameter_learning.TimeExpectationMaximization.time_munin_em": null, "parameter_learning.TimeMLE.time_alarm_mle": null, "parameter_learning.TimeMLE.time_munin_mle": null, "readwrite.TimeRead.time_asia_read": null, "readwrite.TimeRead.time_asia_write": null, "readwrite.TimeRead.time_munin_read": null, "readwrite.TimeRead.time_munin_write": null, "readwrite.TimeRead.time_pathfinder_read": null, "readwrite.TimeRead.time_pathfinder_write": null, "sampling.TimeSampling.time_forward_sample": null, "sampling.TimeSampling.time_gibbs_sampling": null, "sampling.TimeSampling.time_likelihood_sample": null, "sampling.TimeSampling.time_rejection_sample": null, "structure_learning.TimeHillClimbAlarmModel.time_hillclimb": null, "structure_learning.TimeMmhcAlarmModel.time_mmhc": null, "structure_learning.TimePCAlarmModel.time_pc_orig": null, "structure_learning.TimePCAlarmModel.time_pc_stable": null, "structure_learning.TimeTreeSearchAlarmModel.time_tan": null}, "params": {"arch": "x86_64", "cpu": "Intel(R) Core(TM) i9-9820X CPU @ 3.30GHz", "machine": "graveyard", "num_cpu": "20", "os": "Linux 4.15.0-112-generic", "ram": "131688676", "python": "3.8"}, "requirements": {}, "commit_hash": "c8d0daa91fc0976625867bf270f55a215ae76261", "date": 1557612482000, "env_name": "conda-py3.8", "python": "3.8", "profiles": {}, "started_at": {"factor.TimeDiscreteFactor.time_factor_compare": 1654474366483, "factor.TimeDiscreteFactor.time_factor_marginalize": 1654474366689, "factor.TimeDiscreteFactor.time_factor_multiply_large": 1654474366895, "factor.TimeDiscreteFactor.time_factor_reduce": 1654474367101, "import.TimeImport.time_import": 1654474367306, "inference.TimeBeliefPropagation.time_query_alarm": 1654474365155, "inference.TimeVariableElimination.time_query_alarm": 1654474365209, "inference.TimeVariableElimination.time_query_munin": 1654474365264, "parameter_learning.TimeBayesianEstimator.time_alarm_bayesian_estimator": 1654474365320, "parameter_learning.TimeBayesianEstimator.time_munin_bayesian_estimator": 1654474365375, "parameter_learning.TimeExpectationMaximization.time_alarm_em": 1654474365431, "parameter_learning.TimeExpectationMaximization.time_munin_em": 1654474365486, "parameter_learning.TimeMLE.time_alarm_mle": 1654474365541, "parameter_learning.TimeMLE.time_munin_mle": 1654474365596, "readwrite.TimeRead.time_asia_read": 1654474365652, "readwrite.TimeRead.time_asia_write": 1654474365707, "readwrite.TimeRead.time_munin_read": 1654474365762, "readwrite.TimeRead.time_munin_write": 1654474365818, "readwrite.TimeRead.time_pathfinder_read": 1654474365873, "readwrite.TimeRead.time_pathfinder_write": 1654474365928, "sampling.TimeSampling.time_forward_sample": 1654474365984, "sampling.TimeSampling.time_gibbs_sampling": 1654474366039, "sampling.TimeSampling.time_likelihood_sample": 1654474366095, "sampling.TimeSampling.time_rejection_sample": 1654474366150, "structure_learning.TimeHillClimbAlarmModel.time_hillclimb": 1654474366205, "structure_learning.TimeMmhcAlarmModel.time_mmhc": 1654474366261, "structure_learning.TimePCAlarmModel.time_pc_orig": 1654474366316, "structure_learning.TimePCAlarmModel.time_pc_stable": 1654474366372, "structure_learning.TimeTreeSearchAlarmModel.time_tan": 1654474366427}, "ended_at": {"factor.TimeDiscreteFactor.time_factor_compare": 1654474366689, "factor.TimeDiscreteFactor.time_factor_marginalize": 1654474366895, "factor.TimeDiscreteFactor.time_factor_multiply_large": 1654474367100, "factor.TimeDiscreteFactor.time_factor_reduce": 1654474367306, "import.TimeImport.time_import": 1654474367512, "inference.TimeBeliefPropagation.time_query_alarm": 1654474365209, "inference.TimeVariableElimination.time_query_alarm": 1654474365264, "inference.TimeVariableElimination.time_query_munin": 1654474365319, "parameter_learning.TimeBayesianEstimator.time_alarm_bayesian_estimator": 1654474365375, "parameter_learning.TimeBayesianEstimator.time_munin_bayesian_estimator": 1654474365430, "parameter_learning.TimeExpectationMaximization.time_alarm_em": 1654474365486, "parameter_learning.TimeExpectationMaximization.time_munin_em": 1654474365541, "parameter_learning.TimeMLE.time_alarm_mle": 1654474365596, "parameter_learning.TimeMLE.time_munin_mle": 1654474365652, "readwrite.TimeRead.time_asia_read": 1654474365707, "readwrite.TimeRead.time_asia_write": 1654474365762, "readwrite.TimeRead.time_munin_read": 1654474365817, "readwrite.TimeRead.time_munin_write": 1654474365873, "readwrite.TimeRead.time_pathfinder_read": 1654474365928, "readwrite.TimeRead.time_pathfinder_write": 1654474365984, "sampling.TimeSampling.time_forward_sample": 1654474366039, "sampling.TimeSampling.time_gibbs_sampling": 1654474366095, "sampling.TimeSampling.time_likelihood_sample": 1654474366150, "sampling.TimeSampling.time_rejection_sample": 1654474366205, "structure_learning.TimeHillClimbAlarmModel.time_hillclimb": 1654474366261, "structure_learning.TimeMmhcAlarmModel.time_mmhc": 1654474366316, "structure_learning.TimePCAlarmModel.time_pc_orig": 1654474366372, "structure_learning.TimePCAlarmModel.time_pc_stable": 1654474366427, "structure_learning.TimeTreeSearchAlarmModel.time_tan": 1654474366483}, "benchmark_version": {"factor.TimeDiscreteFactor.time_factor_compare": "95feb42df85ffe5cf519cf4af677309a5cdb891db99ad54b655196c3e1f2e13a", "factor.TimeDiscreteFactor.time_factor_marginalize": "a3ae79cdcf3bcd4bc49df94b3b3d5f93c4126249a9b3cf2481ac381ee836f851", "factor.TimeDiscreteFactor.time_factor_multiply_large": "cfb6b66fddb2953948ffb6566ae101535dd1e8d0fd9af855331f39ef905f4450", "factor.TimeDiscreteFactor.time_factor_reduce": "cb3858b638914f7572792153a60efb4aecbde56d5abf039791451adb0f26c263",