{"results": {"factor.TimeDiscreteFactor.time_factor_compare": {"result": [6.169821865048753e-05], "stats": [{"ci_99": [6.144424249608833e-05, 6.213084042790425e-05], "q_25": 6.157081540539323e-05, "q_75": 6.1854734141604e-05, "min": 6.144424249608833e-05, "max": 6.213084042790425e-05, "mean": 6.174384896834211e-05, "std": 2.2073052577086474e-07, "repeat": 10, "number": 166}]}, "factor.TimeDiscreteFactor.time_factor_marginalize": {"result": [6.358599164551753e-05], "stats": [{"ci_99": [6.307773520610084e-05, 6.421462295611212e-05], "q_25": 6.354167954596273e-05, "q_75": 6.365654932940664e-05, "min": 6.307773520610084e-05, "max": 6.421462295611212e-05, "mean": 6.364627507018166e-05, "std": 3.105241456774391e-07, "repeat": 10, "number": 163}]}, "factor.TimeDiscreteFactor.time_factor_multiply_large": {"result": [4.721146934064089e-05], "stats": [{"ci_99": [4.629820453382171e-05, 4.9755249205416286e-05], "q_25": 4.65209018933562e-05, "q_75": 4.827393532063054e-05, "min": 4.629820453382171e-05, "max": 4.9755249205416286e-05, "mean": 4.7489807042664134e-05, "std": 1.0826257518371014e-06, "repeat": 10, "number": 226}]}, "factor.TimeDiscreteFactor.time_factor_reduce": {"result": [2.5897765991048537e-05], "stats": [{"ci_99": [2.564745392776342e-05, 2.6079727075814047e-05], "q_25": 2.582111296914338e-05, "q_75": 2.596937322422214e-05, "min": 2.564745392776342e-05, "max": 2.6079727075814047e-05, "mean": 2.5882431562396063e-05, "std": 1.2521876195607815e-07, "repeat": 10, "number": 414}]}, "import.TimeImport.time_import": {"result": [1.280666086821218e-07], "stats": [{"ci_99": [1.2761271311463396e-07, 1.288335062785946e-07], "q_25": 1.2775811511521368e-07, "q_75": 1.2823162932373886e-07, "min": 1.2761271311463396e-07, "max": 1.288335062785946e-07, "mean": 1.2805445277540216e-07, "std": 3.541515604567158e-10, "repeat": 10, "number": 85211}]}, "inference.TimeBeliefPropagation.time_query_alarm": null, "inference.TimeVariableElimination.time_query_alarm": {"result": [0.053086173720657825], "stats": [{"ci_99": [0.05144342225319236, 0.0549934459450236], "q_25": 0.052644924726337194, "q_75": 0.05365968309342861, "min": 0.05260668508708477, "max": 0.0540947038680315, "mean": 0.05321843409910798, "std": 0.000621349312539695, "repeat": 4, "number": 1}]}, "inference.TimeVariableElimination.time_query_munin": {"result": [0.4640907309949398], "stats": [{"ci_99": [0.43743905301739894, 0.5019310697207835], "q_25": 0.4620224037207663, "q_75": 0.47175338864326477, "min": 0.45860028080642223, "max": 0.49195850268006325, "mean": 0.4696850613690913, "std": 0.013069932756182694, "repeat": 4, "number": 1}]}, "parameter_learning.TimeBayesianEstimator.time_alarm_bayesian_estimator": null, "parameter_learning.TimeBayesianEstimator.time_munin_bayesian_estimator": null, "parameter_learning.TimeExpectationMaximization.time_alarm_em": null, "parameter_learning.TimeExpectationMaximization.time_munin_em": null, "parameter_learning.TimeMLE.time_alarm_mle": null, "parameter_learning.TimeMLE.time_munin_mle": null, "readwrite.TimeRead.time_asia_read": {"result": [0.008770412765443325], "stats": [{"ci_99": [0.007955645211040974, 0.009585180319845676], "q_25": 0.008762265089899302, "q_75": 0.008778560440987349, "min": 0.008754117414355278, "max": 0.008786708116531372, "mean": 0.008770412765443325, "std": 1.6295351088047028e-05, "repeat": 2, "number": 2}]}, "readwrite.TimeRead.time_asia_write": {"result": [0.0005604138597846032], "stats": [{"ci_99": [0.00047145082304875024, 0.000649376896520456], "q_25": 0.0005595242294172446, "q_75": 0.0005613034901519617, "min": 0.0005586345990498861, "max": 0.0005621931205193202, "mean": 0.0005604138597846032, "std": 1.7792607347170584e-06, "repeat": 2, "number": 75}]}, "readwrite.TimeRead.time_munin_read": {"result": [4.774952262639999], "stats": [{"ci_99": [4.336190178990364, 5.213714346289635], "q_25": 4.770564641803503, "q_75": 4.779339883476496, "min": 4.766177020967007, "max": 4.783727504312992, "mean": 4.774952262639999, "std": 0.008775241672992706, "repeat": 2, "number": 1}]}, "readwrite.TimeRead.time_munin_write": {"result": [0.03825512994080782], "stats": [{"ci_99": [-0.05012798774987459, 0.12663824763149018], "q_25": 0.037371298763900995, "q_75": 0.039138961117714643, "min": 0.03648746758699417, "max": 0.04002279229462147, "mean": 0.03825512994080782, "std": 0.0017676623538136482, "repeat": 2, "number": 1}]}, "readwrite.TimeRead.time_pathfinder_read": {"result": [5.296533504500985], "stats": [{"ci_99": [4.739770056679845, 5.853296952322125], "q_25": 5.290965870022774, "q_75": 5.3021011389791965, "min": 5.285398235544562, "max": 5.307668773457408, "mean": 5.296533504500985, "std": 0.011135268956422806, "repeat": 2, "number": 1}]}, "readwrite.TimeRead.time_pathfinder_write": {"result": [0.023785041645169258], "stats": [{"ci_99": [-0.03764723055064678, 0.08521731384098524], "q_25": 0.023170718923211098, "q_75": 0.02439936436712742, "min": 0.022556396201252937, "max": 0.02501368708908558, "mean": 0.023785041645169258, "std": 0.0012286454439163208, "repeat": 2, "number": 1}]}, "sampling.TimeSampling.time_forward_sample": null, "sampling.TimeSampling.time_gibbs_sampling": null, "sampling.TimeSampling.time_likelihood_sample": {"result": [0.224770225584507], "stats": [{"ci_99": [0.22405768930912018, 0.2255682572722435], "q_25": 0.2244559689424932, "q_75": 0.2251251582056284, "min": 0.22405768930912018, "max": 0.2255682572722435, "mean": 0.22478319741785527, "std": 0.0004466200788894099, "repeat": 10, "number": 1}]}, "sampling.TimeSampling.time_rejection_sample": null, "structure_learning.TimeHillClimbAlarmModel.time_hillclimb": null, "structure_learning.TimeMmhcAlarmModel.time_mmhc": null, "structure_learning.TimePCAlarmModel.time_pc_orig": null, "structure_learning.TimePCAlarmModel.time_pc_stable": null, "structure_learning.TimeTreeSearchAlarmModel.time_tan": null}, "params": {"arch": "x86_64", "cpu": "Intel(R) Core(TM) i9-9820X CPU @ 3.30GHz", "machine": "graveyard", "num_cpu": "20", "os": "Linux 4.15.0-112-generic", "ram": "131688676", "python": "3.9"}, "requirements": {}, "commit_hash": "c98084b6c933952b92ec5a92d36a65ef33cf50dd", "date": 1625825179000, "env_name": "conda-py3.9", "python": "3.9", "profiles": {}, "started_at": {"factor.TimeDiscreteFactor.time_factor_compare": 1653920737209, "factor.TimeDiscreteFactor.time_factor_marginalize": 1653920737417, "factor.TimeDiscreteFactor.time_factor_multiply_large": 1653920737624, "factor.TimeDiscreteFactor.time_factor_reduce": 1653920737831, "import.TimeImport.time_import": 1653920738038, "inference.TimeBeliefPropagation.time_query_alarm": 1653919340323, "inference.TimeVariableElimination.time_query_alarm": 1653920738246, "inference.TimeVariableElimination.time_query_munin": 1653920755501, "parameter_learning.TimeBayesianEstimator.time_alarm_bayesian_estimator": 1653919975969, "parameter_learning.TimeBayesianEstimator.time_munin_bayesian_estimator": 1653919976127, "parameter_learning.TimeExpectationMaximization.time_alarm_em": 1653919976283, "parameter_learning.TimeExpectationMaximization.time_munin_em": 1653919976440, "parameter_learning.TimeMLE.time_alarm_mle": 1653919976597, "parameter_learning.TimeMLE.time_munin_mle": 1653919976754, "readwrite.TimeRead.time_asia_read": 1653920774112, "readwrite.TimeRead.time_asia_write": 1653920796330, "readwrite.TimeRead.time_munin_read": 1653920818648, "readwrite.TimeRead.time_munin_write": 1653920852599, "readwrite.TimeRead.time_pathfinder_read": 1653920874918, "readwrite.TimeRead.time_pathfinder_write": 1653920908717, "sampling.TimeSampling.time_forward_sample": 1653920133985, "sampling.TimeSampling.time_gibbs_sampling": 1653920134142, "sampling.TimeSampling.time_likelihood_sample": 1653920931287, "sampling.TimeSampling.time_rejection_sample": 1653920736319, "structure_learning.TimeHillClimbAlarmModel.time_hillclimb": 1653920736476, "structure_learning.TimeMmhcAlarmModel.time_mmhc": 1653920736633, "structure_learning.TimePCAlarmModel.time_pc_orig": 1653920736739,