{"results": {"factor.TimeDiscreteFactor.time_factor_marginalize": {"result": [6.654542221715956e-05], "stats": [{"ci_99": [6.602970375256104e-05, 6.760220523133423e-05], "q_25": 6.613912992179394e-05, "q_75": 6.718370837695671e-05, "min": 6.602970375256104e-05, "max": 6.760220523133423e-05, "mean": 6.667819833665183e-05, "std": 5.731878699171871e-07, "repeat": 10, "number": 165}]}, "factor.TimeDiscreteFactor.time_factor_multiply_large": {"result": [5.747451702702231e-05], "stats": [{"ci_99": [5.694638957013738e-05, 5.831100394071075e-05], "q_25": 5.728759021146001e-05, "q_75": 5.800644336316561e-05, "min": 5.694638957013738e-05, "max": 5.831100394071075e-05, "mean": 5.759729574304171e-05, "std": 4.6515313796620456e-07, "repeat": 10, "number": 193}]}, "factor.TimeDiscreteFactor.time_factor_reduce": {"result": [3.3960076323224725e-05], "stats": [{"ci_99": [3.3417125261085896e-05, 3.488827496767044e-05], "q_25": 3.360375759128961e-05, "q_75": 3.407855498164526e-05, "min": 3.3417125261085896e-05, "max": 3.488827496767044e-05, "mean": 3.393198809146516e-05, "std": 4.1754605050862925e-07, "repeat": 10, "number": 326}]}, "import.TimeImport.time_import": {"result": [1.3220279621372183e-07], "stats": [{"ci_99": [1.3098211560674076e-07, 1.3328811847479516e-07], "q_25": 1.316630708691848e-07, "q_75": 1.3270119541730006e-07, "min": 1.3098211560674076e-07, "max": 1.3328811847479516e-07, "mean": 1.3218121908717198e-07, "std": 7.28297559270757e-10, "repeat": 10, "number": 77563}]}, "readwrite.TimeRead.time_asia_read": {"result": [0.17535640858113766], "stats": [{"ci_99": [0.15811744146049023, 0.1925953757017851], "q_25": 0.17518401890993118, "q_75": 0.17552879825234413, "min": 0.1750116292387247, "max": 0.1757011879235506, "mean": 0.17535640858113766, "std": 0.0003447793424129486, "repeat": 2, "number": 1}]}, "readwrite.TimeRead.time_asia_write": {"result": [0.0006458664253827125], "stats": [{"ci_99": [0.00024027322670296954, 0.0010514596240624552], "q_25": 0.0006418104933959151, "q_75": 0.0006499223573695099, "min": 0.0006377545614091177, "max": 0.0006539782893563074, "mean": 0.0006458664253827125, "std": 8.11186397359486e-06, "repeat": 2, "number": 63}]}, "readwrite.TimeRead.time_munin_read": {"result": [5.859808846842498], "stats": [{"ci_99": [4.681170279625803, 7.038447414059191], "q_25": 5.848022461170331, "q_75": 5.8715952325146645, "min": 5.836236075498164, "max": 5.8833816181868315, "mean": 5.859808846842498, "std": 0.023572771344333887, "repeat": 2, "number": 1}]}, "readwrite.TimeRead.time_munin_write": {"result": [0.043498010374605656], "stats": [{"ci_99": [-0.00401518028229475, 0.09101120103150602], "q_25": 0.04302287846803665, "q_75": 0.04397314228117466, "min": 0.04254774656146765, "max": 0.044448274187743664, "mean": 0.043498010374605656, "std": 0.0009502638131380081, "repeat": 2, "number": 1}]}, "readwrite.TimeRead.time_pathfinder_read": {"result": [6.438963406253606], "stats": [{"ci_99": [4.451466945465654, 8.426459867041556], "q_25": 6.419088441645727, "q_75": 6.458838370861486, "min": 6.399213477037847, "max": 6.478713335469365, "mean": 6.438963406253606, "std": 0.03974992921575904, "repeat": 2, "number": 1}]}, "readwrite.TimeRead.time_pathfinder_write": {"result": [0.02528196992352605], "stats": [{"ci_99": [0.025067789014428854, 0.025496150832623243], "q_25": 0.025279828114435077, "q_75": 0.02528411173261702, "min": 0.025277686305344105, "max": 0.025286253541707993, "mean": 0.02528196992352605, "std": 4.2836181819438934e-06, "repeat": 2, "number": 1}]}, "sampling.TimeSampling.time_forward_sample": {"result": [5.7822977444157], "stats": [{"ci_99": [5.42811260279268, 6.136482886038721], "q_25": 5.77875589299947, "q_75": 5.785839595831931, "min": 5.77521404158324, "max": 5.789381447248161, "mean": 5.7822977444157, "std": 0.0070837028324604034, "repeat": 2, "number": 1}]}, "sampling.TimeSampling.time_gibbs_sampling": null, "sampling.TimeSampling.time_likelihood_sample": {"result": [5.390318090096116], "stats": [{"ci_99": [5.238495886325836, 5.542140293866396], "q_25": 5.388799868058413, "q_75": 5.391836312133819, "min": 5.3872816460207105, "max": 5.393354534171522, "mean": 5.390318090096116, "std": 0.0030364440754055977, "repeat": 2, "number": 1}]}, "sampling.TimeSampling.time_rejection_sample": null, "structure_learning.TimeHillClimb.time_hillclimb": null, "structure_learning.TimePC.time_pc_orig": {"result": [50.83821987686679], "stats": [{"ci_99": [43.525264099705964, 58.151175654027604], "q_25": 50.76509031909518, "q_75": 50.911349434638396, "min": 50.69196076132357, "max": 50.984478992410004, "mean": 50.83821987686679, "std": 0.14625911554321647, "repeat": 2, "number": 1}]}, "structure_learning.TimePC.time_pc_stable": {"result": [60.30608648201451], "stats": [{"ci_99": [46.08123225392774, 74.53094071010126], "q_25": 60.16383793973364, "q_75": 60.448335024295375, "min": 60.02158939745277, "max": 60.59058356657624, "mean": 60.30608648201451, "std": 0.2844970845617354, "repeat": 2, "number": 1}]}}, "params": {"arch": "x86_64", "cpu": "Intel(R) Core(TM) i9-9820X CPU @ 3.30GHz", "machine": "graveyard", "num_cpu": "20", "os": "Linux 4.15.0-112-generic", "ram": "131688676", "python": "3.6"}, "requirements": {}, "commit_hash": "ca09dcecea454e6552a7f30e57aef1dc4f2f295e", "date": 1597142606000, "env_name": "conda-py3.6", "python": "3.6", "profiles": {}, "started_at": {"factor.TimeDiscreteFactor.time_factor_marginalize": 1610422298824, "factor.TimeDiscreteFactor.time_factor_multiply_large": 1610422299032, "factor.TimeDiscreteFactor.time_factor_reduce": 1610422299239, "import.TimeImport.time_import": 1610422299447, "readwrite.TimeRead.time_asia_read": 1610422299655, "readwrite.TimeRead.time_asia_write": 1610422327115, "readwrite.TimeRead.time_munin_read": 1610422353837, "readwrite.TimeRead.time_munin_write": 1610422394104, "readwrite.TimeRead.time_pathfinder_read": 1610422420937, "readwrite.TimeRead.time_pathfinder_write": 1610422461156, "sampling.TimeSampling.time_forward_sample": 1610422487837, "sampling.TimeSampling.time_gibbs_sampling": 1610420866484, "sampling.TimeSampling.time_likelihood_sample": 1610422499977, "sampling.TimeSampling.time_rejection_sample": 1610421478596, "structure_learning.TimeHillClimb.time_hillclimb": 1610422078677, "structure_learning.TimePC.time_pc_orig": 1610422511265, "structure_learning.TimePC.time_pc_stable": 1610422609535}, "ended_at": {"factor.TimeDiscreteFactor.time_factor_marginalize": 1610422299031, "factor.TimeDiscreteFactor.time_factor_multiply_large": 1610422299239, "factor.TimeDiscreteFactor.time_factor_reduce": 1610422299447, "import.TimeImport.time_import": 1610422299655, "readwrite.TimeRead.time_asia_read": 1610422327115, "readwrite.TimeRead.time_asia_write": 1610422353837, "readwrite.TimeRead.time_munin_read": 1610422394104, "readwrite.TimeRead.time_munin_write": 1610422420937, "readwrite.TimeRead.time_pathfinder_read": 1610422461156, "readwrite.TimeRead.time_pathfinder_write": 1610422487836, "sampling.TimeSampling.time_forward_sample": 1610422499977, "sampling.TimeSampling.time_gibbs_sampling": 1610421466707, "sampling.TimeSampling.time_likelihood_sample": 1610422511264, "sampling.TimeSampling.time_rejection_sample": 1610422078677, "structure_learning.TimeHillClimb.time_hillclimb": 1610422084801, "structure_learning.TimePC.time_pc_orig": 1610422609534, "structure_learning.TimePC.time_pc_stable": 1610422722944}, "benchmark_version": {"factor.TimeDiscreteFactor.time_factor_marginalize": "a3ae79cdcf3bcd4bc49df94b3b3d5f93c4126249a9b3cf2481ac381ee836f851", "factor.TimeDiscreteFactor.time_factor_multiply_large": "cfb6b66fddb2953948ffb6566ae101535dd1e8d0fd9af855331f39ef905f4450", "factor.TimeDiscreteFactor.time_factor_reduce": "cb3858b638914f7572792153a60efb4aecbde56d5abf039791451adb0f26c263", "import.TimeImport.time_import": "b8454f897532cbfc3dc91dd442b9d4429c7671f8720779f25b6975fed7999d6c", "readwrite.TimeRead.time_asia_read": "00ee50175421b36358b2284cbbaaf9e6caad1078a142202d8afbc8a5431e3d42",