{"results": {"factor.TimeDiscreteFactor.time_factor_compare": {"result": [6.153645432170699e-05], "stats": [{"ci_99": [6.141988012720557e-05, 6.215381709968342e-05], "q_25": 6.146991132375072e-05, "q_75": 6.163401310058201e-05, "min": 6.141988012720557e-05, "max": 6.215381709968342e-05, "mean": 6.162373458637913e-05, "std": 2.3608674207287782e-07, "repeat": 10, "number": 170}]}, "factor.TimeDiscreteFactor.time_factor_marginalize": {"result": [6.394974133443264e-05], "stats": [{"ci_99": [6.350880444404625e-05, 6.452415670667375e-05], "q_25": 6.353556888089293e-05, "q_75": 6.425216339439863e-05, "min": 6.350880444404625e-05, "max": 6.452415670667375e-05, "mean": 6.39253096388919e-05, "std": 3.664759475940509e-07, "repeat": 10, "number": 168}]}, "factor.TimeDiscreteFactor.time_factor_multiply_large": {"result": [4.793266274130907e-05], "stats": [{"ci_99": [4.7505661333579364e-05, 5.034412469219241e-05], "q_25": 4.755281103782899e-05, "q_75": 4.859663777916728e-05, "min": 4.7505661333579364e-05, "max": 5.034412469219241e-05, "mean": 4.832719256821621e-05, "std": 9.429956971143239e-07, "repeat": 10, "number": 233}]}, "factor.TimeDiscreteFactor.time_factor_reduce": {"result": [2.5895851420112028e-05], "stats": [{"ci_99": [2.5629070451826727e-05, 2.6401272495684115e-05], "q_25": 2.581019573890179e-05, "q_75": 2.6028979687219108e-05, "min": 2.5629070451826727e-05, "max": 2.6401272495684115e-05, "mean": 2.5928920605084274e-05, "std": 2.0057612602288338e-07, "repeat": 10, "number": 412}]}, "import.TimeImport.time_import": {"result": [1.2433591321020368e-07], "stats": [{"ci_99": [1.2296060267417753e-07, 1.2582283793102563e-07], "q_25": 1.2385587367638292e-07, "q_75": 1.2455226502711522e-07, "min": 1.2296060267417753e-07, "max": 1.2582283793102563e-07, "mean": 1.2422055453585907e-07, "std": 7.812502107419356e-10, "repeat": 10, "number": 87897}]}, "inference.TimeBeliefPropagation.time_query_alarm": {"result": [80.40774625819176], "stats": [{"ci_99": [76.6862201327458, 84.12927238363773], "q_25": 80.3705309969373, "q_75": 80.44496151944622, "min": 80.33331573568285, "max": 80.48217678070068, "mean": 80.40774625819176, "std": 0.07443052250891924, "repeat": 2, "number": 1}]}, "inference.TimeBeliefPropagation.time_query_munin": null, "inference.TimeVariableElimination.time_query_alarm": {"result": [0.059549493715167046], "stats": [{"ci_99": [0.040276015815082444, 0.09067530773138678], "q_25": 0.05934481229633093, "q_75": 0.06568034319207072, "min": 0.058811966329813004, "max": 0.08399169333279133, "mean": 0.0654756617732346, "std": 0.010694492303626152, "repeat": 4, "number": 1}]}, "inference.TimeVariableElimination.time_query_munin": {"result": [0.5572011033073068], "stats": [{"ci_99": [0.5288360353649022, 0.5877122178583977], "q_25": 0.5524146454408765, "q_75": 0.5630605844780803, "min": 0.5441163294017315, "max": 0.5745779704302549, "mean": 0.55827412661165, "std": 0.010917015981170172, "repeat": 4, "number": 1}]}, "parameter_learning.TimeBayesianEstimator.time_alarm_bayesian_estimator": {"result": [2.0956909470260143], "stats": [{"ci_99": [1.9066982670136878, 2.311060940808694], "q_25": 2.064473290462047, "q_75": 2.1400972604751587, "min": 2.0183624140918255, "max": 2.2257741075009108, "mean": 2.1088796039111912, "std": 0.0753456134797769, "repeat": 4, "number": 1}]}, "parameter_learning.TimeBayesianEstimator.time_munin_bayesian_estimator": {"result": [35.16632361058146], "stats": [{"ci_99": [33.82193614449352, 36.510711076669395], "q_25": 35.15287973592058, "q_75": 35.17976748524234, "min": 35.1394358612597, "max": 35.193211359903216, "mean": 35.16632361058146, "std": 0.026887749321758747, "repeat": 2, "number": 1}]}, "parameter_learning.TimeExpectationMaximization.time_alarm_em": {"result": [16.49141415487975], "stats": [{"ci_99": [11.887887553311884, 21.09494075644761], "q_25": 16.44537888886407, "q_75": 16.537449420895427, "min": 16.39934362284839, "max": 16.583484686911106, "mean": 16.49141415487975, "std": 0.09207053203135729, "repeat": 2, "number": 1}]}, "parameter_learning.TimeExpectationMaximization.time_munin_em": {"result": [131.41946329548955], "stats": [{"ci_99": [123.64228100329638, 139.19664558768272], "q_25": 131.34169147256762, "q_75": 131.49723511841148, "min": 131.2639196496457, "max": 131.5750069413334, "mean": 131.41946329548955, "std": 0.1555436458438635, "repeat": 2, "number": 1}]}, "parameter_learning.TimeMLE.time_alarm_mle": {"result": [2.1979286978021264], "stats": [{"ci_99": [2.12405193172197, 2.2902809237708603], "q_25": 2.188446406275034, "q_75": 2.2166487192735076, "min": 2.173292115330696, "max": 2.2595162000507116, "mean": 2.207166427746415, "std": 0.032007436921605445, "repeat": 4, "number": 1}]}, "parameter_learning.TimeMLE.time_munin_mle": {"result": [35.85420564003289], "stats": [{"ci_99": [30.44627053849399, 41.26214074157178], "q_25": 35.8001262890175, "q_75": 35.908284991048276, "min": 35.74604693800211, "max": 35.962364342063665, "mean": 35.85420564003289, "std": 0.10815870203077793, "repeat": 2, "number": 1}]}, "readwrite.TimeRead.time_asia_read": {"result": [0.008733366150408983], "stats": [{"ci_99": [0.008407659363001585, 0.009059072937816381], "q_25": 0.00873010908253491, "q_75": 0.008736623218283057, "min": 0.008726852014660835, "max": 0.008739880286157131, "mean": 0.008733366150408983, "std": 6.5141357481479645e-06, "repeat": 2, "number": 2}]}, "readwrite.TimeRead.time_asia_write": {"result": [0.0005490538095692535], "stats": [{"ci_99": [0.0002898637132791731, 0.0008082439058593339], "q_25": 0.0005464619086063527, "q_75": 0.0005516457105321544, "min": 0.000543870007643452, "max": 0.0005542376114950552, "mean": 0.0005490538095692535, "std": 5.1838019258016095e-06, "repeat": 2, "number": 77}]}, "readwrite.TimeRead.time_munin_read": {"result": [4.766036751680076], "stats": [{"ci_99": [4.095358629710972, 5.436714873649179], "q_25": 4.759329970460385, "q_75": 4.772743532899767, "min": 4.752623189240694, "max": 4.779450314119458, "mean": 4.766036751680076, "std": 0.013413562439382076, "repeat": 2, "number": 1}]}, "readwrite.TimeRead.time_munin_write": {"result": [0.03491624817252159], "stats": [{"ci_99": [0.028579995036125183, 0.04125250130891799], "q_25": 0.03485288564115763, "q_75": 0.034979610703885555, "min": 0.03478952310979366, "max": 0.03504297323524952, "mean": 0.03491624817252159, "std": 0.00012672506272792816, "repeat": 2, "number": 1}]}, "readwrite.TimeRead.time_pathfinder_read": {"result": [5.3132623340934515], "stats": [{"ci_99": [5.29114724136889, 5.335377426818013], "q_25": 5.313041183166206, "q_75": 5.313483485020697, "min": 5.31282003223896, "max": 5.313704635947943, "mean": 5.3132623340934515, "std": 0.0004423018544912338, "repeat": 2, "number": 1}]}, "readwrite.TimeRead.time_pathfinder_write": {"result": [0.02114449068903923], "stats": [{"ci_99": [0.020694009959697723, 0.021594971418380737], "q_25": 0.021139985881745815, "q_75": 0.021148995496332645, "min": 0.0211354810744524, "max": 0.02115350030362606, "mean": 0.02114449068903923, "std": 9.00961458683014e-06, "repeat": 2, "number": 1}]}, "sampling.TimeSampling.time_forward_sample": {"result": [0.2306451192125678], "stats": [{"ci_99": [0.22968586534261703, 0.2316805236041546], "q_25": 0.2303452081978321, "q_75": 0.23094978416338563, "min": 0.22968586534261703, "max": 0.2316805236041546, "mean": 0.2306028151884675, "std": 0.0005549864278147879, "repeat": 10, "number": 1}]}, "sampling.TimeSampling.time_gibbs_sampling": null, "sampling.TimeSampling.time_likelihood_sample": {"result": [0.22530564479529858], "stats": [{"ci_99": [0.22481168061494827, 0.226702019572258], "q_25": 0.22507007839158177, "q_75": 0.2257382315583527, "min": 0.22481168061494827, "max": 0.226702019572258, "mean": 0.22550854068249465, "std": 0.000625415026383369, "repeat": 10, "number": 1}]}, "sampling.TimeSampling.time_rejection_sample": {"result": [43.40650967787951], "stats": [{"ci_99": [43.36334757972509, 43.44967177603394], "q_25": 43.40607805689797, "q_75": 43.40694129886106,