{"results": {"factor.TimeDiscreteFactor.time_factor_marginalize": {"result": [6.686365860371501e-05], "stats": [{"ci_99": [6.469045451448008e-05, 6.949931291714767e-05], "q_25": 6.559323748013725e-05, "q_75": 6.726204754750422e-05, "min": 6.469045451448008e-05, "max": 6.949931291714767e-05, "mean": 6.685262900188658e-05, "std": 1.6109453365182277e-06, "repeat": 10, "number": 163}]}, "factor.TimeDiscreteFactor.time_factor_multiply_large": {"result": [5.720442277379334e-05], "stats": [{"ci_99": [5.5668147979304194e-05, 6.180621373156707e-05], "q_25": 5.603633326245472e-05, "q_75": 5.996641508924464e-05, "min": 5.5668147979304194e-05, "max": 6.180621373156707e-05, "mean": 5.8193233174582314e-05, "std": 2.327433444585471e-06, "repeat": 10, "number": 192}]}, "factor.TimeDiscreteFactor.time_factor_reduce": {"result": [3.300717583409062e-05], "stats": [{"ci_99": [3.246925081367846e-05, 3.351674725612005e-05], "q_25": 3.2709177043058987e-05, "q_75": 3.336503940783901e-05, "min": 3.246925081367846e-05, "max": 3.351674725612005e-05, "mean": 3.302789661159486e-05, "std": 3.778618123488094e-07, "repeat": 10, "number": 324}]}, "import.TimeImport.time_import": {"result": [1.329109377256283e-07], "stats": [{"ci_99": [1.2918403715731117e-07, 1.3600541631023943e-07], "q_25": 1.2979597420807337e-07, "q_75": 1.356361066699109e-07, "min": 1.2918403715731117e-07, "max": 1.3600541631023943e-07, "mean": 1.3273391155890307e-07, "std": 3.0043525698943868e-09, "repeat": 10, "number": 80971}]}, "inference.TimeVariableElimination.time_query_alarm": {"result": [0.06238106545060873], "stats": [{"ci_99": [0.06175702217004747, 0.0629528270757988], "q_25": 0.062221053056418896, "q_75": 0.06251493701711297, "min": 0.06204887479543686, "max": 0.06260869279503822, "mean": 0.062354924622923136, "std": 0.0002124223676263016, "repeat": 4, "number": 1}]}, "inference.TimeVariableElimination.time_query_munin": {"result": [0.6083894511684775], "stats": [{"ci_99": [0.5972165912214122, 0.6196427429270543], "q_25": 0.6046389625407755, "q_75": 0.6121801557019353, "min": 0.6045129001140594, "max": 0.6124268658459187, "mean": 0.6084296670742333, "std": 0.0038349499085687053, "repeat": 4, "number": 1}]}, "readwrite.TimeRead.time_asia_read": {"result": [0.009200787637382746], "stats": [{"ci_99": [0.003927802201360464, 0.014473773073405024], "q_25": 0.009148057783022523, "q_75": 0.009253517491742969, "min": 0.0090953279286623, "max": 0.009306247346103191, "mean": 0.009200787637382746, "std": 0.00010545970872044563, "repeat": 2, "number": 2}]}, "readwrite.TimeRead.time_asia_write": {"result": [0.0006856333619604508], "stats": [{"ci_99": [8.104901450375825e-05, 0.0012902177094171428], "q_25": 0.0006795875184858839, "q_75": 0.0006916792054350178, "min": 0.000673541675011317, "max": 0.0006977250489095847, "mean": 0.0006856333619604508, "std": 1.2091686949133851e-05, "repeat": 2, "number": 60}]}, "readwrite.TimeRead.time_munin_read": {"result": [5.631514571607113], "stats": [{"ci_99": [2.571116413921118, 8.691912729293104], "q_25": 5.600910590030253, "q_75": 5.662118553183973, "min": 5.570306608453393, "max": 5.692722534760833, "mean": 5.631514571607113, "std": 0.0612079631537199, "repeat": 2, "number": 1}]}, "readwrite.TimeRead.time_munin_write": {"result": [0.04295944981276989], "stats": [{"ci_99": [0.04165336303412914, 0.04426553659141064], "q_25": 0.04294638894498348, "q_75": 0.0429725106805563, "min": 0.042933328077197075, "max": 0.042985571548342705, "mean": 0.04295944981276989, "std": 2.612173557281494e-05, "repeat": 2, "number": 1}]}, "readwrite.TimeRead.time_pathfinder_read": {"result": [6.363539735786617], "stats": [{"ci_99": [6.011142035014927, 6.715937436558306], "q_25": 6.3600157587789, "q_75": 6.367063712794334, "min": 6.356491781771183, "max": 6.370587689802051, "mean": 6.363539735786617, "std": 0.007047954015433788, "repeat": 2, "number": 1}]}, "readwrite.TimeRead.time_pathfinder_write": {"result": [0.02542325295507908], "stats": [{"ci_99": [0.023322375491261482, 0.027524130418896675], "q_25": 0.025402244180440903, "q_75": 0.025444261729717255, "min": 0.025381235405802727, "max": 0.02546527050435543, "mean": 0.02542325295507908, "std": 4.201754927635193e-05, "repeat": 2, "number": 1}]}, "sampling.TimeSampling.time_forward_sample": {"result": [0.20238905027508736], "stats": [{"ci_99": [0.20128213800489902, 0.2033455278724432], "q_25": 0.20199613785371184, "q_75": 0.20310330903157592, "min": 0.20128213800489902, "max": 0.2033455278724432, "mean": 0.20246182344853877, "std": 0.0006471425207659365, "repeat": 10, "number": 1}]}, "sampling.TimeSampling.time_gibbs_sampling": null, "sampling.TimeSampling.time_likelihood_sample": {"result": [0.21016368735581636], "stats": [{"ci_99": [0.20812430791556835, 0.23898160830140114], "q_25": 0.20844325050711632, "q_75": 0.2124967947602272, "min": 0.20812430791556835, "max": 0.23898160830140114, "mean": 0.2131325328722596, "std": 0.008841152523033038, "repeat": 10, "number": 1}]}, "sampling.TimeSampling.time_rejection_sample": {"result": [36.58220034278929], "stats": [{"ci_99": [24.07499768026173, 49.08940300531684], "q_25": 36.45712831616402, "q_75": 36.70727236941457, "min": 36.33205628953874, "max": 36.832344396039844, "mean": 36.58220034278929, "std": 0.2501440532505512, "repeat": 2, "number": 1}]}, "structure_learning.TimeHillClimb.time_hillclimb": null, "structure_learning.TimePC.time_pc_orig": {"result": [36.934350196272135], "stats": [{"ci_99": [24.504360508173704, 49.36433988437055], "q_25": 36.81005029939115, "q_75": 37.05865009315312, "min": 36.685750402510166, "max": 37.1829499900341, "mean": 36.934350196272135, "std": 0.2485997937619686, "repeat": 2, "number": 1}]}, "structure_learning.TimePC.time_pc_stable": {"result": [36.77625226881355], "stats": [{"ci_99": [29.470558782108128, 44.081945755518966], "q_25": 36.703195333946496, "q_75": 36.849309203680605, "min": 36.63013839907944, "max": 36.92236613854766, "mean": 36.77625226881355, "std": 0.14611386973410845, "repeat": 2, "number": 1}]}}, "params": {"arch": "x86_64", "cpu": "Intel(R) Core(TM) i9-9820X CPU @ 3.30GHz", "machine": "graveyard", "num_cpu": "20", "os": "Linux 4.15.0-112-generic", "ram": "131688676", "python": "3.6"}, "requirements": {}, "commit_hash": "caea6ef7c914464736818fb185a1d395937ed52f", "date": 1637682509000, "env_name": "conda-py3.6", "python": "3.6", "profiles": {}, "started_at": {"factor.TimeDiscreteFactor.time_factor_marginalize": 1642225457683, "factor.TimeDiscreteFactor.time_factor_multiply_large": 1642225457891, "factor.TimeDiscreteFactor.time_factor_reduce": 1642225458098, "import.TimeImport.time_import": 1642225458305, "inference.TimeVariableElimination.time_query_alarm": 1642225458512, "inference.TimeVariableElimination.time_query_munin": 1642225477771, "readwrite.TimeRead.time_asia_read": 1642225498428, "readwrite.TimeRead.time_asia_write": 1642225523904, "readwrite.TimeRead.time_munin_read": 1642225549381, "readwrite.TimeRead.time_munin_write": 1642225588031, "readwrite.TimeRead.time_pathfinder_read": 1642225613859, "readwrite.TimeRead.time_pathfinder_write": 1642225653071, "sampling.TimeSampling.time_forward_sample": 1642225678899, "sampling.TimeSampling.time_gibbs_sampling": 1642224627729, "sampling.TimeSampling.time_likelihood_sample": 1642225680712, "sampling.TimeSampling.time_rejection_sample": 1642225682625, "structure_learning.TimeHillClimb.time_hillclimb": 1642225304301, "structure_learning.TimePC.time_pc_orig": 1642225755597, "structure_learning.TimePC.time_pc_stable": 1642225831357}, "ended_at": {"factor.TimeDiscreteFactor.time_factor_marginalize": 1642225457891, "factor.TimeDiscreteFactor.time_factor_multiply_large": 1642225458098, "factor.TimeDiscreteFactor.time_factor_reduce": 1642225458305, "import.TimeImport.time_import": 1642225458511, "inference.TimeVariableElimination.time_query_alarm": 1642225477770, "inference.TimeVariableElimination.time_query_munin": 1642225498427, "readwrite.TimeRead.time_asia_read": 1642225523904,