{"results": {"factor.TimeDiscreteFactor.time_factor_compare": {"result": [7.652412579559227e-05], "stats": [{"ci_99": [7.623128647751669e-05, 7.710352485232493e-05], "q_25": 7.642169058432474e-05, "q_75": 7.669830708490575e-05, "min": 7.623128647751669e-05, "max": 7.710352485232493e-05, "mean": 7.656999206280006e-05, "std": 2.421027027814832e-07, "repeat": 10, "number": 136}]}, "factor.TimeDiscreteFactor.time_factor_marginalize": {"result": [6.320976723007291e-05], "stats": [{"ci_99": [6.293418288928026e-05, 6.368011236190796e-05], "q_25": 6.312198599266727e-05, "q_75": 6.339797880827334e-05, "min": 6.293418288928026e-05, "max": 6.368011236190796e-05, "mean": 6.326796236442544e-05, "std": 2.088763246990714e-07, "repeat": 10, "number": 171}]}, "factor.TimeDiscreteFactor.time_factor_multiply_large": {"result": [5.5895296809000845e-05], "stats": [{"ci_99": [5.517068008581797e-05, 5.669513574013343e-05], "q_25": 5.56864059315278e-05, "q_75": 5.6030178585877786e-05, "min": 5.517068008581797e-05, "max": 5.669513574013343e-05, "mean": 5.58462605262414e-05, "std": 4.3147800728775596e-07, "repeat": 10, "number": 195}]}, "factor.TimeDiscreteFactor.time_factor_reduce": {"result": [3.070592614156859e-05], "stats": [{"ci_99": [3.0352968190397534e-05, 3.086165658065251e-05], "q_25": 3.052631526121072e-05, "q_75": 3.077184914478234e-05, "min": 3.0352968190397534e-05, "max": 3.086165658065251e-05, "mean": 3.0646458800349916e-05, "std": 1.7581815739859624e-07, "repeat": 10, "number": 350}]}, "import.TimeImport.time_import": {"result": [1.3291506515120414e-07], "stats": [{"ci_99": [1.3098218334916525e-07, 1.3499548252818426e-07], "q_25": 1.31516139732923e-07, "q_75": 1.339120884033937e-07, "min": 1.3098218334916525e-07, "max": 1.3499548252818426e-07, "mean": 1.3279854906146683e-07, "std": 1.4110562111863635e-09, "repeat": 10, "number": 82025}]}, "inference.TimeBeliefPropagation.time_query_alarm": null, "inference.TimeVariableElimination.time_query_alarm": null, "inference.TimeVariableElimination.time_query_munin": null, "parameter_learning.TimeBayesianEstimator.time_alarm_bayesian_estimator": null, "parameter_learning.TimeBayesianEstimator.time_munin_bayesian_estimator": null, "parameter_learning.TimeExpectationMaximization.time_alarm_em": null, "parameter_learning.TimeExpectationMaximization.time_munin_em": null, "parameter_learning.TimeMLE.time_alarm_mle": null, "parameter_learning.TimeMLE.time_munin_mle": null, "readwrite.TimeRead.time_asia_read": null, "readwrite.TimeRead.time_asia_write": null, "readwrite.TimeRead.time_munin_read": null, "readwrite.TimeRead.time_munin_write": null, "readwrite.TimeRead.time_pathfinder_read": null, "readwrite.TimeRead.time_pathfinder_write": null, "sampling.TimeSampling.time_forward_sample": null, "sampling.TimeSampling.time_gibbs_sampling": null, "sampling.TimeSampling.time_likelihood_sample": null, "sampling.TimeSampling.time_rejection_sample": null, "structure_learning.TimeHillClimbAlarmModel.time_hillclimb": null, "structure_learning.TimeMmhcAlarmModel.time_mmhc": null, "structure_learning.TimePCAlarmModel.time_pc_orig": null, "structure_learning.TimePCAlarmModel.time_pc_stable": null, "structure_learning.TimeTreeSearchAlarmModel.time_tan": null}, "params": {"arch": "x86_64", "cpu": "Intel(R) Core(TM) i9-9820X CPU @ 3.30GHz", "machine": "graveyard", "num_cpu": "20", "os": "Linux 4.15.0-112-generic", "ram": "131688676", "python": "3.6"}, "requirements": {}, "commit_hash": "ce856c22e657b3382ff875003628b33e241f5c3d", "date": 1569493473000, "env_name": "conda-py3.6", "python": "3.6", "profiles": {}, "started_at": {"factor.TimeDiscreteFactor.time_factor_compare": 1654473100018, "factor.TimeDiscreteFactor.time_factor_marginalize": 1654473100225, "factor.TimeDiscreteFactor.time_factor_multiply_large": 1654473100431, "factor.TimeDiscreteFactor.time_factor_reduce": 1654473100637, "import.TimeImport.time_import": 1654473100843, "inference.TimeBeliefPropagation.time_query_alarm": 1654473098679, "inference.TimeVariableElimination.time_query_alarm": 1654473098734, "inference.TimeVariableElimination.time_query_munin": 1654473098790, "parameter_learning.TimeBayesianEstimator.time_alarm_bayesian_estimator": 1654473098845, "parameter_learning.TimeBayesianEstimator.time_munin_bayesian_estimator": 1654473098901, "parameter_learning.TimeExpectationMaximization.time_alarm_em": 1654473098957, "parameter_learning.TimeExpectationMaximization.time_munin_em": 1654473099013, "parameter_learning.TimeMLE.time_alarm_mle": 1654473099069, "parameter_learning.TimeMLE.time_munin_mle": 1654473099125, "readwrite.TimeRead.time_asia_read": 1654473099181, "readwrite.TimeRead.time_asia_write": 1654473099237, "readwrite.TimeRead.time_munin_read": 1654473099292, "readwrite.TimeRead.time_munin_write": 1654473099348, "readwrite.TimeRead.time_pathfinder_read": 1654473099404, "readwrite.TimeRead.time_pathfinder_write": 1654473099460, "sampling.TimeSampling.time_forward_sample": 1654473099516, "sampling.TimeSampling.time_gibbs_sampling": 1654473099572, "sampling.TimeSampling.time_likelihood_sample": 1654473099628, "sampling.TimeSampling.time_rejection_sample": 1654473099684, "structure_learning.TimeHillClimbAlarmModel.time_hillclimb": 1654473099740, "structure_learning.TimeMmhcAlarmModel.time_mmhc": 1654473099795, "structure_learning.TimePCAlarmModel.time_pc_orig": 1654473099851, "structure_learning.TimePCAlarmModel.time_pc_stable": 1654473099906, "structure_learning.TimeTreeSearchAlarmModel.time_tan": 1654473099962}, "ended_at": {"factor.TimeDiscreteFactor.time_factor_compare": 1654473100225, "factor.TimeDiscreteFactor.time_factor_marginalize": 1654473100431, "factor.TimeDiscreteFactor.time_factor_multiply_large": 1654473100637, "factor.TimeDiscreteFactor.time_factor_reduce": 1654473100843, "import.TimeImport.time_import": 1654473101049, "inference.TimeBeliefPropagation.time_query_alarm": 1654473098734, "inference.TimeVariableElimination.time_query_alarm": 1654473098789, "inference.TimeVariableElimination.time_query_munin": 1654473098845, "parameter_learning.TimeBayesianEstimator.time_alarm_bayesian_estimator": 1654473098901, "parameter_learning.TimeBayesianEstimator.time_munin_bayesian_estimator": 1654473098957, "parameter_learning.TimeExpectationMaximization.time_alarm_em": 1654473099013, "parameter_learning.TimeExpectationMaximization.time_munin_em": 1654473099069, "parameter_learning.TimeMLE.time_alarm_mle": 1654473099125, "parameter_learning.TimeMLE.time_munin_mle": 1654473099181, "readwrite.TimeRead.time_asia_read": 1654473099237, "readwrite.TimeRead.time_asia_write": 1654473099292, "readwrite.TimeRead.time_munin_read": 1654473099348, "readwrite.TimeRead.time_munin_write": 1654473099404, "readwrite.TimeRead.time_pathfinder_read": 1654473099460, "readwrite.TimeRead.time_pathfinder_write": 1654473099516, "sampling.TimeSampling.time_forward_sample": 1654473099572, "sampling.TimeSampling.time_gibbs_sampling": 1654473099628, "sampling.TimeSampling.time_likelihood_sample": 1654473099684, "sampling.TimeSampling.time_rejection_sample": 1654473099740, "structure_learning.TimeHillClimbAlarmModel.time_hillclimb": 1654473099795, "structure_learning.TimeMmhcAlarmModel.time_mmhc": 1654473099851, "structure_learning.TimePCAlarmModel.time_pc_orig": 1654473099906, "structure_learning.TimePCAlarmModel.time_pc_stable": 1654473099962, "structure_learning.TimeTreeSearchAlarmModel.time_tan": 1654473100018}, "benchmark_version": {"factor.TimeDiscreteFactor.time_factor_compare": "95feb42df85ffe5cf519cf4af677309a5cdb891db99ad54b655196c3e1f2e13a", "factor.TimeDiscreteFactor.time_factor_marginalize": "a3ae79cdcf3bcd4bc49df94b3b3d5f93c4126249a9b3cf2481ac381ee836f851", "factor.TimeDiscreteFactor.time_factor_multiply_large": "cfb6b66fddb2953948ffb6566ae101535dd1e8d0fd9af855331f39ef905f4450", "factor.TimeDiscreteFactor.time_factor_reduce": "cb3858b638914f7572792153a60efb4aecbde56d5abf039791451adb0f26c263",