{"results": {"factor.TimeDiscreteFactor.time_factor_marginalize": {"result": [6.125478640846583e-05], "stats": [{"ci_99": [6.0867657017263564e-05, 6.182960332920832e-05], "q_25": 6.101252684682053e-05, "q_75": 6.147177589143284e-05, "min": 6.0867657017263564e-05, "max": 6.182960332920832e-05, "mean": 6.127474794846884e-05, "std": 3.08350348304723e-07, "repeat": 10, "number": 161}]}, "factor.TimeDiscreteFactor.time_factor_multiply_large": {"result": [4.902911500484458e-05], "stats": [{"ci_99": [4.876914359099492e-05, 4.999876304825335e-05], "q_25": 4.898383109984805e-05, "q_75": 4.907894517643757e-05, "min": 4.876914359099492e-05, "max": 4.999876304825335e-05, "mean": 4.915529111691561e-05, "std": 3.685702538679641e-07, "repeat": 10, "number": 211}]}, "factor.TimeDiscreteFactor.time_factor_reduce": {"result": [2.90888873204379e-05], "stats": [{"ci_99": [2.8896216355579e-05, 2.9517028113486063e-05], "q_25": 2.901338985268499e-05, "q_75": 2.9252339679170663e-05, "min": 2.8896216355579e-05, "max": 2.9517028113486063e-05, "mean": 2.9141818973380077e-05, "std": 1.851305689573162e-07, "repeat": 10, "number": 355}]}, "import.TimeImport.time_import": {"result": [1.2707787895694302e-07], "stats": [{"ci_99": [1.2667385785463332e-07, 1.28738053144603e-07], "q_25": 1.2680659856246567e-07, "q_75": 1.2799960964788906e-07, "min": 1.2667385785463332e-07, "max": 1.28738053144603e-07, "mean": 1.2743197622313002e-07, "std": 7.491595483520259e-10, "repeat": 10, "number": 84958}]}, "inference.TimeVariableElimination.time_query_alarm": {"result": [0.04922756552696228], "stats": [{"ci_99": [0.026080386820245764, 0.08675013564993031], "q_25": 0.04901329008862376, "q_75": 0.05662953667342663, "min": 0.048484133556485176, "max": 0.0787217803299427, "mean": 0.05641526123508811, "std": 0.012882278436498201, "repeat": 4, "number": 1}]}, "inference.TimeVariableElimination.time_query_munin": {"result": [0.5001969682052732], "stats": [{"ci_99": [0.48331125711609746, 0.5175537878874955], "q_25": 0.49487459752708673, "q_75": 0.5057548931799829, "min": 0.4941096566617489, "max": 0.5072264969348907, "mean": 0.5004325225017965, "std": 0.00586524900166371, "repeat": 4, "number": 1}]}, "readwrite.TimeRead.time_asia_read": {"result": [0.00847711693495512], "stats": [{"ci_99": [0.007130284793674946, 0.009823949076235293], "q_25": 0.008463648613542318, "q_75": 0.008490585256367922, "min": 0.008450180292129517, "max": 0.008504053577780724, "mean": 0.00847711693495512, "std": 2.6936642825603485e-05, "repeat": 2, "number": 2}]}, "readwrite.TimeRead.time_asia_write": {"result": [0.0005799598034678234], "stats": [{"ci_99": [0.00047539879516180985, 0.0006845208117738368], "q_25": 0.0005789141933847633, "q_75": 0.0005810054135508835, "min": 0.0005778685833017031, "max": 0.0005820510236339436, "mean": 0.0005799598034678234, "std": 2.0912201661202703e-06, "repeat": 2, "number": 72}]}, "readwrite.TimeRead.time_munin_read": {"result": [5.104640970937908], "stats": [{"ci_99": [4.411856883205473, 5.797425058670341], "q_25": 5.097713130060583, "q_75": 5.111568811815232, "min": 5.090785289183259, "max": 5.118496652692556, "mean": 5.104640970937908, "std": 0.013855681754648685, "repeat": 2, "number": 1}]}, "readwrite.TimeRead.time_munin_write": {"result": [0.04014219902455807], "stats": [{"ci_99": [0.037723833695054054, 0.04256056435406208], "q_25": 0.04011801537126303, "q_75": 0.04016638267785311, "min": 0.04009383171796799, "max": 0.04019056633114815, "mean": 0.04014219902455807, "std": 4.836730659008026e-05, "repeat": 2, "number": 1}]}, "readwrite.TimeRead.time_pathfinder_read": {"result": [5.7064313711598516], "stats": [{"ci_99": [5.339899173937738, 6.072963568381965], "q_25": 5.70276604918763, "q_75": 5.710096693132073, "min": 5.699100727215409, "max": 5.713762015104294, "mean": 5.7064313711598516, "std": 0.007330643944442272, "repeat": 2, "number": 1}]}, "readwrite.TimeRead.time_pathfinder_write": {"result": [0.02554674632847309], "stats": [{"ci_99": [0.024734167382121086, 0.026359325274825096], "q_25": 0.02553862053900957, "q_75": 0.02555487211793661, "min": 0.02553049474954605, "max": 0.02556299790740013, "mean": 0.02554674632847309, "std": 1.62515789270401e-05, "repeat": 2, "number": 1}]}, "sampling.TimeSampling.time_forward_sample": null, "sampling.TimeSampling.time_gibbs_sampling": null, "sampling.TimeSampling.time_likelihood_sample": {"result": [0.2033918360248208], "stats": [{"ci_99": [0.20244588144123554, 0.20568758994340897], "q_25": 0.20299618318676949, "q_75": 0.20364141138270497, "min": 0.20244588144123554, "max": 0.20568758994340897, "mean": 0.20348422210663558, "std": 0.0008348376455343339, "repeat": 10, "number": 1}]}, "sampling.TimeSampling.time_rejection_sample": null, "structure_learning.TimeHillClimb.time_hillclimb": null, "structure_learning.TimePC.time_pc_orig": {"result": [43.73965915478766], "stats": [{"ci_99": [16.270285753533244, 71.20903255604205], "q_25": 43.464965420775115, "q_75": 44.014352888800204, "min": 43.19027168676257, "max": 44.28904662281275, "mean": 43.73965915478766, "std": 0.5493874680250883, "repeat": 2, "number": 1}]}, "structure_learning.TimePC.time_pc_stable": {"result": [43.76843912154436], "stats": [{"ci_99": [20.567332074046135, 66.96954616904256], "q_25": 43.53642805106938, "q_75": 44.00045019201934, "min": 43.3044169805944, "max": 44.232461262494326, "mean": 43.76843912154436, "std": 0.4640221409499645, "repeat": 2, "number": 1}]}, "factor.TimeDiscreteFactor.time_factor_compare": {"result": [6.241401557080046e-05], "stats": [{"ci_99": [6.226781465693148e-05, 6.293299089291853e-05], "q_25": 6.237464906748183e-05, "q_75": 6.24970008736242e-05, "min": 6.226781465693148e-05, "max": 6.293299089291853e-05, "mean": 6.247556985852247e-05, "std": 1.925677885732968e-07, "repeat": 10, "number": 167}]}, "inference.TimeBeliefPropagation.time_query_alarm": {"result": [77.6342279240489], "stats": [{"ci_99": [70.93046549335122, 84.33799035474658], "q_25": 77.56719029974192, "q_75": 77.70126554835588, "min": 77.50015267543495, "max": 77.76830317266285, "mean": 77.6342279240489, "std": 0.1340752486139536, "repeat": 2, "number": 1}]}, "parameter_learning.TimeBayesianEstimator.time_alarm_bayesian_estimator": null, "parameter_learning.TimeBayesianEstimator.time_munin_bayesian_estimator": null, "parameter_learning.TimeExpectationMaximization.time_alarm_em": null, "parameter_learning.TimeExpectationMaximization.time_munin_em": null, "parameter_learning.TimeMLE.time_alarm_mle": null, "parameter_learning.TimeMLE.time_munin_mle": null, "structure_learning.TimeHillClimbAlarmModel.time_hillclimb": null, "structure_learning.TimeMmhcAlarmModel.time_mmhc": null, "structure_learning.TimePCAlarmModel.time_pc_orig": null, "structure_learning.TimePCAlarmModel.time_pc_stable": null, "structure_learning.TimeTreeSearchAlarmModel.time_tan": null}, "params": {"arch": "x86_64", "cpu": "Intel(R) Core(TM) i9-9820X CPU @ 3.30GHz", "machine": "graveyard", "num_cpu": "20", "os": "Linux 4.15.0-112-generic", "ram": "131688676", "python": "3.8"}, "requirements": {}, "commit_hash": "d0542730c7a6368fb4bca8f393f39586879d3779", "date": 1628747835000, "env_name": "conda-py3.8", "python": "3.8", "profiles": {}, "started_at": {"factor.TimeDiscreteFactor.time_factor_marginalize": 1653801937296, "factor.TimeDiscreteFactor.time_factor_multiply_large": 1653801937503, "factor.TimeDiscreteFactor.time_factor_reduce": 1653801937709, "import.TimeImport.time_import": 1653801937916, "inference.TimeVariableElimination.time_query_alarm": 1653802093629, "inference.TimeVariableElimination.time_query_munin": 1653802111441, "readwrite.TimeRead.time_asia_read": 1653802130503, "readwrite.TimeRead.time_asia_write": 1653802153922, "readwrite.TimeRead.time_munin_read": 1653802177343, "readwrite.TimeRead.time_munin_write": 1653802212697, "readwrite.TimeRead.time_pathfinder_read": 1653802236168, "readwrite.TimeRead.time_pathfinder_write": 1653802271773, "sampling.TimeSampling.time_forward_sample": 1653801333503,