{"results": {"factor.TimeDiscreteFactor.time_factor_marginalize": {"result": [6.276628769495907e-05], "stats": [{"ci_99": [6.257924525176777e-05, 6.316229701042175e-05], "q_25": 6.2668087947018e-05, "q_75": 6.285924464464188e-05, "min": 6.257924525176777e-05, "max": 6.316229701042175e-05, "mean": 6.278684910605935e-05, "std": 1.6056448266423766e-07, "repeat": 10, "number": 170}]}, "factor.TimeDiscreteFactor.time_factor_multiply_large": {"result": [5.2754802718049003e-05], "stats": [{"ci_99": [5.2325019524210974e-05, 5.323909932658786e-05], "q_25": 5.254215959991727e-05, "q_75": 5.284632511791729e-05, "min": 5.2325019524210974e-05, "max": 5.323909932658786e-05, "mean": 5.274412177857898e-05, "std": 2.609449515272409e-07, "repeat": 10, "number": 210}]}, "factor.TimeDiscreteFactor.time_factor_reduce": {"result": [3.0382969898396523e-05], "stats": [{"ci_99": [3.0131914235394576e-05, 3.0625632953369756e-05], "q_25": 3.0273785707594333e-05, "q_75": 3.0445810086254415e-05, "min": 3.0131914235394576e-05, "max": 3.0625632953369756e-05, "mean": 3.0366713502283755e-05, "std": 1.4200699175949532e-07, "repeat": 10, "number": 348}]}, "import.TimeImport.time_import": {"result": [1.2895967878399703e-07], "stats": [{"ci_99": [1.2812369948417865e-07, 1.317679118426844e-07], "q_25": 1.2818383959396505e-07, "q_75": 1.3011304534930868e-07, "min": 1.2812369948417865e-07, "max": 1.317679118426844e-07, "mean": 1.2927623773972535e-07, "std": 1.1842788154253346e-09, "repeat": 10, "number": 85002}]}, "inference.TimeVariableElimination.time_query_alarm": {"result": [0.08959618397057056], "stats": [{"ci_99": [0.0652479095869352, 0.1283873548246336], "q_25": 0.0891879117116332, "q_75": 0.09722590446472168, "min": 0.08814649656414986, "max": 0.1199316643178463, "mean": 0.09681763220578432, "std": 0.013358079743384689, "repeat": 4, "number": 1}]}, "inference.TimeVariableElimination.time_query_munin": {"result": [0.49415510334074497], "stats": [{"ci_99": [0.46654772486090385, 0.5365450279086857], "q_25": 0.4919666349887848, "q_75": 0.5037348447367549, "min": 0.4915427900850773, "max": 0.5263325087726116, "mean": 0.5015463763847947, "std": 0.014422793409542735, "repeat": 4, "number": 1}]}, "readwrite.TimeRead.time_asia_read": {"result": [0.008756413124501705], "stats": [{"ci_99": [0.00803887564688921, 0.0094739506021142], "q_25": 0.00874923774972558, "q_75": 0.00876358849927783, "min": 0.008742062374949455, "max": 0.008770763874053955, "mean": 0.008756413124501705, "std": 1.4350749552249908e-05, "repeat": 2, "number": 2}]}, "readwrite.TimeRead.time_asia_write": {"result": [0.0006015255939269412], "stats": [{"ci_99": [0.0005776486427023786, 0.0006254025451515035], "q_25": 0.0006012868244146955, "q_75": 0.0006017643634391868, "min": 0.0006010480549024499, "max": 0.0006020031329514324, "mean": 0.0006015255939269412, "std": 4.775390244912497e-07, "repeat": 2, "number": 69}]}, "readwrite.TimeRead.time_munin_read": {"result": [5.294679172337055], "stats": [{"ci_99": [4.916522346436977, 5.672835998237133], "q_25": 5.290897604078054, "q_75": 5.298460740596056, "min": 5.287116035819054, "max": 5.302242308855057, "mean": 5.294679172337055, "std": 0.007563136518001556, "repeat": 2, "number": 1}]}, "readwrite.TimeRead.time_munin_write": {"result": [0.04841174930334091], "stats": [{"ci_99": [-0.36442529410123825, 0.46124879270791974], "q_25": 0.04428337886929512, "q_75": 0.052540119737386703, "min": 0.04015500843524933, "max": 0.056668490171432495, "mean": 0.04841174930334091, "std": 0.008256740868091583, "repeat": 2, "number": 1}]}, "readwrite.TimeRead.time_pathfinder_read": {"result": [5.846377847716212], "stats": [{"ci_99": [2.1102716345340014, 9.58248406089842], "q_25": 5.80901678558439, "q_75": 5.883738909848034, "min": 5.771655723452568, "max": 5.9210999719798565, "mean": 5.846377847716212, "std": 0.07472212426364422, "repeat": 2, "number": 1}]}, "readwrite.TimeRead.time_pathfinder_write": {"result": [0.02942053973674774], "stats": [{"ci_99": [-0.20366305112838745, 0.2625041306018827], "q_25": 0.02708970382809639, "q_75": 0.031751375645399094, "min": 0.024758867919445038, "max": 0.034082211554050446, "mean": 0.02942053973674774, "std": 0.004661671817302704, "repeat": 2, "number": 1}]}, "sampling.TimeSampling.time_forward_sample": {"result": [0.22178751416504383], "stats": [{"ci_99": [0.2035895772278309, 0.2416941188275814], "q_25": 0.20470104552805424, "q_75": 0.2384075317531824, "min": 0.2035895772278309, "max": 0.2416941188275814, "mean": 0.2219044178724289, "std": 0.01725794217740611, "repeat": 10, "number": 1}]}, "sampling.TimeSampling.time_gibbs_sampling": null, "sampling.TimeSampling.time_likelihood_sample": {"result": [0.21099487505853176], "stats": [{"ci_99": [0.2081693671643734, 0.24385694414377213], "q_25": 0.2099316045641899, "q_75": 0.2125841472297907, "min": 0.2081693671643734, "max": 0.24385694414377213, "mean": 0.21414539888501166, "std": 0.010015741198500808, "repeat": 10, "number": 1}]}, "sampling.TimeSampling.time_rejection_sample": {"result": [38.21076598018408], "stats": [{"ci_99": [25.75912844389677, 50.66240351647137], "q_25": 38.086249604821205, "q_75": 38.33528235554695, "min": 37.96173322945833, "max": 38.459798730909824, "mean": 38.21076598018408, "std": 0.24903275072574615, "repeat": 2, "number": 1}]}, "structure_learning.TimeHillClimb.time_hillclimb": null, "structure_learning.TimePC.time_pc_orig": {"result": [33.470363872125745], "stats": [{"ci_99": [25.927203385159373, 41.01352435909211], "q_25": 33.39493226725608, "q_75": 33.54579547699541, "min": 33.31950066238642, "max": 33.62122708186507, "mean": 33.470363872125745, "std": 0.15086320973932743, "repeat": 2, "number": 1}]}, "structure_learning.TimePC.time_pc_stable": {"result": [33.241142166778445], "stats": [{"ci_99": [29.832494931295514, 36.649789402261376], "q_25": 33.207055694423616, "q_75": 33.275228639133275, "min": 33.17296922206879, "max": 33.309315111488104, "mean": 33.241142166778445, "std": 0.06817294470965862, "repeat": 2, "number": 1}]}}, "params": {"arch": "x86_64", "cpu": "Intel(R) Core(TM) i9-9820X CPU @ 3.30GHz", "machine": "graveyard", "num_cpu": "20", "os": "Linux 4.15.0-112-generic", "ram": "131688676", "python": "3.7"}, "requirements": {}, "commit_hash": "d1cbf0bde4fcfc161e932558b61279bbea1c10c5", "date": 1627395514000, "env_name": "conda-py3.7", "python": "3.7", "profiles": {}, "started_at": {"factor.TimeDiscreteFactor.time_factor_marginalize": 1630647929236, "factor.TimeDiscreteFactor.time_factor_multiply_large": 1630647929444, "factor.TimeDiscreteFactor.time_factor_reduce": 1630647929651, "import.TimeImport.time_import": 1630647929858, "inference.TimeVariableElimination.time_query_alarm": 1630647930065, "inference.TimeVariableElimination.time_query_munin": 1630647948570, "readwrite.TimeRead.time_asia_read": 1630647968179, "readwrite.TimeRead.time_asia_write": 1630647992252, "readwrite.TimeRead.time_munin_read": 1630648016725, "readwrite.TimeRead.time_munin_write": 1630648053132, "readwrite.TimeRead.time_pathfinder_read": 1630648077256, "readwrite.TimeRead.time_pathfinder_write": 1630648114062, "sampling.TimeSampling.time_forward_sample": 1630648138183, "sampling.TimeSampling.time_gibbs_sampling": 1630647111859, "sampling.TimeSampling.time_likelihood_sample": 1630648139997, "sampling.TimeSampling.time_rejection_sample": 1630648141860, "structure_learning.TimeHillClimb.time_hillclimb": 1630647789945, "structure_learning.TimePC.time_pc_orig": 1630648218940, "structure_learning.TimePC.time_pc_stable": 1630648288787}, "ended_at": {"factor.TimeDiscreteFactor.time_factor_marginalize": 1630647929443, "factor.TimeDiscreteFactor.time_factor_multiply_large": 1630647929651, "factor.TimeDiscreteFactor.time_factor_reduce": 1630647929858, "import.TimeImport.time_import": 1630647930065, "inference.TimeVariableElimination.time_query_alarm": 1630647948570, "inference.TimeVariableElimination.time_query_munin": 1630647968178, "readwrite.TimeRead.time_asia_read": 1630647992252,