{"results": {"factor.TimeDiscreteFactor.time_factor_marginalize": {"result": [6.606941185663082e-05], "stats": [{"ci_99": [6.589362043544559e-05, 6.628976963414736e-05], "q_25": 6.598769544275261e-05, "q_75": 6.619269496824112e-05, "min": 6.589362043544559e-05, "max": 6.628976963414736e-05, "mean": 6.6081695030072e-05, "std": 1.2509575236291066e-07, "repeat": 10, "number": 163}]}, "factor.TimeDiscreteFactor.time_factor_multiply_large": {"result": [5.631088469253511e-05], "stats": [{"ci_99": [5.550843150335915e-05, 5.713324727756637e-05], "q_25": 5.572575515098109e-05, "q_75": 5.699064325997416e-05, "min": 5.550843150335915e-05, "max": 5.713324727756637e-05, "mean": 5.63453588330624e-05, "std": 6.43000521874212e-07, "repeat": 10, "number": 196}]}, "factor.TimeDiscreteFactor.time_factor_reduce": {"result": [3.2887836155223564e-05], "stats": [{"ci_99": [3.227240304989987e-05, 3.356303660625435e-05], "q_25": 3.2526177230728676e-05, "q_75": 3.327690177114613e-05, "min": 3.227240304989987e-05, "max": 3.356303660625435e-05, "mean": 3.2888940277408405e-05, "std": 4.4304528575742966e-07, "repeat": 10, "number": 332}]}, "import.TimeImport.time_import": {"result": [1.286279784860224e-07], "stats": [{"ci_99": [1.2669711143295773e-07, 1.2995328201741962e-07], "q_25": 1.2683202234543495e-07, "q_75": 1.2983177990392202e-07, "min": 1.2669711143295773e-07, "max": 1.2995328201741962e-07, "mean": 1.2839320563726966e-07, "std": 1.4765130801818622e-09, "repeat": 10, "number": 86577}]}, "inference.TimeVariableElimination.time_query_alarm": {"result": [0.08579827379435301], "stats": [{"ci_99": [0.08431135474193087, 0.08701819384050377], "q_25": 0.08535683946684003, "q_75": 0.0861062086187303, "min": 0.08495612442493439, "max": 0.0861064251512289, "mean": 0.08566477429121733, "std": 0.0004802195249289407, "repeat": 4, "number": 1}]}, "inference.TimeVariableElimination.time_query_munin": {"result": [0.5164281856268644], "stats": [{"ci_99": [0.5109296814931696, 0.521239973472231], "q_25": 0.5147954630665481, "q_75": 0.5177175500430167, "min": 0.5135561469942331, "max": 0.5179267916828394, "mean": 0.5160848274827003, "std": 0.0018026216325665926, "repeat": 4, "number": 1}]}, "readwrite.TimeRead.time_asia_read": {"result": [0.009574598167091608], "stats": [{"ci_99": [0.0023794095031917095, 0.0167697868309915], "q_25": 0.009502646280452609, "q_75": 0.009646550053730607, "min": 0.00943069439381361, "max": 0.009718501940369606, "mean": 0.009574598167091608, "std": 0.00014390377327799797, "repeat": 2, "number": 2}]}, "readwrite.TimeRead.time_asia_write": {"result": [0.0007645075532550714], "stats": [{"ci_99": [0.00021237486555259952, 0.001316640240957543], "q_25": 0.0007589862263780466, "q_75": 0.0007700288801320962, "min": 0.000753464899501022, "max": 0.0007755502070091209, "mean": 0.0007645075532550714, "std": 1.1042653754049438e-05, "repeat": 2, "number": 49}]}, "readwrite.TimeRead.time_munin_read": {"result": [5.885370213538408], "stats": [{"ci_99": [2.591784156858921, 9.178956270217892], "q_25": 5.852434352971613, "q_75": 5.918306074105203, "min": 5.8194984924048185, "max": 5.951241934671998, "mean": 5.885370213538408, "std": 0.06587172113358974, "repeat": 2, "number": 1}]}, "readwrite.TimeRead.time_munin_write": {"result": [0.04257749952375889], "stats": [{"ci_99": [0.03361966647207737, 0.0515353325754404], "q_25": 0.04248792119324207, "q_75": 0.0426670778542757, "min": 0.04239834286272526, "max": 0.04275665618479252, "mean": 0.04257749952375889, "std": 0.00017915666103363037, "repeat": 2, "number": 1}]}, "readwrite.TimeRead.time_pathfinder_read": {"result": [6.700913029722869], "stats": [{"ci_99": [5.751302772201598, 7.65052328724414], "q_25": 6.691416927147657, "q_75": 6.710409132298082, "min": 6.681920824572444, "max": 6.719905234873295, "mean": 6.700913029722869, "std": 0.018992205150425434, "repeat": 2, "number": 1}]}, "readwrite.TimeRead.time_pathfinder_write": {"result": [0.025448831729590893], "stats": [{"ci_99": [0.02490284387022257, 0.025994819588959217], "q_25": 0.02544337185099721, "q_75": 0.025454291608184576, "min": 0.025437911972403526, "max": 0.02545975148677826, "mean": 0.025448831729590893, "std": 1.0919757187366486e-05, "repeat": 2, "number": 1}]}, "sampling.TimeSampling.time_forward_sample": {"result": [0.2032943842932582], "stats": [{"ci_99": [0.20274833962321281, 0.20375829935073853], "q_25": 0.20300111547112465, "q_75": 0.20338801760226488, "min": 0.20274833962321281, "max": 0.20375829935073853, "mean": 0.20322434585541488, "std": 0.0002915492900143432, "repeat": 10, "number": 1}]}, "sampling.TimeSampling.time_gibbs_sampling": null, "sampling.TimeSampling.time_likelihood_sample": {"result": [0.21297105215489864], "stats": [{"ci_99": [0.21183859929442406, 0.24110460467636585], "q_25": 0.21262598503381014, "q_75": 0.21318806894123554, "min": 0.21183859929442406, "max": 0.24110460467636585, "mean": 0.21566192917525767, "std": 0.008492147833439084, "repeat": 10, "number": 1}]}, "sampling.TimeSampling.time_rejection_sample": {"result": [36.711668820120394], "stats": [{"ci_99": [29.01700501423329, 44.40633262600749], "q_25": 36.63472218206152, "q_75": 36.788615458179265, "min": 36.55777554400265, "max": 36.865562096238136, "mean": 36.711668820120394, "std": 0.15389327611774206, "repeat": 2, "number": 1}]}, "structure_learning.TimeHillClimb.time_hillclimb": null, "structure_learning.TimePC.time_pc_orig": {"result": [39.87043258268386], "stats": [{"ci_99": [33.78650290425867, 45.95436226110905], "q_25": 39.80959328589961, "q_75": 39.93127187946811, "min": 39.74875398911536, "max": 39.992111176252365, "mean": 39.87043258268386, "std": 0.12167859356850386, "repeat": 2, "number": 1}]}, "structure_learning.TimePC.time_pc_stable": {"result": [40.0757043864578], "stats": [{"ci_99": [36.33523110859096, 43.81617766432464], "q_25": 40.03829965367913, "q_75": 40.11310911923647, "min": 40.000894920900464, "max": 40.15051385201514, "mean": 40.0757043864578, "std": 0.07480946555733681, "repeat": 2, "number": 1}]}}, "params": {"arch": "x86_64", "cpu": "Intel(R) Core(TM) i9-9820X CPU @ 3.30GHz", "machine": "graveyard", "num_cpu": "20", "os": "Linux 4.15.0-112-generic", "ram": "131688676", "python": "3.6"}, "requirements": {}, "commit_hash": "d6255cff057f4f9b9bef64f5a69c190160acec0f", "date": 1624452625000, "env_name": "conda-py3.6", "python": "3.6", "profiles": {}, "started_at": {"factor.TimeDiscreteFactor.time_factor_marginalize": 1625070768922, "factor.TimeDiscreteFactor.time_factor_multiply_large": 1625070769129, "factor.TimeDiscreteFactor.time_factor_reduce": 1625070769336, "import.TimeImport.time_import": 1625070769543, "inference.TimeVariableElimination.time_query_alarm": 1625070769750, "inference.TimeVariableElimination.time_query_munin": 1625070790111, "readwrite.TimeRead.time_asia_read": 1625070811676, "readwrite.TimeRead.time_asia_write": 1625070838656, "readwrite.TimeRead.time_munin_read": 1625070865586, "readwrite.TimeRead.time_munin_write": 1625070906051, "readwrite.TimeRead.time_pathfinder_read": 1625070932981, "readwrite.TimeRead.time_pathfinder_write": 1625070973948, "sampling.TimeSampling.time_forward_sample": 1625071000878, "sampling.TimeSampling.time_gibbs_sampling": 1625069920161, "sampling.TimeSampling.time_likelihood_sample": 1625071002742, "sampling.TimeSampling.time_rejection_sample": 1625071004705, "structure_learning.TimeHillClimb.time_hillclimb": 1625070596539, "structure_learning.TimePC.time_pc_orig": 1625071078880, "structure_learning.TimePC.time_pc_stable": 1625071164918}, "ended_at": {"factor.TimeDiscreteFactor.time_factor_marginalize": 1625070769129, "factor.TimeDiscreteFactor.time_factor_multiply_large": 1625070769336, "factor.TimeDiscreteFactor.time_factor_reduce": 1625070769543, "import.TimeImport.time_import": 1625070769749, "inference.TimeVariableElimination.time_query_alarm": 1625070790111, "inference.TimeVariableElimination.time_query_munin": 1625070811676, "readwrite.TimeRead.time_asia_read": 1625070838656,