{"results": {"factor.TimeDiscreteFactor.time_factor_marginalize": {"result": [6.135873263701797e-05], "stats": [{"ci_99": [6.0513149946928024e-05, 6.197979250414805e-05], "q_25": 6.067569484002888e-05, "q_75": 6.193072609180076e-05, "min": 6.0513149946928024e-05, "max": 6.197979250414805e-05, "mean": 6.130685691129077e-05, "std": 6.313055547096178e-07, "repeat": 10, "number": 176}]}, "factor.TimeDiscreteFactor.time_factor_multiply_large": {"result": [4.947688957711436e-05], "stats": [{"ci_99": [4.851555381462259e-05, 5.1106853445745866e-05], "q_25": 4.9056720322454874e-05, "q_75": 5.018299023778933e-05, "min": 4.851555381462259e-05, "max": 5.1106853445745866e-05, "mean": 4.964244270802669e-05, "std": 8.28155065006901e-07, "repeat": 10, "number": 212}]}, "factor.TimeDiscreteFactor.time_factor_reduce": {"result": [2.897849740230874e-05], "stats": [{"ci_99": [2.8480936403143897e-05, 2.953867900044951e-05], "q_25": 2.8702873124243462e-05, "q_75": 2.9358864851193884e-05, "min": 2.8480936403143897e-05, "max": 2.953867900044951e-05, "mean": 2.9012700160072274e-05, "std": 3.813454703940862e-07, "repeat": 10, "number": 365}]}, "import.TimeImport.time_import": {"result": [1.337108272899962e-07], "stats": [{"ci_99": [1.3259901531598732e-07, 1.3641190925521466e-07], "q_25": 1.3299049976535442e-07, "q_75": 1.3389581500911766e-07, "min": 1.3259901531598732e-07, "max": 1.3641190925521466e-07, "mean": 1.3373222838688442e-07, "std": 1.0445996844755444e-09, "repeat": 10, "number": 81987}]}, "inference.TimeVariableElimination.time_query_alarm": {"result": [0.07092686090618372], "stats": [{"ci_99": [0.06946323546838776, 0.07251479555594906], "q_25": 0.07049941224977374, "q_75": 0.07141646416857839, "min": 0.07043293677270412, "max": 0.07166940346360207, "mean": 0.07098901551216841, "std": 0.0005264024014922968, "repeat": 4, "number": 1}]}, "inference.TimeVariableElimination.time_query_munin": {"result": [0.48799280915409327], "stats": [{"ci_99": [0.47505335997855785, 0.5014789027714119], "q_25": 0.4852218898013234, "q_75": 0.49103705072775483, "min": 0.4820431899279356, "max": 0.4950357172638178, "mean": 0.488266131374985, "std": 0.004758128827436395, "repeat": 4, "number": 1}]}, "readwrite.TimeRead.time_asia_read": {"result": [0.008609761949628592], "stats": [{"ci_99": [0.008467525709420443, 0.00875199818983674], "q_25": 0.00860833958722651, "q_75": 0.008611184312030673, "min": 0.008606917224824429, "max": 0.008612606674432755, "mean": 0.008609761949628592, "std": 2.844724804162979e-06, "repeat": 2, "number": 2}]}, "readwrite.TimeRead.time_asia_write": {"result": [0.0005814888540448414], "stats": [{"ci_99": [2.52532125968076e-05, 0.0011377244954928747], "q_25": 0.000575926497630361, "q_75": 0.0005870512104593217, "min": 0.0005703641412158807, "max": 0.0005926135668738021, "mean": 0.0005814888540448414, "std": 1.1124712828960678e-05, "repeat": 2, "number": 72}]}, "readwrite.TimeRead.time_munin_read": {"result": [5.151699469424784], "stats": [{"ci_99": [4.969594753347337, 5.333804185502231], "q_25": 5.14987842226401, "q_75": 5.153520516585559, "min": 5.148057375103235, "max": 5.155341563746333, "mean": 5.151699469424784, "std": 0.0036420943215489388, "repeat": 2, "number": 1}]}, "readwrite.TimeRead.time_munin_write": {"result": [0.040954964235424995], "stats": [{"ci_99": [0.031171048060059547, 0.050738880410790436], "q_25": 0.04085712507367134, "q_75": 0.04105280339717865, "min": 0.040759285911917686, "max": 0.041150642558932304, "mean": 0.040954964235424995, "std": 0.00019567832350730896, "repeat": 2, "number": 1}]}, "readwrite.TimeRead.time_pathfinder_read": {"result": [5.804081785492599], "stats": [{"ci_99": [5.45299752894789, 6.155166042037308], "q_25": 5.800570942927152, "q_75": 5.807592628058046, "min": 5.797060100361705, "max": 5.811103470623493, "mean": 5.804081785492599, "std": 0.007021685130894184, "repeat": 2, "number": 1}]}, "readwrite.TimeRead.time_pathfinder_write": {"result": [0.02596839889883995], "stats": [{"ci_99": [0.024202145636081696, 0.027734652161598206], "q_25": 0.025950736366212368, "q_75": 0.025986061431467533, "min": 0.025933073833584785, "max": 0.026003723964095116, "mean": 0.02596839889883995, "std": 3.53250652551651e-05, "repeat": 2, "number": 1}]}, "sampling.TimeSampling.time_forward_sample": {"result": [0.19727949798107147], "stats": [{"ci_99": [0.19655213132500648, 0.20024249888956547], "q_25": 0.1970045235939324, "q_75": 0.1982931401580572, "min": 0.19655213132500648, "max": 0.20024249888956547, "mean": 0.1978862464427948, "std": 0.001228390792499652, "repeat": 10, "number": 1}]}, "sampling.TimeSampling.time_gibbs_sampling": null, "sampling.TimeSampling.time_likelihood_sample": {"result": [0.20651573594659567], "stats": [{"ci_99": [0.20514064095914364, 0.2345823235809803], "q_25": 0.20558598963543773, "q_75": 0.20673592342063785, "min": 0.20514064095914364, "max": 0.2345823235809803, "mean": 0.20895842351019384, "std": 0.008564118188386226, "repeat": 10, "number": 1}]}, "sampling.TimeSampling.time_rejection_sample": {"result": [36.21837606653571], "stats": [{"ci_99": [34.22651596367359, 38.21023616939783], "q_25": 36.19845746550709, "q_75": 36.23829466756433, "min": 36.17853886447847, "max": 36.258213268592954, "mean": 36.21837606653571, "std": 0.039837202057242393, "repeat": 2, "number": 1}]}, "structure_learning.TimeHillClimb.time_hillclimb": null, "structure_learning.TimePC.time_pc_orig": {"result": [32.523265960626304], "stats": [{"ci_99": [30.090028108097613, 34.956503813154995], "q_25": 32.49893358210102, "q_75": 32.54759833915159, "min": 32.47460120357573, "max": 32.57193071767688, "mean": 32.523265960626304, "std": 0.048664757050573826, "repeat": 2, "number": 1}]}, "structure_learning.TimePC.time_pc_stable": {"result": [32.383762962184846], "stats": [{"ci_99": [27.443744205869734, 37.32378171849995], "q_25": 32.334362774621695, "q_75": 32.433163149748, "min": 32.284962587058544, "max": 32.48256333731115, "mean": 32.383762962184846, "std": 0.09880037512630224, "repeat": 2, "number": 1}]}}, "params": {"arch": "x86_64", "cpu": "Intel(R) Core(TM) i9-9820X CPU @ 3.30GHz", "machine": "graveyard", "num_cpu": "20", "os": "Linux 4.15.0-112-generic", "ram": "131688676", "python": "3.8"}, "requirements": {}, "commit_hash": "d6255cff057f4f9b9bef64f5a69c190160acec0f", "date": 1624452625000, "env_name": "conda-py3.8", "python": "3.8", "profiles": {}, "started_at": {"factor.TimeDiscreteFactor.time_factor_marginalize": 1625073742874, "factor.TimeDiscreteFactor.time_factor_multiply_large": 1625073743081, "factor.TimeDiscreteFactor.time_factor_reduce": 1625073743288, "import.TimeImport.time_import": 1625073743494, "inference.TimeVariableElimination.time_query_alarm": 1625073743700, "inference.TimeVariableElimination.time_query_munin": 1625073761704, "readwrite.TimeRead.time_asia_read": 1625073780860, "readwrite.TimeRead.time_asia_write": 1625073804480, "readwrite.TimeRead.time_munin_read": 1625073828251, "readwrite.TimeRead.time_munin_write": 1625073863949, "readwrite.TimeRead.time_pathfinder_read": 1625073887569, "readwrite.TimeRead.time_pathfinder_write": 1625073923519, "sampling.TimeSampling.time_forward_sample": 1625073947189, "sampling.TimeSampling.time_gibbs_sampling": 1625072937573, "sampling.TimeSampling.time_likelihood_sample": 1625073949002, "sampling.TimeSampling.time_rejection_sample": 1625073950866, "structure_learning.TimeHillClimb.time_hillclimb": 1625073612464, "structure_learning.TimePC.time_pc_orig": 1625074023727, "structure_learning.TimePC.time_pc_stable": 1625074088653}, "ended_at": {"factor.TimeDiscreteFactor.time_factor_marginalize": 1625073743081, "factor.TimeDiscreteFactor.time_factor_multiply_large": 1625073743287, "factor.TimeDiscreteFactor.time_factor_reduce": 1625073743494, "import.TimeImport.time_import": 1625073743700, "inference.TimeVariableElimination.time_query_alarm": 1625073761704, "inference.TimeVariableElimination.time_query_munin": 1625073780860, "readwrite.TimeRead.time_asia_read": 1625073804479,