{"results": {"factor.TimeDiscreteFactor.time_factor_marginalize": {"result": [6.23232944933481e-05], "stats": [{"ci_99": [6.130949572421784e-05, 6.287941319304843e-05], "q_25": 6.147761840026739e-05, "q_75": 6.277816164372273e-05, "min": 6.130949572421784e-05, "max": 6.287941319304843e-05, "mean": 6.21551571977e-05, "std": 6.575612076554805e-07, "repeat": 10, "number": 172}]}, "factor.TimeDiscreteFactor.time_factor_multiply_large": {"result": [5.182945681492071e-05], "stats": [{"ci_99": [5.064789615376458e-05, 5.2810651469605134e-05], "q_25": 5.094405429447509e-05, "q_75": 5.2634268238438356e-05, "min": 5.064789615376458e-05, "max": 5.2810651469605134e-05, "mean": 5.17895503740036e-05, "std": 8.763509242906727e-07, "repeat": 10, "number": 191}]}, "factor.TimeDiscreteFactor.time_factor_reduce": {"result": [3.052041491215257e-05], "stats": [{"ci_99": [2.9759267452119412e-05, 3.080144417525708e-05], "q_25": 3.0087526545099827e-05, "q_75": 3.069377739796008e-05, "min": 2.9759267452119412e-05, "max": 3.080144417525708e-05, "mean": 3.0368718522033475e-05, "std": 3.666429036380055e-07, "repeat": 10, "number": 348}]}, "import.TimeImport.time_import": {"result": [1.2446013895735024e-07], "stats": [{"ci_99": [1.220747773281663e-07, 1.2610808407623884e-07], "q_25": 1.2340326581938877e-07, "q_75": 1.2541389896727567e-07, "min": 1.220747773281663e-07, "max": 1.2610808407623884e-07, "mean": 1.2428111270077909e-07, "std": 1.372126978879985e-09, "repeat": 10, "number": 79902}]}, "inference.TimeVariableElimination.time_query_alarm": {"result": [0.04643592890352011], "stats": [{"ci_99": [0.04513307218468842, 0.0477968377523953], "q_25": 0.046021158806979656, "q_75": 0.04687972506508231, "min": 0.04599410481750965, "max": 0.04699385724961758, "mean": 0.04646495496854186, "std": 0.00045617760958483703, "repeat": 4, "number": 1}]}, "inference.TimeVariableElimination.time_query_munin": {"result": [0.49469674937427044], "stats": [{"ci_99": [0.48547927685287123, 0.5053326503911959], "q_25": 0.49326800322160125, "q_75": 0.4968347097747028, "min": 0.49098646454513073, "max": 0.5012438911944628, "mean": 0.4954059636220336, "std": 0.0037253325861943054, "repeat": 4, "number": 1}]}, "readwrite.TimeRead.time_asia_read": {"result": [0.008690531365573406], "stats": [{"ci_99": [0.004194990731775761, 0.013186071999371048], "q_25": 0.00864557595923543, "q_75": 0.008735486771911383, "min": 0.008600620552897453, "max": 0.008780442178249359, "mean": 0.008690531365573406, "std": 8.991081267595291e-05, "repeat": 2, "number": 2}]}, "readwrite.TimeRead.time_asia_write": {"result": [0.0005992846833407016], "stats": [{"ci_99": [0.00043099131975052964, 0.0007675780469308732], "q_25": 0.0005976017497047998, "q_75": 0.0006009676169766033, "min": 0.0005959188160688981, "max": 0.000602650550612505, "mean": 0.0005992846833407016, "std": 3.3658672718034376e-06, "repeat": 2, "number": 69}]}, "readwrite.TimeRead.time_munin_read": {"result": [5.281711662188172], "stats": [{"ci_99": [1.4607670847326517, 9.10265623964369], "q_25": 5.243502216413617, "q_75": 5.3199211079627275, "min": 5.205292770639062, "max": 5.358130553737283, "mean": 5.281711662188172, "std": 0.07641889154911041, "repeat": 2, "number": 1}]}, "readwrite.TimeRead.time_munin_write": {"result": [0.040835658088326454], "stats": [{"ci_99": [0.03475952334702015, 0.04691179282963275], "q_25": 0.04077489674091339, "q_75": 0.04089641943573952, "min": 0.04071413539350033, "max": 0.04095718078315258, "mean": 0.040835658088326454, "std": 0.0001215226948261261, "repeat": 2, "number": 1}]}, "readwrite.TimeRead.time_pathfinder_read": {"result": [5.907452349551022], "stats": [{"ci_99": [2.321388862095773, 9.493515837006267], "q_25": 5.87159171467647, "q_75": 5.9433129844255745, "min": 5.835731079801917, "max": 5.979173619300127, "mean": 5.907452349551022, "std": 0.07172126974910498, "repeat": 2, "number": 1}]}, "readwrite.TimeRead.time_pathfinder_write": {"result": [0.024461881257593632], "stats": [{"ci_99": [0.010338886640965939, 0.03858487587422131], "q_25": 0.024320651311427355, "q_75": 0.02460311120375991, "min": 0.024179421365261078, "max": 0.024744341149926186, "mean": 0.024461881257593632, "std": 0.00028245989233255386, "repeat": 2, "number": 1}]}, "sampling.TimeSampling.time_forward_sample": {"result": [0.20326815079897642], "stats": [{"ci_99": [0.20033425465226173, 0.20697946287691593], "q_25": 0.20114695746451616, "q_75": 0.20552528789266944, "min": 0.20033425465226173, "max": 0.20697946287691593, "mean": 0.20335163306444884, "std": 0.002395081516068639, "repeat": 10, "number": 1}]}, "sampling.TimeSampling.time_gibbs_sampling": null, "sampling.TimeSampling.time_likelihood_sample": {"result": [0.21283478010445833], "stats": [{"ci_99": [0.21137691661715508, 0.24107028543949127], "q_25": 0.21253185765817761, "q_75": 0.21408292278647423, "min": 0.21137691661715508, "max": 0.24107028543949127, "mean": 0.21623371336609126, "std": 0.008519583383721075, "repeat": 10, "number": 1}]}, "sampling.TimeSampling.time_rejection_sample": {"result": [36.621060027740896], "stats": [{"ci_99": [-47.15870316978544, 120.40082322526716], "q_25": 35.78326239576563, "q_75": 37.45885765971616, "min": 34.94546476379037, "max": 38.29665529169142, "mean": 36.621060027740896, "std": 1.6755952639505267, "repeat": 2, "number": 1}]}, "structure_learning.TimeHillClimb.time_hillclimb": null, "structure_learning.TimePC.time_pc_orig": {"result": [38.69340281840414], "stats": [{"ci_99": [32.35125408414751, 45.035551552660756], "q_25": 38.62998133106157, "q_75": 38.756824305746704, "min": 38.566559843719006, "max": 38.82024579308927, "mean": 38.69340281840414, "std": 0.1268429746851325, "repeat": 2, "number": 1}]}, "structure_learning.TimePC.time_pc_stable": {"result": [38.6525737401098], "stats": [{"ci_99": [34.54804432578385, 42.757103154435754], "q_25": 38.61152844596654, "q_75": 38.69361903425306, "min": 38.57048315182328, "max": 38.73466432839632, "mean": 38.6525737401098, "std": 0.08209058828651905, "repeat": 2, "number": 1}]}}, "params": {"arch": "x86_64", "cpu": "Intel(R) Core(TM) i9-9820X CPU @ 3.30GHz", "machine": "graveyard", "num_cpu": "20", "os": "Linux 4.15.0-112-generic", "ram": "131688676", "python": "3.7"}, "requirements": {}, "commit_hash": "d6255cff057f4f9b9bef64f5a69c190160acec0f", "date": 1624452625000, "env_name": "conda-py3.7", "python": "3.7", "profiles": {}, "started_at": {"factor.TimeDiscreteFactor.time_factor_marginalize": 1625072295953, "factor.TimeDiscreteFactor.time_factor_multiply_large": 1625072296161, "factor.TimeDiscreteFactor.time_factor_reduce": 1625072296369, "import.TimeImport.time_import": 1625072296575, "inference.TimeVariableElimination.time_query_alarm": 1625072296782, "inference.TimeVariableElimination.time_query_munin": 1625072314988, "readwrite.TimeRead.time_asia_read": 1625072334398, "readwrite.TimeRead.time_asia_write": 1625072358320, "readwrite.TimeRead.time_munin_read": 1625072382242, "readwrite.TimeRead.time_munin_write": 1625072418347, "readwrite.TimeRead.time_pathfinder_read": 1625072442771, "readwrite.TimeRead.time_pathfinder_write": 1625072479127, "sampling.TimeSampling.time_forward_sample": 1625072502999, "sampling.TimeSampling.time_gibbs_sampling": 1625071467956, "sampling.TimeSampling.time_likelihood_sample": 1625072504762, "sampling.TimeSampling.time_rejection_sample": 1625072506674, "structure_learning.TimeHillClimb.time_hillclimb": 1625072146929, "structure_learning.TimePC.time_pc_orig": 1625072580246, "structure_learning.TimePC.time_pc_stable": 1625072654203}, "ended_at": {"factor.TimeDiscreteFactor.time_factor_marginalize": 1625072296161, "factor.TimeDiscreteFactor.time_factor_multiply_large": 1625072296368, "factor.TimeDiscreteFactor.time_factor_reduce": 1625072296575, "import.TimeImport.time_import": 1625072296782, "inference.TimeVariableElimination.time_query_alarm": 1625072314988, "inference.TimeVariableElimination.time_query_munin": 1625072334398, "readwrite.TimeRead.time_asia_read": 1625072358320,