{"results": {"factor.TimeDiscreteFactor.time_factor_compare": {"result": [3.751565193955278e-05], "stats": [{"ci_99": [3.719574092945336e-05, 3.781136903134021e-05], "q_25": 3.735503290981163e-05, "q_75": 3.775628454191781e-05, "min": 3.719574092945336e-05, "max": 3.781136903134021e-05, "mean": 3.754042784918795e-05, "std": 2.170275972605661e-07, "repeat": 10, "number": 273}]}, "factor.TimeDiscreteFactor.time_factor_marginalize": {"result": [3.702029017573696e-05], "stats": [{"ci_99": [3.64987084926185e-05, 3.742735390946016e-05], "q_25": 3.6774624644194615e-05, "q_75": 3.71895446363142e-05, "min": 3.64987084926185e-05, "max": 3.742735390946016e-05, "mean": 3.6987371869006396e-05, "std": 2.6987364379524795e-07, "repeat": 10, "number": 295}]}, "factor.TimeDiscreteFactor.time_factor_multiply_large": {"result": [1.4732143151040159e-05], "stats": [{"ci_99": [1.4449854308132375e-05, 1.483464226377814e-05], "q_25": 1.4616956076260364e-05, "q_75": 1.4775465347207665e-05, "min": 1.4449854308132375e-05, "max": 1.483464226377814e-05, "mean": 1.4687475769288753e-05, "std": 1.2500235417104712e-07, "repeat": 10, "number": 712}]}, "factor.TimeDiscreteFactor.time_factor_reduce": {"result": [7.44501219029368e-06], "stats": [{"ci_99": [7.266275697830183e-06, 7.591646000344255e-06], "q_25": 7.3775337283066535e-06, "q_75": 7.471394949388608e-06, "min": 7.266275697830183e-06, "max": 7.591646000344255e-06, "mean": 7.422440244249909e-06, "std": 9.077817652010912e-08, "repeat": 10, "number": 1383}]}, "import.TimeImport.time_import": {"result": [1.1489342325005538e-07], "stats": [{"ci_99": [1.1376139134085373e-07, 1.1719442349585091e-07], "q_25": 1.1461940313675376e-07, "q_75": 1.1498665293403556e-07, "min": 1.1376139134085373e-07, "max": 1.1719442349585091e-07, "mean": 1.1495770548117089e-07, "std": 9.134208216415462e-10, "repeat": 10, "number": 86989}]}, "inference.TimeBeliefPropagation.time_query_alarm": {"result": [82.12959764059633], "stats": [{"ci_99": [80.73434617836028, 83.52484910283238], "q_25": 82.11564512597397, "q_75": 82.14355015521869, "min": 82.10169261135161, "max": 82.15750266984105, "mean": 82.12959764059633, "std": 0.027905029244720936, "repeat": 2, "number": 1}]}, "inference.TimeVariableElimination.time_query_alarm": {"result": [0.004391572127739588], "stats": [{"ci_99": [0.004261154029485249, 0.00454552474745446], "q_25": 0.0043749430527289706, "q_75": 0.0044199684634804726, "min": 0.004340446864565213, "max": 0.00448976643383503, "mean": 0.004403339388469854, "std": 5.420950441632611e-05, "repeat": 4, "number": 3}]}, "inference.TimeVariableElimination.time_query_munin": {"result": [0.14860360231250525], "stats": [{"ci_99": [0.14473332155068958, 0.15239246033559], "q_25": 0.14739378821104765, "q_75": 0.1497727050445974, "min": 0.1470145434141159, "max": 0.15002981573343277, "mean": 0.1485628909431398, "std": 0.0013133992882610542, "repeat": 4, "number": 1}]}, "parameter_learning.TimeBayesianEstimator.time_alarm_bayesian_estimator": {"result": [2.0517130913212895], "stats": [{"ci_99": [1.8638943082140886, 2.21246950119267], "q_25": 1.999225104227662, "q_75": 2.090669891797006, "min": 1.9466523714363575, "max": 2.102649064734578, "mean": 2.0381819047033787, "std": 0.06193703018084082, "repeat": 4, "number": 1}]}, "parameter_learning.TimeBayesianEstimator.time_munin_bayesian_estimator": {"result": [35.50120169110596], "stats": [{"ci_99": [34.40846619941294, 36.59393718279898], "q_25": 35.49027433618903, "q_75": 35.51212904602289, "min": 35.4793469812721, "max": 35.52305640093982, "mean": 35.50120169110596, "std": 0.021854709833860397, "repeat": 2, "number": 1}]}, "parameter_learning.TimeExpectationMaximization.time_alarm_em": {"result": [7.0501314913854], "stats": [{"ci_99": [2.8397209914401174, 11.26054199133068], "q_25": 7.0080273863859475, "q_75": 7.092235596384853, "min": 6.965923281386495, "max": 7.134339701384306, "mean": 7.0501314913854, "std": 0.08420820999890566, "repeat": 2, "number": 1}]}, "parameter_learning.TimeExpectationMaximization.time_munin_em": {"result": [81.1868202323094], "stats": [{"ci_99": [77.01357220392674, 85.36006826069206], "q_25": 81.14508775202557, "q_75": 81.22855271259323, "min": 81.10335527174175, "max": 81.27028519287705, "mean": 81.1868202323094, "std": 0.08346496056765318, "repeat": 2, "number": 1}]}, "parameter_learning.TimeMLE.time_alarm_mle": {"result": [2.1576744252815843], "stats": [{"ci_99": [2.0444601485718645, 2.3124065724919878], "q_25": 2.146974967326969, "q_75": 2.1891328184865415, "min": 2.1297391522675753, "max": 2.268645439296961, "mean": 2.178433360531926, "std": 0.05343290133947351, "repeat": 4, "number": 1}]}, "parameter_learning.TimeMLE.time_munin_mle": {"result": [35.226303660310805], "stats": [{"ci_99": [33.128586686216295, 37.324020634405315], "q_25": 35.20532649056986, "q_75": 35.24728083005175, "min": 35.184349320828915, "max": 35.268257999792695, "mean": 35.226303660310805, "std": 0.0419543394818902, "repeat": 2, "number": 1}]}, "readwrite.TimeRead.time_asia_read": {"result": [0.009080684743821621], "stats": [{"ci_99": [0.007102229632437229, 0.011059139855206011], "q_25": 0.009060900192707777, "q_75": 0.009100469294935465, "min": 0.009041115641593933, "max": 0.009120253846049309, "mean": 0.009080684743821621, "std": 3.9569102227687836e-05, "repeat": 2, "number": 2}]}, "readwrite.TimeRead.time_asia_write": {"result": [0.0006052818022329699], "stats": [{"ci_99": [-0.013998712349513715, 0.015209275953979641], "q_25": 0.00045924186071550304, "q_75": 0.0007513217437504368, "min": 0.0003132019191980362, "max": 0.0008973616852679036, "mean": 0.0006052818022329699, "std": 0.0002920798830349337, "repeat": 2, "number": 44}]}, "readwrite.TimeRead.time_munin_read": {"result": [4.929252243600786], "stats": [{"ci_99": [4.835293856449425, 5.023210630752146], "q_25": 4.928312659729272, "q_75": 4.930191827472299, "min": 4.9273730758577585, "max": 4.931131411343813, "mean": 4.929252243600786, "std": 0.0018791677430272102, "repeat": 2, "number": 1}]}, "readwrite.TimeRead.time_munin_write": {"result": [0.11038231290876865], "stats": [{"ci_99": [0.09840392135083675, 0.12236070446670054], "q_25": 0.11026252899318933, "q_75": 0.11050209682434797, "min": 0.11014274507761002, "max": 0.11062188073992729, "mean": 0.11038231290876865, "std": 0.000239567831158638, "repeat": 2, "number": 1}]}, "readwrite.TimeRead.time_pathfinder_read": {"result": [5.541566979140043], "stats": [{"ci_99": [4.111556649208069, 6.971577309072017], "q_25": 5.5272668758407235, "q_75": 5.555867082439363, "min": 5.512966772541404, "max": 5.570167185738683, "mean": 5.541566979140043, "std": 0.028600206598639488, "repeat": 2, "number": 1}]}, "readwrite.TimeRead.time_pathfinder_write": {"result": [0.11442173644900322], "stats": [{"ci_99": [-0.3191140443086624, 0.5479575172066684], "q_25": 0.11008637864142656, "q_75": 0.11875709425657988, "min": 0.1057510208338499, "max": 0.12309245206415653, "mean": 0.11442173644900322, "std": 0.008670715615153313, "repeat": 2, "number": 1}]}, "sampling.TimeSampling.time_forward_sample": {"result": [0.2401824900880456], "stats": [{"ci_99": [0.23905394785106182, 0.24167893826961517], "q_25": 0.23973693698644638, "q_75": 0.24052422307431698, "min": 0.23905394785106182, "max": 0.24167893826961517, "mean": 0.24026827774941922, "std": 0.0007583878297710472, "repeat": 10, "number": 1}]}, "sampling.TimeSampling.time_gibbs_sampling": null, "sampling.TimeSampling.time_likelihood_sample": {"result": [0.24014310911297798], "stats": [{"ci_99": [0.23709333129227161, 0.26612821966409683], "q_25": 0.23889421485364437, "q_75": 0.24124331725761294, "min": 0.23709333129227161, "max": 0.26612821966409683, "mean": 0.2423381146043539, "std": 0.00805008549285345, "repeat": 10, "number": 1}]}, "sampling.TimeSampling.time_rejection_sample": {"result": [44.22310396190733], "stats": [{"ci_99": [42.96918079350144, 45.47702713031322], "q_25": 44.21056473022327, "q_75": 44.235643193591386, "min": 44.19802549853921, "max": 44.248182425275445,