{"results": {"factor.TimeDiscreteFactor.time_factor_compare": {"result": [3.914939922117095e-05], "stats": [{"ci_99": [3.870247458001129e-05, 3.939209406384985e-05], "q_25": 3.9067140687967986e-05, "q_75": 3.915860225226133e-05, "min": 3.870247458001129e-05, "max": 3.939209406384985e-05, "mean": 3.912534905981471e-05, "std": 1.7783775766670392e-07, "repeat": 10, "number": 262}]}, "factor.TimeDiscreteFactor.time_factor_marginalize": {"result": [3.70452719024655e-05], "stats": [{"ci_99": [3.684044112356342e-05, 3.746112643861446e-05], "q_25": 3.697357907080326e-05, "q_75": 3.711549014005125e-05, "min": 3.684044112356342e-05, "max": 3.746112643861446e-05, "mean": 3.706720613297962e-05, "std": 1.679769655830132e-07, "repeat": 10, "number": 294}]}, "factor.TimeDiscreteFactor.time_factor_multiply_large": {"result": [1.4761923461832026e-05], "stats": [{"ci_99": [1.4594170234857067e-05, 1.4832053053122694e-05], "q_25": 1.4718434202574913e-05, "q_75": 1.4802526121818891e-05, "min": 1.4594170234857067e-05, "max": 1.4832053053122694e-05, "mean": 1.474573747605406e-05, "std": 7.38542313391207e-08, "repeat": 10, "number": 744}]}, "factor.TimeDiscreteFactor.time_factor_reduce": {"result": [7.55310642196854e-06], "stats": [{"ci_99": [7.410619209929941e-06, 7.706367152982781e-06], "q_25": 7.4779492043848284e-06, "q_75": 7.614571140954377e-06, "min": 7.410619209929941e-06, "max": 7.706367152982781e-06, "mean": 7.553255536418028e-06, "std": 9.476032821646498e-08, "repeat": 10, "number": 1449}]}, "import.TimeImport.time_import": {"result": [1.1431855240727158e-07], "stats": [{"ci_99": [1.1340708022756435e-07, 1.1579356290836619e-07], "q_25": 1.1365278060962511e-07, "q_75": 1.1501535646329375e-07, "min": 1.1340708022756435e-07, "max": 1.1579356290836619e-07, "mean": 1.1445930294324366e-07, "std": 8.567032098450324e-10, "repeat": 10, "number": 94491}]}, "inference.TimeBeliefPropagation.time_query_alarm": {"result": [191.2433658670634], "stats": [{"ci_99": [184.9765432011336, 197.5101885329932], "q_25": 191.1806976404041, "q_75": 191.3060340937227, "min": 191.1180294137448, "max": 191.368702320382, "mean": 191.2433658670634, "std": 0.1253364533185959, "repeat": 2, "number": 1}]}, "inference.TimeVariableElimination.time_query_alarm": {"result": [0.004464931475619475], "stats": [{"ci_99": [0.004331782613741182, 0.0045879273692301685], "q_25": 0.004423130924503009, "q_75": 0.004501655542602141, "min": 0.004403953130046527, "max": 0.004505603884657224, "mean": 0.004459854991485676, "std": 4.409355674968266e-05, "repeat": 4, "number": 3}]}, "inference.TimeVariableElimination.time_query_munin": {"result": [0.15444327238947153], "stats": [{"ci_99": [0.15156311861421135, 0.15782864165310592], "q_25": 0.15407060272991657, "q_75": 0.1550685497932136, "min": 0.15330411680042744, "max": 0.1565928589552641, "mean": 0.15469588013365865, "std": 0.0011927504796331151, "repeat": 4, "number": 1}]}, "parameter_learning.TimeBayesianEstimator.time_alarm_bayesian_estimator": {"result": [2.249984801746905], "stats": [{"ci_99": [2.0324146405503556, 2.391327810223361], "q_25": 2.2020778986625373, "q_75": 2.2597781284712255, "min": 2.083848973736167, "max": 2.2636663243174553, "mean": 2.211871225386858, "std": 0.07436754248475132, "repeat": 4, "number": 1}]}, "parameter_learning.TimeBayesianEstimator.time_munin_bayesian_estimator": {"result": [36.93323914054781], "stats": [{"ci_99": [34.494099031202495, 39.37237924989313], "q_25": 36.90884773945436, "q_75": 36.957630541641265, "min": 36.884456338360906, "max": 36.98202194273472, "mean": 36.93323914054781, "std": 0.04878280218690634, "repeat": 2, "number": 1}]}, "parameter_learning.TimeExpectationMaximization.time_alarm_em": {"result": [7.377329922281206], "stats": [{"ci_99": [6.2070072973147035, 8.547652547247708], "q_25": 7.365626696031541, "q_75": 7.389033148530871, "min": 7.353923469781876, "max": 7.400736374780536, "mean": 7.377329922281206, "std": 0.023406452499330044, "repeat": 2, "number": 1}]}, "parameter_learning.TimeExpectationMaximization.time_munin_em": {"result": [84.81451030541211], "stats": [{"ci_99": [77.3487007683143, 92.28031984250993], "q_25": 84.73985221004114, "q_75": 84.88916840078309, "min": 84.66519411467016, "max": 84.96382649615407, "mean": 84.81451030541211, "std": 0.14931619074195623, "repeat": 2, "number": 1}]}, "parameter_learning.TimeMLE.time_alarm_mle": {"result": [2.1329935556277633], "stats": [{"ci_99": [1.9315953797561627, 2.407945308564832], "q_25": 2.099305151961744, "q_75": 2.2034587478265166, "min": 2.0930212810635567, "max": 2.3200729843229055, "mean": 2.169770344160497, "std": 0.09108059693095354, "repeat": 4, "number": 1}]}, "parameter_learning.TimeMLE.time_munin_mle": {"result": [37.114441119134426], "stats": [{"ci_99": [37.0764898173511, 37.15239242091775], "q_25": 37.11406160611659, "q_75": 37.11482063215226, "min": 37.11368209309876, "max": 37.11520014517009, "mean": 37.114441119134426, "std": 0.0007590260356664658, "repeat": 2, "number": 1}]}, "readwrite.TimeRead.time_asia_read": {"result": [0.009300167206674814], "stats": [{"ci_99": [0.008518391754478216, 0.010081942658871412], "q_25": 0.009292349452152848, "q_75": 0.00930798496119678, "min": 0.009284531697630882, "max": 0.009315802715718746, "mean": 0.009300167206674814, "std": 1.563550904393196e-05, "repeat": 2, "number": 2}]}, "readwrite.TimeRead.time_asia_write": {"result": [0.0009634349761264665], "stats": [{"ci_99": [0.00039503550423042994, 0.0015318344480225025], "q_25": 0.0009577509814075061, "q_75": 0.0009691189708454268, "min": 0.0009520669866885458, "max": 0.0009748029655643872, "mean": 0.0009634349761264665, "std": 1.136798943792073e-05, "repeat": 2, "number": 42}]}, "readwrite.TimeRead.time_munin_read": {"result": [5.138235590420663], "stats": [{"ci_99": [4.983375133015215, 5.293096047826111], "q_25": 5.136686985846609, "q_75": 5.139784194994718, "min": 5.135138381272554, "max": 5.141332799568772, "mean": 5.138235590420663, "std": 0.003097209148108959, "repeat": 2, "number": 1}]}, "readwrite.TimeRead.time_munin_write": {"result": [0.11559977289289236], "stats": [{"ci_99": [0.08278429601341486, 0.14841524977236983], "q_25": 0.11527161812409759, "q_75": 0.11592792766168714, "min": 0.11494346335530281, "max": 0.11625608243048191, "mean": 0.11559977289289236, "std": 0.00065630953758955, "repeat": 2, "number": 1}]}, "readwrite.TimeRead.time_pathfinder_read": {"result": [5.78909404296428], "stats": [{"ci_99": [5.5656529469415545, 6.012535138987005], "q_25": 5.786859632004052, "q_75": 5.791328453924507, "min": 5.784625221043825, "max": 5.793562864884734, "mean": 5.78909404296428, "std": 0.004468821920454502, "repeat": 2, "number": 1}]}, "readwrite.TimeRead.time_pathfinder_write": {"result": [0.11371311731636524], "stats": [{"ci_99": [0.0824254285544157, 0.14500080607831475], "q_25": 0.11340024042874575, "q_75": 0.11402599420398474, "min": 0.11308736354112625, "max": 0.11433887109160423, "mean": 0.11371311731636524, "std": 0.0006257537752389908, "repeat": 2, "number": 1}]}, "sampling.TimeSampling.time_forward_sample": {"result": [0.227547456510365], "stats": [{"ci_99": [0.22686979174613953, 0.22889753431081772], "q_25": 0.2272109710611403, "q_75": 0.2280232822522521, "min": 0.22686979174613953, "max": 0.22889753431081772, "mean": 0.22764354776591061, "std": 0.0006038813724808618, "repeat": 10, "number": 1}]}, "sampling.TimeSampling.time_gibbs_sampling": null, "sampling.TimeSampling.time_likelihood_sample": {"result": [0.22648231778293848], "stats": [{"ci_99": [0.22566352039575577, 0.22743046656250954], "q_25": 0.2261568857356906, "q_75": 0.22696347208693624, "min": 0.22566352039575577, "max": 0.22743046656250954, "mean": 0.22652587853372097, "std": 0.0005461546334791872, "repeat": 10, "number": 1}]}, "sampling.TimeSampling.time_rejection_sample": {"result": [40.34538623690605], "stats": [{"ci_99": [38.77712833508849, 41.91364413872361], "q_25": 40.329703657887876, "q_75": 40.36106881592423, "min": 40.3140210788697, "max": 40.3767513949424,