{"results": {"factor.TimeDiscreteFactor.time_factor_marginalize": {"result": [6.367465437844743e-05], "stats": [{"ci_99": [6.326804543996966e-05, 6.409014336938081e-05], "q_25": 6.353792052196208e-05, "q_75": 6.401103509719983e-05, "min": 6.326804543996966e-05, "max": 6.409014336938081e-05, "mean": 6.372894398694815e-05, "std": 2.688650799428639e-07, "repeat": 10, "number": 172}]}, "factor.TimeDiscreteFactor.time_factor_multiply_large": {"result": [0.00011723023888311888], "stats": [{"ci_99": [0.00011653880539693331, 0.00011841179312844026], "q_25": 0.00011668649355047627, "q_75": 0.00011765657139844017, "min": 0.00011653880539693331, "max": 0.00011841179312844026, "mean": 0.00011725147401815968, "std": 6.022847269205883e-07, "repeat": 10, "number": 190}]}, "factor.TimeDiscreteFactor.time_factor_reduce": {"result": [3.2470519359018146e-05], "stats": [{"ci_99": [3.226341122586921e-05, 3.5280890740296634e-05], "q_25": 3.235195299154682e-05, "q_75": 3.26360528022501e-05, "min": 3.226341122586921e-05, "max": 3.5280890740296634e-05, "mean": 3.276078081112974e-05, "std": 8.545756418214833e-07, "repeat": 10, "number": 331}]}, "import.TimeImport.time_import": {"result": [1.319085027545305e-07], "stats": [{"ci_99": [1.299730695547232e-07, 1.3348294225073155e-07], "q_25": 1.3077025905288234e-07, "q_75": 1.3285597218250504e-07, "min": 1.299730695547232e-07, "max": 1.3348294225073155e-07, "mean": 1.318045854167088e-07, "std": 1.2074988080485125e-09, "repeat": 10, "number": 78702}]}, "readwrite.TimeRead.time_asia_read": null, "readwrite.TimeRead.time_asia_write": null, "readwrite.TimeRead.time_munin_read": null, "readwrite.TimeRead.time_munin_write": null, "readwrite.TimeRead.time_pathfinder_read": null, "readwrite.TimeRead.time_pathfinder_write": null, "sampling.TimeSampling.time_forward_sample": null, "sampling.TimeSampling.time_gibbs_sampling": null, "sampling.TimeSampling.time_likelihood_sample": null, "sampling.TimeSampling.time_rejection_sample": null, "structure_learning.TimeHillClimb.time_hillclimb": null, "structure_learning.TimePC.time_pc_orig": null, "structure_learning.TimePC.time_pc_stable": null, "factor.TimeDiscreteFactor.time_factor_compare": {"result": [7.583732644082808e-05], "stats": [{"ci_99": [7.525967526520397e-05, 9.068936532270824e-05], "q_25": 7.571326568722725e-05, "q_75": 8.40917540093263e-05, "min": 7.525967526520397e-05, "max": 9.068936532270824e-05, "mean": 8.031596158835903e-05, "std": 6.0942539127096695e-06, "repeat": 10, "number": 141}]}, "inference.TimeBeliefPropagation.time_query_alarm": null, "inference.TimeVariableElimination.time_query_alarm": null, "inference.TimeVariableElimination.time_query_munin": null, "parameter_learning.TimeBayesianEstimator.time_alarm_bayesian_estimator": null, "parameter_learning.TimeBayesianEstimator.time_munin_bayesian_estimator": null, "parameter_learning.TimeExpectationMaximization.time_alarm_em": null, "parameter_learning.TimeExpectationMaximization.time_munin_em": null, "parameter_learning.TimeMLE.time_alarm_mle": null, "parameter_learning.TimeMLE.time_munin_mle": null, "structure_learning.TimeHillClimbAlarmModel.time_hillclimb": null, "structure_learning.TimeMmhcAlarmModel.time_mmhc": null, "structure_learning.TimePCAlarmModel.time_pc_orig": null, "structure_learning.TimePCAlarmModel.time_pc_stable": null, "structure_learning.TimeTreeSearchAlarmModel.time_tan": null}, "params": {"arch": "x86_64", "cpu": "Intel(R) Core(TM) i9-9820X CPU @ 3.30GHz", "machine": "graveyard", "num_cpu": "20", "os": "Linux 4.15.0-112-generic", "ram": "131688676", "python": "3.6"}, "requirements": {}, "commit_hash": "d93e98eac83504bc288fbcadf84c4a71900f495b", "date": 1594369902000, "env_name": "conda-py3.6", "python": "3.6", "profiles": {}, "started_at": {"factor.TimeDiscreteFactor.time_factor_marginalize": 1654470342018, "factor.TimeDiscreteFactor.time_factor_multiply_large": 1654470342224, "factor.TimeDiscreteFactor.time_factor_reduce": 1654470342481, "import.TimeImport.time_import": 1654470342687, "readwrite.TimeRead.time_asia_read": 1654470340974, "readwrite.TimeRead.time_asia_write": 1654470341029, "readwrite.TimeRead.time_munin_read": 1654470341085, "readwrite.TimeRead.time_munin_write": 1654470341141, "readwrite.TimeRead.time_pathfinder_read": 1654470341197, "readwrite.TimeRead.time_pathfinder_write": 1654470341253, "sampling.TimeSampling.time_forward_sample": 1654470341309, "sampling.TimeSampling.time_gibbs_sampling": 1654470341365, "sampling.TimeSampling.time_likelihood_sample": 1654470341421, "sampling.TimeSampling.time_rejection_sample": 1654470341477, "structure_learning.TimeHillClimb.time_hillclimb": 1610531229263, "structure_learning.TimePC.time_pc_orig": 1610531229319, "structure_learning.TimePC.time_pc_stable": 1610531229375, "factor.TimeDiscreteFactor.time_factor_compare": 1654470341811, "inference.TimeBeliefPropagation.time_query_alarm": 1654470340473, "inference.TimeVariableElimination.time_query_alarm": 1654470340528, "inference.TimeVariableElimination.time_query_munin": 1654470340583, "parameter_learning.TimeBayesianEstimator.time_alarm_bayesian_estimator": 1654470340639, "parameter_learning.TimeBayesianEstimator.time_munin_bayesian_estimator": 1654470340695, "parameter_learning.TimeExpectationMaximization.time_alarm_em": 1654470340750, "parameter_learning.TimeExpectationMaximization.time_munin_em": 1654470340806, "parameter_learning.TimeMLE.time_alarm_mle": 1654470340862, "parameter_learning.TimeMLE.time_munin_mle": 1654470340918, "structure_learning.TimeHillClimbAlarmModel.time_hillclimb": 1654470341532, "structure_learning.TimeMmhcAlarmModel.time_mmhc": 1654470341588, "structure_learning.TimePCAlarmModel.time_pc_orig": 1654470341644, "structure_learning.TimePCAlarmModel.time_pc_stable": 1654470341700, "structure_learning.TimeTreeSearchAlarmModel.time_tan": 1654470341755}, "ended_at": {"factor.TimeDiscreteFactor.time_factor_marginalize": 1654470342224, "factor.TimeDiscreteFactor.time_factor_multiply_large": 1654470342480, "factor.TimeDiscreteFactor.time_factor_reduce": 1654470342687, "import.TimeImport.time_import": 1654470342893, "readwrite.TimeRead.time_asia_read": 1654470341029, "readwrite.TimeRead.time_asia_write": 1654470341085, "readwrite.TimeRead.time_munin_read": 1654470341141, "readwrite.TimeRead.time_munin_write": 1654470341197, "readwrite.TimeRead.time_pathfinder_read": 1654470341253, "readwrite.TimeRead.time_pathfinder_write": 1654470341309, "sampling.TimeSampling.time_forward_sample": 1654470341365, "sampling.TimeSampling.time_gibbs_sampling": 1654470341421, "sampling.TimeSampling.time_likelihood_sample": 1654470341476, "sampling.TimeSampling.time_rejection_sample": 1654470341532, "structure_learning.TimeHillClimb.time_hillclimb": 1610531229319, "structure_learning.TimePC.time_pc_orig": 1610531229375, "structure_learning.TimePC.time_pc_stable": 1610531229432, "factor.TimeDiscreteFactor.time_factor_compare": 1654470342018, "inference.TimeBeliefPropagation.time_query_alarm": 1654470340528, "inference.TimeVariableElimination.time_query_alarm": 1654470340583, "inference.TimeVariableElimination.time_query_munin": 1654470340639, "parameter_learning.TimeBayesianEstimator.time_alarm_bayesian_estimator": 1654470340695, "parameter_learning.TimeBayesianEstimator.time_munin_bayesian_estimator": 1654470340750, "parameter_learning.TimeExpectationMaximization.time_alarm_em": 1654470340806, "parameter_learning.TimeExpectationMaximization.time_munin_em": 1654470340862, "parameter_learning.TimeMLE.time_alarm_mle": 1654470340918, "parameter_learning.TimeMLE.time_munin_mle": 1654470340974, "structure_learning.TimeHillClimbAlarmModel.time_hillclimb": 1654470341588, "structure_learning.TimeMmhcAlarmModel.time_mmhc": 1654470341644, "structure_learning.TimePCAlarmModel.time_pc_orig": 1654470341699, "structure_learning.TimePCAlarmModel.time_pc_stable": 1654470341755, "structure_learning.TimeTreeSearchAlarmModel.time_tan": 1654470341811},