{"results": {"factor.TimeDiscreteFactor.time_factor_compare": {"result": [6.857159165426707e-05], "stats": [{"ci_99": [6.835068313357157e-05, 6.921885487360832e-05], "q_25": 6.849072479571288e-05, "q_75": 6.877211555360984e-05, "min": 6.835068313357157e-05, "max": 6.921885487360832e-05, "mean": 6.864938455132337e-05, "std": 2.564429756324534e-07, "repeat": 10, "number": 156}]}, "factor.TimeDiscreteFactor.time_factor_marginalize": {"result": [6.403307804090535e-05], "stats": [{"ci_99": [6.394052576875972e-05, 6.448202013612508e-05], "q_25": 6.398070090545151e-05, "q_75": 6.422477712977432e-05, "min": 6.394052576875972e-05, "max": 6.448202013612508e-05, "mean": 6.411298997923287e-05, "std": 1.7366637602408107e-07, "repeat": 10, "number": 167}]}, "factor.TimeDiscreteFactor.time_factor_multiply_large": {"result": [4.743233323097229e-05], "stats": [{"ci_99": [4.70608307255639e-05, 4.825084573692746e-05], "q_25": 4.731899334324731e-05, "q_75": 4.774498235848215e-05, "min": 4.70608307255639e-05, "max": 4.825084573692746e-05, "mean": 4.7556201616923016e-05, "std": 3.532414079708736e-07, "repeat": 10, "number": 225}]}, "factor.TimeDiscreteFactor.time_factor_reduce": {"result": [2.6464041460443425e-05], "stats": [{"ci_99": [2.6328985889752705e-05, 2.6619770092728698e-05], "q_25": 2.643830591329822e-05, "q_75": 2.654243697538788e-05, "min": 2.6328985889752705e-05, "max": 2.6619770092728698e-05, "mean": 2.6481458802282068e-05, "std": 8.740539132762955e-08, "repeat": 10, "number": 405}]}, "import.TimeImport.time_import": {"result": [1.1599302348607253e-07], "stats": [{"ci_99": [1.1522970112248899e-07, 1.174366004798538e-07], "q_25": 1.1576482158602645e-07, "q_75": 1.1663442927751492e-07, "min": 1.1522970112248899e-07, "max": 1.174366004798538e-07, "mean": 1.1616983181152287e-07, "std": 6.700391908106025e-10, "repeat": 10, "number": 91397}]}, "inference.TimeBeliefPropagation.time_query_alarm": null, "inference.TimeVariableElimination.time_query_alarm": null, "inference.TimeVariableElimination.time_query_munin": null, "parameter_learning.TimeBayesianEstimator.time_alarm_bayesian_estimator": null, "parameter_learning.TimeBayesianEstimator.time_munin_bayesian_estimator": null, "parameter_learning.TimeExpectationMaximization.time_alarm_em": null, "parameter_learning.TimeExpectationMaximization.time_munin_em": null, "parameter_learning.TimeMLE.time_alarm_mle": null, "parameter_learning.TimeMLE.time_munin_mle": null, "readwrite.TimeRead.time_asia_read": null, "readwrite.TimeRead.time_asia_write": null, "readwrite.TimeRead.time_munin_read": null, "readwrite.TimeRead.time_munin_write": null, "readwrite.TimeRead.time_pathfinder_read": null, "readwrite.TimeRead.time_pathfinder_write": null, "sampling.TimeSampling.time_forward_sample": null, "sampling.TimeSampling.time_gibbs_sampling": null, "sampling.TimeSampling.time_likelihood_sample": null, "sampling.TimeSampling.time_rejection_sample": null, "structure_learning.TimeHillClimbAlarmModel.time_hillclimb": null, "structure_learning.TimeMmhcAlarmModel.time_mmhc": null, "structure_learning.TimePCAlarmModel.time_pc_orig": null, "structure_learning.TimePCAlarmModel.time_pc_stable": null, "structure_learning.TimeTreeSearchAlarmModel.time_tan": null}, "params": {"arch": "x86_64", "cpu": "Intel(R) Core(TM) i9-9820X CPU @ 3.30GHz", "machine": "graveyard", "num_cpu": "20", "os": "Linux 4.15.0-112-generic", "ram": "131688676", "python": "3.9"}, "requirements": {}, "commit_hash": "d93e98eac83504bc288fbcadf84c4a71900f495b", "date": 1594369902000, "env_name": "conda-py3.9", "python": "3.9", "profiles": {}, "started_at": {"factor.TimeDiscreteFactor.time_factor_compare": 1654470364261, "factor.TimeDiscreteFactor.time_factor_marginalize": 1654470364468, "factor.TimeDiscreteFactor.time_factor_multiply_large": 1654470364675, "factor.TimeDiscreteFactor.time_factor_reduce": 1654470364882, "import.TimeImport.time_import": 1654470365089, "inference.TimeBeliefPropagation.time_query_alarm": 1654470362907, "inference.TimeVariableElimination.time_query_alarm": 1654470362962, "inference.TimeVariableElimination.time_query_munin": 1654470363018, "parameter_learning.TimeBayesianEstimator.time_alarm_bayesian_estimator": 1654470363075, "parameter_learning.TimeBayesianEstimator.time_munin_bayesian_estimator": 1654470363131, "parameter_learning.TimeExpectationMaximization.time_alarm_em": 1654470363188, "parameter_learning.TimeExpectationMaximization.time_munin_em": 1654470363244, "parameter_learning.TimeMLE.time_alarm_mle": 1654470363300, "parameter_learning.TimeMLE.time_munin_mle": 1654470363356, "readwrite.TimeRead.time_asia_read": 1654470363413, "readwrite.TimeRead.time_asia_write": 1654470363469, "readwrite.TimeRead.time_munin_read": 1654470363526, "readwrite.TimeRead.time_munin_write": 1654470363582, "readwrite.TimeRead.time_pathfinder_read": 1654470363638, "readwrite.TimeRead.time_pathfinder_write": 1654470363695, "sampling.TimeSampling.time_forward_sample": 1654470363751, "sampling.TimeSampling.time_gibbs_sampling": 1654470363808, "sampling.TimeSampling.time_likelihood_sample": 1654470363866, "sampling.TimeSampling.time_rejection_sample": 1654470363922, "structure_learning.TimeHillClimbAlarmModel.time_hillclimb": 1654470363979, "structure_learning.TimeMmhcAlarmModel.time_mmhc": 1654470364035, "structure_learning.TimePCAlarmModel.time_pc_orig": 1654470364092, "structure_learning.TimePCAlarmModel.time_pc_stable": 1654470364148, "structure_learning.TimeTreeSearchAlarmModel.time_tan": 1654470364205}, "ended_at": {"factor.TimeDiscreteFactor.time_factor_compare": 1654470364468, "factor.TimeDiscreteFactor.time_factor_marginalize": 1654470364675, "factor.TimeDiscreteFactor.time_factor_multiply_large": 1654470364882, "factor.TimeDiscreteFactor.time_factor_reduce": 1654470365089, "import.TimeImport.time_import": 1654470365295, "inference.TimeBeliefPropagation.time_query_alarm": 1654470362962, "inference.TimeVariableElimination.time_query_alarm": 1654470363018, "inference.TimeVariableElimination.time_query_munin": 1654470363074, "parameter_learning.TimeBayesianEstimator.time_alarm_bayesian_estimator": 1654470363131, "parameter_learning.TimeBayesianEstimator.time_munin_bayesian_estimator": 1654470363187, "parameter_learning.TimeExpectationMaximization.time_alarm_em": 1654470363244, "parameter_learning.TimeExpectationMaximization.time_munin_em": 1654470363300, "parameter_learning.TimeMLE.time_alarm_mle": 1654470363356, "parameter_learning.TimeMLE.time_munin_mle": 1654470363413, "readwrite.TimeRead.time_asia_read": 1654470363469, "readwrite.TimeRead.time_asia_write": 1654470363525, "readwrite.TimeRead.time_munin_read": 1654470363582, "readwrite.TimeRead.time_munin_write": 1654470363638, "readwrite.TimeRead.time_pathfinder_read": 1654470363695, "readwrite.TimeRead.time_pathfinder_write": 1654470363751, "sampling.TimeSampling.time_forward_sample": 1654470363808, "sampling.TimeSampling.time_gibbs_sampling": 1654470363866, "sampling.TimeSampling.time_likelihood_sample": 1654470363922, "sampling.TimeSampling.time_rejection_sample": 1654470363979, "structure_learning.TimeHillClimbAlarmModel.time_hillclimb": 1654470364035, "structure_learning.TimeMmhcAlarmModel.time_mmhc": 1654470364092, "structure_learning.TimePCAlarmModel.time_pc_orig": 1654470364148, "structure_learning.TimePCAlarmModel.time_pc_stable": 1654470364205, "structure_learning.TimeTreeSearchAlarmModel.time_tan": 1654470364261}, "benchmark_version": {"factor.TimeDiscreteFactor.time_factor_compare": "95feb42df85ffe5cf519cf4af677309a5cdb891db99ad54b655196c3e1f2e13a", "factor.TimeDiscreteFactor.time_factor_marginalize": "a3ae79cdcf3bcd4bc49df94b3b3d5f93c4126249a9b3cf2481ac381ee836f851", "factor.TimeDiscreteFactor.time_factor_multiply_large": "cfb6b66fddb2953948ffb6566ae101535dd1e8d0fd9af855331f39ef905f4450", "factor.TimeDiscreteFactor.time_factor_reduce": "cb3858b638914f7572792153a60efb4aecbde56d5abf039791451adb0f26c263",