{"results": {"factor.TimeDiscreteFactor.time_factor_marginalize": {"result": [6.496225943833234e-05], "stats": [{"ci_99": [6.412681458251817e-05, 6.662735194411306e-05], "q_25": 6.432899404206269e-05, "q_75": 6.528803593634316e-05, "min": 6.412681458251817e-05, "max": 6.662735194411306e-05, "mean": 6.504844253261883e-05, "std": 8.149523677548327e-07, "repeat": 10, "number": 168}]}, "factor.TimeDiscreteFactor.time_factor_multiply_large": {"result": [5.226607258985008e-05], "stats": [{"ci_99": [5.172969602444322e-05, 5.4097570172974455e-05], "q_25": 5.1903017630107736e-05, "q_75": 5.258853909456068e-05, "min": 5.172969602444322e-05, "max": 5.4097570172974455e-05, "mean": 5.237939182650928e-05, "std": 6.653044592474769e-07, "repeat": 10, "number": 207}]}, "factor.TimeDiscreteFactor.time_factor_reduce": {"result": [3.059853447393052e-05], "stats": [{"ci_99": [2.973118028403353e-05, 3.146325747741328e-05], "q_25": 3.0123377499039843e-05, "q_75": 3.088012445760747e-05, "min": 2.973118028403353e-05, "max": 3.146325747741328e-05, "mean": 3.052872544245255e-05, "std": 5.120378039314272e-07, "repeat": 10, "number": 349}]}, "import.TimeImport.time_import": {"result": [1.3609036266219854e-07], "stats": [{"ci_99": [1.3449517551838232e-07, 1.4207252205296528e-07], "q_25": 1.3561624442098752e-07, "q_75": 1.3734318835367997e-07, "min": 1.3449517551838232e-07, "max": 1.4207252205296528e-07, "mean": 1.3675143919995492e-07, "std": 1.9878902811091225e-09, "repeat": 10, "number": 82993}]}, "readwrite.TimeRead.time_asia_read": {"result": [0.1675495074596256], "stats": [{"ci_99": [-0.08657481404952705, 0.42167382896877803], "q_25": 0.16500826424453408, "q_75": 0.17009075067471713, "min": 0.16246702102944255, "max": 0.17263199388980865, "mean": 0.1675495074596256, "std": 0.005082486430183053, "repeat": 2, "number": 1}]}, "readwrite.TimeRead.time_asia_write": {"result": [0.00030422227565145147], "stats": [{"ci_99": [-0.005100426189871371, 0.005708870741174268], "q_25": 0.00025017579099622327, "q_75": 0.0003582687603066797, "min": 0.00019612930634099504, "max": 0.0004123152449619079, "mean": 0.00030422227565145147, "std": 0.00010809296931045644, "repeat": 2, "number": 69}]}, "readwrite.TimeRead.time_munin_read": {"result": [5.529251825064421], "stats": [{"ci_99": [3.4576923260465264, 7.600811324082313], "q_25": 5.508536230074242, "q_75": 5.5499674200546, "min": 5.487820635084063, "max": 5.570683015044779, "mean": 5.529251825064421, "std": 0.041431189980357885, "repeat": 2, "number": 1}]}, "readwrite.TimeRead.time_munin_write": {"result": [0.04179953853599727], "stats": [{"ci_99": [0.03676586807705462, 0.046833208994939916], "q_25": 0.041749201831407845, "q_75": 0.0418498752405867, "min": 0.04169886512681842, "max": 0.041900211945176125, "mean": 0.04179953853599727, "std": 0.00010067340917885303, "repeat": 2, "number": 1}]}, "readwrite.TimeRead.time_pathfinder_read": {"result": [6.174057332798839], "stats": [{"ci_99": [5.36524626147002, 6.9828684041276565], "q_25": 6.16596922208555, "q_75": 6.182145443512127, "min": 6.157881111372262, "max": 6.190233554225415, "mean": 6.174057332798839, "std": 0.016176221426576376, "repeat": 2, "number": 1}]}, "readwrite.TimeRead.time_pathfinder_write": {"result": [0.026895831571891904], "stats": [{"ci_99": [0.01420349976979196, 0.03958816337399183], "q_25": 0.026768908253870904, "q_75": 0.027022754889912903, "min": 0.026641984935849905, "max": 0.027149678207933903, "mean": 0.026895831571891904, "std": 0.00025384663604199886, "repeat": 2, "number": 1}]}, "sampling.TimeSampling.time_forward_sample": {"result": [5.742695898981765], "stats": [{"ci_99": [0.8122315460350364, 10.67316025192849], "q_25": 5.693391255452298, "q_75": 5.792000542511232, "min": 5.64408661192283, "max": 5.8413051860406995, "mean": 5.742695898981765, "std": 0.09860928705893457, "repeat": 2, "number": 1}]}, "sampling.TimeSampling.time_gibbs_sampling": null, "sampling.TimeSampling.time_likelihood_sample": {"result": [5.379716167924926], "stats": [{"ci_99": [4.125732312211767, 6.633700023638084], "q_25": 5.367176329367794, "q_75": 5.392256006482057, "min": 5.3546364908106625, "max": 5.404795845039189, "mean": 5.379716167924926, "std": 0.025079677114263177, "repeat": 2, "number": 1}]}, "sampling.TimeSampling.time_rejection_sample": null, "structure_learning.TimeHillClimb.time_hillclimb": null, "structure_learning.TimePC.time_pc_orig": {"result": [40.177039654925466], "stats": [{"ci_99": [36.352337051182985, 44.001742258667946], "q_25": 40.13879262888804, "q_75": 40.21528668096289, "min": 40.100545602850616, "max": 40.253533707000315, "mean": 40.177039654925466, "std": 0.0764940520748496, "repeat": 2, "number": 1}]}, "structure_learning.TimePC.time_pc_stable": {"result": [46.3177166278474], "stats": [{"ci_99": [23.65996452094987, 68.97546873474492], "q_25": 46.09113910677843, "q_75": 46.54429414891638, "min": 45.86456158570945, "max": 46.770871669985354, "mean": 46.3177166278474, "std": 0.45315504213795066, "repeat": 2, "number": 1}]}}, "params": {"arch": "x86_64", "cpu": "Intel(R) Core(TM) i9-9820X CPU @ 3.30GHz", "machine": "graveyard", "num_cpu": "20", "os": "Linux 4.15.0-112-generic", "ram": "131688676", "python": "3.8"}, "requirements": {}, "commit_hash": "da731270b7ff182a8f4953747bcf35cdbe3f5fab", "date": 1598010608000, "env_name": "conda-py3.8", "python": "3.8", "profiles": {}, "started_at": {"factor.TimeDiscreteFactor.time_factor_marginalize": 1610372736605, "factor.TimeDiscreteFactor.time_factor_multiply_large": 1610372736813, "factor.TimeDiscreteFactor.time_factor_reduce": 1610372737020, "import.TimeImport.time_import": 1610372737227, "readwrite.TimeRead.time_asia_read": 1610372737432, "readwrite.TimeRead.time_asia_write": 1610372763350, "readwrite.TimeRead.time_munin_read": 1610372789166, "readwrite.TimeRead.time_munin_write": 1610372827715, "readwrite.TimeRead.time_pathfinder_read": 1610372853582, "readwrite.TimeRead.time_pathfinder_write": 1610372892529, "sampling.TimeSampling.time_forward_sample": 1610372918143, "sampling.TimeSampling.time_gibbs_sampling": 1610371328202, "sampling.TimeSampling.time_likelihood_sample": 1610372930281, "sampling.TimeSampling.time_rejection_sample": 1610371939726, "structure_learning.TimeHillClimb.time_hillclimb": 1610372539831, "structure_learning.TimePC.time_pc_orig": 1610372941414, "structure_learning.TimePC.time_pc_stable": 1610373029730}, "ended_at": {"factor.TimeDiscreteFactor.time_factor_marginalize": 1610372736812, "factor.TimeDiscreteFactor.time_factor_multiply_large": 1610372737019, "factor.TimeDiscreteFactor.time_factor_reduce": 1610372737227, "import.TimeImport.time_import": 1610372737432, "readwrite.TimeRead.time_asia_read": 1610372763349, "readwrite.TimeRead.time_asia_write": 1610372789166, "readwrite.TimeRead.time_munin_read": 1610372827714, "readwrite.TimeRead.time_munin_write": 1610372853582, "readwrite.TimeRead.time_pathfinder_read": 1610372892529, "readwrite.TimeRead.time_pathfinder_write": 1610372918143, "sampling.TimeSampling.time_forward_sample": 1610372930280, "sampling.TimeSampling.time_gibbs_sampling": 1610371928492, "sampling.TimeSampling.time_likelihood_sample": 1610372941413, "sampling.TimeSampling.time_rejection_sample": 1610372539831, "structure_learning.TimeHillClimb.time_hillclimb": 1610372545951, "structure_learning.TimePC.time_pc_orig": 1610373029730, "structure_learning.TimePC.time_pc_stable": 1610373134172}, "benchmark_version": {"factor.TimeDiscreteFactor.time_factor_marginalize": "a3ae79cdcf3bcd4bc49df94b3b3d5f93c4126249a9b3cf2481ac381ee836f851", "factor.TimeDiscreteFactor.time_factor_multiply_large": "cfb6b66fddb2953948ffb6566ae101535dd1e8d0fd9af855331f39ef905f4450", "factor.TimeDiscreteFactor.time_factor_reduce": "cb3858b638914f7572792153a60efb4aecbde56d5abf039791451adb0f26c263", "import.TimeImport.time_import": "b8454f897532cbfc3dc91dd442b9d4429c7671f8720779f25b6975fed7999d6c", "readwrite.TimeRead.time_asia_read": "00ee50175421b36358b2284cbbaaf9e6caad1078a142202d8afbc8a5431e3d42",