{"results": {"factor.TimeDiscreteFactor.time_factor_marginalize": {"result": [6.447205066504563e-05], "stats": [{"ci_99": [6.392140757050034e-05, 6.58060517713163e-05], "q_25": 6.411094273600353e-05, "q_75": 6.456790800542521e-05, "min": 6.392140757050034e-05, "max": 6.58060517713163e-05, "mean": 6.449360113877517e-05, "std": 5.197774864824639e-07, "repeat": 10, "number": 169}]}, "factor.TimeDiscreteFactor.time_factor_multiply_large": {"result": [5.5324961687182336e-05], "stats": [{"ci_99": [5.4632968545615015e-05, 5.561821572073213e-05], "q_25": 5.4980177882608476e-05, "q_75": 5.558580876542971e-05, "min": 5.4632968545615015e-05, "max": 5.561821572073213e-05, "mean": 5.525222437067347e-05, "std": 3.467003534478256e-07, "repeat": 10, "number": 182}]}, "factor.TimeDiscreteFactor.time_factor_reduce": {"result": [3.245275312874366e-05], "stats": [{"ci_99": [3.2214657887153175e-05, 3.277569544952064e-05], "q_25": 3.235667214372391e-05, "q_75": 3.258224427478957e-05, "min": 3.2214657887153175e-05, "max": 3.277569544952064e-05, "mean": 3.247407516492227e-05, "std": 1.6595675585839496e-07, "repeat": 10, "number": 337}]}, "import.TimeImport.time_import": {"result": [1.3079660971757843e-07], "stats": [{"ci_99": [1.295829077020457e-07, 1.3144884453501758e-07], "q_25": 1.3030544347938014e-07, "q_75": 1.3102673088005778e-07, "min": 1.295829077020457e-07, "max": 1.3144884453501758e-07, "mean": 1.306710241455202e-07, "std": 5.591724372788517e-10, "repeat": 10, "number": 83182}]}, "readwrite.TimeRead.time_asia_read": {"result": [0.1469073509797454], "stats": [{"ci_99": [-0.003640337847173214, 0.2974550398066639], "q_25": 0.1454018740914762, "q_75": 0.14841282786801457, "min": 0.14389639720320702, "max": 0.14991830475628376, "mean": 0.1469073509797454, "std": 0.003010953776538372, "repeat": 2, "number": 1}]}, "readwrite.TimeRead.time_asia_write": {"result": [0.000672794638141509], "stats": [{"ci_99": [0.00040056604531503497, 0.0009450232309679827], "q_25": 0.0006700723522132443, "q_75": 0.0006755169240697736, "min": 0.0006673500662849795, "max": 0.0006782392099980385, "mean": 0.000672794638141509, "std": 5.44457185652948e-06, "repeat": 2, "number": 62}]}, "readwrite.TimeRead.time_munin_read": {"result": [5.728897045366466], "stats": [{"ci_99": [5.107731663621962, 6.350062427110969], "q_25": 5.722685391549021, "q_75": 5.735108699183911, "min": 5.716473737731576, "max": 5.741320353001356, "mean": 5.728897045366466, "std": 0.01242330763489008, "repeat": 2, "number": 1}]}, "readwrite.TimeRead.time_munin_write": {"result": [0.0419439859688282], "stats": [{"ci_99": [0.029809877276420593, 0.054078094661235795], "q_25": 0.041822644881904125, "q_75": 0.04206532705575228, "min": 0.04170130379498005, "max": 0.04218666814267635, "mean": 0.0419439859688282, "std": 0.00024268217384815216, "repeat": 2, "number": 1}]}, "readwrite.TimeRead.time_pathfinder_read": {"result": [6.390884758904576], "stats": [{"ci_99": [5.9462589751929045, 6.835510542616248], "q_25": 6.38643850106746, "q_75": 6.395331016741693, "min": 6.381992243230343, "max": 6.39977727457881, "mean": 6.390884758904576, "std": 0.008892515674233437, "repeat": 2, "number": 1}]}, "readwrite.TimeRead.time_pathfinder_write": {"result": [0.02474125847220421], "stats": [{"ci_99": [0.02353370562195778, 0.025948811322450638], "q_25": 0.024729182943701744, "q_75": 0.024753334000706673, "min": 0.02471710741519928, "max": 0.024765409529209137, "mean": 0.02474125847220421, "std": 2.415105700492859e-05, "repeat": 2, "number": 1}]}, "sampling.TimeSampling.time_forward_sample": null, "sampling.TimeSampling.time_gibbs_sampling": null, "sampling.TimeSampling.time_likelihood_sample": {"result": [5.3974221320822835], "stats": [{"ci_99": [5.3779435670003295, 5.4169006971642375], "q_25": 5.397227346431464, "q_75": 5.397616917733103, "min": 5.397032560780644, "max": 5.397811703383923, "mean": 5.3974221320822835, "std": 0.00038957130163908005, "repeat": 2, "number": 1}]}, "sampling.TimeSampling.time_rejection_sample": null, "structure_learning.TimeHillClimb.time_hillclimb": null, "structure_learning.TimePC.time_pc_orig": {"result": [39.21226228121668], "stats": [{"ci_99": [33.54907622560859, 44.87544833682477], "q_25": 39.1556304206606, "q_75": 39.26889414177276, "min": 39.09899856010452, "max": 39.32552600232884, "mean": 39.21226228121668, "std": 0.11326372111216187, "repeat": 2, "number": 1}]}, "structure_learning.TimePC.time_pc_stable": {"result": [44.43158056261018], "stats": [{"ci_99": [41.10334735037759, 47.75981377484277], "q_25": 44.39829823048785, "q_75": 44.464862894732505, "min": 44.36501589836553, "max": 44.49814522685483, "mean": 44.43158056261018, "std": 0.0665646642446518, "repeat": 2, "number": 1}]}, "factor.TimeDiscreteFactor.time_factor_compare": {"result": [7.476028986275196e-05], "stats": [{"ci_99": [7.440743502229452e-05, 7.571229555954535e-05], "q_25": 7.466636856810914e-05, "q_75": 7.506149187166658e-05, "min": 7.440743502229452e-05, "max": 7.571229555954535e-05, "mean": 7.48550402931869e-05, "std": 3.675444212849099e-07, "repeat": 10, "number": 144}]}, "inference.TimeBeliefPropagation.time_query_alarm": {"result": [25.691069381311536], "stats": [{"ci_99": [22.931320870295167, 28.4508178923279], "q_25": 25.663471896201372, "q_75": 25.7186668664217, "min": 25.63587441109121, "max": 25.746264351531863, "mean": 25.691069381311536, "std": 0.05519497022032738, "repeat": 2, "number": 1}]}, "inference.TimeVariableElimination.time_query_alarm": {"result": [0.15518738236278296], "stats": [{"ci_99": [0.1302702614479983, 0.19512663209798706], "q_25": 0.15485453931614757, "q_75": 0.163031289819628, "min": 0.15393665246665478, "max": 0.18648236989974976, "mean": 0.1626984467729926, "std": 0.013741157712012416, "repeat": 4, "number": 1}]}, "inference.TimeVariableElimination.time_query_munin": null, "parameter_learning.TimeBayesianEstimator.time_alarm_bayesian_estimator": null, "parameter_learning.TimeBayesianEstimator.time_munin_bayesian_estimator": null, "parameter_learning.TimeExpectationMaximization.time_alarm_em": null, "parameter_learning.TimeExpectationMaximization.time_munin_em": null, "parameter_learning.TimeMLE.time_alarm_mle": null, "parameter_learning.TimeMLE.time_munin_mle": null, "structure_learning.TimeHillClimbAlarmModel.time_hillclimb": null, "structure_learning.TimeMmhcAlarmModel.time_mmhc": null, "structure_learning.TimePCAlarmModel.time_pc_orig": null, "structure_learning.TimePCAlarmModel.time_pc_stable": null, "structure_learning.TimeTreeSearchAlarmModel.time_tan": null}, "params": {"arch": "x86_64", "cpu": "Intel(R) Core(TM) i9-9820X CPU @ 3.30GHz", "machine": "graveyard", "num_cpu": "20", "os": "Linux 4.15.0-112-generic", "ram": "131688676", "python": "3.6"}, "requirements": {}, "commit_hash": "da731270b7ff182a8f4953747bcf35cdbe3f5fab", "date": 1598010608000, "env_name": "conda-py3.6", "python": "3.6", "profiles": {}, "started_at": {"factor.TimeDiscreteFactor.time_factor_marginalize": 1654308467755, "factor.TimeDiscreteFactor.time_factor_multiply_large": 1654308467961, "factor.TimeDiscreteFactor.time_factor_reduce": 1654308468168, "import.TimeImport.time_import": 1654308468374, "readwrite.TimeRead.time_asia_read": 1654308540675, "readwrite.TimeRead.time_asia_write": 1654308566954, "readwrite.TimeRead.time_munin_read": 1654308593082, "readwrite.TimeRead.time_munin_write": 1654308632296, "readwrite.TimeRead.time_pathfinder_read": 1654308658425, "readwrite.TimeRead.time_pathfinder_write": 1654308697990, "sampling.TimeSampling.time_forward_sample": 1654307854103, "sampling.TimeSampling.time_gibbs_sampling": 1654307854360, "sampling.TimeSampling.time_likelihood_sample": 1654308724118, "sampling.TimeSampling.time_rejection_sample": 1654308465908, "structure_learning.TimeHillClimb.time_hillclimb": 1610368509703, "structure_learning.TimePC.time_pc_orig": 1610368931308, "structure_learning.TimePC.time_pc_stable": 1610369025952, "factor.TimeDiscreteFactor.time_factor_compare": 1654308467546,