{"results": {"factor.TimeDiscreteFactor.time_factor_compare": {"result": [6.141250246557696e-05], "stats": [{"ci_99": [6.071017819574509e-05, 6.203853321829061e-05], "q_25": 6.088978964193114e-05, "q_75": 6.162794574495705e-05, "min": 6.071017819574509e-05, "max": 6.203853321829061e-05, "mean": 6.133568441045696e-05, "std": 4.513995630339851e-07, "repeat": 10, "number": 174}]}, "factor.TimeDiscreteFactor.time_factor_marginalize": {"result": [6.398950433413657e-05], "stats": [{"ci_99": [6.29208695430022e-05, 6.510655687758203e-05], "q_25": 6.296686530554082e-05, "q_75": 6.457308263203802e-05, "min": 6.29208695430022e-05, "max": 6.510655687758203e-05, "mean": 6.390041809462936e-05, "std": 8.80252014190962e-07, "repeat": 10, "number": 169}]}, "factor.TimeDiscreteFactor.time_factor_multiply_large": {"result": [4.6798112717541784e-05], "stats": [{"ci_99": [4.614797698986995e-05, 5.097491303821663e-05], "q_25": 4.6570529330731465e-05, "q_75": 4.843274913566969e-05, "min": 4.614797698986995e-05, "max": 5.097491303821663e-05, "mean": 4.7572610246670705e-05, "std": 1.4363844875947108e-06, "repeat": 10, "number": 231}]}, "factor.TimeDiscreteFactor.time_factor_reduce": {"result": [2.5613424721148896e-05], "stats": [{"ci_99": [2.539247128666176e-05, 2.5910760269188355e-05], "q_25": 2.555139727143612e-05, "q_75": 2.5674460505870855e-05, "min": 2.539247128666176e-05, "max": 2.5910760269188355e-05, "mean": 2.563289642188252e-05, "std": 1.5701489036012776e-07, "repeat": 10, "number": 409}]}, "import.TimeImport.time_import": {"result": [1.2399421586242216e-07], "stats": [{"ci_99": [1.2175215357841348e-07, 1.2486792594648118e-07], "q_25": 1.2199015294596758e-07, "q_75": 1.246675625071014e-07, "min": 1.2175215357841348e-07, "max": 1.2486792594648118e-07, "mean": 1.234651840097442e-07, "std": 1.3104188306656762e-09, "repeat": 10, "number": 88020}]}, "inference.TimeBeliefPropagation.time_query_alarm": {"result": [120.34016394615173], "stats": [{"ci_99": [118.6081904321909, 122.07213746011257], "q_25": 120.32284421101213, "q_75": 120.35748368129134, "min": 120.30552447587252, "max": 120.37480341643095, "mean": 120.34016394615173, "std": 0.034639470279216766, "repeat": 2, "number": 1}]}, "inference.TimeVariableElimination.time_query_alarm": {"result": [0.05480579473078251], "stats": [{"ci_99": [0.03074547240424778, 0.09363597015004728], "q_25": 0.05454040225595236, "q_75": 0.06245611375197768, "min": 0.05385896749794483, "max": 0.08529232814908028, "mean": 0.06219072127714753, "std": 0.01334334634793691, "repeat": 4, "number": 1}]}, "inference.TimeVariableElimination.time_query_munin": {"result": [0.46219152957201004], "stats": [{"ci_99": [0.455333754920694, 0.4705514371978911], "q_25": 0.460701257456094, "q_75": 0.46443286817520857, "min": 0.4601725619286299, "max": 0.46721476316452026, "mean": 0.46294259605929255, "std": 0.002761616658636971, "repeat": 4, "number": 1}]}, "parameter_learning.TimeBayesianEstimator.time_alarm_bayesian_estimator": {"result": [2.1183099830523133], "stats": [{"ci_99": [1.911020813394409, 2.355170818161147], "q_25": 2.068708937615156, "q_75": 2.182696861214936, "min": 2.046786880120635, "max": 2.248976416885853, "mean": 2.1330958157777786, "std": 0.0788864701819052, "repeat": 4, "number": 1}]}, "parameter_learning.TimeBayesianEstimator.time_munin_bayesian_estimator": {"result": [35.258688639849424], "stats": [{"ci_99": [33.4191068559885, 37.098270423710346], "q_25": 35.240292822010815, "q_75": 35.277084457688034, "min": 35.221897004172206, "max": 35.29548027552664, "mean": 35.258688639849424, "std": 0.03679163567721844, "repeat": 2, "number": 1}]}, "parameter_learning.TimeExpectationMaximization.time_alarm_em": {"result": [16.401515289209783], "stats": [{"ci_99": [13.363896396942437, 19.439134181477126], "q_25": 16.37113910028711, "q_75": 16.431891478132457, "min": 16.340762911364436, "max": 16.46226766705513, "mean": 16.401515289209783, "std": 0.06075237784534693, "repeat": 2, "number": 1}]}, "parameter_learning.TimeExpectationMaximization.time_munin_em": {"result": [131.61124832648784], "stats": [{"ci_99": [121.55797517579049, 141.6645214771852], "q_25": 131.51071559498087, "q_75": 131.7117810579948, "min": 131.4101828634739, "max": 131.8123137895018, "mean": 131.61124832648784, "std": 0.201065463013947, "repeat": 2, "number": 1}]}, "parameter_learning.TimeMLE.time_alarm_mle": {"result": [2.16493577696383], "stats": [{"ci_99": [2.0806523573526694, 2.2435265525302337], "q_25": 2.1451070699840784, "q_75": 2.181918161921203, "min": 2.1196317225694656, "max": 2.1988545432686806, "mean": 2.1620894549414515, "std": 0.02927279270329435, "repeat": 4, "number": 1}]}, "parameter_learning.TimeMLE.time_munin_mle": {"result": [36.00799273047596], "stats": [{"ci_99": [28.80599661078304, 43.20998885016888], "q_25": 35.93597276927903, "q_75": 36.08001269167289, "min": 35.863952808082104, "max": 36.15203265286982, "mean": 36.00799273047596, "std": 0.14403992239385843, "repeat": 2, "number": 1}]}, "readwrite.TimeRead.time_asia_read": {"result": [0.008862144313752651], "stats": [{"ci_99": [0.005767825059592724, 0.011956463567912575], "q_25": 0.008831201121211052, "q_75": 0.00889308750629425, "min": 0.008800257928669453, "max": 0.00892403069883585, "mean": 0.008862144313752651, "std": 6.188638508319855e-05, "repeat": 2, "number": 2}]}, "readwrite.TimeRead.time_asia_write": {"result": [0.00043243563533583776], "stats": [{"ci_99": [-0.004747948338147961, 0.005612819608819632], "q_25": 0.0003806317956009998, "q_75": 0.00048423947507067575, "min": 0.0003288279558661618, "max": 0.0005360433148055137, "mean": 0.00043243563533583776, "std": 0.00010360767946967597, "repeat": 2, "number": 79}]}, "readwrite.TimeRead.time_munin_read": {"result": [4.731532781384885], "stats": [{"ci_99": [4.284505628980696, 5.178559933789074], "q_25": 4.727062509860843, "q_75": 4.736003052908927, "min": 4.7225922383368015, "max": 4.740473324432969, "mean": 4.731532781384885, "std": 0.008940543048083782, "repeat": 2, "number": 1}]}, "readwrite.TimeRead.time_munin_write": {"result": [0.034845239482820034], "stats": [{"ci_99": [0.02720527444034815, 0.04248520452529191], "q_25": 0.034768839832395315, "q_75": 0.03492163913324475, "min": 0.034692440181970596, "max": 0.03499803878366947, "mean": 0.034845239482820034, "std": 0.00015279930084943771, "repeat": 2, "number": 1}]}, "readwrite.TimeRead.time_pathfinder_read": {"result": [5.264433009549975], "stats": [{"ci_99": [5.237392710521817, 5.291473308578134], "q_25": 5.264162606559694, "q_75": 5.264703412540257, "min": 5.263892203569412, "max": 5.264973815530539, "mean": 5.264433009549975, "std": 0.0005408059805631638, "repeat": 2, "number": 1}]}, "readwrite.TimeRead.time_pathfinder_write": {"result": [0.021241932176053524], "stats": [{"ci_99": [0.020366442389786243, 0.022117421962320805], "q_25": 0.02123317727819085, "q_75": 0.021250687073916197, "min": 0.02122442238032818, "max": 0.02125944197177887, "mean": 0.021241932176053524, "std": 1.750979572534561e-05, "repeat": 2, "number": 1}]}, "sampling.TimeSampling.time_forward_sample": {"result": [0.2301184320822358], "stats": [{"ci_99": [0.22970311902463436, 0.232362512499094], "q_25": 0.22991800447925925, "q_75": 0.23104947851970792, "min": 0.22970311902463436, "max": 0.232362512499094, "mean": 0.23055530227720739, "std": 0.0008822113001402687, "repeat": 10, "number": 1}]}, "sampling.TimeSampling.time_gibbs_sampling": null, "sampling.TimeSampling.time_likelihood_sample": {"result": [0.22636389825493097], "stats": [{"ci_99": [0.22563723288476467, 0.22809895128011703], "q_25": 0.22573173651471734, "q_75": 0.22716138046234846, "min": 0.22563723288476467, "max": 0.22809895128011703, "mean": 0.2265586955472827, "std": 0.0008505656349306077, "repeat": 10, "number": 1}]}, "sampling.TimeSampling.time_rejection_sample": {"result": [43.46882343292236], "stats": [{"ci_99": [43.199885319918394, 43.73776154592633], "q_25": 43.466134051792324, "q_75": 43.4715128140524, "min": 43.463444670662284,