{"results": {"factor.TimeDiscreteFactor.time_factor_compare": {"result": [6.770933597530209e-05], "stats": [{"ci_99": [6.747908843388348e-05, 6.872740041159984e-05], "q_25": 6.75371525891172e-05, "q_75": 6.796893774994514e-05, "min": 6.747908843388348e-05, "max": 6.872740041159984e-05, "mean": 6.787849929910036e-05, "std": 4.502220051765913e-07, "repeat": 10, "number": 159}]}, "factor.TimeDiscreteFactor.time_factor_marginalize": {"result": [5.803380202687248e-05], "stats": [{"ci_99": [5.782691977959312e-05, 5.902084444767863e-05], "q_25": 5.7963186164916545e-05, "q_75": 5.856401014311537e-05, "min": 5.782691977959312e-05, "max": 5.902084444767863e-05, "mean": 5.824924935458115e-05, "std": 3.816143638190448e-07, "repeat": 10, "number": 181}]}, "factor.TimeDiscreteFactor.time_factor_multiply_large": {"result": [4.459453462544134e-05], "stats": [{"ci_99": [4.41708775647616e-05, 4.4958460760318624e-05], "q_25": 4.433785462594133e-05, "q_75": 4.47858997099733e-05, "min": 4.41708775647616e-05, "max": 4.4958460760318624e-05, "mean": 4.457782685630402e-05, "std": 2.602649397885409e-07, "repeat": 10, "number": 236}]}, "factor.TimeDiscreteFactor.time_factor_reduce": {"result": [2.546403557062149e-05], "stats": [{"ci_99": [2.5365649756178798e-05, 2.6118239185896264e-05], "q_25": 2.5409129055508647e-05, "q_75": 2.5631817259702335e-05, "min": 2.5365649756178798e-05, "max": 2.6118239185896264e-05, "mean": 2.557423773659281e-05, "std": 2.3519166828969018e-07, "repeat": 10, "number": 415}]}, "import.TimeImport.time_import": {"result": [1.32729675375968e-07], "stats": [{"ci_99": [1.322410558829063e-07, 1.335506148973184e-07], "q_25": 1.3245255261386327e-07, "q_75": 1.3283928358978887e-07, "min": 1.322410558829063e-07, "max": 1.335506148973184e-07, "mean": 1.3271803556565073e-07, "std": 3.535661664114347e-10, "repeat": 10, "number": 81132}]}, "inference.TimeBeliefPropagation.time_query_alarm": null, "inference.TimeVariableElimination.time_query_alarm": null, "inference.TimeVariableElimination.time_query_munin": null, "parameter_learning.TimeBayesianEstimator.time_alarm_bayesian_estimator": null, "parameter_learning.TimeBayesianEstimator.time_munin_bayesian_estimator": null, "parameter_learning.TimeExpectationMaximization.time_alarm_em": null, "parameter_learning.TimeExpectationMaximization.time_munin_em": null, "parameter_learning.TimeMLE.time_alarm_mle": null, "parameter_learning.TimeMLE.time_munin_mle": null, "readwrite.TimeRead.time_asia_read": null, "readwrite.TimeRead.time_asia_write": null, "readwrite.TimeRead.time_munin_read": null, "readwrite.TimeRead.time_munin_write": null, "readwrite.TimeRead.time_pathfinder_read": null, "readwrite.TimeRead.time_pathfinder_write": null, "sampling.TimeSampling.time_forward_sample": null, "sampling.TimeSampling.time_gibbs_sampling": null, "sampling.TimeSampling.time_likelihood_sample": null, "sampling.TimeSampling.time_rejection_sample": null, "structure_learning.TimeHillClimbAlarmModel.time_hillclimb": null, "structure_learning.TimeMmhcAlarmModel.time_mmhc": null, "structure_learning.TimePCAlarmModel.time_pc_orig": null, "structure_learning.TimePCAlarmModel.time_pc_stable": null, "structure_learning.TimeTreeSearchAlarmModel.time_tan": null}, "params": {"arch": "x86_64", "cpu": "Intel(R) Core(TM) i9-9820X CPU @ 3.30GHz", "machine": "graveyard", "num_cpu": "20", "os": "Linux 4.15.0-112-generic", "ram": "131688676", "python": "3.8"}, "requirements": {}, "commit_hash": "e020bb1aee3a0fb006a8b455a23b588c728ec3bc", "date": 1559549355000, "env_name": "conda-py3.8", "python": "3.8", "profiles": {}, "started_at": {"factor.TimeDiscreteFactor.time_factor_compare": 1654474192296, "factor.TimeDiscreteFactor.time_factor_marginalize": 1654474192502, "factor.TimeDiscreteFactor.time_factor_multiply_large": 1654474192708, "factor.TimeDiscreteFactor.time_factor_reduce": 1654474192914, "import.TimeImport.time_import": 1654474193120, "inference.TimeBeliefPropagation.time_query_alarm": 1654474190968, "inference.TimeVariableElimination.time_query_alarm": 1654474191023, "inference.TimeVariableElimination.time_query_munin": 1654474191078, "parameter_learning.TimeBayesianEstimator.time_alarm_bayesian_estimator": 1654474191133, "parameter_learning.TimeBayesianEstimator.time_munin_bayesian_estimator": 1654474191189, "parameter_learning.TimeExpectationMaximization.time_alarm_em": 1654474191244, "parameter_learning.TimeExpectationMaximization.time_munin_em": 1654474191300, "parameter_learning.TimeMLE.time_alarm_mle": 1654474191355, "parameter_learning.TimeMLE.time_munin_mle": 1654474191411, "readwrite.TimeRead.time_asia_read": 1654474191466, "readwrite.TimeRead.time_asia_write": 1654474191521, "readwrite.TimeRead.time_munin_read": 1654474191577, "readwrite.TimeRead.time_munin_write": 1654474191632, "readwrite.TimeRead.time_pathfinder_read": 1654474191687, "readwrite.TimeRead.time_pathfinder_write": 1654474191743, "sampling.TimeSampling.time_forward_sample": 1654474191798, "sampling.TimeSampling.time_gibbs_sampling": 1654474191854, "sampling.TimeSampling.time_likelihood_sample": 1654474191909, "sampling.TimeSampling.time_rejection_sample": 1654474191965, "structure_learning.TimeHillClimbAlarmModel.time_hillclimb": 1654474192021, "structure_learning.TimeMmhcAlarmModel.time_mmhc": 1654474192076, "structure_learning.TimePCAlarmModel.time_pc_orig": 1654474192131, "structure_learning.TimePCAlarmModel.time_pc_stable": 1654474192186, "structure_learning.TimeTreeSearchAlarmModel.time_tan": 1654474192241}, "ended_at": {"factor.TimeDiscreteFactor.time_factor_compare": 1654474192502, "factor.TimeDiscreteFactor.time_factor_marginalize": 1654474192708, "factor.TimeDiscreteFactor.time_factor_multiply_large": 1654474192914, "factor.TimeDiscreteFactor.time_factor_reduce": 1654474193120, "import.TimeImport.time_import": 1654474193326, "inference.TimeBeliefPropagation.time_query_alarm": 1654474191023, "inference.TimeVariableElimination.time_query_alarm": 1654474191078, "inference.TimeVariableElimination.time_query_munin": 1654474191133, "parameter_learning.TimeBayesianEstimator.time_alarm_bayesian_estimator": 1654474191189, "parameter_learning.TimeBayesianEstimator.time_munin_bayesian_estimator": 1654474191244, "parameter_learning.TimeExpectationMaximization.time_alarm_em": 1654474191300, "parameter_learning.TimeExpectationMaximization.time_munin_em": 1654474191355, "parameter_learning.TimeMLE.time_alarm_mle": 1654474191411, "parameter_learning.TimeMLE.time_munin_mle": 1654474191466, "readwrite.TimeRead.time_asia_read": 1654474191521, "readwrite.TimeRead.time_asia_write": 1654474191576, "readwrite.TimeRead.time_munin_read": 1654474191632, "readwrite.TimeRead.time_munin_write": 1654474191687, "readwrite.TimeRead.time_pathfinder_read": 1654474191743, "readwrite.TimeRead.time_pathfinder_write": 1654474191798, "sampling.TimeSampling.time_forward_sample": 1654474191853, "sampling.TimeSampling.time_gibbs_sampling": 1654474191909, "sampling.TimeSampling.time_likelihood_sample": 1654474191965, "sampling.TimeSampling.time_rejection_sample": 1654474192020, "structure_learning.TimeHillClimbAlarmModel.time_hillclimb": 1654474192076, "structure_learning.TimeMmhcAlarmModel.time_mmhc": 1654474192131, "structure_learning.TimePCAlarmModel.time_pc_orig": 1654474192186, "structure_learning.TimePCAlarmModel.time_pc_stable": 1654474192241, "structure_learning.TimeTreeSearchAlarmModel.time_tan": 1654474192296}, "benchmark_version": {"factor.TimeDiscreteFactor.time_factor_compare": "95feb42df85ffe5cf519cf4af677309a5cdb891db99ad54b655196c3e1f2e13a", "factor.TimeDiscreteFactor.time_factor_marginalize": "a3ae79cdcf3bcd4bc49df94b3b3d5f93c4126249a9b3cf2481ac381ee836f851", "factor.TimeDiscreteFactor.time_factor_multiply_large": "cfb6b66fddb2953948ffb6566ae101535dd1e8d0fd9af855331f39ef905f4450", "factor.TimeDiscreteFactor.time_factor_reduce": "cb3858b638914f7572792153a60efb4aecbde56d5abf039791451adb0f26c263",