{"results": {"factor.TimeDiscreteFactor.time_factor_marginalize": {"result": [6.445967866217389e-05], "stats": [{"ci_99": [6.418994025272482e-05, 6.493069231510163e-05], "q_25": 6.429404294227852e-05, "q_75": 6.478086442631833e-05, "min": 6.418994025272482e-05, "max": 6.493069231510163e-05, "mean": 6.451795644619886e-05, "std": 2.690468230943188e-07, "repeat": 10, "number": 170}]}, "factor.TimeDiscreteFactor.time_factor_multiply_large": {"result": [5.5384619728378624e-05], "stats": [{"ci_99": [5.507912567776182e-05, 5.579594036807185e-05], "q_25": 5.533540894722809e-05, "q_75": 5.560633017803016e-05, "min": 5.507912567776182e-05, "max": 5.579594036807185e-05, "mean": 5.5430246436077616e-05, "std": 2.165287117033165e-07, "repeat": 10, "number": 184}]}, "factor.TimeDiscreteFactor.time_factor_reduce": {"result": [3.261175777786856e-05], "stats": [{"ci_99": [3.229854569123809e-05, 3.291928108520568e-05], "q_25": 3.2529400981915227e-05, "q_75": 3.264868293835479e-05, "min": 3.229854569123809e-05, "max": 3.291928108520568e-05, "mean": 3.260287462146419e-05, "std": 1.5848237666109846e-07, "repeat": 10, "number": 314}]}, "import.TimeImport.time_import": {"result": [1.3724202682016196e-07], "stats": [{"ci_99": [1.3689463120479806e-07, 1.3807298059941544e-07], "q_25": 1.3709586222221984e-07, "q_75": 1.3749884090384115e-07, "min": 1.3689463120479806e-07, "max": 1.3807298059941544e-07, "mean": 1.37360936849323e-07, "std": 3.8821115332380154e-10, "repeat": 10, "number": 80217}]}, "readwrite.TimeRead.time_asia_read": null, "readwrite.TimeRead.time_asia_write": null, "readwrite.TimeRead.time_munin_read": null, "readwrite.TimeRead.time_munin_write": null, "readwrite.TimeRead.time_pathfinder_read": null, "readwrite.TimeRead.time_pathfinder_write": null, "sampling.TimeSampling.time_forward_sample": null, "sampling.TimeSampling.time_gibbs_sampling": null, "sampling.TimeSampling.time_likelihood_sample": null, "sampling.TimeSampling.time_rejection_sample": null, "structure_learning.TimeHillClimb.time_hillclimb": null, "structure_learning.TimePC.time_pc_orig": null, "structure_learning.TimePC.time_pc_stable": null, "inference.TimeVariableElimination.time_query_alarm": null, "inference.TimeVariableElimination.time_query_munin": null, "factor.TimeDiscreteFactor.time_factor_compare": {"result": [7.46936873636312e-05], "stats": [{"ci_99": [7.401325274258852e-05, 7.557672344976001e-05], "q_25": 7.450944394804537e-05, "q_75": 7.50771335636576e-05, "min": 7.401325274258852e-05, "max": 7.557672344976001e-05, "mean": 7.47787119406793e-05, "std": 4.703173057166493e-07, "repeat": 10, "number": 144}]}, "inference.TimeBeliefPropagation.time_query_alarm": null, "parameter_learning.TimeBayesianEstimator.time_alarm_bayesian_estimator": null, "parameter_learning.TimeBayesianEstimator.time_munin_bayesian_estimator": null, "parameter_learning.TimeExpectationMaximization.time_alarm_em": null, "parameter_learning.TimeExpectationMaximization.time_munin_em": null, "parameter_learning.TimeMLE.time_alarm_mle": null, "parameter_learning.TimeMLE.time_munin_mle": null, "structure_learning.TimeHillClimbAlarmModel.time_hillclimb": null, "structure_learning.TimeMmhcAlarmModel.time_mmhc": null, "structure_learning.TimePCAlarmModel.time_pc_orig": null, "structure_learning.TimePCAlarmModel.time_pc_stable": null, "structure_learning.TimeTreeSearchAlarmModel.time_tan": null}, "params": {"arch": "x86_64", "cpu": "Intel(R) Core(TM) i9-9820X CPU @ 3.30GHz", "machine": "graveyard", "num_cpu": "20", "os": "Linux 4.15.0-112-generic", "ram": "131688676", "python": "3.6"}, "requirements": {}, "commit_hash": "e458d8e06de830b18c99272cfec16c24241ef457", "date": 1610280878000, "env_name": "conda-py3.6", "python": "3.6", "profiles": {}, "started_at": {"factor.TimeDiscreteFactor.time_factor_marginalize": 1654215045494, "factor.TimeDiscreteFactor.time_factor_multiply_large": 1654215045700, "factor.TimeDiscreteFactor.time_factor_reduce": 1654215045907, "import.TimeImport.time_import": 1654215046113, "readwrite.TimeRead.time_asia_read": 1654215044447, "readwrite.TimeRead.time_asia_write": 1654215044503, "readwrite.TimeRead.time_munin_read": 1654215044559, "readwrite.TimeRead.time_munin_write": 1654215044615, "readwrite.TimeRead.time_pathfinder_read": 1654215044671, "readwrite.TimeRead.time_pathfinder_write": 1654215044727, "sampling.TimeSampling.time_forward_sample": 1654215044783, "sampling.TimeSampling.time_gibbs_sampling": 1654215044839, "sampling.TimeSampling.time_likelihood_sample": 1654215044895, "sampling.TimeSampling.time_rejection_sample": 1654215044951, "structure_learning.TimeHillClimb.time_hillclimb": 1610282354089, "structure_learning.TimePC.time_pc_orig": 1610282354148, "structure_learning.TimePC.time_pc_stable": 1610282354205, "inference.TimeVariableElimination.time_query_alarm": 1654215043999, "inference.TimeVariableElimination.time_query_munin": 1654215044055, "factor.TimeDiscreteFactor.time_factor_compare": 1654215045287, "inference.TimeBeliefPropagation.time_query_alarm": 1654215043944, "parameter_learning.TimeBayesianEstimator.time_alarm_bayesian_estimator": 1654215044111, "parameter_learning.TimeBayesianEstimator.time_munin_bayesian_estimator": 1654215044167, "parameter_learning.TimeExpectationMaximization.time_alarm_em": 1654215044223, "parameter_learning.TimeExpectationMaximization.time_munin_em": 1654215044279, "parameter_learning.TimeMLE.time_alarm_mle": 1654215044335, "parameter_learning.TimeMLE.time_munin_mle": 1654215044391, "structure_learning.TimeHillClimbAlarmModel.time_hillclimb": 1654215045007, "structure_learning.TimeMmhcAlarmModel.time_mmhc": 1654215045063, "structure_learning.TimePCAlarmModel.time_pc_orig": 1654215045119, "structure_learning.TimePCAlarmModel.time_pc_stable": 1654215045175, "structure_learning.TimeTreeSearchAlarmModel.time_tan": 1654215045231}, "ended_at": {"factor.TimeDiscreteFactor.time_factor_marginalize": 1654215045700, "factor.TimeDiscreteFactor.time_factor_multiply_large": 1654215045906, "factor.TimeDiscreteFactor.time_factor_reduce": 1654215046113, "import.TimeImport.time_import": 1654215046319, "readwrite.TimeRead.time_asia_read": 1654215044503, "readwrite.TimeRead.time_asia_write": 1654215044559, "readwrite.TimeRead.time_munin_read": 1654215044615, "readwrite.TimeRead.time_munin_write": 1654215044670, "readwrite.TimeRead.time_pathfinder_read": 1654215044726, "readwrite.TimeRead.time_pathfinder_write": 1654215044783, "sampling.TimeSampling.time_forward_sample": 1654215044839, "sampling.TimeSampling.time_gibbs_sampling": 1654215044894, "sampling.TimeSampling.time_likelihood_sample": 1654215044950, "sampling.TimeSampling.time_rejection_sample": 1654215045007, "structure_learning.TimeHillClimb.time_hillclimb": 1610282354148, "structure_learning.TimePC.time_pc_orig": 1610282354204, "structure_learning.TimePC.time_pc_stable": 1610282354261, "inference.TimeVariableElimination.time_query_alarm": 1654215044055, "inference.TimeVariableElimination.time_query_munin": 1654215044111, "factor.TimeDiscreteFactor.time_factor_compare": 1654215045493, "inference.TimeBeliefPropagation.time_query_alarm": 1654215043999, "parameter_learning.TimeBayesianEstimator.time_alarm_bayesian_estimator": 1654215044167, "parameter_learning.TimeBayesianEstimator.time_munin_bayesian_estimator": 1654215044223, "parameter_learning.TimeExpectationMaximization.time_alarm_em": 1654215044279, "parameter_learning.TimeExpectationMaximization.time_munin_em": 1654215044335, "parameter_learning.TimeMLE.time_alarm_mle": 1654215044391, "parameter_learning.TimeMLE.time_munin_mle": 1654215044447, "structure_learning.TimeHillClimbAlarmModel.time_hillclimb": 1654215045063, "structure_learning.TimeMmhcAlarmModel.time_mmhc": 1654215045119, "structure_learning.TimePCAlarmModel.time_pc_orig": 1654215045175, "structure_learning.TimePCAlarmModel.time_pc_stable": 1654215045231, "structure_learning.TimeTreeSearchAlarmModel.time_tan": 1654215045287},