{"results": {"factor.TimeDiscreteFactor.time_factor_marginalize": {"result": [6.138982272215103e-05], "stats": [{"ci_99": [6.122104405017382e-05, 6.196404064304373e-05], "q_25": 6.130032157630064e-05, "q_75": 6.144931749179123e-05, "min": 6.122104405017382e-05, "max": 6.196404064304373e-05, "mean": 6.145628148250366e-05, "std": 2.3237837945640665e-07, "repeat": 10, "number": 178}]}, "factor.TimeDiscreteFactor.time_factor_multiply_large": {"result": [5.156287259542116e-05], "stats": [{"ci_99": [5.1390075373767626e-05, 5.183704566247392e-05], "q_25": 5.149288969759894e-05, "q_75": 5.171936245100333e-05, "min": 5.1390075373767626e-05, "max": 5.183704566247392e-05, "mean": 5.1591089825228894e-05, "std": 1.4383581526156423e-07, "repeat": 10, "number": 202}]}, "factor.TimeDiscreteFactor.time_factor_reduce": {"result": [3.0207024147249247e-05], "stats": [{"ci_99": [3.010134072336432e-05, 3.058299014013107e-05], "q_25": 3.0131770731651616e-05, "q_75": 3.034986223872394e-05, "min": 3.010134072336432e-05, "max": 3.058299014013107e-05, "mean": 3.0256980290151624e-05, "std": 1.483332413309425e-07, "repeat": 10, "number": 365}]}, "import.TimeImport.time_import": {"result": [1.2307465444876134e-07], "stats": [{"ci_99": [1.2204418668990714e-07, 1.2403050656465235e-07], "q_25": 1.2264204696156372e-07, "q_75": 1.2336987920765173e-07, "min": 1.2204418668990714e-07, "max": 1.2403050656465235e-07, "mean": 1.2300995656744033e-07, "std": 5.961052012375717e-10, "repeat": 10, "number": 86148}]}, "readwrite.TimeRead.time_asia_read": {"result": [0.1423320909962058], "stats": [{"ci_99": [0.12621308583766222, 0.1584510961547494], "q_25": 0.14217090094462037, "q_75": 0.14249328104779124, "min": 0.14200971089303493, "max": 0.14265447109937668, "mean": 0.1423320909962058, "std": 0.00032238010317087173, "repeat": 2, "number": 1}]}, "readwrite.TimeRead.time_asia_write": {"result": [0.0006059510068911495], "stats": [{"ci_99": [-0.0007829501039602546, 0.0019948521177425523], "q_25": 0.0005920619957826354, "q_75": 0.0006198400179996635, "min": 0.0005781729846741214, "max": 0.0006337290291081775, "mean": 0.0006059510068911495, "std": 2.777802221702808e-05, "repeat": 2, "number": 66}]}, "readwrite.TimeRead.time_munin_read": {"result": [5.323972241953015], "stats": [{"ci_99": [4.831859251484275, 5.816085232421756], "q_25": 5.319051112048328, "q_75": 5.328893371857703, "min": 5.3141299821436405, "max": 5.33381450176239, "mean": 5.323972241953015, "std": 0.00984225980937481, "repeat": 2, "number": 1}]}, "readwrite.TimeRead.time_munin_write": {"result": [0.04014483466744423], "stats": [{"ci_99": [0.0291585810482502, 0.05113108828663825], "q_25": 0.04003497213125229, "q_75": 0.04025469720363617, "min": 0.03992510959506035, "max": 0.04036455973982811, "mean": 0.04014483466744423, "std": 0.00021972507238388062, "repeat": 2, "number": 1}]}, "readwrite.TimeRead.time_pathfinder_read": {"result": [5.917617713101208], "stats": [{"ci_99": [5.8432929096743464, 5.99194251652807], "q_25": 5.91687446506694, "q_75": 5.918360961135477, "min": 5.916131217032671, "max": 5.9191042091697454, "mean": 5.917617713101208, "std": 0.0014864960685372353, "repeat": 2, "number": 1}]}, "readwrite.TimeRead.time_pathfinder_write": {"result": [0.024606842547655106], "stats": [{"ci_99": [0.02245306596159935, 0.02676061913371086], "q_25": 0.024585304781794548, "q_75": 0.024628380313515663, "min": 0.02456376701593399, "max": 0.02464991807937622, "mean": 0.024606842547655106, "std": 4.307553172111511e-05, "repeat": 2, "number": 1}]}, "sampling.TimeSampling.time_forward_sample": null, "sampling.TimeSampling.time_gibbs_sampling": null, "sampling.TimeSampling.time_likelihood_sample": {"result": [5.2032327158376575], "stats": [{"ci_99": [5.045614239759743, 5.360851191915572], "q_25": 5.201656531076878, "q_75": 5.204808900598437, "min": 5.200080346316099, "max": 5.206385085359216, "mean": 5.2032327158376575, "std": 0.0031523695215582848, "repeat": 2, "number": 1}]}, "sampling.TimeSampling.time_rejection_sample": null, "structure_learning.TimeHillClimb.time_hillclimb": null, "structure_learning.TimePC.time_pc_orig": {"result": [38.88860822096467], "stats": [{"ci_99": [36.97031910903752, 40.80689733289182], "q_25": 38.8694253298454, "q_75": 38.90779111208394, "min": 38.85024243872613, "max": 38.92697400320321, "mean": 38.88860822096467, "std": 0.038365782238543034, "repeat": 2, "number": 1}]}, "structure_learning.TimePC.time_pc_stable": {"result": [45.1801842758432], "stats": [{"ci_99": [43.76350727211684, 46.596861279569566], "q_25": 45.16601750580594, "q_75": 45.19435104588047, "min": 45.151850735768676, "max": 45.20851781591773, "mean": 45.1801842758432, "std": 0.028333540074527264, "repeat": 2, "number": 1}]}, "factor.TimeDiscreteFactor.time_factor_compare": {"result": [7.28214963352027e-05], "stats": [{"ci_99": [7.211934928208182e-05, 7.351139585857522e-05], "q_25": 7.251366551914445e-05, "q_75": 7.305946838978218e-05, "min": 7.211934928208182e-05, "max": 7.351139585857522e-05, "mean": 7.281131430031503e-05, "std": 4.2385243319448497e-07, "repeat": 10, "number": 146}]}, "inference.TimeBeliefPropagation.time_query_alarm": {"result": [37.307386613450944], "stats": [{"ci_99": [36.75392503011972, 37.86084819678217], "q_25": 37.30185199761763, "q_75": 37.31292122928426, "min": 37.29631738178432, "max": 37.31845584511757, "mean": 37.307386613450944, "std": 0.011069231666624546, "repeat": 2, "number": 1}]}, "inference.TimeVariableElimination.time_query_alarm": {"result": [0.9206622345373034], "stats": [{"ci_99": [0.9004101860269261, 0.9406424029797956], "q_25": 0.9138797749765217, "q_75": 0.9273087540641427, "min": 0.9132038485258818, "max": 0.9275768604129553, "mean": 0.920526294503361, "std": 0.006880372553154252, "repeat": 4, "number": 1}]}, "inference.TimeVariableElimination.time_query_munin": null, "parameter_learning.TimeBayesianEstimator.time_alarm_bayesian_estimator": null, "parameter_learning.TimeBayesianEstimator.time_munin_bayesian_estimator": null, "parameter_learning.TimeExpectationMaximization.time_alarm_em": null, "parameter_learning.TimeExpectationMaximization.time_munin_em": null, "parameter_learning.TimeMLE.time_alarm_mle": null, "parameter_learning.TimeMLE.time_munin_mle": null, "structure_learning.TimeHillClimbAlarmModel.time_hillclimb": null, "structure_learning.TimeMmhcAlarmModel.time_mmhc": null, "structure_learning.TimePCAlarmModel.time_pc_orig": null, "structure_learning.TimePCAlarmModel.time_pc_stable": null, "structure_learning.TimeTreeSearchAlarmModel.time_tan": null}, "params": {"arch": "x86_64", "cpu": "Intel(R) Core(TM) i9-9820X CPU @ 3.30GHz", "machine": "graveyard", "num_cpu": "20", "os": "Linux 4.15.0-112-generic", "ram": "131688676", "python": "3.7"}, "requirements": {}, "commit_hash": "e50ebd8f26c0f56fed4bcb21c1388bda4808feb7", "date": 1596526619000, "env_name": "conda-py3.7", "python": "3.7", "profiles": {}, "started_at": {"factor.TimeDiscreteFactor.time_factor_marginalize": 1654405243100, "factor.TimeDiscreteFactor.time_factor_multiply_large": 1654405243306, "factor.TimeDiscreteFactor.time_factor_reduce": 1654405243513, "import.TimeImport.time_import": 1654405243719, "readwrite.TimeRead.time_asia_read": 1654405340487, "readwrite.TimeRead.time_asia_write": 1654405365261, "readwrite.TimeRead.time_munin_read": 1654405389885, "readwrite.TimeRead.time_munin_write": 1654405426944, "readwrite.TimeRead.time_pathfinder_read": 1654405451568, "readwrite.TimeRead.time_pathfinder_write": 1654405488827, "sampling.TimeSampling.time_forward_sample": 1654404629936, "sampling.TimeSampling.time_gibbs_sampling": 1654404630193, "sampling.TimeSampling.time_likelihood_sample": 1654405513453, "sampling.TimeSampling.time_rejection_sample": 1654405241351, "structure_learning.TimeHillClimb.time_hillclimb": 1610460288320, "structure_learning.TimePC.time_pc_orig": 1610460680230, "structure_learning.TimePC.time_pc_stable": 1610460767321, "factor.TimeDiscreteFactor.time_factor_compare": 1654405242892,