{"results": {"factor.TimeDiscreteFactor.time_factor_compare": {"result": [6.745120356227183e-05], "stats": [{"ci_99": [6.692170812066194e-05, 6.813095633391362e-05], "q_25": 6.712235771356874e-05, "q_75": 6.794882641666255e-05, "min": 6.692170812066194e-05, "max": 6.813095633391362e-05, "mean": 6.752104800977525e-05, "std": 4.318398616208596e-07, "repeat": 10, "number": 157}]}, "factor.TimeDiscreteFactor.time_factor_marginalize": {"result": [6.37227107258238e-05], "stats": [{"ci_99": [6.335621049418252e-05, 6.45913095516566e-05], "q_25": 6.36870394179807e-05, "q_75": 6.389571353793144e-05, "min": 6.335621049418252e-05, "max": 6.45913095516566e-05, "mean": 6.382699901535665e-05, "std": 3.2172855371606657e-07, "repeat": 10, "number": 169}]}, "factor.TimeDiscreteFactor.time_factor_multiply_large": {"result": [4.609413760698448e-05], "stats": [{"ci_99": [4.585133076219235e-05, 4.68017928049726e-05], "q_25": 4.592333659845388e-05, "q_75": 4.650442071764146e-05, "min": 4.585133076219235e-05, "max": 4.68017928049726e-05, "mean": 4.621484806224451e-05, "std": 3.296975582648782e-07, "repeat": 10, "number": 236}]}, "factor.TimeDiscreteFactor.time_factor_reduce": {"result": [2.58813114228225e-05], "stats": [{"ci_99": [2.5678236996478375e-05, 2.600691548668512e-05], "q_25": 2.5844309792512717e-05, "q_75": 2.593206158737735e-05, "min": 2.5678236996478375e-05, "max": 2.600691548668512e-05, "mean": 2.586994974846297e-05, "std": 9.052936531378712e-08, "repeat": 10, "number": 404}]}, "import.TimeImport.time_import": {"result": [1.2096452812077097e-07], "stats": [{"ci_99": [1.2066715429294998e-07, 1.2244627265969318e-07], "q_25": 1.2080870037054018e-07, "q_75": 1.2144457609301815e-07, "min": 1.2066715429294998e-07, "max": 1.2244627265969318e-07, "mean": 1.2117009179597267e-07, "std": 5.150065423212221e-10, "repeat": 10, "number": 88687}]}, "inference.TimeBeliefPropagation.time_query_alarm": {"result": [27.308969306759536], "stats": [{"ci_99": [26.35632796678692, 28.26161064673215], "q_25": 27.29944289335981, "q_75": 27.318495720159262, "min": 27.289916479960084, "max": 27.32802213355899, "mean": 27.308969306759536, "std": 0.019052826799452305, "repeat": 2, "number": 1}]}, "inference.TimeVariableElimination.time_query_alarm": {"result": [0.10857059713453054], "stats": [{"ci_99": [0.09983466868752135, 0.1185997433448444], "q_25": 0.10672346921637654, "q_75": 0.1110643339343369, "min": 0.10536176897585392, "max": 0.11436586081981659, "mean": 0.1092172060161829, "std": 0.0033945329121849764, "repeat": 4, "number": 1}]}, "inference.TimeVariableElimination.time_query_munin": null, "parameter_learning.TimeBayesianEstimator.time_alarm_bayesian_estimator": null, "parameter_learning.TimeBayesianEstimator.time_munin_bayesian_estimator": null, "parameter_learning.TimeExpectationMaximization.time_alarm_em": null, "parameter_learning.TimeExpectationMaximization.time_munin_em": null, "parameter_learning.TimeMLE.time_alarm_mle": null, "parameter_learning.TimeMLE.time_munin_mle": null, "readwrite.TimeRead.time_asia_read": {"result": [0.15163687989115715], "stats": [{"ci_99": [-0.2513626031577587, 0.5546363629400727], "q_25": 0.147606885060668, "q_75": 0.1556668747216463, "min": 0.14357689023017883, "max": 0.15969686955213547, "mean": 0.15163687989115715, "std": 0.008059989660978317, "repeat": 2, "number": 1}]}, "readwrite.TimeRead.time_asia_write": {"result": [0.00018598358272700697], "stats": [{"ci_99": [0.00016783915359426163, 0.00020412801185975226], "q_25": 0.0001858021384356795, "q_75": 0.00018616502701833442, "min": 0.00018562069414435205, "max": 0.00018634647130966187, "mean": 0.00018598358272700697, "std": 3.6288858265490627e-07, "repeat": 2, "number": 74}]}, "readwrite.TimeRead.time_munin_read": {"result": [4.908591537736356], "stats": [{"ci_99": [4.630873613990843, 5.186309461481869], "q_25": 4.905814358498901, "q_75": 4.911368716973811, "min": 4.903037179261446, "max": 4.9141458962112665, "mean": 4.908591537736356, "std": 0.005554358474910259, "repeat": 2, "number": 1}]}, "readwrite.TimeRead.time_munin_write": {"result": [0.03474179934710264], "stats": [{"ci_99": [0.03163318429142237, 0.03785041440278292], "q_25": 0.03471071319654584, "q_75": 0.034772885497659445, "min": 0.03467962704598904, "max": 0.03480397164821625, "mean": 0.03474179934710264, "std": 6.21723011136055e-05, "repeat": 2, "number": 1}]}, "readwrite.TimeRead.time_pathfinder_read": {"result": [5.440066278912127], "stats": [{"ci_99": [5.261081586591899, 5.619050971232355], "q_25": 5.438276431988925, "q_75": 5.441856125835329, "min": 5.4364865850657225, "max": 5.443645972758532, "mean": 5.440066278912127, "std": 0.0035796938464045525, "repeat": 2, "number": 1}]}, "readwrite.TimeRead.time_pathfinder_write": {"result": [0.028420662507414818], "stats": [{"ci_99": [-0.34683788754045963, 0.40367921255528894], "q_25": 0.024668077006936073, "q_75": 0.03217324800789356, "min": 0.02091549150645733, "max": 0.03592583350837231, "mean": 0.028420662507414818, "std": 0.007505171000957489, "repeat": 2, "number": 1}]}, "sampling.TimeSampling.time_forward_sample": null, "sampling.TimeSampling.time_gibbs_sampling": null, "sampling.TimeSampling.time_likelihood_sample": {"result": [4.488640209659934], "stats": [{"ci_99": [4.46695832561791, 4.507111705577969], "q_25": 4.484798747114837, "q_75": 4.490876478143036, "min": 4.474845251068473, "max": 4.496014392003417, "mean": 4.4870350155979395, "std": 0.007663570214520791, "repeat": 4, "number": 1}]}, "sampling.TimeSampling.time_rejection_sample": null, "structure_learning.TimeHillClimbAlarmModel.time_hillclimb": null, "structure_learning.TimeMmhcAlarmModel.time_mmhc": null, "structure_learning.TimePCAlarmModel.time_pc_orig": null, "structure_learning.TimePCAlarmModel.time_pc_stable": null, "structure_learning.TimeTreeSearchAlarmModel.time_tan": null}, "params": {"arch": "x86_64", "cpu": "Intel(R) Core(TM) i9-9820X CPU @ 3.30GHz", "machine": "graveyard", "num_cpu": "20", "os": "Linux 4.15.0-112-generic", "ram": "131688676", "python": "3.9"}, "requirements": {}, "commit_hash": "e50ebd8f26c0f56fed4bcb21c1388bda4808feb7", "date": 1596526619000, "env_name": "conda-py3.9", "python": "3.9", "profiles": {}, "started_at": {"factor.TimeDiscreteFactor.time_factor_compare": 1654407912127, "factor.TimeDiscreteFactor.time_factor_marginalize": 1654407912335, "factor.TimeDiscreteFactor.time_factor_multiply_large": 1654407912543, "factor.TimeDiscreteFactor.time_factor_reduce": 1654407912750, "import.TimeImport.time_import": 1654407912957, "inference.TimeBeliefPropagation.time_query_alarm": 1654407913164, "inference.TimeVariableElimination.time_query_alarm": 1654407968286, "inference.TimeVariableElimination.time_query_munin": 1654407072758, "parameter_learning.TimeBayesianEstimator.time_alarm_bayesian_estimator": 1654407132988, "parameter_learning.TimeBayesianEstimator.time_munin_bayesian_estimator": 1654407133045, "parameter_learning.TimeExpectationMaximization.time_alarm_em": 1654407133102, "parameter_learning.TimeExpectationMaximization.time_munin_em": 1654407133158, "parameter_learning.TimeMLE.time_alarm_mle": 1654407133215, "parameter_learning.TimeMLE.time_munin_mle": 1654407133271, "readwrite.TimeRead.time_asia_read": 1654407986460, "readwrite.TimeRead.time_asia_write": 1654408009781, "readwrite.TimeRead.time_munin_read": 1654408032851, "readwrite.TimeRead.time_munin_write": 1654408067955, "readwrite.TimeRead.time_pathfinder_read": 1654408091378, "readwrite.TimeRead.time_pathfinder_write": 1654408126282, "sampling.TimeSampling.time_forward_sample": 1654407295867, "sampling.TimeSampling.time_gibbs_sampling": 1654407296125, "sampling.TimeSampling.time_likelihood_sample": 1654408149354, "sampling.TimeSampling.time_rejection_sample": 1654407910582, "structure_learning.TimeHillClimbAlarmModel.time_hillclimb": 1654407910840, "structure_learning.TimeMmhcAlarmModel.time_mmhc": 1654407911097, "structure_learning.TimePCAlarmModel.time_pc_orig": 1654407911355,