{"results": {"factor.TimeDiscreteFactor.time_factor_compare": {"result": [6.695503058532873e-05], "stats": [{"ci_99": [6.677716588362669e-05, 6.762297394183966e-05], "q_25": 6.685340299438208e-05, "q_75": 6.698573139520027e-05, "min": 6.677716588362669e-05, "max": 6.762297394183966e-05, "mean": 6.701295646146321e-05, "std": 2.455864129445638e-07, "repeat": 10, "number": 156}]}, "factor.TimeDiscreteFactor.time_factor_marginalize": {"result": [6.395022379245586e-05], "stats": [{"ci_99": [6.339684530289588e-05, 6.428981077171372e-05], "q_25": 6.356757848027224e-05, "q_75": 6.408632236594212e-05, "min": 6.339684530289588e-05, "max": 6.428981077171372e-05, "mean": 6.385474370982119e-05, "std": 2.951889952663793e-07, "repeat": 10, "number": 167}]}, "factor.TimeDiscreteFactor.time_factor_multiply_large": {"result": [4.76900657469576e-05], "stats": [{"ci_99": [4.569670524109494e-05, 4.876393147490241e-05], "q_25": 4.6430007469925016e-05, "q_75": 4.807313777167689e-05, "min": 4.569670524109494e-05, "max": 4.876393147490241e-05, "mean": 4.733481529084119e-05, "std": 1.0193986894301675e-06, "repeat": 10, "number": 220}]}, "factor.TimeDiscreteFactor.time_factor_reduce": {"result": [2.5540768002398347e-05], "stats": [{"ci_99": [2.5496395205817935e-05, 2.577140081475898e-05], "q_25": 2.5526365121277633e-05, "q_75": 2.5612609191001326e-05, "min": 2.5496395205817935e-05, "max": 2.577140081475898e-05, "mean": 2.5578830301185738e-05, "std": 8.499180013703765e-08, "repeat": 10, "number": 414}]}, "import.TimeImport.time_import": {"result": [1.1668762647226704e-07], "stats": [{"ci_99": [1.1594896562800166e-07, 1.1704108471002798e-07], "q_25": 1.1645209171598385e-07, "q_75": 1.1677535151158825e-07, "min": 1.1594896562800166e-07, "max": 1.1704108471002798e-07, "mean": 1.1659082628996528e-07, "std": 3.287732567251899e-10, "repeat": 10, "number": 92474}]}, "inference.TimeBeliefPropagation.time_query_alarm": {"result": [86.61432675737888], "stats": [{"ci_99": [83.36225473042578, 89.86639878433198], "q_25": 86.58180603710935, "q_75": 86.64684747764841, "min": 86.54928531683981, "max": 86.67936819791794, "mean": 86.61432675737888, "std": 0.06504144053906202, "repeat": 2, "number": 1}]}, "inference.TimeVariableElimination.time_query_alarm": {"result": [0.13448643125593662], "stats": [{"ci_99": [0.1101818550978166, 0.1715191704552311], "q_25": 0.13343429658561945, "q_75": 0.141902647446841, "min": 0.13153059035539627, "max": 0.1628985982388258, "mean": 0.14085051277652383, "std": 0.012789945428898419, "repeat": 4, "number": 1}]}, "inference.TimeVariableElimination.time_query_munin": null, "parameter_learning.TimeBayesianEstimator.time_alarm_bayesian_estimator": null, "parameter_learning.TimeBayesianEstimator.time_munin_bayesian_estimator": null, "parameter_learning.TimeExpectationMaximization.time_alarm_em": null, "parameter_learning.TimeExpectationMaximization.time_munin_em": null, "parameter_learning.TimeMLE.time_alarm_mle": null, "parameter_learning.TimeMLE.time_munin_mle": null, "readwrite.TimeRead.time_asia_read": {"result": [0.14539054315537214], "stats": [{"ci_99": [0.11593658197671175, 0.1748445043340325], "q_25": 0.14509600354358554, "q_75": 0.14568508276715875, "min": 0.14480146393179893, "max": 0.14597962237894535, "mean": 0.14539054315537214, "std": 0.0005890792235732079, "repeat": 2, "number": 1}]}, "readwrite.TimeRead.time_asia_write": {"result": [0.0003603078763593327], "stats": [{"ci_99": [-0.008339560917252069, 0.009060176669970728], "q_25": 0.00027330918842321866, "q_75": 0.0004473065642954467, "min": 0.00018631050048710464, "max": 0.0005343052522315607, "mean": 0.0003603078763593327, "std": 0.00017399737587222804, "repeat": 2, "number": 77}]}, "readwrite.TimeRead.time_munin_read": {"result": [4.892828985117376], "stats": [{"ci_99": [4.629755456931889, 5.155902513302863], "q_25": 4.890198249835521, "q_75": 4.895459720399231, "min": 4.887567514553666, "max": 4.898090455681086, "mean": 4.892828985117376, "std": 0.005261470563709736, "repeat": 2, "number": 1}]}, "readwrite.TimeRead.time_munin_write": {"result": [0.034868636168539524], "stats": [{"ci_99": [0.021092372946441174, 0.04864489939063786], "q_25": 0.03473087353631854, "q_75": 0.03500639880076051, "min": 0.03459311090409756, "max": 0.03514416143298149, "mean": 0.034868636168539524, "std": 0.000275525264441967, "repeat": 2, "number": 1}]}, "readwrite.TimeRead.time_pathfinder_read": {"result": [5.426546043716371], "stats": [{"ci_99": [5.191455406136811, 5.661636681295931], "q_25": 5.4241951373405755, "q_75": 5.428896950092167, "min": 5.42184423096478, "max": 5.431247856467962, "mean": 5.426546043716371, "std": 0.004701812751591206, "repeat": 2, "number": 1}]}, "readwrite.TimeRead.time_pathfinder_write": {"result": [0.02092487644404173], "stats": [{"ci_99": [0.018758666701614857, 0.0230910861864686], "q_25": 0.02090321434661746, "q_75": 0.020946538541465998, "min": 0.02088155224919319, "max": 0.020968200638890266, "mean": 0.02092487644404173, "std": 4.3324194848537445e-05, "repeat": 2, "number": 1}]}, "sampling.TimeSampling.time_forward_sample": null, "sampling.TimeSampling.time_gibbs_sampling": null, "sampling.TimeSampling.time_likelihood_sample": {"result": [0.5569308241829276], "stats": [{"ci_99": [0.5533887967467308, 0.5593035016208887], "q_25": 0.5556448744609952, "q_75": 0.5577992759644985, "min": 0.5533887967467308, "max": 0.5593035016208887, "mean": 0.5567005686461926, "std": 0.0016159734870872648, "repeat": 10, "number": 1}]}, "sampling.TimeSampling.time_rejection_sample": null, "structure_learning.TimeHillClimbAlarmModel.time_hillclimb": null, "structure_learning.TimeMmhcAlarmModel.time_mmhc": null, "structure_learning.TimePCAlarmModel.time_pc_orig": null, "structure_learning.TimePCAlarmModel.time_pc_stable": null, "structure_learning.TimeTreeSearchAlarmModel.time_tan": null}, "params": {"arch": "x86_64", "cpu": "Intel(R) Core(TM) i9-9820X CPU @ 3.30GHz", "machine": "graveyard", "num_cpu": "20", "os": "Linux 4.15.0-112-generic", "ram": "131688676", "python": "3.9"}, "requirements": {}, "commit_hash": "e6bf207db053e9fd7eabc8d4d4e7f45a7483def4", "date": 1601472226000, "env_name": "conda-py3.9", "python": "3.9", "profiles": {}, "started_at": {"factor.TimeDiscreteFactor.time_factor_compare": 1654295780616, "factor.TimeDiscreteFactor.time_factor_marginalize": 1654295780824, "factor.TimeDiscreteFactor.time_factor_multiply_large": 1654295781031, "factor.TimeDiscreteFactor.time_factor_reduce": 1654295781238, "import.TimeImport.time_import": 1654295781446, "inference.TimeBeliefPropagation.time_query_alarm": 1654295781652, "inference.TimeVariableElimination.time_query_alarm": 1654295955709, "inference.TimeVariableElimination.time_query_munin": 1654294951189, "parameter_learning.TimeBayesianEstimator.time_alarm_bayesian_estimator": 1654295011415, "parameter_learning.TimeBayesianEstimator.time_munin_bayesian_estimator": 1654295011472, "parameter_learning.TimeExpectationMaximization.time_alarm_em": 1654295011529, "parameter_learning.TimeExpectationMaximization.time_munin_em": 1654295011585, "parameter_learning.TimeMLE.time_alarm_mle": 1654295011641, "parameter_learning.TimeMLE.time_munin_mle": 1654295011698, "readwrite.TimeRead.time_asia_read": 1654295973926, "readwrite.TimeRead.time_asia_write": 1654295997146, "readwrite.TimeRead.time_munin_read": 1654296020367, "readwrite.TimeRead.time_munin_write": 1654296055267, "readwrite.TimeRead.time_pathfinder_read": 1654296078238, "readwrite.TimeRead.time_pathfinder_write": 1654296112890, "sampling.TimeSampling.time_forward_sample": 1654295173786, "sampling.TimeSampling.time_gibbs_sampling": 1654295174044, "sampling.TimeSampling.time_likelihood_sample": 1654296135861, "sampling.TimeSampling.time_rejection_sample": 1654295779074, "structure_learning.TimeHillClimbAlarmModel.time_hillclimb": 1654295779331, "structure_learning.TimeMmhcAlarmModel.time_mmhc": 1654295779586, "structure_learning.TimePCAlarmModel.time_pc_orig": 1654295779844,