{"results": {"factor.TimeDiscreteFactor.time_factor_marginalize": {"result": [6.381534816076358e-05], "stats": [{"ci_99": [6.334929327879633e-05, 6.412675914665063e-05], "q_25": 6.371301354929094e-05, "q_75": 6.388480930278699e-05, "min": 6.334929327879633e-05, "max": 6.412675914665063e-05, "mean": 6.380302144125814e-05, "std": 2.1844540347876452e-07, "repeat": 10, "number": 168}]}, "factor.TimeDiscreteFactor.time_factor_multiply_large": {"result": [5.50858478279824e-05], "stats": [{"ci_99": [5.435698883647614e-05, 5.5988358848906577e-05], "q_25": 5.481575437365694e-05, "q_75": 5.5168827183227585e-05, "min": 5.435698883647614e-05, "max": 5.5988358848906577e-05, "mean": 5.505121055435628e-05, "std": 4.2557202742562253e-07, "repeat": 10, "number": 188}]}, "factor.TimeDiscreteFactor.time_factor_reduce": {"result": [3.222603581647957e-05], "stats": [{"ci_99": [3.204390318696126e-05, 3.269751031490202e-05], "q_25": 3.2142260740991886e-05, "q_75": 3.24375504369581e-05, "min": 3.204390318696126e-05, "max": 3.269751031490202e-05, "mean": 3.2283224517089425e-05, "std": 2.137637133187373e-07, "repeat": 10, "number": 339}]}, "import.TimeImport.time_import": {"result": [1.317861979550869e-07], "stats": [{"ci_99": [1.3122890617926067e-07, 1.320740294748435e-07], "q_25": 1.3164530267033846e-07, "q_75": 1.3194360705246113e-07, "min": 1.3122890617926067e-07, "max": 1.320740294748435e-07, "mean": 1.3176723050042106e-07, "std": 2.3764723518572365e-10, "repeat": 10, "number": 82480}]}, "readwrite.TimeRead.time_asia_read": {"result": [0.14908770937472582], "stats": [{"ci_99": [-0.0033911699429154396, 0.30156658869236697], "q_25": 0.1475629205815494, "q_75": 0.15061249816790223, "min": 0.146038131788373, "max": 0.15213728696107864, "mean": 0.14908770937472582, "std": 0.003049577586352825, "repeat": 2, "number": 1}]}, "readwrite.TimeRead.time_asia_write": {"result": [0.0006672845775028691], "stats": [{"ci_99": [0.0006566813244717196, 0.0006778878305340186], "q_25": 0.0006671785449725576, "q_75": 0.0006673906100331806, "min": 0.0006670725124422461, "max": 0.0006674966425634921, "mean": 0.0006672845775028691, "std": 2.1206506062299013e-07, "repeat": 2, "number": 64}]}, "readwrite.TimeRead.time_munin_read": {"result": [5.715222206898034], "stats": [{"ci_99": [5.443040809594095, 5.9874036042019725], "q_25": 5.712500392924994, "q_75": 5.717944020871073, "min": 5.709778578951955, "max": 5.720665834844112, "mean": 5.715222206898034, "std": 0.005443627946078777, "repeat": 2, "number": 1}]}, "readwrite.TimeRead.time_munin_write": {"result": [0.04459160007536411], "stats": [{"ci_99": [0.04034942574799061, 0.04883377440273762], "q_25": 0.04454917833209038, "q_75": 0.04463402181863785, "min": 0.04450675658881664, "max": 0.04467644356191158, "mean": 0.04459160007536411, "std": 8.484348654747009e-05, "repeat": 2, "number": 1}]}, "readwrite.TimeRead.time_pathfinder_read": {"result": [6.340990852564573], "stats": [{"ci_99": [6.218832064419985, 6.463149640709162], "q_25": 6.339769264683127, "q_75": 6.342212440446019, "min": 6.3385476768016815, "max": 6.343434028327465, "mean": 6.340990852564573, "std": 0.0024431757628917694, "repeat": 2, "number": 1}]}, "readwrite.TimeRead.time_pathfinder_write": {"result": [0.026499124243855476], "stats": [{"ci_99": [0.018298083916306496, 0.03470016457140445], "q_25": 0.026417113840579987, "q_75": 0.026581134647130966, "min": 0.026335103437304497, "max": 0.026663145050406456, "mean": 0.026499124243855476, "std": 0.00016402080655097961, "repeat": 2, "number": 1}]}, "sampling.TimeSampling.time_forward_sample": null, "sampling.TimeSampling.time_gibbs_sampling": null, "sampling.TimeSampling.time_likelihood_sample": {"result": [0.6371560283005238], "stats": [{"ci_99": [0.6326466407626867, 0.6391972191631794], "q_25": 0.6347147594206035, "q_75": 0.6381819043308496, "min": 0.6326466407626867, "max": 0.6391972191631794, "mean": 0.6365018120035529, "std": 0.0020655071303315163, "repeat": 10, "number": 1}]}, "sampling.TimeSampling.time_rejection_sample": null, "structure_learning.TimeHillClimb.time_hillclimb": null, "structure_learning.TimePC.time_pc_orig": {"result": [41.44094617012888], "stats": [{"ci_99": [34.93511367496103, 47.946778665296726], "q_25": 41.3758878451772, "q_75": 41.50600449508056, "min": 41.310829520225525, "max": 41.57106282003224, "mean": 41.44094617012888, "std": 0.13011664990335703, "repeat": 2, "number": 1}]}, "structure_learning.TimePC.time_pc_stable": {"result": [47.022407330106944], "stats": [{"ci_99": [46.42434242693707, 47.620472233276814], "q_25": 47.016426681075245, "q_75": 47.02838797913864, "min": 47.010446032043546, "max": 47.03436862817034, "mean": 47.022407330106944, "std": 0.011961298063397408, "repeat": 2, "number": 1}]}, "factor.TimeDiscreteFactor.time_factor_compare": {"result": [7.5160714608806e-05], "stats": [{"ci_99": [7.414770918292599e-05, 7.625242004861365e-05], "q_25": 7.492785791417102e-05, "q_75": 7.587602570444553e-05, "min": 7.414770918292599e-05, "max": 7.625242004861365e-05, "mean": 7.527282500600482e-05, "std": 6.99582009636109e-07, "repeat": 10, "number": 143}]}, "inference.TimeBeliefPropagation.time_query_alarm": {"result": [87.9808858083561], "stats": [{"ci_99": [85.54934994783252, 90.41242166887969], "q_25": 87.95657044975087, "q_75": 88.00520116696134, "min": 87.93225509114563, "max": 88.02951652556658, "mean": 87.9808858083561, "std": 0.04863071721047163, "repeat": 2, "number": 1}]}, "inference.TimeVariableElimination.time_query_alarm": {"result": [0.6677312348037958], "stats": [{"ci_99": [0.6558826024248083, 0.6796416092128674], "q_25": 0.6637435518205166, "q_75": 0.6717497888021171, "min": 0.663616057485342, "max": 0.6719698961824179, "mean": 0.6677621058188379, "std": 0.004062821984413754, "repeat": 4, "number": 1}]}, "inference.TimeVariableElimination.time_query_munin": null, "parameter_learning.TimeBayesianEstimator.time_alarm_bayesian_estimator": null, "parameter_learning.TimeBayesianEstimator.time_munin_bayesian_estimator": null, "parameter_learning.TimeExpectationMaximization.time_alarm_em": null, "parameter_learning.TimeExpectationMaximization.time_munin_em": null, "parameter_learning.TimeMLE.time_alarm_mle": null, "parameter_learning.TimeMLE.time_munin_mle": null, "structure_learning.TimeHillClimbAlarmModel.time_hillclimb": null, "structure_learning.TimeMmhcAlarmModel.time_mmhc": null, "structure_learning.TimePCAlarmModel.time_pc_orig": null, "structure_learning.TimePCAlarmModel.time_pc_stable": null, "structure_learning.TimeTreeSearchAlarmModel.time_tan": null}, "params": {"arch": "x86_64", "cpu": "Intel(R) Core(TM) i9-9820X CPU @ 3.30GHz", "machine": "graveyard", "num_cpu": "20", "os": "Linux 4.15.0-112-generic", "ram": "131688676", "python": "3.6"}, "requirements": {}, "commit_hash": "e6bf207db053e9fd7eabc8d4d4e7f45a7483def4", "date": 1601472226000, "env_name": "conda-py3.6", "python": "3.6", "profiles": {}, "started_at": {"factor.TimeDiscreteFactor.time_factor_marginalize": 1654292002433, "factor.TimeDiscreteFactor.time_factor_multiply_large": 1654292002639, "factor.TimeDiscreteFactor.time_factor_reduce": 1654292002845, "import.TimeImport.time_import": 1654292003052, "readwrite.TimeRead.time_asia_read": 1654292201626, "readwrite.TimeRead.time_asia_write": 1654292227953, "readwrite.TimeRead.time_munin_read": 1654292254081, "readwrite.TimeRead.time_munin_write": 1654292293344, "readwrite.TimeRead.time_pathfinder_read": 1654292319523, "readwrite.TimeRead.time_pathfinder_write": 1654292358937, "sampling.TimeSampling.time_forward_sample": 1654291394631, "sampling.TimeSampling.time_gibbs_sampling": 1654291394938, "sampling.TimeSampling.time_likelihood_sample": 1654292385067, "sampling.TimeSampling.time_rejection_sample": 1654292000484, "structure_learning.TimeHillClimb.time_hillclimb": 1610352205398, "structure_learning.TimePC.time_pc_orig": 1610352815361, "structure_learning.TimePC.time_pc_stable": 1610352909345, "factor.TimeDiscreteFactor.time_factor_compare": 1654292002225,