{"results": {"factor.TimeDiscreteFactor.time_factor_marginalize": {"result": [6.104534192160629e-05], "stats": [{"ci_99": [6.0779577784839716e-05, 6.138975464407054e-05], "q_25": 6.0962890435395567e-05, "q_75": 6.121665442726393e-05, "min": 6.0779577784839716e-05, "max": 6.138975464407054e-05, "mean": 6.107159558383897e-05, "std": 1.8814840393928657e-07, "repeat": 10, "number": 174}]}, "factor.TimeDiscreteFactor.time_factor_multiply_large": {"result": [4.9404465385432384e-05], "stats": [{"ci_99": [4.898784772574323e-05, 5.017645042208792e-05], "q_25": 4.9099581569288534e-05, "q_75": 4.9511917857724484e-05, "min": 4.898784772574323e-05, "max": 5.017645042208792e-05, "mean": 4.938545103356675e-05, "std": 3.320755860036543e-07, "repeat": 10, "number": 206}]}, "factor.TimeDiscreteFactor.time_factor_reduce": {"result": [2.9006337326715253e-05], "stats": [{"ci_99": [2.8893014307141635e-05, 2.9249137532080116e-05], "q_25": 2.8924605339599518e-05, "q_75": 2.9078023222827644e-05, "min": 2.8893014307141635e-05, "max": 2.9249137532080116e-05, "mean": 2.9015779744283728e-05, "std": 1.0714499635992269e-07, "repeat": 10, "number": 359}]}, "import.TimeImport.time_import": {"result": [1.267847227033776e-07], "stats": [{"ci_99": [1.264389175563602e-07, 1.2880617752763768e-07], "q_25": 1.2663640318749577e-07, "q_75": 1.278934006753956e-07, "min": 1.264389175563602e-07, "max": 1.2880617752763768e-07, "mean": 1.2725630104186478e-07, "std": 8.62537048544036e-10, "repeat": 10, "number": 80524}]}, "readwrite.TimeRead.time_asia_read": {"result": [0.13953526876866817], "stats": [{"ci_99": [0.07514027319848537, 0.20393026433885092], "q_25": 0.13889131881296635, "q_75": 0.14017921872437, "min": 0.13824736885726452, "max": 0.14082316868007183, "mean": 0.13953526876866817, "std": 0.001287899911403656, "repeat": 2, "number": 1}]}, "readwrite.TimeRead.time_asia_write": {"result": [0.000559413754572607], "stats": [{"ci_99": [-0.00010273618342941508, 0.0012215636925746289], "q_25": 0.0005527922551925869, "q_75": 0.0005660352539526273, "min": 0.0005461707558125666, "max": 0.0005726567533326475, "mean": 0.000559413754572607, "std": 1.3242998760040444e-05, "repeat": 2, "number": 73}]}, "readwrite.TimeRead.time_munin_read": {"result": [5.2136873081326485], "stats": [{"ci_99": [4.858919810503721, 5.568454805761576], "q_25": 5.210139633156359, "q_75": 5.217234983108938, "min": 5.20659195818007, "max": 5.220782658085227, "mean": 5.2136873081326485, "std": 0.007095349952578545, "repeat": 2, "number": 1}]}, "readwrite.TimeRead.time_munin_write": {"result": [0.04011655319482088], "stats": [{"ci_99": [0.030965144746005535, 0.04926796164363622], "q_25": 0.04002503911033273, "q_75": 0.040208067279309034, "min": 0.039933525025844574, "max": 0.04029958136379719, "mean": 0.04011655319482088, "std": 0.00018302816897630692, "repeat": 2, "number": 1}]}, "readwrite.TimeRead.time_pathfinder_read": {"result": [5.803687224164605], "stats": [{"ci_99": [5.287791887298226, 6.319582561030984], "q_25": 5.798528270795941, "q_75": 5.808846177533269, "min": 5.793369317427278, "max": 5.814005130901933, "mean": 5.803687224164605, "std": 0.010317906737327576, "repeat": 2, "number": 1}]}, "readwrite.TimeRead.time_pathfinder_write": {"result": [0.025575043633580208], "stats": [{"ci_99": [0.01974664069712162, 0.03140344657003879], "q_25": 0.025516759604215622, "q_75": 0.025633327662944794, "min": 0.025458475574851036, "max": 0.02569161169230938, "mean": 0.025575043633580208, "std": 0.00011656805872917175, "repeat": 2, "number": 1}]}, "sampling.TimeSampling.time_forward_sample": null, "sampling.TimeSampling.time_gibbs_sampling": null, "sampling.TimeSampling.time_likelihood_sample": {"result": [0.6263626655563712], "stats": [{"ci_99": [0.6248006131500006, 0.6293897461146116], "q_25": 0.6257899897173047, "q_75": 0.627665685955435, "min": 0.6248006131500006, "max": 0.6293897461146116, "mean": 0.6267138540744781, "std": 0.001407710190665678, "repeat": 10, "number": 1}]}, "sampling.TimeSampling.time_rejection_sample": null, "structure_learning.TimeHillClimb.time_hillclimb": null, "structure_learning.TimePC.time_pc_orig": {"result": [37.32462069904432], "stats": [{"ci_99": [20.61059690034017, 54.03864449774845], "q_25": 37.157480461057276, "q_75": 37.49176093703136, "min": 36.990340223070234, "max": 37.6589011750184, "mean": 37.32462069904432, "std": 0.33428047597408295, "repeat": 2, "number": 1}]}, "structure_learning.TimePC.time_pc_stable": {"result": [41.37545684585348], "stats": [{"ci_99": [39.984912707004696, 42.76600098470226], "q_25": 41.36155140446499, "q_75": 41.389362287241966, "min": 41.3476459630765, "max": 41.40326772863045, "mean": 41.37545684585348, "std": 0.02781088277697563, "repeat": 2, "number": 1}]}, "factor.TimeDiscreteFactor.time_factor_compare": {"result": [7.084552576211659e-05], "stats": [{"ci_99": [7.06688324744637e-05, 7.126189617289079e-05], "q_25": 7.071282802703413e-05, "q_75": 7.097475620842464e-05, "min": 7.06688324744637e-05, "max": 7.126189617289079e-05, "mean": 7.08775922051958e-05, "std": 1.916794718723315e-07, "repeat": 10, "number": 148}]}, "inference.TimeBeliefPropagation.time_query_alarm": {"result": [17.57855240534991], "stats": [{"ci_99": [17.561733697541058, 17.595371113158762], "q_25": 17.57838421827182, "q_75": 17.578720592428, "min": 17.578216031193733, "max": 17.578888779506087, "mean": 17.57855240534991, "std": 0.0003363741561770439, "repeat": 2, "number": 1}]}, "inference.TimeVariableElimination.time_query_alarm": {"result": [0.2674118345603347], "stats": [{"ci_99": [0.2415932468778187, 0.3028806610324686], "q_25": 0.2653055661357939, "q_75": 0.27434322237968445, "min": 0.26109739392995834, "max": 0.29302675276994705, "mean": 0.2722369539551437, "std": 0.012286771707659315, "repeat": 4, "number": 1}]}, "inference.TimeVariableElimination.time_query_munin": null, "parameter_learning.TimeBayesianEstimator.time_alarm_bayesian_estimator": null, "parameter_learning.TimeBayesianEstimator.time_munin_bayesian_estimator": null, "parameter_learning.TimeExpectationMaximization.time_alarm_em": null, "parameter_learning.TimeExpectationMaximization.time_munin_em": null, "parameter_learning.TimeMLE.time_alarm_mle": null, "parameter_learning.TimeMLE.time_munin_mle": null, "structure_learning.TimeHillClimbAlarmModel.time_hillclimb": null, "structure_learning.TimeMmhcAlarmModel.time_mmhc": null, "structure_learning.TimePCAlarmModel.time_pc_orig": null, "structure_learning.TimePCAlarmModel.time_pc_stable": null, "structure_learning.TimeTreeSearchAlarmModel.time_tan": null}, "params": {"arch": "x86_64", "cpu": "Intel(R) Core(TM) i9-9820X CPU @ 3.30GHz", "machine": "graveyard", "num_cpu": "20", "os": "Linux 4.15.0-112-generic", "ram": "131688676", "python": "3.8"}, "requirements": {}, "commit_hash": "e6bf207db053e9fd7eabc8d4d4e7f45a7483def4", "date": 1601472226000, "env_name": "conda-py3.8", "python": "3.8", "profiles": {}, "started_at": {"factor.TimeDiscreteFactor.time_factor_marginalize": 1654294522497, "factor.TimeDiscreteFactor.time_factor_multiply_large": 1654294522704, "factor.TimeDiscreteFactor.time_factor_reduce": 1654294522910, "import.TimeImport.time_import": 1654294523116, "readwrite.TimeRead.time_asia_read": 1654294578267, "readwrite.TimeRead.time_asia_write": 1654294602539, "readwrite.TimeRead.time_munin_read": 1654294626664, "readwrite.TimeRead.time_munin_write": 1654294662971, "readwrite.TimeRead.time_pathfinder_read": 1654294687145, "readwrite.TimeRead.time_pathfinder_write": 1654294723652, "sampling.TimeSampling.time_forward_sample": 1654293914353, "sampling.TimeSampling.time_gibbs_sampling": 1654293914710, "sampling.TimeSampling.time_likelihood_sample": 1654294747775, "sampling.TimeSampling.time_rejection_sample": 1654294520197, "structure_learning.TimeHillClimb.time_hillclimb": 1610355792691, "structure_learning.TimePC.time_pc_orig": 1610356341650, "structure_learning.TimePC.time_pc_stable": 1610356416024, "factor.TimeDiscreteFactor.time_factor_compare": 1654294522290,