{"results": {"factor.TimeDiscreteFactor.time_factor_marginalize": {"result": [6.351127845824822e-05], "stats": [{"ci_99": [6.337656182121243e-05, 6.39742284395991e-05], "q_25": 6.346820341147615e-05, "q_75": 6.358565476078253e-05, "min": 6.337656182121243e-05, "max": 6.39742284395991e-05, "mean": 6.355911868034736e-05, "std": 1.65492691904928e-07, "repeat": 10, "number": 169}]}, "factor.TimeDiscreteFactor.time_factor_multiply_large": {"result": [5.312780649111602e-05], "stats": [{"ci_99": [5.279619995344199e-05, 5.3958116215096703e-05], "q_25": 5.302087149836801e-05, "q_75": 5.33087292695017e-05, "min": 5.279619995344199e-05, "max": 5.3958116215096703e-05, "mean": 5.3204242229176476e-05, "std": 3.1091905739277257e-07, "repeat": 10, "number": 209}]}, "factor.TimeDiscreteFactor.time_factor_reduce": {"result": [3.098404264467152e-05], "stats": [{"ci_99": [3.075998351191381e-05, 3.139289058638165e-05], "q_25": 3.094465223629359e-05, "q_75": 3.116384727672212e-05, "min": 3.075998351191381e-05, "max": 3.139289058638165e-05, "mean": 3.1044632783506525e-05, "std": 1.7981818840043795e-07, "repeat": 10, "number": 349}]}, "import.TimeImport.time_import": {"result": [1.2581752360469562e-07], "stats": [{"ci_99": [1.254054736908689e-07, 1.2668265857540383e-07], "q_25": 1.2578540682995759e-07, "q_75": 1.2608588662504286e-07, "min": 1.254054736908689e-07, "max": 1.2668265857540383e-07, "mean": 1.2596366131903251e-07, "std": 3.650464608016942e-10, "repeat": 10, "number": 87458}]}, "readwrite.TimeRead.time_asia_read": {"result": [0.17249528039246798], "stats": [{"ci_99": [0.12524537462741137, 0.21974518615752453], "q_25": 0.1720227813348174, "q_75": 0.17296777945011854, "min": 0.17155028227716684, "max": 0.1734402785077691, "mean": 0.17249528039246798, "std": 0.0009449981153011322, "repeat": 2, "number": 1}]}, "readwrite.TimeRead.time_asia_write": {"result": [0.00039564692415297034], "stats": [{"ci_99": [-0.00913149663247168, 0.009922790480777613], "q_25": 0.0003003754885867238, "q_75": 0.0004909183597192168, "min": 0.00020510405302047728, "max": 0.0005861897952854633, "mean": 0.00039564692415297034, "std": 0.00019054287113249302, "repeat": 2, "number": 70}]}, "readwrite.TimeRead.time_munin_read": {"result": [5.45932936668396], "stats": [{"ci_99": [4.353038474917412, 6.565620258450507], "q_25": 5.4482664577662945, "q_75": 5.470392275601625, "min": 5.437203548848629, "max": 5.481455184519291, "mean": 5.45932936668396, "std": 0.022125817835330963, "repeat": 2, "number": 1}]}, "readwrite.TimeRead.time_munin_write": {"result": [0.04056675639003515], "stats": [{"ci_99": [0.0323700001463294, 0.048763512633740895], "q_25": 0.040484788827598095, "q_75": 0.04064872395247221, "min": 0.04040282126516104, "max": 0.04073069151490927, "mean": 0.04056675639003515, "std": 0.000163935124874115, "repeat": 2, "number": 1}]}, "readwrite.TimeRead.time_pathfinder_read": {"result": [6.074266561307013], "stats": [{"ci_99": [5.38002956379205, 6.768503558821975], "q_25": 6.067324191331863, "q_75": 6.081208931282163, "min": 6.060381821356714, "max": 6.088151301257312, "mean": 6.074266561307013, "std": 0.013884739950299263, "repeat": 2, "number": 1}]}, "readwrite.TimeRead.time_pathfinder_write": {"result": [0.024914556182920933], "stats": [{"ci_99": [0.01959242019802332, 0.030236692167818543], "q_25": 0.024861334823071957, "q_75": 0.02496777754276991, "min": 0.02480811346322298, "max": 0.025020998902618885, "mean": 0.024914556182920933, "std": 0.00010644271969795227, "repeat": 2, "number": 1}]}, "sampling.TimeSampling.time_forward_sample": {"result": [5.560563710518181], "stats": [{"ci_99": [3.0259337471798062, 8.095193673856555], "q_25": 5.535217410884798, "q_75": 5.585910010151565, "min": 5.509871111251414, "max": 5.611256309784949, "mean": 5.560563710518181, "std": 0.0506925992667675, "repeat": 2, "number": 1}]}, "sampling.TimeSampling.time_gibbs_sampling": null, "sampling.TimeSampling.time_likelihood_sample": {"result": [5.25818091398105], "stats": [{"ci_99": [4.950369140598923, 5.5659926873631775], "q_25": 5.255102796247229, "q_75": 5.2612590317148715, "min": 5.252024678513408, "max": 5.264337149448693, "mean": 5.25818091398105, "std": 0.006156235467642546, "repeat": 2, "number": 1}]}, "sampling.TimeSampling.time_rejection_sample": null, "structure_learning.TimeHillClimb.time_hillclimb": null, "structure_learning.TimePC.time_pc_orig": {"result": [41.512351982761174], "stats": [{"ci_99": [37.664380540605634, 45.360323424916714], "q_25": 41.47387226833962, "q_75": 41.55083169718273, "min": 41.435392553918064, "max": 41.589311411604285, "mean": 41.512351982761174, "std": 0.0769594288431108, "repeat": 2, "number": 1}]}, "structure_learning.TimePC.time_pc_stable": {"result": [48.74161340203136], "stats": [{"ci_99": [47.353489025495946, 50.12973777856678], "q_25": 48.72773215826601, "q_75": 48.755494645796716, "min": 48.713850914500654, "max": 48.76937588956207, "mean": 48.74161340203136, "std": 0.027762487530708313, "repeat": 2, "number": 1}]}}, "params": {"arch": "x86_64", "cpu": "Intel(R) Core(TM) i9-9820X CPU @ 3.30GHz", "machine": "graveyard", "num_cpu": "20", "os": "Linux 4.15.0-112-generic", "ram": "131688676", "python": "3.7"}, "requirements": {}, "commit_hash": "e8e07aacbe04c6a9b266eccc86fd93dd9a222f3c", "date": 1595853382000, "env_name": "conda-py3.7", "python": "3.7", "profiles": {}, "started_at": {"factor.TimeDiscreteFactor.time_factor_marginalize": 1610484581895, "factor.TimeDiscreteFactor.time_factor_multiply_large": 1610484582104, "factor.TimeDiscreteFactor.time_factor_reduce": 1610484582311, "import.TimeImport.time_import": 1610484582518, "readwrite.TimeRead.time_asia_read": 1610484582725, "readwrite.TimeRead.time_asia_write": 1610484608150, "readwrite.TimeRead.time_munin_read": 1610484633326, "readwrite.TimeRead.time_munin_write": 1610484671111, "readwrite.TimeRead.time_pathfinder_read": 1610484696337, "readwrite.TimeRead.time_pathfinder_write": 1610484734449, "sampling.TimeSampling.time_forward_sample": 1610484759625, "sampling.TimeSampling.time_gibbs_sampling": 1610483174182, "sampling.TimeSampling.time_likelihood_sample": 1610484771164, "sampling.TimeSampling.time_rejection_sample": 1610483785364, "structure_learning.TimeHillClimb.time_hillclimb": 1610484385446, "structure_learning.TimePC.time_pc_orig": 1610484782151, "structure_learning.TimePC.time_pc_stable": 1610484871550}, "ended_at": {"factor.TimeDiscreteFactor.time_factor_marginalize": 1610484582103, "factor.TimeDiscreteFactor.time_factor_multiply_large": 1610484582310, "factor.TimeDiscreteFactor.time_factor_reduce": 1610484582517, "import.TimeImport.time_import": 1610484582724, "readwrite.TimeRead.time_asia_read": 1610484608150, "readwrite.TimeRead.time_asia_write": 1610484633326, "readwrite.TimeRead.time_munin_read": 1610484671111, "readwrite.TimeRead.time_munin_write": 1610484696337, "readwrite.TimeRead.time_pathfinder_read": 1610484734448, "readwrite.TimeRead.time_pathfinder_write": 1610484759625, "sampling.TimeSampling.time_forward_sample": 1610484771163, "sampling.TimeSampling.time_gibbs_sampling": 1610483774427, "sampling.TimeSampling.time_likelihood_sample": 1610484782151, "sampling.TimeSampling.time_rejection_sample": 1610484385446, "structure_learning.TimeHillClimb.time_hillclimb": 1610484391420, "structure_learning.TimePC.time_pc_orig": 1610484871549, "structure_learning.TimePC.time_pc_stable": 1610484973680}, "benchmark_version": {"factor.TimeDiscreteFactor.time_factor_marginalize": "a3ae79cdcf3bcd4bc49df94b3b3d5f93c4126249a9b3cf2481ac381ee836f851", "factor.TimeDiscreteFactor.time_factor_multiply_large": "cfb6b66fddb2953948ffb6566ae101535dd1e8d0fd9af855331f39ef905f4450", "factor.TimeDiscreteFactor.time_factor_reduce": "cb3858b638914f7572792153a60efb4aecbde56d5abf039791451adb0f26c263", "import.TimeImport.time_import": "b8454f897532cbfc3dc91dd442b9d4429c7671f8720779f25b6975fed7999d6c", "readwrite.TimeRead.time_asia_read": "00ee50175421b36358b2284cbbaaf9e6caad1078a142202d8afbc8a5431e3d42",