{"results": {"factor.TimeDiscreteFactor.time_factor_compare": {"result": [6.991156066457431e-05], "stats": [{"ci_99": [6.962262094020844e-05, 7.068516065677006e-05], "q_25": 6.967132911086081e-05, "q_75": 7.000313450892766e-05, "min": 6.962262094020844e-05, "max": 7.068516065677006e-05, "mean": 6.993449851870536e-05, "std": 3.116439888763182e-07, "repeat": 10, "number": 150}]}, "factor.TimeDiscreteFactor.time_factor_marginalize": {"result": [5.967712717219478e-05], "stats": [{"ci_99": [5.936164719363054e-05, 0.00014119833663460754], "q_25": 5.952435146485056e-05, "q_75": 6.073269815672011e-05, "min": 5.936164719363054e-05, "max": 0.00014119833663460754, "mean": 6.929638773380292e-05, "std": 2.4319593878008133e-05, "repeat": 10, "number": 168}]}, "factor.TimeDiscreteFactor.time_factor_multiply_large": {"result": [4.7970247036273324e-05], "stats": [{"ci_99": [4.761767735995284e-05, 4.863721070759887e-05], "q_25": 4.779556210776535e-05, "q_75": 4.8271773400109837e-05, "min": 4.761767735995284e-05, "max": 4.863721070759887e-05, "mean": 4.805939169515164e-05, "std": 3.4281315726591345e-07, "repeat": 10, "number": 218}]}, "factor.TimeDiscreteFactor.time_factor_reduce": {"result": [2.7170557233378708e-05], "stats": [{"ci_99": [2.706376240229058e-05, 2.7414825756836426e-05], "q_25": 2.7135031207290756e-05, "q_75": 2.724186057591682e-05, "min": 2.706376240229058e-05, "max": 2.7414825756836426e-05, "mean": 2.7202034507261213e-05, "std": 1.055508881472935e-07, "repeat": 10, "number": 391}]}, "import.TimeImport.time_import": {"result": [1.2980710665801025e-07], "stats": [{"ci_99": [1.2592512594191659e-07, 1.309343324426872e-07], "q_25": 1.2828728676798396e-07, "q_75": 1.301116300532784e-07, "min": 1.2592512594191659e-07, "max": 1.309343324426872e-07, "mean": 1.2903984123333487e-07, "std": 1.6417539612176153e-09, "repeat": 10, "number": 86903}]}, "inference.TimeBeliefPropagation.time_query_alarm": null, "inference.TimeVariableElimination.time_query_alarm": null, "inference.TimeVariableElimination.time_query_munin": null, "parameter_learning.TimeBayesianEstimator.time_alarm_bayesian_estimator": null, "parameter_learning.TimeBayesianEstimator.time_munin_bayesian_estimator": null, "parameter_learning.TimeExpectationMaximization.time_alarm_em": null, "parameter_learning.TimeExpectationMaximization.time_munin_em": null, "parameter_learning.TimeMLE.time_alarm_mle": null, "parameter_learning.TimeMLE.time_munin_mle": null, "readwrite.TimeRead.time_asia_read": null, "readwrite.TimeRead.time_asia_write": null, "readwrite.TimeRead.time_munin_read": null, "readwrite.TimeRead.time_munin_write": null, "readwrite.TimeRead.time_pathfinder_read": null, "readwrite.TimeRead.time_pathfinder_write": null, "sampling.TimeSampling.time_forward_sample": null, "sampling.TimeSampling.time_gibbs_sampling": null, "sampling.TimeSampling.time_likelihood_sample": null, "sampling.TimeSampling.time_rejection_sample": null, "structure_learning.TimeHillClimbAlarmModel.time_hillclimb": null, "structure_learning.TimeMmhcAlarmModel.time_mmhc": null, "structure_learning.TimePCAlarmModel.time_pc_orig": null, "structure_learning.TimePCAlarmModel.time_pc_stable": null, "structure_learning.TimeTreeSearchAlarmModel.time_tan": null}, "params": {"arch": "x86_64", "cpu": "Intel(R) Core(TM) i9-9820X CPU @ 3.30GHz", "machine": "graveyard", "num_cpu": "20", "os": "Linux 4.15.0-112-generic", "ram": "131688676", "python": "3.8"}, "requirements": {}, "commit_hash": "e986841424de0e1f778c43eac791c697291c4012", "date": 1576054438000, "env_name": "conda-py3.8", "python": "3.8", "profiles": {}, "started_at": {"factor.TimeDiscreteFactor.time_factor_compare": 1654472444864, "factor.TimeDiscreteFactor.time_factor_marginalize": 1654472445071, "factor.TimeDiscreteFactor.time_factor_multiply_large": 1654472445277, "factor.TimeDiscreteFactor.time_factor_reduce": 1654472445483, "import.TimeImport.time_import": 1654472445689, "inference.TimeBeliefPropagation.time_query_alarm": 1654472443526, "inference.TimeVariableElimination.time_query_alarm": 1654472443581, "inference.TimeVariableElimination.time_query_munin": 1654472443636, "parameter_learning.TimeBayesianEstimator.time_alarm_bayesian_estimator": 1654472443692, "parameter_learning.TimeBayesianEstimator.time_munin_bayesian_estimator": 1654472443747, "parameter_learning.TimeExpectationMaximization.time_alarm_em": 1654472443803, "parameter_learning.TimeExpectationMaximization.time_munin_em": 1654472443859, "parameter_learning.TimeMLE.time_alarm_mle": 1654472443915, "parameter_learning.TimeMLE.time_munin_mle": 1654472443970, "readwrite.TimeRead.time_asia_read": 1654472444026, "readwrite.TimeRead.time_asia_write": 1654472444082, "readwrite.TimeRead.time_munin_read": 1654472444138, "readwrite.TimeRead.time_munin_write": 1654472444194, "readwrite.TimeRead.time_pathfinder_read": 1654472444250, "readwrite.TimeRead.time_pathfinder_write": 1654472444306, "sampling.TimeSampling.time_forward_sample": 1654472444362, "sampling.TimeSampling.time_gibbs_sampling": 1654472444417, "sampling.TimeSampling.time_likelihood_sample": 1654472444473, "sampling.TimeSampling.time_rejection_sample": 1654472444529, "structure_learning.TimeHillClimbAlarmModel.time_hillclimb": 1654472444585, "structure_learning.TimeMmhcAlarmModel.time_mmhc": 1654472444641, "structure_learning.TimePCAlarmModel.time_pc_orig": 1654472444697, "structure_learning.TimePCAlarmModel.time_pc_stable": 1654472444753, "structure_learning.TimeTreeSearchAlarmModel.time_tan": 1654472444809}, "ended_at": {"factor.TimeDiscreteFactor.time_factor_compare": 1654472445071, "factor.TimeDiscreteFactor.time_factor_marginalize": 1654472445277, "factor.TimeDiscreteFactor.time_factor_multiply_large": 1654472445483, "factor.TimeDiscreteFactor.time_factor_reduce": 1654472445689, "import.TimeImport.time_import": 1654472445895, "inference.TimeBeliefPropagation.time_query_alarm": 1654472443581, "inference.TimeVariableElimination.time_query_alarm": 1654472443636, "inference.TimeVariableElimination.time_query_munin": 1654472443691, "parameter_learning.TimeBayesianEstimator.time_alarm_bayesian_estimator": 1654472443747, "parameter_learning.TimeBayesianEstimator.time_munin_bayesian_estimator": 1654472443803, "parameter_learning.TimeExpectationMaximization.time_alarm_em": 1654472443859, "parameter_learning.TimeExpectationMaximization.time_munin_em": 1654472443915, "parameter_learning.TimeMLE.time_alarm_mle": 1654472443970, "parameter_learning.TimeMLE.time_munin_mle": 1654472444026, "readwrite.TimeRead.time_asia_read": 1654472444082, "readwrite.TimeRead.time_asia_write": 1654472444138, "readwrite.TimeRead.time_munin_read": 1654472444194, "readwrite.TimeRead.time_munin_write": 1654472444250, "readwrite.TimeRead.time_pathfinder_read": 1654472444306, "readwrite.TimeRead.time_pathfinder_write": 1654472444361, "sampling.TimeSampling.time_forward_sample": 1654472444417, "sampling.TimeSampling.time_gibbs_sampling": 1654472444473, "sampling.TimeSampling.time_likelihood_sample": 1654472444529, "sampling.TimeSampling.time_rejection_sample": 1654472444585, "structure_learning.TimeHillClimbAlarmModel.time_hillclimb": 1654472444641, "structure_learning.TimeMmhcAlarmModel.time_mmhc": 1654472444697, "structure_learning.TimePCAlarmModel.time_pc_orig": 1654472444753, "structure_learning.TimePCAlarmModel.time_pc_stable": 1654472444809, "structure_learning.TimeTreeSearchAlarmModel.time_tan": 1654472444864}, "benchmark_version": {"factor.TimeDiscreteFactor.time_factor_compare": "95feb42df85ffe5cf519cf4af677309a5cdb891db99ad54b655196c3e1f2e13a", "factor.TimeDiscreteFactor.time_factor_marginalize": "a3ae79cdcf3bcd4bc49df94b3b3d5f93c4126249a9b3cf2481ac381ee836f851", "factor.TimeDiscreteFactor.time_factor_multiply_large": "cfb6b66fddb2953948ffb6566ae101535dd1e8d0fd9af855331f39ef905f4450", "factor.TimeDiscreteFactor.time_factor_reduce": "cb3858b638914f7572792153a60efb4aecbde56d5abf039791451adb0f26c263",