{"results": {"factor.TimeDiscreteFactor.time_factor_marginalize": {"result": [6.0771801247355646e-05], "stats": [{"ci_99": [6.054899540175213e-05, 6.095235225524795e-05], "q_25": 6.0668683432963463e-05, "q_75": 6.090538586709607e-05, "min": 6.054899540175213e-05, "max": 6.095235225524795e-05, "mean": 6.0775447008984807e-05, "std": 1.382856826179536e-07, "repeat": 10, "number": 178}]}, "factor.TimeDiscreteFactor.time_factor_multiply_large": {"result": [4.9352478820646826e-05], "stats": [{"ci_99": [4.852740219355699e-05, 5.021577726030564e-05], "q_25": 4.881497414055961e-05, "q_75": 4.953626259292722e-05, "min": 4.852740219355699e-05, "max": 5.021577726030564e-05, "mean": 4.927430869886159e-05, "std": 4.967967165549155e-07, "repeat": 10, "number": 223}]}, "factor.TimeDiscreteFactor.time_factor_reduce": {"result": [2.9062576409753248e-05], "stats": [{"ci_99": [2.8817443703503713e-05, 2.9570782435653e-05], "q_25": 2.893932168776898e-05, "q_75": 2.941073541043569e-05, "min": 2.8817443703503713e-05, "max": 2.9570782435653e-05, "mean": 2.9159008282358228e-05, "std": 2.6951614126964603e-07, "repeat": 10, "number": 368}]}, "import.TimeImport.time_import": {"result": [1.2915763023828927e-07], "stats": [{"ci_99": [1.2879249454744134e-07, 1.3002576876011785e-07], "q_25": 1.29046939627579e-07, "q_75": 1.2928065226813097e-07, "min": 1.2879249454744134e-07, "max": 1.3002576876011785e-07, "mean": 1.2927072649553908e-07, "std": 3.649735635832512e-10, "repeat": 10, "number": 84474}]}, "inference.TimeVariableElimination.time_query_alarm": {"result": [0.06290829088538885], "stats": [{"ci_99": [0.03709783451405488, 0.10460988385828981], "q_25": 0.06257898965850472, "q_75": 0.07118316041305661, "min": 0.061941927298903465, "max": 0.09565692767500877, "mean": 0.07085385918617249, "std": 0.014325730355916768, "repeat": 4, "number": 1}]}, "inference.TimeVariableElimination.time_query_munin": {"result": [0.4981023883447051], "stats": [{"ci_99": [0.4780114315441174, 0.5182171050468163], "q_25": 0.49139702413231134, "q_75": 0.5048196325078607, "min": 0.4909436162561178, "max": 0.5053086802363396, "mean": 0.4981142682954669, "std": 0.006875571105607708, "repeat": 4, "number": 1}]}, "readwrite.TimeRead.time_asia_read": {"result": [0.008393485099077225], "stats": [{"ci_99": [0.00714351050555706, 0.009643459692597387], "q_25": 0.008380985353142023, "q_75": 0.008405984845012426, "min": 0.008368485607206821, "max": 0.008418484590947628, "mean": 0.008393485099077225, "std": 2.499949187040329e-05, "repeat": 2, "number": 2}]}, "readwrite.TimeRead.time_asia_write": {"result": [0.0003654581099136235], "stats": [{"ci_99": [-0.008327405376691525, 0.009058321596518766], "q_25": 0.00027852947504757204, "q_75": 0.000452386744779675, "min": 0.00019160084018152054, "max": 0.0005393153796457265, "mean": 0.0003654581099136235, "std": 0.00017385726973210297, "repeat": 2, "number": 73}]}, "readwrite.TimeRead.time_munin_read": {"result": [5.066461315378547], "stats": [{"ci_99": [4.531948560848832, 5.600974069908261], "q_25": 5.06111618783325, "q_75": 5.071806442923844, "min": 5.055771060287952, "max": 5.077151570469141, "mean": 5.066461315378547, "std": 0.010690255090594292, "repeat": 2, "number": 1}]}, "readwrite.TimeRead.time_munin_write": {"result": [0.04770250339061022], "stats": [{"ci_99": [-0.33782094437628984, 0.43322595115750995], "q_25": 0.04384726891294122, "q_75": 0.05155773786827922, "min": 0.03999203443527222, "max": 0.05541297234594822, "mean": 0.04770250339061022, "std": 0.007710468955338001, "repeat": 2, "number": 1}]}, "readwrite.TimeRead.time_pathfinder_read": {"result": [5.688740779645741], "stats": [{"ci_99": [5.332325446419418, 6.045156112872064], "q_25": 5.685176626313478, "q_75": 5.692304932978004, "min": 5.6816124729812145, "max": 5.6958690863102674, "mean": 5.688740779645741, "std": 0.0071283066645264626, "repeat": 2, "number": 1}]}, "readwrite.TimeRead.time_pathfinder_write": {"result": [0.025428754277527332], "stats": [{"ci_99": [0.025299067609012127, 0.025558440946042538], "q_25": 0.02542745741084218, "q_75": 0.025430051144212484, "min": 0.025426160544157028, "max": 0.025431348010897636, "mean": 0.025428754277527332, "std": 2.5937333703041077e-06, "repeat": 2, "number": 1}]}, "sampling.TimeSampling.time_forward_sample": {"result": [0.20810574386268854], "stats": [{"ci_99": [0.20698225125670433, 0.21038929000496864], "q_25": 0.2072474085725844, "q_75": 0.20845818519592285, "min": 0.20698225125670433, "max": 0.21038929000496864, "mean": 0.2082237409427762, "std": 0.001138608907431344, "repeat": 10, "number": 1}]}, "sampling.TimeSampling.time_gibbs_sampling": null, "sampling.TimeSampling.time_likelihood_sample": {"result": [0.2104658428579569], "stats": [{"ci_99": [0.20862716622650623, 0.2431564535945654], "q_25": 0.2097950829192996, "q_75": 0.21064415061846375, "min": 0.20862716622650623, "max": 0.2431564535945654, "mean": 0.21348276138305664, "std": 0.009918777663931212, "repeat": 10, "number": 1}]}, "sampling.TimeSampling.time_rejection_sample": {"result": [35.85079071857035], "stats": [{"ci_99": [32.92455870471895, 38.777022732421756], "q_25": 35.82152839843184, "q_75": 35.880053038708866, "min": 35.79226607829332, "max": 35.90931535884738, "mean": 35.85079071857035, "std": 0.058524640277028084, "repeat": 2, "number": 1}]}, "structure_learning.TimeHillClimb.time_hillclimb": null, "structure_learning.TimePC.time_pc_orig": {"result": [38.25610543042421], "stats": [{"ci_99": [26.688861031085253, 49.82334982976316], "q_25": 38.140432986430824, "q_75": 38.3717778744176, "min": 38.024760542437434, "max": 38.48745031841099, "mean": 38.25610543042421, "std": 0.2313448879867792, "repeat": 2, "number": 1}]}, "structure_learning.TimePC.time_pc_stable": {"result": [37.46682429034263], "stats": [{"ci_99": [34.08058192860335, 40.85306665208191], "q_25": 37.432961866725236, "q_75": 37.50068671396002, "min": 37.39909944310784, "max": 37.534549137577415, "mean": 37.46682429034263, "std": 0.06772484723478556, "repeat": 2, "number": 1}]}, "factor.TimeDiscreteFactor.time_factor_compare": {"result": [6.250807830290487e-05], "stats": [{"ci_99": [6.230146084961139e-05, 6.41481918201112e-05], "q_25": 6.237169128586674e-05, "q_75": 6.2591483413476e-05, "min": 6.230146084961139e-05, "max": 6.41481918201112e-05, "mean": 6.276669623384698e-05, "std": 6.507325428217771e-07, "repeat": 10, "number": 171}]}, "inference.TimeBeliefPropagation.time_query_alarm": {"result": [87.49970834329724], "stats": [{"ci_99": [86.88459846749902, 88.11481821909547], "q_25": 87.49355724453926, "q_75": 87.50585944205523, "min": 87.48740614578128, "max": 87.51201054081321, "mean": 87.49970834329724, "std": 0.012302197515964508, "repeat": 2, "number": 1}]}, "parameter_learning.TimeBayesianEstimator.time_alarm_bayesian_estimator": {"result": [1.6851147850975394], "stats": [{"ci_99": [1.5100621543365298, 1.8227896839839632], "q_25": 1.6482858508825302, "q_75": 1.703254853375256, "min": 1.5672199558466673, "max": 1.7282541505992413, "mean": 1.6664259191602468, "std": 0.06032299327327987, "repeat": 4, "number": 1}]}, "parameter_learning.TimeBayesianEstimator.time_munin_bayesian_estimator": {"result": [20.232006923295557], "stats": [{"ci_99": [16.7603542720899, 23.703659574501213], "q_25": 20.1972903967835, "q_75": 20.266723449807614, "min": 20.162573870271444, "max": 20.30143997631967, "mean": 20.232006923295557, "std": 0.06943305302411318, "repeat": 2, "number": 1}]}, "parameter_learning.TimeExpectationMaximization.time_alarm_em": {"result": [18.102902172133327], "stats": [{"ci_99": [16.66662739403546, 19.539176950231194], "q_25": 18.088539424352348, "q_75": 18.117264919914305, "min": 18.07417667657137, "max": 18.131627667695284, "mean": 18.102902172133327, "std": 0.02872549556195736, "repeat": 2, "number": 1}]}, "parameter_learning.TimeExpectationMaximization.time_munin_em": {"result": [114.18937606923282], "stats": [{"ci_99": [107.96424349956214, 120.4145086389035], "q_25": 114.12712474353611, "q_75": 114.25162739492953,