{"results": {"factor.TimeDiscreteFactor.time_factor_marginalize": {"result": [6.26544825472804e-05], "stats": [{"ci_99": [6.239134601728861e-05, 6.415070099539534e-05], "q_25": 6.25205128778552e-05, "q_75": 6.28240238658564e-05, "min": 6.239134601728861e-05, "max": 6.415070099539534e-05, "mean": 6.279373259911704e-05, "std": 4.82005073275681e-07, "repeat": 10, "number": 172}]}, "factor.TimeDiscreteFactor.time_factor_multiply_large": {"result": [5.068699603231208e-05], "stats": [{"ci_99": [5.010752350959963e-05, 5.124859258677196e-05], "q_25": 5.0433443461373014e-05, "q_75": 5.102460498659356e-05, "min": 5.010752350959963e-05, "max": 5.124859258677196e-05, "mean": 5.0693880585790833e-05, "std": 4.055512866267849e-07, "repeat": 10, "number": 206}]}, "factor.TimeDiscreteFactor.time_factor_reduce": {"result": [2.9519024408525893e-05], "stats": [{"ci_99": [2.923756320443418e-05, 2.9701372194621297e-05], "q_25": 2.940324031644397e-05, "q_75": 2.9622321017086505e-05, "min": 2.923756320443418e-05, "max": 2.9701372194621297e-05, "mean": 2.9503569627801578e-05, "std": 1.4013507008054613e-07, "repeat": 10, "number": 360}]}, "import.TimeImport.time_import": {"result": [1.3419789446521004e-07], "stats": [{"ci_99": [1.336248094424171e-07, 1.3427717692643952e-07], "q_25": 1.3403093642944054e-07, "q_75": 1.3424271183545613e-07, "min": 1.336248094424171e-07, "max": 1.3427717692643952e-07, "mean": 1.3410496044288328e-07, "std": 2.0589270930879713e-10, "repeat": 10, "number": 80337}]}, "inference.TimeVariableElimination.time_query_alarm": {"result": [0.04634168557822704], "stats": [{"ci_99": [0.04534944311796811, 0.047279048924454184], "q_25": 0.0460350620560348, "q_75": 0.04662086954340339, "min": 0.045898642390966415, "max": 0.04667497053742409, "mean": 0.04631424602121115, "std": 0.0003319462951869995, "repeat": 4, "number": 1}]}, "inference.TimeVariableElimination.time_query_munin": {"result": [0.49358654022216797], "stats": [{"ci_99": [0.47927317087694155, 0.5083253135050918], "q_25": 0.4888642942532897, "q_75": 0.49852148815989494, "min": 0.4887950122356415, "max": 0.4992288760840893, "mean": 0.4937992421910167, "std": 0.0049693506682672054, "repeat": 4, "number": 1}]}, "readwrite.TimeRead.time_asia_read": {"result": [0.008562851697206497], "stats": [{"ci_99": [0.003976926207542419, 0.013148777186870571], "q_25": 0.008516992442309856, "q_75": 0.008608710952103138, "min": 0.008471133187413216, "max": 0.008654570206999779, "mean": 0.008562851697206497, "std": 9.171850979328156e-05, "repeat": 2, "number": 2}]}, "readwrite.TimeRead.time_asia_write": {"result": [0.0005863021360710263], "stats": [{"ci_99": [0.0005108203816538038, 0.0006617838904882488], "q_25": 0.0005855473185268542, "q_75": 0.0005870569536151985, "min": 0.0005847925009826819, "max": 0.0005878117711593708, "mean": 0.0005863021360710263, "std": 1.5096350883444512e-06, "repeat": 2, "number": 72}]}, "readwrite.TimeRead.time_munin_read": {"result": [5.189917190000415], "stats": [{"ci_99": [5.184689024463296, 5.195145355537534], "q_25": 5.189864908345044, "q_75": 5.189969471655786, "min": 5.1898126266896725, "max": 5.190021753311157, "mean": 5.189917190000415, "std": 0.00010456331074237823, "repeat": 2, "number": 1}]}, "readwrite.TimeRead.time_munin_write": {"result": [0.040833969600498676], "stats": [{"ci_99": [0.04047089349478483, 0.04119704570621252], "q_25": 0.04083033883944154, "q_75": 0.040837600361555815, "min": 0.0408267080783844, "max": 0.04084123112261295, "mean": 0.040833969600498676, "std": 7.261522114276886e-06, "repeat": 2, "number": 1}]}, "readwrite.TimeRead.time_pathfinder_read": {"result": [5.805256170220673], "stats": [{"ci_99": [5.7773540718480945, 5.833158268593252], "q_25": 5.804977149236947, "q_75": 5.805535191204399, "min": 5.8046981282532215, "max": 5.805814212188125, "mean": 5.805256170220673, "std": 0.0005580419674515724, "repeat": 2, "number": 1}]}, "readwrite.TimeRead.time_pathfinder_write": {"result": [0.025730493478477], "stats": [{"ci_99": [0.018397399224340916, 0.03306358773261308], "q_25": 0.02565716253593564, "q_75": 0.025803824421018362, "min": 0.02558383159339428, "max": 0.025877155363559723, "mean": 0.025730493478477, "std": 0.0001466618850827217, "repeat": 2, "number": 1}]}, "sampling.TimeSampling.time_forward_sample": {"result": [0.19811629224568605], "stats": [{"ci_99": [0.1958454716950655, 0.20036066323518753], "q_25": 0.19628187362104654, "q_75": 0.19970039650797844, "min": 0.1958454716950655, "max": 0.20036066323518753, "mean": 0.19803837779909372, "std": 0.0017620036122225054, "repeat": 10, "number": 1}]}, "sampling.TimeSampling.time_gibbs_sampling": null, "sampling.TimeSampling.time_likelihood_sample": {"result": [0.20924222003668547], "stats": [{"ci_99": [0.20742930099368095, 0.21103649958968163], "q_25": 0.20895380480214953, "q_75": 0.2093795519322157, "min": 0.20742930099368095, "max": 0.21103649958968163, "mean": 0.20917233712971212, "std": 0.0008976649924541446, "repeat": 10, "number": 1}]}, "sampling.TimeSampling.time_rejection_sample": {"result": [34.145161668770015], "stats": [{"ci_99": [-91.71053746622056, 160.00086080376047], "q_25": 32.88660467742011, "q_75": 35.40371866011992, "min": 31.628047686070204, "max": 36.66227565146983, "mean": 34.145161668770015, "std": 2.5171139826998115, "repeat": 2, "number": 1}]}, "structure_learning.TimeHillClimb.time_hillclimb": null, "structure_learning.TimePC.time_pc_orig": {"result": [38.25610543042421], "stats": [{"ci_99": [26.688861031085253, 49.82334982976316], "q_25": 38.140432986430824, "q_75": 38.3717778744176, "min": 38.024760542437434, "max": 38.48745031841099, "mean": 38.25610543042421, "std": 0.2313448879867792, "repeat": 2, "number": 1}]}, "structure_learning.TimePC.time_pc_stable": {"result": [37.46682429034263], "stats": [{"ci_99": [34.08058192860335, 40.85306665208191], "q_25": 37.432961866725236, "q_75": 37.50068671396002, "min": 37.39909944310784, "max": 37.534549137577415, "mean": 37.46682429034263, "std": 0.06772484723478556, "repeat": 2, "number": 1}]}}, "params": {"arch": "x86_64", "cpu": "Intel(R) Core(TM) i9-9820X CPU @ 3.30GHz", "machine": "graveyard", "num_cpu": "20", "os": "Linux 4.15.0-112-generic", "ram": "131688676", "python": "3.8"}, "requirements": {}, "commit_hash": "eaec44be4f5210f647261ed1f6501a618e6039a1", "date": 1635627051000, "env_name": "conda-py3.8", "python": "3.8", "profiles": {}, "started_at": {"factor.TimeDiscreteFactor.time_factor_marginalize": 1642241723028, "factor.TimeDiscreteFactor.time_factor_multiply_large": 1642241723236, "factor.TimeDiscreteFactor.time_factor_reduce": 1642241723443, "import.TimeImport.time_import": 1642241723650, "inference.TimeVariableElimination.time_query_alarm": 1642241723857, "inference.TimeVariableElimination.time_query_munin": 1642241741863, "readwrite.TimeRead.time_asia_read": 1642241761114, "readwrite.TimeRead.time_asia_write": 1642241784435, "readwrite.TimeRead.time_munin_read": 1642241808257, "readwrite.TimeRead.time_munin_write": 1642241844146, "readwrite.TimeRead.time_pathfinder_read": 1642241868771, "readwrite.TimeRead.time_pathfinder_write": 1642241905476, "sampling.TimeSampling.time_forward_sample": 1642241929949, "sampling.TimeSampling.time_gibbs_sampling": 1642240891469, "sampling.TimeSampling.time_likelihood_sample": 1642241931762, "sampling.TimeSampling.time_rejection_sample": 1642241933626, "structure_learning.TimeHillClimb.time_hillclimb": 1642241562727, "structure_learning.TimePC.time_pc_orig": 1642242009007, "structure_learning.TimePC.time_pc_stable": 1642242089232}, "ended_at": {"factor.TimeDiscreteFactor.time_factor_marginalize": 1642241723236, "factor.TimeDiscreteFactor.time_factor_multiply_large": 1642241723443, "factor.TimeDiscreteFactor.time_factor_reduce": 1642241723650, "import.TimeImport.time_import": 1642241723857, "inference.TimeVariableElimination.time_query_alarm": 1642241741863, "inference.TimeVariableElimination.time_query_munin": 1642241761113, "readwrite.TimeRead.time_asia_read": 1642241784434,