{"results": {"factor.TimeDiscreteFactor.time_factor_marginalize": {"result": [6.289810648766057e-05], "stats": [{"ci_99": [6.263957348191875e-05, 6.325810548217818e-05], "q_25": 6.280529805212869e-05, "q_75": 6.307863855156405e-05, "min": 6.263957348191875e-05, "max": 6.325810548217818e-05, "mean": 6.293945667473064e-05, "std": 2.0031536284091506e-07, "repeat": 10, "number": 174}]}, "factor.TimeDiscreteFactor.time_factor_multiply_large": {"result": [5.209770142322495e-05], "stats": [{"ci_99": [5.179982011516889e-05, 5.2500831051951365e-05], "q_25": 5.1976701555152735e-05, "q_75": 5.2256608337518715e-05, "min": 5.179982011516889e-05, "max": 5.2500831051951365e-05, "mean": 5.21126500375214e-05, "std": 2.166420082842644e-07, "repeat": 10, "number": 210}]}, "factor.TimeDiscreteFactor.time_factor_reduce": {"result": [3.033883637525028e-05], "stats": [{"ci_99": [3.019095565500955e-05, 3.0573355571839584e-05], "q_25": 3.025553254325701e-05, "q_75": 3.0442569857763304e-05, "min": 3.019095565500955e-05, "max": 3.0573355571839584e-05, "mean": 3.0359894739277093e-05, "std": 1.2351802359216403e-07, "repeat": 10, "number": 329}]}, "import.TimeImport.time_import": {"result": [1.2567576568627394e-07], "stats": [{"ci_99": [1.2519697842731982e-07, 1.2668992687846017e-07], "q_25": 1.2564025251963096e-07, "q_75": 1.262412372326479e-07, "min": 1.2519697842731982e-07, "max": 1.2668992687846017e-07, "mean": 1.2585893404177213e-07, "std": 4.464652006449886e-10, "repeat": 10, "number": 85427}]}, "inference.TimeVariableElimination.time_query_alarm": null, "inference.TimeVariableElimination.time_query_munin": null, "readwrite.TimeRead.time_asia_read": null, "readwrite.TimeRead.time_asia_write": null, "readwrite.TimeRead.time_munin_read": null, "readwrite.TimeRead.time_munin_write": null, "readwrite.TimeRead.time_pathfinder_read": null, "readwrite.TimeRead.time_pathfinder_write": null, "sampling.TimeSampling.time_forward_sample": null, "sampling.TimeSampling.time_gibbs_sampling": null, "sampling.TimeSampling.time_likelihood_sample": null, "sampling.TimeSampling.time_rejection_sample": null, "structure_learning.TimeHillClimb.time_hillclimb": null, "structure_learning.TimePC.time_pc_orig": null, "structure_learning.TimePC.time_pc_stable": null}, "params": {"arch": "x86_64", "cpu": "Intel(R) Core(TM) i9-9820X CPU @ 3.30GHz", "machine": "graveyard", "num_cpu": "20", "os": "Linux 4.15.0-112-generic", "ram": "131688676", "python": "3.7"}, "requirements": {}, "commit_hash": "eb4aab7ce4b161268b2fe4286538a69378f844c8", "date": 1616086049000, "env_name": "conda-py3.7", "python": "3.7", "profiles": {}, "started_at": {"factor.TimeDiscreteFactor.time_factor_marginalize": 1618080014963, "factor.TimeDiscreteFactor.time_factor_multiply_large": 1618080015171, "factor.TimeDiscreteFactor.time_factor_reduce": 1618080015377, "import.TimeImport.time_import": 1618080015584, "inference.TimeVariableElimination.time_query_alarm": 1618080014117, "inference.TimeVariableElimination.time_query_munin": 1618080014173, "readwrite.TimeRead.time_asia_read": 1618080014229, "readwrite.TimeRead.time_asia_write": 1618080014285, "readwrite.TimeRead.time_munin_read": 1618080014341, "readwrite.TimeRead.time_munin_write": 1618080014398, "readwrite.TimeRead.time_pathfinder_read": 1618080014455, "readwrite.TimeRead.time_pathfinder_write": 1618080014511, "sampling.TimeSampling.time_forward_sample": 1618080014568, "sampling.TimeSampling.time_gibbs_sampling": 1618080014624, "sampling.TimeSampling.time_likelihood_sample": 1618080014681, "sampling.TimeSampling.time_rejection_sample": 1618080014737, "structure_learning.TimeHillClimb.time_hillclimb": 1618080014794, "structure_learning.TimePC.time_pc_orig": 1618080014850, "structure_learning.TimePC.time_pc_stable": 1618080014907}, "ended_at": {"factor.TimeDiscreteFactor.time_factor_marginalize": 1618080015170, "factor.TimeDiscreteFactor.time_factor_multiply_large": 1618080015377, "factor.TimeDiscreteFactor.time_factor_reduce": 1618080015584, "import.TimeImport.time_import": 1618080015791, "inference.TimeVariableElimination.time_query_alarm": 1618080014173, "inference.TimeVariableElimination.time_query_munin": 1618080014229, "readwrite.TimeRead.time_asia_read": 1618080014285, "readwrite.TimeRead.time_asia_write": 1618080014341, "readwrite.TimeRead.time_munin_read": 1618080014398, "readwrite.TimeRead.time_munin_write": 1618080014454, "readwrite.TimeRead.time_pathfinder_read": 1618080014511, "readwrite.TimeRead.time_pathfinder_write": 1618080014568, "sampling.TimeSampling.time_forward_sample": 1618080014624, "sampling.TimeSampling.time_gibbs_sampling": 1618080014680, "sampling.TimeSampling.time_likelihood_sample": 1618080014737, "sampling.TimeSampling.time_rejection_sample": 1618080014793, "structure_learning.TimeHillClimb.time_hillclimb": 1618080014850, "structure_learning.TimePC.time_pc_orig": 1618080014906, "structure_learning.TimePC.time_pc_stable": 1618080014963}, "benchmark_version": {"factor.TimeDiscreteFactor.time_factor_marginalize": "a3ae79cdcf3bcd4bc49df94b3b3d5f93c4126249a9b3cf2481ac381ee836f851", "factor.TimeDiscreteFactor.time_factor_multiply_large": "cfb6b66fddb2953948ffb6566ae101535dd1e8d0fd9af855331f39ef905f4450", "factor.TimeDiscreteFactor.time_factor_reduce": "cb3858b638914f7572792153a60efb4aecbde56d5abf039791451adb0f26c263", "import.TimeImport.time_import": "b8454f897532cbfc3dc91dd442b9d4429c7671f8720779f25b6975fed7999d6c", "inference.TimeVariableElimination.time_query_alarm": "4f4aca0c4d029f458791f2444cae6bacf18251d2d465b1cc3492e4e32c07beec", "inference.TimeVariableElimination.time_query_munin": "3c25bd77115999cfba0644b479e5b10cea7897bdaa8f985e5dfa2b24c8c34ee0", "readwrite.TimeRead.time_asia_read": "00ee50175421b36358b2284cbbaaf9e6caad1078a142202d8afbc8a5431e3d42", "readwrite.TimeRead.time_asia_write": "6b23702a30f46b24f31ce56f640429a894ab62a5f2644da15763d9698ca06dd4", "readwrite.TimeRead.time_munin_read": "bf56520cd7d0afbd0aeb4f693d91093132666189d9704b5fa557da1164506529", "readwrite.TimeRead.time_munin_write": "bfbe73d230ae1b37c4fbfbc360be8367ce771b72ffaf78ad32604f393fac0f4d", "readwrite.TimeRead.time_pathfinder_read": "a603f5c5619a5360146c5c5aa9307b9d792df6d3932faa44d90d3b270b6f66eb", "readwrite.TimeRead.time_pathfinder_write": "6c7561cbd54f97bdd12c71950c46921d86f5e962246d9ca8c4182c8abb22cde5", "sampling.TimeSampling.time_forward_sample": "0ea380c0fe8a8131a802a270f53e62da34837522727ab5a9413ce81f5ac2bffb", "sampling.TimeSampling.time_gibbs_sampling": "fe05678c727f352eb59d83d51246094439e561a03c2b67f7a771857b69b42487", "sampling.TimeSampling.time_likelihood_sample": "89996fc93f8b65dbdfa66d6bfdb4c6e440fa4b483e60369ed8ee461919ebb6ad", "sampling.TimeSampling.time_rejection_sample": "1246c8af155cc0a2db8d6a7daca8e062bcf5f2e0afd4c564bb19a65d21aed4da", "structure_learning.TimeHillClimb.time_hillclimb": "8ff6ea5990c046c4dfab297898cf6a57ff81a2c8b58e8d272917a3497b27ec8b", "structure_learning.TimePC.time_pc_orig": "d9de7bbd7c35a34e7b84a5fd2c2e6da9b5300987ed40c008d7515e11cd38a6c2", "structure_learning.TimePC.time_pc_stable": "e241d1e8b9c0c9daf2eaa78b9808996236e0aa980f7d6cdc9de17f76c10a7d06"}, "version": 1}