{"results": {"factor.TimeDiscreteFactor.time_factor_marginalize": {"result": [6.326335429582955e-05], "stats": [{"ci_99": [6.31611021059864e-05, 6.418200736900546e-05], "q_25": 6.323131152762557e-05, "q_75": 6.392082117451062e-05, "min": 6.31611021059864e-05, "max": 6.418200736900546e-05, "mean": 6.351605432588349e-05, "std": 3.9828605958624013e-07, "repeat": 10, "number": 159}]}, "factor.TimeDiscreteFactor.time_factor_multiply_large": {"result": [5.0220228025416064e-05], "stats": [{"ci_99": [4.9993148629699274e-05, 5.122122323908512e-05], "q_25": 5.0119916639198063e-05, "q_75": 5.0642624744589294e-05, "min": 4.9993148629699274e-05, "max": 5.122122323908512e-05, "mean": 5.038374884857386e-05, "std": 3.776219718974071e-07, "repeat": 10, "number": 211}]}, "factor.TimeDiscreteFactor.time_factor_reduce": {"result": [3.008867033581803e-05], "stats": [{"ci_99": [2.9873167691023455e-05, 3.0427566473034843e-05], "q_25": 3.0023385973080347e-05, "q_75": 3.0170791391013324e-05, "min": 2.9873167691023455e-05, "max": 3.0427566473034843e-05, "mean": 3.0111979855143506e-05, "std": 1.5772755143174265e-07, "repeat": 10, "number": 345}]}, "import.TimeImport.time_import": {"result": [1.3505446315451538e-07], "stats": [{"ci_99": [1.3397807656327026e-07, 1.3621164661992998e-07], "q_25": 1.3413831271508737e-07, "q_75": 1.3558685684323923e-07, "min": 1.3397807656327026e-07, "max": 1.3621164661992998e-07, "mean": 1.3499035506102008e-07, "std": 8.221790568843302e-10, "repeat": 10, "number": 81978}]}, "inference.TimeVariableElimination.time_query_alarm": {"result": [0.04492851719260216], "stats": [{"ci_99": [0.04390432413547839, 0.04608899999529515], "q_25": 0.04464280419051647, "q_75": 0.04528237506747246, "min": 0.0446144063025713, "max": 0.04551520757377148, "mean": 0.04499666206538677, "std": 0.00037977664930883886, "repeat": 4, "number": 1}]}, "inference.TimeVariableElimination.time_query_munin": {"result": [0.5887798024341464], "stats": [{"ci_99": [0.5705811933913979, 0.6075905437281576], "q_25": 0.5831701764836907, "q_75": 0.5946954945102334, "min": 0.582133986055851, "max": 0.5966498833149672, "mean": 0.5890858685597777, "std": 0.006347333286767995, "repeat": 4, "number": 1}]}, "readwrite.TimeRead.time_asia_read": {"result": [0.008657082915306091], "stats": [{"ci_99": [0.008624626323580742, 0.00868953950703144], "q_25": 0.008656758349388838, "q_75": 0.008657407481223345, "min": 0.008656433783471584, "max": 0.008657732047140598, "mean": 0.008657082915306091, "std": 6.491318345069885e-07, "repeat": 2, "number": 2}]}, "readwrite.TimeRead.time_asia_write": {"result": [0.0005812329489370467], "stats": [{"ci_99": [0.0005044755722645295, 0.000657990325609564], "q_25": 0.0005804653751703215, "q_75": 0.0005820005227037719, "min": 0.0005796978014035964, "max": 0.0005827680964704971, "mean": 0.0005812329489370467, "std": 1.5351475334503457e-06, "repeat": 2, "number": 71}]}, "readwrite.TimeRead.time_munin_read": {"result": [5.1760578425601125], "stats": [{"ci_99": [1.8430475508794188, 8.509068134240803], "q_25": 5.1427277396433055, "q_75": 5.209387945476919, "min": 5.109397636726499, "max": 5.242718048393726, "mean": 5.1760578425601125, "std": 0.06666020583361387, "repeat": 2, "number": 1}]}, "readwrite.TimeRead.time_munin_write": {"result": [0.040868389420211315], "stats": [{"ci_99": [0.03403057251125574, 0.04770620632916688], "q_25": 0.04080001125112176, "q_75": 0.04093676758930087, "min": 0.040731633082032204, "max": 0.04100514575839043, "mean": 0.040868389420211315, "std": 0.00013675633817911148, "repeat": 2, "number": 1}]}, "readwrite.TimeRead.time_pathfinder_read": {"result": [5.866999597288668], "stats": [{"ci_99": [5.446995141915977, 6.287004052661359], "q_25": 5.862799552734941, "q_75": 5.871199641842395, "min": 5.858599508181214, "max": 5.875399686396122, "mean": 5.866999597288668, "std": 0.008400089107453823, "repeat": 2, "number": 1}]}, "readwrite.TimeRead.time_pathfinder_write": {"result": [0.026187550276517868], "stats": [{"ci_99": [0.019093479961156845, 0.033281620591878884], "q_25": 0.026116609573364258, "q_75": 0.02625849097967148, "min": 0.026045668870210648, "max": 0.02632943168282509, "mean": 0.026187550276517868, "std": 0.00014188140630722046, "repeat": 2, "number": 1}]}, "sampling.TimeSampling.time_forward_sample": {"result": [0.19765452109277248], "stats": [{"ci_99": [0.197008540853858, 0.1981089971959591], "q_25": 0.19751913053914905, "q_75": 0.1978712948039174, "min": 0.197008540853858, "max": 0.1981089971959591, "mean": 0.1976499378681183, "std": 0.00033416692114772857, "repeat": 10, "number": 1}]}, "sampling.TimeSampling.time_gibbs_sampling": null, "sampling.TimeSampling.time_likelihood_sample": {"result": [0.20646905526518822], "stats": [{"ci_99": [0.20339899323880672, 0.20910737104713917], "q_25": 0.20445028226822615, "q_75": 0.20843683229759336, "min": 0.20339899323880672, "max": 0.20910737104713917, "mean": 0.20636429414153099, "std": 0.0022113148994236716, "repeat": 10, "number": 1}]}, "sampling.TimeSampling.time_rejection_sample": {"result": [36.20498454198241], "stats": [{"ci_99": [21.02363532409072, 51.38633375987409], "q_25": 36.053171049803495, "q_75": 36.35679803416133, "min": 35.90135755762458, "max": 36.508611526340246, "mean": 36.20498454198241, "std": 0.30362698435783386, "repeat": 2, "number": 1}]}, "structure_learning.TimeHillClimb.time_hillclimb": null, "structure_learning.TimePC.time_pc_orig": {"result": [37.670117957517505], "stats": [{"ci_99": [18.163051052019, 57.177184863015995], "q_25": 37.47504728846252, "q_75": 37.86518862657249, "min": 37.279976619407535, "max": 38.060259295627475, "mean": 37.670117957517505, "std": 0.3901413381099701, "repeat": 2, "number": 1}]}, "structure_learning.TimePC.time_pc_stable": {"result": [37.060511469841], "stats": [{"ci_99": [28.160402536392212, 45.96062040328979], "q_25": 36.971510380506516, "q_75": 37.14951255917549, "min": 36.88250929117203, "max": 37.23851364850998, "mean": 37.060511469841, "std": 0.17800217866897583, "repeat": 2, "number": 1}]}}, "params": {"arch": "x86_64", "cpu": "Intel(R) Core(TM) i9-9820X CPU @ 3.30GHz", "machine": "graveyard", "num_cpu": "20", "os": "Linux 4.15.0-112-generic", "ram": "131688676", "python": "3.8"}, "requirements": {}, "commit_hash": "eb65f40d2b32bf2ad971181333bb9ed7aefde907", "date": 1641591324000, "env_name": "conda-py3.8", "python": "3.8", "profiles": {}, "started_at": {"factor.TimeDiscreteFactor.time_factor_marginalize": 1642206151581, "factor.TimeDiscreteFactor.time_factor_multiply_large": 1642206151789, "factor.TimeDiscreteFactor.time_factor_reduce": 1642206151996, "import.TimeImport.time_import": 1642206152203, "inference.TimeVariableElimination.time_query_alarm": 1642206152409, "inference.TimeVariableElimination.time_query_munin": 1642206170565, "readwrite.TimeRead.time_asia_read": 1642206190217, "readwrite.TimeRead.time_asia_write": 1642206214189, "readwrite.TimeRead.time_munin_read": 1642206238162, "readwrite.TimeRead.time_munin_write": 1642206273715, "readwrite.TimeRead.time_pathfinder_read": 1642206297738, "readwrite.TimeRead.time_pathfinder_write": 1642206334244, "sampling.TimeSampling.time_forward_sample": 1642206358216, "sampling.TimeSampling.time_gibbs_sampling": 1642205330463, "sampling.TimeSampling.time_likelihood_sample": 1642206360029, "sampling.TimeSampling.time_rejection_sample": 1642206361892, "structure_learning.TimeHillClimb.time_hillclimb": 1642206004815, "structure_learning.TimePC.time_pc_orig": 1642206435266, "structure_learning.TimePC.time_pc_stable": 1642206508420}, "ended_at": {"factor.TimeDiscreteFactor.time_factor_marginalize": 1642206151789, "factor.TimeDiscreteFactor.time_factor_multiply_large": 1642206151995, "factor.TimeDiscreteFactor.time_factor_reduce": 1642206152202, "import.TimeImport.time_import": 1642206152409, "inference.TimeVariableElimination.time_query_alarm": 1642206170565, "inference.TimeVariableElimination.time_query_munin": 1642206190217, "readwrite.TimeRead.time_asia_read": 1642206214189,