{"results": {"factor.TimeDiscreteFactor.time_factor_marginalize": {"result": [6.278411506913429e-05], "stats": [{"ci_99": [6.258041532926782e-05, 6.346205292746078e-05], "q_25": 6.262857878450738e-05, "q_75": 6.294883462752021e-05, "min": 6.258041532926782e-05, "max": 6.346205292746078e-05, "mean": 6.285812055995297e-05, "std": 2.7829675786127717e-07, "repeat": 10, "number": 172}]}, "factor.TimeDiscreteFactor.time_factor_multiply_large": {"result": [5.07451593875885e-05], "stats": [{"ci_99": [5.001451184109944e-05, 5.133593591248117e-05], "q_25": 5.016075674353576e-05, "q_75": 5.114689560198202e-05, "min": 5.001451184109944e-05, "max": 5.133593591248117e-05, "mean": 5.066884545291343e-05, "std": 4.993742131859493e-07, "repeat": 10, "number": 205}]}, "factor.TimeDiscreteFactor.time_factor_reduce": {"result": [2.965133037717863e-05], "stats": [{"ci_99": [2.948609020175605e-05, 2.9882416129112244e-05], "q_25": 2.9541450370659776e-05, "q_75": 2.9783190131701273e-05, "min": 2.948609020175605e-05, "max": 2.9882416129112244e-05, "mean": 2.9667713090606118e-05, "std": 1.3955693296096693e-07, "repeat": 10, "number": 348}]}, "import.TimeImport.time_import": {"result": [1.3888258449911905e-07], "stats": [{"ci_99": [1.3829657595393547e-07, 1.4040697509493877e-07], "q_25": 1.3837643927789698e-07, "q_75": 1.3911420254570138e-07, "min": 1.3829657595393547e-07, "max": 1.4040697509493877e-07, "mean": 1.389019812498996e-07, "std": 6.066657292989489e-10, "repeat": 10, "number": 77572}]}, "inference.TimeVariableElimination.time_query_alarm": {"result": [0.11047560907900333], "stats": [{"ci_99": [0.10884161945350349, 0.11199821624986947], "q_25": 0.1100192703306675, "q_75": 0.11087625660002232, "min": 0.10966704040765762, "max": 0.11106141284108162, "mean": 0.11041991785168648, "std": 0.0005509738470281121, "repeat": 4, "number": 1}]}, "inference.TimeVariableElimination.time_query_munin": {"result": [0.4987497813999653], "stats": [{"ci_99": [0.47453907840335036, 0.5296056404671703], "q_25": 0.4962093308568001, "q_75": 0.5046128099784255, "min": 0.49096591398119926, "max": 0.5198239609599113, "mean": 0.5020723594352603, "std": 0.010744860502203222, "repeat": 4, "number": 1}]}, "readwrite.TimeRead.time_asia_read": {"result": [0.008641626685857773], "stats": [{"ci_99": [0.005169656127691269, 0.012113597244024273], "q_25": 0.008606906980276108, "q_75": 0.008676346391439438, "min": 0.008572187274694443, "max": 0.008711066097021103, "mean": 0.008641626685857773, "std": 6.943941116333008e-05, "repeat": 2, "number": 2}]}, "readwrite.TimeRead.time_asia_write": {"result": [0.000582197264059266], "stats": [{"ci_99": [0.0003767864250425101, 0.0007876081030760219], "q_25": 0.0005801431556690985, "q_75": 0.0005842513724494335, "min": 0.0005780890472789309, "max": 0.0005863054808396012, "mean": 0.000582197264059266, "std": 4.1082167803351195e-06, "repeat": 2, "number": 67}]}, "readwrite.TimeRead.time_munin_read": {"result": [5.20606410689652], "stats": [{"ci_99": [2.2917295526713133, 8.120398661121722], "q_25": 5.176920761354268, "q_75": 5.235207452438772, "min": 5.1477774158120155, "max": 5.264350797981024, "mean": 5.20606410689652, "std": 0.05828669108450413, "repeat": 2, "number": 1}]}, "readwrite.TimeRead.time_munin_write": {"result": [0.04058398865163326], "stats": [{"ci_99": [0.020676875486969948, 0.060491101816296564], "q_25": 0.04038491751998663, "q_75": 0.040783059783279896, "min": 0.040185846388339996, "max": 0.04098213091492653, "mean": 0.04058398865163326, "std": 0.0003981422632932663, "repeat": 2, "number": 1}]}, "readwrite.TimeRead.time_pathfinder_read": {"result": [5.8142756056040525], "stats": [{"ci_99": [2.639050217345357, 8.989500993862745], "q_25": 5.782523351721466, "q_75": 5.8460278594866395, "min": 5.750771097838879, "max": 5.8777801133692265, "mean": 5.8142756056040525, "std": 0.06350450776517391, "repeat": 2, "number": 1}]}, "readwrite.TimeRead.time_pathfinder_write": {"result": [0.03329980745911598], "stats": [{"ci_99": [-0.3518439866602421, 0.4184436015784737], "q_25": 0.0294483695179224, "q_75": 0.03715124540030956, "min": 0.02559693157672882, "max": 0.04100268334150314, "mean": 0.03329980745911598, "std": 0.007702875882387161, "repeat": 2, "number": 1}]}, "sampling.TimeSampling.time_forward_sample": {"result": [0.19518093764781952], "stats": [{"ci_99": [0.19432443007826805, 0.22522667422890663], "q_25": 0.19458289816975594, "q_75": 0.19563731737434864, "min": 0.19432443007826805, "max": 0.22522667422890663, "mean": 0.1980604749172926, "std": 0.00907186982181038, "repeat": 10, "number": 1}]}, "sampling.TimeSampling.time_gibbs_sampling": null, "sampling.TimeSampling.time_likelihood_sample": {"result": [0.20498459227383137], "stats": [{"ci_99": [0.20294498652219772, 0.23805562034249306], "q_25": 0.20381680876016617, "q_75": 0.2064015194773674, "min": 0.20294498652219772, "max": 0.23805562034249306, "mean": 0.21119059324264527, "std": 0.013198271258828932, "repeat": 10, "number": 1}]}, "sampling.TimeSampling.time_rejection_sample": {"result": [37.495177598670125], "stats": [{"ci_99": [16.58291675709188, 58.407438440248356], "q_25": 37.28605499025434, "q_75": 37.70430020708591, "min": 37.07693238183856, "max": 37.91342281550169, "mean": 37.495177598670125, "std": 0.4182452168315649, "repeat": 2, "number": 1}]}, "structure_learning.TimeHillClimb.time_hillclimb": null, "structure_learning.TimePC.time_pc_orig": {"result": [32.04526308365166], "stats": [{"ci_99": [30.082291116937995, 34.00823505036533], "q_25": 32.025633363984525, "q_75": 32.0648928033188, "min": 32.00600364431739, "max": 32.084522522985935, "mean": 32.04526308365166, "std": 0.03925943933427334, "repeat": 2, "number": 1}]}, "structure_learning.TimePC.time_pc_stable": {"result": [32.37640384398401], "stats": [{"ci_99": [31.19132967479527, 33.561478013172746], "q_25": 32.36455310229212, "q_75": 32.388254585675895, "min": 32.35270236060023, "max": 32.40010532736778, "mean": 32.37640384398401, "std": 0.023701483383774757, "repeat": 2, "number": 1}]}}, "params": {"arch": "x86_64", "cpu": "Intel(R) Core(TM) i9-9820X CPU @ 3.30GHz", "machine": "graveyard", "num_cpu": "20", "os": "Linux 4.15.0-112-generic", "ram": "131688676", "python": "3.8"}, "requirements": {}, "commit_hash": "ec7e5b46211cee2186a0c9b0cc8ad10584450373", "date": 1628608054000, "env_name": "conda-py3.8", "python": "3.8", "profiles": {}, "started_at": {"factor.TimeDiscreteFactor.time_factor_marginalize": 1630627130582, "factor.TimeDiscreteFactor.time_factor_multiply_large": 1630627130790, "factor.TimeDiscreteFactor.time_factor_reduce": 1630627130997, "import.TimeImport.time_import": 1630627131204, "inference.TimeVariableElimination.time_query_alarm": 1630627131411, "inference.TimeVariableElimination.time_query_munin": 1630627149818, "readwrite.TimeRead.time_asia_read": 1630627169575, "readwrite.TimeRead.time_asia_write": 1630627193197, "readwrite.TimeRead.time_munin_read": 1630627216817, "readwrite.TimeRead.time_munin_write": 1630627252622, "readwrite.TimeRead.time_pathfinder_read": 1630627276343, "readwrite.TimeRead.time_pathfinder_write": 1630627312248, "sampling.TimeSampling.time_forward_sample": 1630627335970, "sampling.TimeSampling.time_gibbs_sampling": 1630626323680, "sampling.TimeSampling.time_likelihood_sample": 1630627337784, "sampling.TimeSampling.time_rejection_sample": 1630627339647, "structure_learning.TimeHillClimb.time_hillclimb": 1630626996903, "structure_learning.TimePC.time_pc_orig": 1630627407952, "structure_learning.TimePC.time_pc_stable": 1630627474237}, "ended_at": {"factor.TimeDiscreteFactor.time_factor_marginalize": 1630627130790, "factor.TimeDiscreteFactor.time_factor_multiply_large": 1630627130997, "factor.TimeDiscreteFactor.time_factor_reduce": 1630627131204, "import.TimeImport.time_import": 1630627131411, "inference.TimeVariableElimination.time_query_alarm": 1630627149817, "inference.TimeVariableElimination.time_query_munin": 1630627169575, "readwrite.TimeRead.time_asia_read": 1630627193196,