{"results": {"factor.TimeDiscreteFactor.time_factor_marginalize": {"result": [6.126523501960571e-05], "stats": [{"ci_99": [6.106744209925334e-05, 6.211120740505262e-05], "q_25": 6.120968978367956e-05, "q_75": 6.157642567140907e-05, "min": 6.106744209925334e-05, "max": 6.211120740505262e-05, "mean": 6.140537644173466e-05, "std": 3.154178767671724e-07, "repeat": 10, "number": 177}]}, "factor.TimeDiscreteFactor.time_factor_multiply_large": {"result": [4.962499622466429e-05], "stats": [{"ci_99": [4.909193705556528e-05, 5.031342811460765e-05], "q_25": 4.9449496832236925e-05, "q_75": 4.9808282264561023e-05, "min": 4.909193705556528e-05, "max": 5.031342811460765e-05, "mean": 4.96670902478245e-05, "std": 3.3807991036348567e-07, "repeat": 10, "number": 212}]}, "factor.TimeDiscreteFactor.time_factor_reduce": {"result": [2.8999971127277628e-05], "stats": [{"ci_99": [2.8817346293614103e-05, 2.955594476219007e-05], "q_25": 2.8919416912999992e-05, "q_75": 2.9041523938806608e-05, "min": 2.8817346293614103e-05, "max": 2.955594476219007e-05, "mean": 2.905662251963257e-05, "std": 2.1872592419266393e-07, "repeat": 10, "number": 359}]}, "import.TimeImport.time_import": {"result": [1.2682763216211373e-07], "stats": [{"ci_99": [1.2636504711271125e-07, 1.2712673713997934e-07], "q_25": 1.2676529608851695e-07, "q_75": 1.2701132751131373e-07, "min": 1.2636504711271125e-07, "max": 1.2712673713997934e-07, "mean": 1.2682042497616425e-07, "std": 2.3231755027852482e-10, "repeat": 10, "number": 82650}]}, "inference.TimeVariableElimination.time_query_alarm": {"result": [0.05513008218258619], "stats": [{"ci_99": [0.009706048191995262, 0.10166499215224292], "q_25": 0.039994148537516594, "q_75": 0.07082145381718874, "min": 0.03994951210916042, "max": 0.07253240421414375, "mean": 0.05568552017211914, "std": 0.015726959918296857, "repeat": 4, "number": 1}]}, "inference.TimeVariableElimination.time_query_munin": {"result": [0.2546058678999543], "stats": [{"ci_99": [0.24173949954334623, 0.27101195121880645], "q_25": 0.25316801853477955, "q_75": 0.2578135747462511, "min": 0.2505032829940319, "max": 0.2657878827303648, "mean": 0.25637572538107634, "std": 0.005699631700471168, "repeat": 4, "number": 1}]}, "readwrite.TimeRead.time_asia_read": {"result": [0.008519244380295277], "stats": [{"ci_99": [0.008053815923631191, 0.008984672836959362], "q_25": 0.008514590095728636, "q_75": 0.008523898664861917, "min": 0.008509935811161995, "max": 0.008528552949428558, "mean": 0.008519244380295277, "std": 9.308569133281708e-06, "repeat": 2, "number": 2}]}, "readwrite.TimeRead.time_asia_write": {"result": [0.00037843190541822616], "stats": [{"ci_99": [-0.008709694450236345, 0.00946655826107279], "q_25": 0.0002875506418616804, "q_75": 0.00046931316897477185, "min": 0.0001966693783051347, "max": 0.0005601944325313176, "mean": 0.00037843190541822616, "std": 0.00018176252711309143, "repeat": 2, "number": 73}]}, "readwrite.TimeRead.time_munin_read": {"result": [5.15718368627131], "stats": [{"ci_99": [4.874664282426238, 5.439703090116382], "q_25": 5.154358492232859, "q_75": 5.160008880309761, "min": 5.151533298194408, "max": 5.162834074348211, "mean": 5.15718368627131, "std": 0.005650388076901436, "repeat": 2, "number": 1}]}, "readwrite.TimeRead.time_munin_write": {"result": [0.04045450408011675], "stats": [{"ci_99": [0.02958024200052023, 0.05132876615971326], "q_25": 0.040345761459320784, "q_75": 0.040563246700912714, "min": 0.04023701883852482, "max": 0.04067198932170868, "mean": 0.04045450408011675, "std": 0.0002174852415919304, "repeat": 2, "number": 1}]}, "readwrite.TimeRead.time_pathfinder_read": {"result": [5.761120740324259], "stats": [{"ci_99": [5.231667209416628, 6.29057427123189], "q_25": 5.7558262050151825, "q_75": 5.766415275633335, "min": 5.750531669706106, "max": 5.771709810942411, "mean": 5.761120740324259, "std": 0.010589070618152618, "repeat": 2, "number": 1}]}, "readwrite.TimeRead.time_pathfinder_write": {"result": [0.025686743669211864], "stats": [{"ci_99": [0.023039878346025944, 0.02833360899239778], "q_25": 0.025660275015980005, "q_75": 0.025713212322443724, "min": 0.025633806362748146, "max": 0.025739680975675583, "mean": 0.025686743669211864, "std": 5.2937306463718414e-05, "repeat": 2, "number": 1}]}, "sampling.TimeSampling.time_forward_sample": null, "sampling.TimeSampling.time_gibbs_sampling": null, "sampling.TimeSampling.time_likelihood_sample": {"result": [0.20464549958705902], "stats": [{"ci_99": [0.2023850716650486, 0.20545829460024834], "q_25": 0.20341303339228034, "q_75": 0.20525255519896746, "min": 0.2023850716650486, "max": 0.20545829460024834, "mean": 0.2042491614818573, "std": 0.0010950584636115587, "repeat": 10, "number": 1}]}, "sampling.TimeSampling.time_rejection_sample": null, "structure_learning.TimeHillClimb.time_hillclimb": null, "structure_learning.TimePC.time_pc_orig": {"result": [37.13331747986376], "stats": [{"ci_99": [34.88043122179806, 39.38620373792946], "q_25": 37.110788617283106, "q_75": 37.15584634244442, "min": 37.08825975470245, "max": 37.17837520502508, "mean": 37.13331747986376, "std": 0.04505772516131401, "repeat": 2, "number": 1}]}, "structure_learning.TimePC.time_pc_stable": {"result": [37.660743625834584], "stats": [{"ci_99": [14.904319545254111, 60.41716770641504], "q_25": 37.43317938502878, "q_75": 37.88830786664039, "min": 37.205615144222975, "max": 38.115872107446194, "mean": 37.660743625834584, "std": 0.45512848161160946, "repeat": 2, "number": 1}]}, "factor.TimeDiscreteFactor.time_factor_compare": {"result": [7.02597697575887e-05], "stats": [{"ci_99": [7.00726235906283e-05, 7.074158638715744e-05], "q_25": 7.013001789649327e-05, "q_75": 7.045244798064232e-05, "min": 7.00726235906283e-05, "max": 7.074158638715744e-05, "mean": 7.030988360444704e-05, "std": 2.105152276751661e-07, "repeat": 10, "number": 150}]}, "inference.TimeBeliefPropagation.time_query_alarm": {"result": [47.58445559069514], "stats": [{"ci_99": [47.160847801715136, 48.00806337967515], "q_25": 47.58021951280534, "q_75": 47.58869166858494, "min": 47.57598343491554, "max": 47.59292774647474, "mean": 47.58445559069514, "std": 0.008472155779600143, "repeat": 2, "number": 1}]}, "parameter_learning.TimeBayesianEstimator.time_alarm_bayesian_estimator": null, "parameter_learning.TimeBayesianEstimator.time_munin_bayesian_estimator": null, "parameter_learning.TimeExpectationMaximization.time_alarm_em": null, "parameter_learning.TimeExpectationMaximization.time_munin_em": null, "parameter_learning.TimeMLE.time_alarm_mle": null, "parameter_learning.TimeMLE.time_munin_mle": null, "structure_learning.TimeHillClimbAlarmModel.time_hillclimb": null, "structure_learning.TimeMmhcAlarmModel.time_mmhc": null, "structure_learning.TimePCAlarmModel.time_pc_orig": null, "structure_learning.TimePCAlarmModel.time_pc_stable": null, "structure_learning.TimeTreeSearchAlarmModel.time_tan": null}, "params": {"arch": "x86_64", "cpu": "Intel(R) Core(TM) i9-9820X CPU @ 3.30GHz", "machine": "graveyard", "num_cpu": "20", "os": "Linux 4.15.0-112-generic", "ram": "131688676", "python": "3.8"}, "requirements": {}, "commit_hash": "ef28c91617a5e29b52df677b474a6b652345092c", "date": 1621520069000, "env_name": "conda-py3.8", "python": "3.8", "profiles": {}, "started_at": {"factor.TimeDiscreteFactor.time_factor_marginalize": 1654133956105, "factor.TimeDiscreteFactor.time_factor_multiply_large": 1654133956312, "factor.TimeDiscreteFactor.time_factor_reduce": 1654133956518, "import.TimeImport.time_import": 1654133956725, "inference.TimeVariableElimination.time_query_alarm": 1654134052564, "inference.TimeVariableElimination.time_query_munin": 1654134070525, "readwrite.TimeRead.time_asia_read": 1654134089037, "readwrite.TimeRead.time_asia_write": 1654134112608, "readwrite.TimeRead.time_munin_read": 1654134136229, "readwrite.TimeRead.time_munin_write": 1654134172235, "readwrite.TimeRead.time_pathfinder_read": 1654134195906, "readwrite.TimeRead.time_pathfinder_write": 1654134231811,