{"results": {"factor.TimeDiscreteFactor.time_factor_marginalize": {"result": [6.595500800983016e-05], "stats": [{"ci_99": [6.537920380213174e-05, 6.657796182546271e-05], "q_25": 6.557402975228895e-05, "q_75": 6.622345332639764e-05, "min": 6.537920380213174e-05, "max": 6.657796182546271e-05, "mean": 6.591811978134766e-05, "std": 3.777475748160066e-07, "repeat": 10, "number": 166}]}, "factor.TimeDiscreteFactor.time_factor_multiply_large": {"result": [5.690579741729974e-05], "stats": [{"ci_99": [5.678905878659975e-05, 5.72759812514399e-05], "q_25": 5.6855892038715935e-05, "q_75": 5.71051221630425e-05, "min": 5.678905878659975e-05, "max": 5.72759812514399e-05, "mean": 5.6978850746093014e-05, "std": 1.5442594295494448e-07, "repeat": 10, "number": 193}]}, "factor.TimeDiscreteFactor.time_factor_reduce": {"result": [3.3441026295934404e-05], "stats": [{"ci_99": [3.306707219472007e-05, 3.365690391215067e-05], "q_25": 3.3328887666501695e-05, "q_75": 3.351185559516861e-05, "min": 3.306707219472007e-05, "max": 3.365690391215067e-05, "mean": 3.3415513379233226e-05, "std": 1.7157041954600882e-07, "repeat": 10, "number": 315}]}, "import.TimeImport.time_import": {"result": [1.2856717208346253e-07], "stats": [{"ci_99": [1.277950668276306e-07, 1.2934283417105786e-07], "q_25": 1.2828321471084137e-07, "q_75": 1.2883632387110534e-07, "min": 1.277950668276306e-07, "max": 1.2934283417105786e-07, "mean": 1.2854973269729494e-07, "std": 4.2891813338892464e-10, "repeat": 10, "number": 85360}]}, "inference.TimeVariableElimination.time_query_alarm": {"result": [0.11254149302840233], "stats": [{"ci_99": [0.08824933116295713, 0.15130526124528246], "q_25": 0.11186720384284854, "q_75": 0.12045158538967371, "min": 0.11119059845805168, "max": 0.14283560030162334, "mean": 0.11977729620411992, "std": 0.013327914518395136, "repeat": 4, "number": 1}]}, "inference.TimeVariableElimination.time_query_munin": {"result": [0.5163581417873502], "stats": [{"ci_99": [0.5087994114413621, 0.5251798694104192], "q_25": 0.5148848444223404, "q_75": 0.5184629377909005, "min": 0.5136063136160374, "max": 0.521635964512825, "mean": 0.5169896404258907, "std": 0.0030010719448275427, "repeat": 4, "number": 1}]}, "readwrite.TimeRead.time_asia_read": {"result": [0.009180836379528046], "stats": [{"ci_99": [0.003457719460129738, 0.014903953298926348], "q_25": 0.009123605210334063, "q_75": 0.009238067548722029, "min": 0.00906637404114008, "max": 0.009295298717916012, "mean": 0.009180836379528046, "std": 0.00011446233838796616, "repeat": 2, "number": 2}]}, "readwrite.TimeRead.time_asia_write": {"result": [0.000569195853027164], "stats": [{"ci_99": [-0.0050486419197233005, 0.006187033625777624], "q_25": 0.0005130174752996594, "q_75": 0.0006253742307546686, "min": 0.0004568390975721547, "max": 0.0006815526084821733, "mean": 0.000569195853027164, "std": 0.00011235675545500929, "repeat": 2, "number": 61}]}, "readwrite.TimeRead.time_munin_read": {"result": [5.652576374821365], "stats": [{"ci_99": [5.493197699077427, 5.811955050565302], "q_25": 5.6509825880639255, "q_75": 5.654170161578804, "min": 5.649388801306486, "max": 5.655763948336244, "mean": 5.652576374821365, "std": 0.00318757351487875, "repeat": 2, "number": 1}]}, "readwrite.TimeRead.time_munin_write": {"result": [0.04327631741762161], "stats": [{"ci_99": [0.01042521744966507, 0.07612741738557813], "q_25": 0.04294780641794205, "q_75": 0.04360482841730118, "min": 0.04261929541826248, "max": 0.04393333941698074, "mean": 0.04327631741762161, "std": 0.0006570219993591309, "repeat": 2, "number": 1}]}, "readwrite.TimeRead.time_pathfinder_read": {"result": [6.614194616675377], "stats": [{"ci_99": [-8.898496635258198, 22.126885868608937], "q_25": 6.459067704156041, "q_75": 6.769321529194713, "min": 6.303940791636705, "max": 6.924448441714048, "mean": 6.614194616675377, "std": 0.3102538250386715, "repeat": 2, "number": 1}]}, "readwrite.TimeRead.time_pathfinder_write": {"result": [0.02538216207176447], "stats": [{"ci_99": [0.022742374800145626, 0.02802194934338331], "q_25": 0.02535576419904828, "q_75": 0.025408559944480658, "min": 0.025329366326332092, "max": 0.025434957817196846, "mean": 0.02538216207176447, "std": 5.279574543237686e-05, "repeat": 2, "number": 1}]}, "sampling.TimeSampling.time_forward_sample": {"result": [0.20302377361804247], "stats": [{"ci_99": [0.2024866994470358, 0.2058424111455679], "q_25": 0.202658758033067, "q_75": 0.20329466415569186, "min": 0.2024866994470358, "max": 0.2058424111455679, "mean": 0.20325109250843526, "std": 0.0009244924413013325, "repeat": 10, "number": 1}]}, "sampling.TimeSampling.time_gibbs_sampling": null, "sampling.TimeSampling.time_likelihood_sample": {"result": [0.21164501830935478], "stats": [{"ci_99": [0.2108110375702381, 0.21252907067537308], "q_25": 0.21107308007776737, "q_75": 0.21207608841359615, "min": 0.2108110375702381, "max": 0.21252907067537308, "mean": 0.21162105053663255, "std": 0.0006131574891238132, "repeat": 10, "number": 1}]}, "sampling.TimeSampling.time_rejection_sample": {"result": [34.968372385948896], "stats": [{"ci_99": [-65.37049175426364, 135.30723652616135], "q_25": 33.96498374454677, "q_75": 35.97176102735102, "min": 32.961595103144646, "max": 36.97514966875315, "mean": 34.968372385948896, "std": 2.0067772828042507, "repeat": 2, "number": 1}]}, "structure_learning.TimeHillClimb.time_hillclimb": null, "structure_learning.TimePC.time_pc_orig": {"result": [33.296559508889914], "stats": [{"ci_99": [28.93307352438569, 37.660045493394136], "q_25": 33.25292464904487, "q_75": 33.340194368734956, "min": 33.20928978919983, "max": 33.38382922858, "mean": 33.296559508889914, "std": 0.08726971969008446, "repeat": 2, "number": 1}]}, "structure_learning.TimePC.time_pc_stable": {"result": [33.16117118112743], "stats": [{"ci_99": [31.09653408639133, 35.22580827586353], "q_25": 33.14052481018007, "q_75": 33.18181755207479, "min": 33.11987843923271, "max": 33.20246392302215, "mean": 33.16117118112743, "std": 0.041292741894721985, "repeat": 2, "number": 1}]}}, "params": {"arch": "x86_64", "cpu": "Intel(R) Core(TM) i9-9820X CPU @ 3.30GHz", "machine": "graveyard", "num_cpu": "20", "os": "Linux 4.15.0-112-generic", "ram": "131688676", "python": "3.6"}, "requirements": {}, "commit_hash": "efa8f2375d74aa837464c095c1af2377af39f3d1", "date": 1624465071000, "env_name": "conda-py3.6", "python": "3.6", "profiles": {}, "started_at": {"factor.TimeDiscreteFactor.time_factor_marginalize": 1625057411615, "factor.TimeDiscreteFactor.time_factor_multiply_large": 1625057411822, "factor.TimeDiscreteFactor.time_factor_reduce": 1625057412029, "import.TimeImport.time_import": 1625057412236, "inference.TimeVariableElimination.time_query_alarm": 1625057412443, "inference.TimeVariableElimination.time_query_munin": 1625057431952, "readwrite.TimeRead.time_asia_read": 1625057452264, "readwrite.TimeRead.time_asia_write": 1625057477389, "readwrite.TimeRead.time_munin_read": 1625057504619, "readwrite.TimeRead.time_munin_write": 1625057543330, "readwrite.TimeRead.time_pathfinder_read": 1625057569007, "readwrite.TimeRead.time_pathfinder_write": 1625057607968, "sampling.TimeSampling.time_forward_sample": 1625057633645, "sampling.TimeSampling.time_gibbs_sampling": 1625056589322, "sampling.TimeSampling.time_likelihood_sample": 1625057635458, "sampling.TimeSampling.time_rejection_sample": 1625057637320, "structure_learning.TimeHillClimb.time_hillclimb": 1625057265403, "structure_learning.TimePC.time_pc_orig": 1625057706830, "structure_learning.TimePC.time_pc_stable": 1625057780133}, "ended_at": {"factor.TimeDiscreteFactor.time_factor_marginalize": 1625057411822, "factor.TimeDiscreteFactor.time_factor_multiply_large": 1625057412029, "factor.TimeDiscreteFactor.time_factor_reduce": 1625057412236, "import.TimeImport.time_import": 1625057412442, "inference.TimeVariableElimination.time_query_alarm": 1625057431951, "inference.TimeVariableElimination.time_query_munin": 1625057452263, "readwrite.TimeRead.time_asia_read": 1625057477388,