{"results": {"factor.TimeDiscreteFactor.time_factor_marginalize": {"result": [6.38154534889119e-05], "stats": [{"ci_99": [6.372024793000448e-05, 6.448831187472457e-05], "q_25": 6.376899268832945e-05, "q_75": 6.38778798193449e-05, "min": 6.372024793000448e-05, "max": 6.448831187472457e-05, "mean": 6.389004910098656e-05, "std": 2.1580702080626868e-07, "repeat": 10, "number": 168}]}, "factor.TimeDiscreteFactor.time_factor_multiply_large": {"result": [5.568381594984155e-05], "stats": [{"ci_99": [5.522472293753373e-05, 5.5876648739764564e-05], "q_25": 5.546826379079568e-05, "q_75": 5.5837592012003846e-05, "min": 5.522472293753373e-05, "max": 5.5876648739764564e-05, "mean": 5.5636385161625705e-05, "std": 2.196896352642343e-07, "repeat": 10, "number": 190}]}, "factor.TimeDiscreteFactor.time_factor_reduce": {"result": [3.25210161754732e-05], "stats": [{"ci_99": [3.2294575361326744e-05, 3.286867523481478e-05], "q_25": 3.241385077196666e-05, "q_75": 3.2666225121370617e-05, "min": 3.2294575361326744e-05, "max": 3.286867523481478e-05, "mean": 3.2538939773856336e-05, "std": 1.808727067477855e-07, "repeat": 10, "number": 331}]}, "import.TimeImport.time_import": {"result": [1.2990229366109481e-07], "stats": [{"ci_99": [1.2744414408638575e-07, 1.3077415525738675e-07], "q_25": 1.2872658101043394e-07, "q_75": 1.301113235480124e-07, "min": 1.2744414408638575e-07, "max": 1.3077415525738675e-07, "mean": 1.295126856926307e-07, "std": 1.0249651705952557e-09, "repeat": 10, "number": 85362}]}, "inference.TimeVariableElimination.time_query_alarm": {"result": [0.07669182121753693], "stats": [{"ci_99": [0.07393236824200844, 0.0805911673895886], "q_25": 0.07641842169687152, "q_75": 0.07753516733646393, "min": 0.07613068632781506, "max": 0.07953274250030518, "mean": 0.07726176781579852, "std": 0.001336913739659904, "repeat": 4, "number": 1}]}, "inference.TimeVariableElimination.time_query_munin": {"result": [0.5197947770357132], "stats": [{"ci_99": [0.5126130762561838, 0.527616216330262], "q_25": 0.5175787764601409, "q_75": 0.5223306468687952, "min": 0.5175764728337526, "max": 0.5232925582677126, "mean": 0.5201146462932229, "std": 0.0025768485376052156, "repeat": 4, "number": 1}]}, "readwrite.TimeRead.time_asia_read": {"result": [0.009156839922070503], "stats": [{"ci_99": [0.008906127884984016, 0.00940755195915699], "q_25": 0.009154332801699638, "q_75": 0.009159347042441368, "min": 0.009151825681328773, "max": 0.009161854162812233, "mean": 0.009156839922070503, "std": 5.014240741729736e-06, "repeat": 2, "number": 2}]}, "readwrite.TimeRead.time_asia_write": {"result": [0.0006703879218548537], "stats": [{"ci_99": [0.0002493067178875224, 0.0010914691258221846], "q_25": 0.0006661771098151804, "q_75": 0.0006745987338945269, "min": 0.000661966297775507, "max": 0.0006788095459342002, "mean": 0.0006703879218548537, "std": 8.421624079346624e-06, "repeat": 2, "number": 60}]}, "readwrite.TimeRead.time_munin_read": {"result": [5.587840146385133], "stats": [{"ci_99": [5.571703818626702, 5.603976474143565], "q_25": 5.587678783107549, "q_75": 5.588001509662718, "min": 5.587517419829965, "max": 5.588162872940302, "mean": 5.587840146385133, "std": 0.0003227265551686287, "repeat": 2, "number": 1}]}, "readwrite.TimeRead.time_munin_write": {"result": [0.04183414578437805], "stats": [{"ci_99": [0.040138114243745804, 0.0435301773250103], "q_25": 0.04181718546897173, "q_75": 0.041851106099784374, "min": 0.04180022515356541, "max": 0.0418680664151907, "mean": 0.04183414578437805, "std": 3.392063081264496e-05, "repeat": 2, "number": 1}]}, "readwrite.TimeRead.time_pathfinder_read": {"result": [6.2183761186897755], "stats": [{"ci_99": [5.792165469378233, 6.644586768001318], "q_25": 6.21411401219666, "q_75": 6.222638225182891, "min": 6.209851905703545, "max": 6.226900331676006, "mean": 6.2183761186897755, "std": 0.00852421298623085, "repeat": 2, "number": 1}]}, "readwrite.TimeRead.time_pathfinder_write": {"result": [0.025125937536358833], "stats": [{"ci_99": [0.02330073155462742, 0.026951143518090248], "q_25": 0.02510768547654152, "q_75": 0.025144189596176147, "min": 0.025089433416724205, "max": 0.02516244165599346, "mean": 0.025125937536358833, "std": 3.6504119634628296e-05, "repeat": 2, "number": 1}]}, "sampling.TimeSampling.time_forward_sample": null, "sampling.TimeSampling.time_gibbs_sampling": null, "sampling.TimeSampling.time_likelihood_sample": {"result": [0.21057873219251633], "stats": [{"ci_99": [0.20979460515081882, 0.21244787238538265], "q_25": 0.21027186047285795, "q_75": 0.211209402885288, "min": 0.20979460515081882, "max": 0.21244787238538265, "mean": 0.21080176942050458, "std": 0.0007613904826486527, "repeat": 10, "number": 1}]}, "sampling.TimeSampling.time_rejection_sample": null, "structure_learning.TimeHillClimb.time_hillclimb": null, "structure_learning.TimePC.time_pc_orig": {"result": [33.296559508889914], "stats": [{"ci_99": [28.93307352438569, 37.660045493394136], "q_25": 33.25292464904487, "q_75": 33.340194368734956, "min": 33.20928978919983, "max": 33.38382922858, "mean": 33.296559508889914, "std": 0.08726971969008446, "repeat": 2, "number": 1}]}, "structure_learning.TimePC.time_pc_stable": {"result": [33.16117118112743], "stats": [{"ci_99": [31.09653408639133, 35.22580827586353], "q_25": 33.14052481018007, "q_75": 33.18181755207479, "min": 33.11987843923271, "max": 33.20246392302215, "mean": 33.16117118112743, "std": 0.041292741894721985, "repeat": 2, "number": 1}]}, "factor.TimeDiscreteFactor.time_factor_compare": {"result": [6.747792940586805e-05], "stats": [{"ci_99": [6.712605245411396e-05, 6.833072984591126e-05], "q_25": 6.732069305144251e-05, "q_75": 6.773075147066265e-05, "min": 6.712605245411396e-05, "max": 6.833072984591126e-05, "mean": 6.75503525417298e-05, "std": 3.4135358422885306e-07, "repeat": 10, "number": 160}]}, "inference.TimeBeliefPropagation.time_query_alarm": null, "parameter_learning.TimeBayesianEstimator.time_alarm_bayesian_estimator": null, "parameter_learning.TimeBayesianEstimator.time_munin_bayesian_estimator": null, "parameter_learning.TimeExpectationMaximization.time_alarm_em": null, "parameter_learning.TimeExpectationMaximization.time_munin_em": null, "parameter_learning.TimeMLE.time_alarm_mle": null, "parameter_learning.TimeMLE.time_munin_mle": null, "structure_learning.TimeHillClimbAlarmModel.time_hillclimb": null, "structure_learning.TimeMmhcAlarmModel.time_mmhc": null, "structure_learning.TimePCAlarmModel.time_pc_orig": null, "structure_learning.TimePCAlarmModel.time_pc_stable": null, "structure_learning.TimeTreeSearchAlarmModel.time_tan": null}, "params": {"arch": "x86_64", "cpu": "Intel(R) Core(TM) i9-9820X CPU @ 3.30GHz", "machine": "graveyard", "num_cpu": "20", "os": "Linux 4.15.0-112-generic", "ram": "131688676", "python": "3.6"}, "requirements": {}, "commit_hash": "efa8f2375d74aa837464c095c1af2377af39f3d1", "date": 1624465071000, "env_name": "conda-py3.6", "python": "3.6", "profiles": {}, "started_at": {"factor.TimeDiscreteFactor.time_factor_marginalize": 1653988720871, "factor.TimeDiscreteFactor.time_factor_multiply_large": 1653988721077, "factor.TimeDiscreteFactor.time_factor_reduce": 1653988721283, "import.TimeImport.time_import": 1653988721490, "inference.TimeVariableElimination.time_query_alarm": 1653988721697, "inference.TimeVariableElimination.time_query_munin": 1653988740909, "readwrite.TimeRead.time_asia_read": 1653988761276, "readwrite.TimeRead.time_asia_write": 1653988786603, "readwrite.TimeRead.time_munin_read": 1653988811827, "readwrite.TimeRead.time_munin_write": 1653988849888, "readwrite.TimeRead.time_pathfinder_read": 1653988875164, "readwrite.TimeRead.time_pathfinder_write": 1653988913474, "sampling.TimeSampling.time_forward_sample": 1653988117437, "sampling.TimeSampling.time_gibbs_sampling": 1653988117594, "sampling.TimeSampling.time_likelihood_sample": 1653988938701, "sampling.TimeSampling.time_rejection_sample": 1653988719726, "structure_learning.TimeHillClimb.time_hillclimb": 1625057265403,