{"results": {"factor.TimeDiscreteFactor.time_factor_marginalize": {"result": [6.510616124918064e-05], "stats": [{"ci_99": [6.424966046497935e-05, 6.604439667647793e-05], "q_25": 6.43215219800671e-05, "q_75": 6.585667974182537e-05, "min": 6.424966046497935e-05, "max": 6.604439667647793e-05, "mean": 6.511019254546791e-05, "std": 7.950996466737624e-07, "repeat": 10, "number": 168}]}, "factor.TimeDiscreteFactor.time_factor_multiply_large": {"result": [5.738321613734929e-05], "stats": [{"ci_99": [5.6880531120674775e-05, 5.767230159013059e-05], "q_25": 5.72552348618732e-05, "q_75": 5.7492707490296895e-05, "min": 5.6880531120674775e-05, "max": 5.767230159013059e-05, "mean": 5.7343569101463434e-05, "std": 2.2427213055540155e-07, "repeat": 10, "number": 191}]}, "factor.TimeDiscreteFactor.time_factor_reduce": {"result": [3.3519178721475304e-05], "stats": [{"ci_99": [3.322372965005614e-05, 3.3728894054519464e-05], "q_25": 3.340926819614001e-05, "q_75": 3.361341873218554e-05, "min": 3.322372965005614e-05, "max": 3.3728894054519464e-05, "mean": 3.350098553744162e-05, "std": 1.4661644558660898e-07, "repeat": 10, "number": 322}]}, "import.TimeImport.time_import": {"result": [1.3470524827609366e-07], "stats": [{"ci_99": [1.34012807362933e-07, 1.357524678010538e-07], "q_25": 1.3412719371272558e-07, "q_75": 1.3528005763295238e-07, "min": 1.34012807362933e-07, "max": 1.357524678010538e-07, "mean": 1.3476720931988088e-07, "std": 6.628412668827541e-10, "repeat": 10, "number": 81073}]}, "inference.TimeVariableElimination.time_query_alarm": {"result": [0.06024383753538132], "stats": [{"ci_99": [0.05887355186736239, 0.06201605315560446], "q_25": 0.06012507900595665, "q_75": 0.0605635610409081, "min": 0.05981936864554882, "max": 0.06147216632962227, "mean": 0.06044480251148343, "std": 0.0006180586472757042, "repeat": 4, "number": 1}]}, "inference.TimeVariableElimination.time_query_munin": {"result": [0.517662052065134], "stats": [{"ci_99": [0.5102991473213121, 0.5258342807829097], "q_25": 0.5155931850895286, "q_75": 0.5201355810277164, "min": 0.5152512229979038, "max": 0.5216915290802717, "mean": 0.5180667140521109, "std": 0.0026942942074330194, "repeat": 4, "number": 1}]}, "readwrite.TimeRead.time_asia_read": {"result": [0.00937361130490899], "stats": [{"ci_99": [0.008753327187150717, 0.009993895422667265], "q_25": 0.009367408463731408, "q_75": 0.009379814146086574, "min": 0.009361205622553825, "max": 0.009386016987264156, "mean": 0.00937361130490899, "std": 1.2405682355165482e-05, "repeat": 2, "number": 2}]}, "readwrite.TimeRead.time_asia_write": {"result": [0.0006715739589361917], "stats": [{"ci_99": [0.00032474795385958524, 0.0010183999640127979], "q_25": 0.0006681056988854257, "q_75": 0.0006750422189869578, "min": 0.0006646374388346596, "max": 0.0006785104790377239, "mean": 0.0006715739589361917, "std": 6.93652010153213e-06, "repeat": 2, "number": 63}]}, "readwrite.TimeRead.time_munin_read": {"result": [5.698803594335914], "stats": [{"ci_99": [5.35823960416019, 6.039367584511638], "q_25": 5.695397954434156, "q_75": 5.702209234237671, "min": 5.691992314532399, "max": 5.705614874139428, "mean": 5.698803594335914, "std": 0.006811279803514481, "repeat": 2, "number": 1}]}, "readwrite.TimeRead.time_munin_write": {"result": [0.04197710193693638], "stats": [{"ci_99": [0.02388318069279194, 0.060071023181080804], "q_25": 0.041796162724494934, "q_75": 0.04215804114937782, "min": 0.04161522351205349, "max": 0.04233898036181927, "mean": 0.04197710193693638, "std": 0.0003618784248828888, "repeat": 2, "number": 1}]}, "readwrite.TimeRead.time_pathfinder_read": {"result": [6.437418332323432], "stats": [{"ci_99": [3.456948233768344, 9.417888430878516], "q_25": 6.407613631337881, "q_75": 6.467223033308983, "min": 6.37780893035233, "max": 6.497027734294534, "mean": 6.437418332323432, "std": 0.05960940197110176, "repeat": 2, "number": 1}]}, "readwrite.TimeRead.time_pathfinder_write": {"result": [0.025123774074018], "stats": [{"ci_99": [0.01417537871748209, 0.036072169430553906], "q_25": 0.025014290120452642, "q_75": 0.02523325802758336, "min": 0.024904806166887283, "max": 0.02534274198114872, "mean": 0.025123774074018, "std": 0.00021896790713071823, "repeat": 2, "number": 1}]}, "sampling.TimeSampling.time_forward_sample": {"result": [0.2033648956567049], "stats": [{"ci_99": [0.20157362148165703, 0.23067668825387955], "q_25": 0.20297046471387148, "q_75": 0.20389035576954484, "min": 0.20157362148165703, "max": 0.23067668825387955, "mean": 0.2060984093695879, "std": 0.008256179539948515, "repeat": 10, "number": 1}]}, "sampling.TimeSampling.time_gibbs_sampling": null, "sampling.TimeSampling.time_likelihood_sample": {"result": [0.21240414585918188], "stats": [{"ci_99": [0.21159018948674202, 0.24647938460111618], "q_25": 0.21222532400861382, "q_75": 0.2132187830284238, "min": 0.21159018948674202, "max": 0.24647938460111618, "mean": 0.21598605774343013, "std": 0.010189179263577288, "repeat": 10, "number": 1}]}, "sampling.TimeSampling.time_rejection_sample": {"result": [36.56404348835349], "stats": [{"ci_99": [19.412542831152678, 53.71554414555429], "q_25": 36.39252848178148, "q_75": 36.7355584949255, "min": 36.221013475209475, "max": 36.90707350149751, "mean": 36.56404348835349, "std": 0.34303001314401627, "repeat": 2, "number": 1}]}, "structure_learning.TimeHillClimb.time_hillclimb": null, "structure_learning.TimePC.time_pc_orig": {"result": [34.08166345395148], "stats": [{"ci_99": [33.198741341009736, 34.96458556689322], "q_25": 34.07283423282206, "q_75": 34.090492675080895, "min": 34.06400501169264, "max": 34.09932189621031, "mean": 34.08166345395148, "std": 0.01765844225883484, "repeat": 2, "number": 1}]}, "structure_learning.TimePC.time_pc_stable": {"result": [34.127090462483466], "stats": [{"ci_99": [33.14788137655705, 35.10629954840988], "q_25": 34.1172983716242, "q_75": 34.13688255334273, "min": 34.10750628076494, "max": 34.146674644201994, "mean": 34.127090462483466, "std": 0.01958418171852827, "repeat": 2, "number": 1}]}}, "params": {"arch": "x86_64", "cpu": "Intel(R) Core(TM) i9-9820X CPU @ 3.30GHz", "machine": "graveyard", "num_cpu": "20", "os": "Linux 4.15.0-112-generic", "ram": "131688676", "python": "3.6"}, "requirements": {}, "commit_hash": "f138f62dd5783a815bdc273e60db685611497423", "date": 1625213224000, "env_name": "conda-py3.6", "python": "3.6", "profiles": {}, "started_at": {"factor.TimeDiscreteFactor.time_factor_marginalize": 1625700504208, "factor.TimeDiscreteFactor.time_factor_multiply_large": 1625700504415, "factor.TimeDiscreteFactor.time_factor_reduce": 1625700504622, "import.TimeImport.time_import": 1625700504829, "inference.TimeVariableElimination.time_query_alarm": 1625700505036, "inference.TimeVariableElimination.time_query_munin": 1625700524545, "readwrite.TimeRead.time_asia_read": 1625700545257, "readwrite.TimeRead.time_asia_write": 1625700570934, "readwrite.TimeRead.time_munin_read": 1625700596961, "readwrite.TimeRead.time_munin_write": 1625700635671, "readwrite.TimeRead.time_pathfinder_read": 1625700660846, "readwrite.TimeRead.time_pathfinder_write": 1625700700108, "sampling.TimeSampling.time_forward_sample": 1625700726134, "sampling.TimeSampling.time_gibbs_sampling": 1625699687881, "sampling.TimeSampling.time_likelihood_sample": 1625700727998, "sampling.TimeSampling.time_rejection_sample": 1625700729911, "structure_learning.TimeHillClimb.time_hillclimb": 1625700364362, "structure_learning.TimePC.time_pc_orig": 1625700803432, "structure_learning.TimePC.time_pc_stable": 1625700873026}, "ended_at": {"factor.TimeDiscreteFactor.time_factor_marginalize": 1625700504415, "factor.TimeDiscreteFactor.time_factor_multiply_large": 1625700504622, "factor.TimeDiscreteFactor.time_factor_reduce": 1625700504829, "import.TimeImport.time_import": 1625700505035, "inference.TimeVariableElimination.time_query_alarm": 1625700524544, "inference.TimeVariableElimination.time_query_munin": 1625700545257, "readwrite.TimeRead.time_asia_read": 1625700570933,