{"results": {"factor.TimeDiscreteFactor.time_factor_marginalize": {"result": [6.528522141955115e-05], "stats": [{"ci_99": [6.503565519145041e-05, 6.572365986578393e-05], "q_25": 6.52322235206763e-05, "q_75": 6.547934573256607e-05, "min": 6.503565519145041e-05, "max": 6.572365986578393e-05, "mean": 6.534231318668885e-05, "std": 1.8704338083179212e-07, "repeat": 10, "number": 165}]}, "factor.TimeDiscreteFactor.time_factor_multiply_large": {"result": [5.617675048356154e-05], "stats": [{"ci_99": [5.568039356445779e-05, 6.0155626614483035e-05], "q_25": 5.590936349590822e-05, "q_75": 5.637761918181667e-05, "min": 5.568039356445779e-05, "max": 6.0155626614483035e-05, "mean": 5.6516743094033124e-05, "std": 1.2440394848323998e-06, "repeat": 10, "number": 196}]}, "factor.TimeDiscreteFactor.time_factor_reduce": {"result": [3.317259769472811e-05], "stats": [{"ci_99": [3.270501914767571e-05, 3.3613432336736606e-05], "q_25": 3.2771250842438064e-05, "q_75": 3.332633778084943e-05, "min": 3.270501914767571e-05, "max": 3.3613432336736606e-05, "mean": 3.3110884926569305e-05, "std": 3.3122417874088626e-07, "repeat": 10, "number": 324}]}, "import.TimeImport.time_import": {"result": [1.3387714029475098e-07], "stats": [{"ci_99": [1.3371778231587225e-07, 1.341122453445318e-07], "q_25": 1.3379571032415636e-07, "q_75": 1.339828222890336e-07, "min": 1.3371778231587225e-07, "max": 1.341122453445318e-07, "mean": 1.3388853849663435e-07, "std": 1.2704899093461283e-10, "repeat": 10, "number": 74730}]}, "inference.TimeVariableElimination.time_query_alarm": {"result": [0.0519986255094409], "stats": [{"ci_99": [0.05138077228730092, 0.05258655440593591], "q_25": 0.05179626401513815, "q_75": 0.052186024840921164, "min": 0.05174353905022144, "max": 0.052193863317370415, "mean": 0.051983663346618414, "std": 0.0002065088034771325, "repeat": 4, "number": 1}]}, "inference.TimeVariableElimination.time_query_munin": {"result": [0.2615248579531908], "stats": [{"ci_99": [0.2525548124367378, 0.2729464471658685], "q_25": 0.2604598640464246, "q_75": 0.2638156237080693, "min": 0.258674344047904, "max": 0.26927845925092697, "mean": 0.26275062980130315, "std": 0.003958382209228872, "repeat": 4, "number": 1}]}, "readwrite.TimeRead.time_asia_read": {"result": [0.009378513786941767], "stats": [{"ci_99": [0.006161422934383154, 0.012595604639500376], "q_25": 0.00934634287841618, "q_75": 0.009410684695467353, "min": 0.009314171969890594, "max": 0.009442855603992939, "mean": 0.009378513786941767, "std": 6.434181705117226e-05, "repeat": 2, "number": 2}]}, "readwrite.TimeRead.time_asia_write": {"result": [0.0006354137782066588], "stats": [{"ci_99": [0.000477727561716051, 0.0007930999946972664], "q_25": 0.0006338369160417527, "q_75": 0.0006369906403715648, "min": 0.0006322600538768466, "max": 0.0006385675025364709, "mean": 0.0006354137782066588, "std": 3.153724329812155e-06, "repeat": 2, "number": 63}]}, "readwrite.TimeRead.time_munin_read": {"result": [5.689488020725548], "stats": [{"ci_99": [4.874051264487207, 6.504924776963889], "q_25": 5.681333653163165, "q_75": 5.697642388287932, "min": 5.673179285600781, "max": 5.705796755850315, "mean": 5.689488020725548, "std": 0.016308735124766827, "repeat": 2, "number": 1}]}, "readwrite.TimeRead.time_munin_write": {"result": [0.041919986717402935], "stats": [{"ci_99": [0.017472815699875355, 0.06636715773493049], "q_25": 0.04167551500722766, "q_75": 0.04216445842757821, "min": 0.04143104329705238, "max": 0.04240893013775349, "mean": 0.041919986717402935, "std": 0.0004889434203505516, "repeat": 2, "number": 1}]}, "readwrite.TimeRead.time_pathfinder_read": {"result": [6.361776550300419], "stats": [{"ci_99": [5.827219418250024, 6.896333682350814], "q_25": 6.356430978979915, "q_75": 6.367122121620923, "min": 6.351085407659411, "max": 6.372467692941427, "mean": 6.361776550300419, "std": 0.0106911426410079, "repeat": 2, "number": 1}]}, "readwrite.TimeRead.time_pathfinder_write": {"result": [0.02531152218580246], "stats": [{"ci_99": [0.0214524008333683, 0.029170643538236615], "q_25": 0.025272930972278118, "q_75": 0.0253501133993268, "min": 0.025234339758753777, "max": 0.025388704612851143, "mean": 0.02531152218580246, "std": 7.718242704868317e-05, "repeat": 2, "number": 1}]}, "sampling.TimeSampling.time_forward_sample": {"result": [0.20216651260852814], "stats": [{"ci_99": [0.19933729991316795, 0.20467477664351463], "q_25": 0.20013191644102335, "q_75": 0.2040821434929967, "min": 0.19933729991316795, "max": 0.20467477664351463, "mean": 0.2020478779450059, "std": 0.0021095889143638255, "repeat": 10, "number": 1}]}, "sampling.TimeSampling.time_gibbs_sampling": null, "sampling.TimeSampling.time_likelihood_sample": {"result": [0.21312006842345], "stats": [{"ci_99": [0.21222050487995148, 0.2141648568212986], "q_25": 0.21294471248984337, "q_75": 0.2134913532063365, "min": 0.21222050487995148, "max": 0.2141648568212986, "mean": 0.2131990844383836, "std": 0.0005061978503734036, "repeat": 10, "number": 1}]}, "sampling.TimeSampling.time_rejection_sample": {"result": [36.99487864598632], "stats": [{"ci_99": [34.18601534888148, 39.803741943091154], "q_25": 36.96679001301527, "q_75": 37.02296727895737, "min": 36.93870138004422, "max": 37.051055911928415, "mean": 36.99487864598632, "std": 0.05617726594209671, "repeat": 2, "number": 1}]}, "structure_learning.TimeHillClimb.time_hillclimb": null, "structure_learning.TimePC.time_pc_orig": {"result": [41.83029331918806], "stats": [{"ci_99": [36.761245594359934, 46.899341044016175], "q_25": 41.77960284193978, "q_75": 41.88098379643634, "min": 41.728912364691496, "max": 41.93167427368462, "mean": 41.83029331918806, "std": 0.10138095449656248, "repeat": 2, "number": 1}]}, "structure_learning.TimePC.time_pc_stable": {"result": [42.038628766313195], "stats": [{"ci_99": [37.92143234051764, 46.15582519210875], "q_25": 41.99745680205524, "q_75": 42.07980073057115, "min": 41.956284837797284, "max": 42.120972694829106, "mean": 42.038628766313195, "std": 0.0823439285159111, "repeat": 2, "number": 1}]}}, "params": {"arch": "x86_64", "cpu": "Intel(R) Core(TM) i9-9820X CPU @ 3.30GHz", "machine": "graveyard", "num_cpu": "20", "os": "Linux 4.15.0-112-generic", "ram": "131688676", "python": "3.6"}, "requirements": {}, "commit_hash": "f2704a70d5361b410c160fe5da44e9a78d5e9882", "date": 1622457398000, "env_name": "conda-py3.6", "python": "3.6", "profiles": {}, "started_at": {"factor.TimeDiscreteFactor.time_factor_marginalize": 1625159598679, "factor.TimeDiscreteFactor.time_factor_multiply_large": 1625159598886, "factor.TimeDiscreteFactor.time_factor_reduce": 1625159599093, "import.TimeImport.time_import": 1625159599299, "inference.TimeVariableElimination.time_query_alarm": 1625159599506, "inference.TimeVariableElimination.time_query_munin": 1625159618965, "readwrite.TimeRead.time_asia_read": 1625159638977, "readwrite.TimeRead.time_asia_write": 1625159664805, "readwrite.TimeRead.time_munin_read": 1625159690632, "readwrite.TimeRead.time_munin_write": 1625159729694, "readwrite.TimeRead.time_pathfinder_read": 1625159755522, "readwrite.TimeRead.time_pathfinder_write": 1625159794635, "sampling.TimeSampling.time_forward_sample": 1625159820462, "sampling.TimeSampling.time_gibbs_sampling": 1625158769265, "sampling.TimeSampling.time_likelihood_sample": 1625159822326, "sampling.TimeSampling.time_rejection_sample": 1625159824239, "structure_learning.TimeHillClimb.time_hillclimb": 1625159445750, "structure_learning.TimePC.time_pc_orig": 1625159898214, "structure_learning.TimePC.time_pc_stable": 1625159974039}, "ended_at": {"factor.TimeDiscreteFactor.time_factor_marginalize": 1625159598886, "factor.TimeDiscreteFactor.time_factor_multiply_large": 1625159599092, "factor.TimeDiscreteFactor.time_factor_reduce": 1625159599299, "import.TimeImport.time_import": 1625159599506, "inference.TimeVariableElimination.time_query_alarm": 1625159618965, "inference.TimeVariableElimination.time_query_munin": 1625159638977, "readwrite.TimeRead.time_asia_read": 1625159664804,