{"results": {"factor.TimeDiscreteFactor.time_factor_marginalize": {"result": [6.434467675931313e-05], "stats": [{"ci_99": [6.37060688698993e-05, 6.582715055521797e-05], "q_25": 6.382883088115384e-05, "q_75": 6.521703291903524e-05, "min": 6.37060688698993e-05, "max": 6.582715055521797e-05, "mean": 6.453723044079894e-05, "std": 7.636268909662915e-07, "repeat": 10, "number": 170}]}, "factor.TimeDiscreteFactor.time_factor_multiply_large": {"result": [5.603505511923383e-05], "stats": [{"ci_99": [5.588045072120925e-05, 5.659458111040294e-05], "q_25": 5.60031354931804e-05, "q_75": 5.64522075971278e-05, "min": 5.588045072120925e-05, "max": 5.659458111040294e-05, "mean": 5.6186901444258784e-05, "std": 2.62990989642604e-07, "repeat": 10, "number": 192}]}, "factor.TimeDiscreteFactor.time_factor_reduce": {"result": [3.286810365204288e-05], "stats": [{"ci_99": [3.252735565960938e-05, 3.360796067587346e-05], "q_25": 3.2611029603980064e-05, "q_75": 3.3229141764188025e-05, "min": 3.252735565960938e-05, "max": 3.360796067587346e-05, "mean": 3.293154744613772e-05, "std": 3.535582023719387e-07, "repeat": 10, "number": 337}]}, "import.TimeImport.time_import": {"result": [1.2961526682487692e-07], "stats": [{"ci_99": [1.2824072043400966e-07, 1.3049338760153697e-07], "q_25": 1.29187911271509e-07, "q_75": 1.3002306854789988e-07, "min": 1.2824072043400966e-07, "max": 1.3049338760153697e-07, "mean": 1.295520200704791e-07, "std": 6.69765229452848e-10, "repeat": 10, "number": 84779}]}, "inference.TimeVariableElimination.time_query_alarm": {"result": [0.05874642729759216], "stats": [{"ci_99": [0.057640042820974055, 0.05987473324497157], "q_25": 0.05839993618428707, "q_75": 0.059103879146277905, "min": 0.0583355687558651, "max": 0.05920112878084183, "mean": 0.05875738803297281, "std": 0.0003828751515743576, "repeat": 4, "number": 1}]}, "inference.TimeVariableElimination.time_query_munin": {"result": [0.2664696229621768], "stats": [{"ci_99": [0.24467534623485604, 0.29894377984661075], "q_25": 0.2651406927034259, "q_75": 0.27313849329948425, "min": 0.26324052922427654, "max": 0.2910584770143032, "mean": 0.27180956304073334, "std": 0.011202081372953315, "repeat": 4, "number": 1}]}, "readwrite.TimeRead.time_asia_read": {"result": [0.009093689266592264], "stats": [{"ci_99": [0.00883922865614295, 0.009348149877041578], "q_25": 0.009091144660487771, "q_75": 0.009096233872696757, "min": 0.009088600054383278, "max": 0.00909877847880125, "mean": 0.009093689266592264, "std": 5.089212208986282e-06, "repeat": 2, "number": 2}]}, "readwrite.TimeRead.time_asia_write": {"result": [0.0006516974951539721], "stats": [{"ci_99": [0.00020462570209351988, 0.001098769288214424], "q_25": 0.0006472267772233676, "q_75": 0.0006561682130845766, "min": 0.000642756059292763, "max": 0.0006606389310151811, "mean": 0.0006516974951539721, "std": 8.941435861209044e-06, "repeat": 2, "number": 63}]}, "readwrite.TimeRead.time_munin_read": {"result": [5.567828197963536], "stats": [{"ci_99": [5.456460318528116, 5.679196077398956], "q_25": 5.566714519169182, "q_75": 5.56894187675789, "min": 5.565600840374827, "max": 5.570055555552244, "mean": 5.567828197963536, "std": 0.0022273575887084007, "repeat": 2, "number": 1}]}, "readwrite.TimeRead.time_munin_write": {"result": [0.041846200823783875], "stats": [{"ci_99": [0.03813888505101204, 0.04555351659655571], "q_25": 0.041809127666056156, "q_75": 0.04188327398151159, "min": 0.04177205450832844, "max": 0.04192034713923931, "mean": 0.041846200823783875, "std": 7.41463154554367e-05, "repeat": 2, "number": 1}]}, "readwrite.TimeRead.time_pathfinder_read": {"result": [6.170936676673591], "stats": [{"ci_99": [6.157789894379675, 6.184083458967507], "q_25": 6.170805208850652, "q_75": 6.17106814449653, "min": 6.170673741027713, "max": 6.1711996123194695, "mean": 6.170936676673591, "std": 0.00026293564587831497, "repeat": 2, "number": 1}]}, "readwrite.TimeRead.time_pathfinder_write": {"result": [0.024701710790395737], "stats": [{"ci_99": [0.021944530308246613, 0.027458891272544857], "q_25": 0.024674138985574245, "q_75": 0.024729282595217228, "min": 0.024646567180752754, "max": 0.02475685440003872, "mean": 0.024701710790395737, "std": 5.514360964298248e-05, "repeat": 2, "number": 1}]}, "sampling.TimeSampling.time_forward_sample": null, "sampling.TimeSampling.time_gibbs_sampling": null, "sampling.TimeSampling.time_likelihood_sample": {"result": [0.20949310529977083], "stats": [{"ci_99": [0.2083449400961399, 0.221753416582942], "q_25": 0.20906819822266698, "q_75": 0.21000677812844515, "min": 0.2083449400961399, "max": 0.221753416582942, "mean": 0.2106777112931013, "std": 0.0037391165798972828, "repeat": 10, "number": 1}]}, "sampling.TimeSampling.time_rejection_sample": null, "structure_learning.TimeHillClimb.time_hillclimb": null, "structure_learning.TimePC.time_pc_orig": {"result": [41.83029331918806], "stats": [{"ci_99": [36.761245594359934, 46.899341044016175], "q_25": 41.77960284193978, "q_75": 41.88098379643634, "min": 41.728912364691496, "max": 41.93167427368462, "mean": 41.83029331918806, "std": 0.10138095449656248, "repeat": 2, "number": 1}]}, "structure_learning.TimePC.time_pc_stable": {"result": [42.038628766313195], "stats": [{"ci_99": [37.92143234051764, 46.15582519210875], "q_25": 41.99745680205524, "q_75": 42.07980073057115, "min": 41.956284837797284, "max": 42.120972694829106, "mean": 42.038628766313195, "std": 0.0823439285159111, "repeat": 2, "number": 1}]}, "factor.TimeDiscreteFactor.time_factor_compare": {"result": [7.572317482916626e-05], "stats": [{"ci_99": [7.529014890844172e-05, 7.615125106348025e-05], "q_25": 7.542354621357852e-05, "q_75": 7.609075091622926e-05, "min": 7.529014890844172e-05, "max": 7.615125106348025e-05, "mean": 7.573951791216444e-05, "std": 3.349185143950304e-07, "repeat": 10, "number": 143}]}, "inference.TimeBeliefPropagation.time_query_alarm": {"result": [147.3103241659701], "stats": [{"ci_99": [131.04369404166937, 163.5769542902708], "q_25": 147.14765786472708, "q_75": 147.4729904672131, "min": 146.98499156348407, "max": 147.6356567684561, "mean": 147.3103241659701, "std": 0.32533260248601437, "repeat": 2, "number": 1}]}, "parameter_learning.TimeBayesianEstimator.time_alarm_bayesian_estimator": null, "parameter_learning.TimeBayesianEstimator.time_munin_bayesian_estimator": null, "parameter_learning.TimeExpectationMaximization.time_alarm_em": null, "parameter_learning.TimeExpectationMaximization.time_munin_em": null, "parameter_learning.TimeMLE.time_alarm_mle": null, "parameter_learning.TimeMLE.time_munin_mle": null, "structure_learning.TimeHillClimbAlarmModel.time_hillclimb": null, "structure_learning.TimeMmhcAlarmModel.time_mmhc": null, "structure_learning.TimePCAlarmModel.time_pc_orig": null, "structure_learning.TimePCAlarmModel.time_pc_stable": null, "structure_learning.TimeTreeSearchAlarmModel.time_tan": null}, "params": {"arch": "x86_64", "cpu": "Intel(R) Core(TM) i9-9820X CPU @ 3.30GHz", "machine": "graveyard", "num_cpu": "20", "os": "Linux 4.15.0-112-generic", "ram": "131688676", "python": "3.6"}, "requirements": {}, "commit_hash": "f2704a70d5361b410c160fe5da44e9a78d5e9882", "date": 1622457398000, "env_name": "conda-py3.6", "python": "3.6", "profiles": {}, "started_at": {"factor.TimeDiscreteFactor.time_factor_marginalize": 1654114286531, "factor.TimeDiscreteFactor.time_factor_multiply_large": 1654114286738, "factor.TimeDiscreteFactor.time_factor_reduce": 1654114286944, "import.TimeImport.time_import": 1654114287151, "inference.TimeVariableElimination.time_query_alarm": 1654114581830, "inference.TimeVariableElimination.time_query_munin": 1654114600793, "readwrite.TimeRead.time_asia_read": 1654114620409, "readwrite.TimeRead.time_asia_write": 1654114645485, "readwrite.TimeRead.time_munin_read": 1654114670561, "readwrite.TimeRead.time_munin_write": 1654114708422, "readwrite.TimeRead.time_pathfinder_read": 1654114733446, "readwrite.TimeRead.time_pathfinder_write": 1654114771557, "sampling.TimeSampling.time_forward_sample": 1654113683108,