{"results": {"factor.TimeDiscreteFactor.time_factor_marginalize": {"result": [6.591459792671781e-05], "stats": [{"ci_99": [6.503433440670823e-05, 6.651858037168329e-05], "q_25": 6.559915050412669e-05, "q_75": 6.635120194969755e-05, "min": 6.503433440670823e-05, "max": 6.651858037168329e-05, "mean": 6.589150564237074e-05, "std": 4.933262001434905e-07, "repeat": 10, "number": 165}]}, "factor.TimeDiscreteFactor.time_factor_multiply_large": {"result": [5.652475619563167e-05], "stats": [{"ci_99": [5.592293844321849e-05, 5.7116150856018066e-05], "q_25": 5.631979767213831e-05, "q_75": 5.69268414470816e-05, "min": 5.592293844321849e-05, "max": 5.7116150856018066e-05, "mean": 5.656404546196596e-05, "std": 3.776642713370712e-07, "repeat": 10, "number": 193}]}, "factor.TimeDiscreteFactor.time_factor_reduce": {"result": [3.321520634926856e-05], "stats": [{"ci_99": [3.2853474840521814e-05, 3.3470243215560914e-05], "q_25": 3.292496257927269e-05, "q_75": 3.335109795443714e-05, "min": 3.2853474840521814e-05, "max": 3.3470243215560914e-05, "mean": 3.316384740173817e-05, "std": 2.25695876785266e-07, "repeat": 10, "number": 320}]}, "import.TimeImport.time_import": {"result": [1.283907021425575e-07], "stats": [{"ci_99": [1.2694273323043342e-07, 1.2989203898969433e-07], "q_25": 1.273277835329085e-07, "q_75": 1.298511988408908e-07, "min": 1.2694273323043342e-07, "max": 1.2989203898969433e-07, "mean": 1.2851199369347501e-07, "std": 1.242004495070696e-09, "repeat": 10, "number": 85789}]}, "inference.TimeVariableElimination.time_query_alarm": {"result": [0.061198433861136436], "stats": [{"ci_99": [0.06037587298276593, 0.062032468633626214], "q_25": 0.06092421431094408, "q_75": 0.061478390358388424, "min": 0.06091509759426117, "max": 0.06150471791625023, "mean": 0.06120417080819607, "std": 0.0002833000160355136, "repeat": 4, "number": 1}]}, "inference.TimeVariableElimination.time_query_munin": {"result": [0.5190252456814051], "stats": [{"ci_99": [0.4161101373694209, 0.6862937343456479], "q_25": 0.5181170525029302, "q_75": 0.5521101290360093, "min": 0.5161708779633045, "max": 0.650586374104023, "mean": 0.5512019358575344, "std": 0.05739175683791788, "repeat": 4, "number": 1}]}, "readwrite.TimeRead.time_asia_read": {"result": [0.01058110874146223], "stats": [{"ci_99": [-0.04946419131010771, 0.07062640879303211], "q_25": 0.009980655740946531, "q_75": 0.01118156174197793, "min": 0.009380202740430832, "max": 0.01178201474249363, "mean": 0.01058110874146223, "std": 0.0012009060010313988, "repeat": 2, "number": 2}]}, "readwrite.TimeRead.time_asia_write": {"result": [0.0003294337481733352], "stats": [{"ci_99": [-0.005059124754061774, 0.00571799225040844], "q_25": 0.0002755481631509841, "q_75": 0.00038331933319568634, "min": 0.00022166257812863304, "max": 0.0004372049182180374, "mean": 0.0003294337481733352, "std": 0.00010777117004470219, "repeat": 2, "number": 63}]}, "readwrite.TimeRead.time_munin_read": {"result": [5.732946328818798], "stats": [{"ci_99": [4.987500466406345, 6.47839219123125], "q_25": 5.7254918701946735, "q_75": 5.740400787442923, "min": 5.718037411570549, "max": 5.747855246067047, "mean": 5.732946328818798, "std": 0.014908917248249054, "repeat": 2, "number": 1}]}, "readwrite.TimeRead.time_munin_write": {"result": [0.042948534712195396], "stats": [{"ci_99": [0.03148590959608555, 0.05441115982830523], "q_25": 0.0428339084610343, "q_75": 0.043063160963356495, "min": 0.0427192822098732, "max": 0.04317778721451759, "mean": 0.042948534712195396, "std": 0.00022925250232219696, "repeat": 2, "number": 1}]}, "readwrite.TimeRead.time_pathfinder_read": {"result": [6.400336802005768], "stats": [{"ci_99": [5.972726002335548, 6.827947601675987], "q_25": 6.396060694009066, "q_75": 6.40461291000247, "min": 6.391784586012363, "max": 6.408889017999172, "mean": 6.400336802005768, "std": 0.008552215993404388, "repeat": 2, "number": 1}]}, "readwrite.TimeRead.time_pathfinder_write": {"result": [0.025435490533709526], "stats": [{"ci_99": [0.011578993871808052, 0.039291987195610986], "q_25": 0.02529692556709051, "q_75": 0.02557405550032854, "min": 0.025158360600471497, "max": 0.025712620466947556, "mean": 0.025435490533709526, "std": 0.0002771299332380295, "repeat": 2, "number": 1}]}, "sampling.TimeSampling.time_forward_sample": {"result": [0.20510669238865376], "stats": [{"ci_99": [0.20347945764660835, 0.23028071597218513], "q_25": 0.20408737286925316, "q_75": 0.20571997296065092, "min": 0.20347945764660835, "max": 0.23028071597218513, "mean": 0.2073440719395876, "std": 0.007689932024587628, "repeat": 10, "number": 1}]}, "sampling.TimeSampling.time_gibbs_sampling": null, "sampling.TimeSampling.time_likelihood_sample": {"result": [0.21571222878992558], "stats": [{"ci_99": [0.2144128382205963, 0.21669801324605942], "q_25": 0.21534960251301527, "q_75": 0.21609625779092312, "min": 0.2144128382205963, "max": 0.21669801324605942, "mean": 0.2156415030360222, "std": 0.0006522243559228128, "repeat": 10, "number": 1}]}, "sampling.TimeSampling.time_rejection_sample": {"result": [37.61798141337931], "stats": [{"ci_99": [35.33157583139837, 39.904386995360255], "q_25": 37.5951173575595, "q_75": 37.64084546919912, "min": 37.57225330173969, "max": 37.66370952501893, "mean": 37.61798141337931, "std": 0.045728111639618874, "repeat": 2, "number": 1}]}, "structure_learning.TimeHillClimb.time_hillclimb": null, "structure_learning.TimePC.time_pc_orig": {"result": [35.79458717443049], "stats": [{"ci_99": [32.59847520105541, 38.99069914780557], "q_25": 35.76262605469674, "q_75": 35.82654829416424, "min": 35.73066493496299, "max": 35.85850941389799, "mean": 35.79458717443049, "std": 0.06392223946750164, "repeat": 2, "number": 1}]}, "structure_learning.TimePC.time_pc_stable": {"result": [35.796578388661146], "stats": [{"ci_99": [32.184376914054155, 39.40877986326814], "q_25": 35.760456373915076, "q_75": 35.832700403407216, "min": 35.724334359169006, "max": 35.868822418153286, "mean": 35.796578388661146, "std": 0.07224402949213982, "repeat": 2, "number": 1}]}}, "params": {"arch": "x86_64", "cpu": "Intel(R) Core(TM) i9-9820X CPU @ 3.30GHz", "machine": "graveyard", "num_cpu": "20", "os": "Linux 4.15.0-112-generic", "ram": "131688676", "python": "3.6"}, "requirements": {}, "commit_hash": "f27a7b5d27805a419320a40fadf6db85e1c4af52", "date": 1628833444000, "env_name": "conda-py3.6", "python": "3.6", "profiles": {}, "started_at": {"factor.TimeDiscreteFactor.time_factor_marginalize": 1630598997463, "factor.TimeDiscreteFactor.time_factor_multiply_large": 1630598997671, "factor.TimeDiscreteFactor.time_factor_reduce": 1630598997878, "import.TimeImport.time_import": 1630598998085, "inference.TimeVariableElimination.time_query_alarm": 1630598998291, "inference.TimeVariableElimination.time_query_munin": 1630599018452, "readwrite.TimeRead.time_asia_read": 1630599039415, "readwrite.TimeRead.time_asia_write": 1630599066044, "readwrite.TimeRead.time_munin_read": 1630599092121, "readwrite.TimeRead.time_munin_write": 1630599132890, "readwrite.TimeRead.time_pathfinder_read": 1630599158969, "readwrite.TimeRead.time_pathfinder_write": 1630599199532, "sampling.TimeSampling.time_forward_sample": 1630599225508, "sampling.TimeSampling.time_gibbs_sampling": 1630598170601, "sampling.TimeSampling.time_likelihood_sample": 1630599227372, "sampling.TimeSampling.time_rejection_sample": 1630599229285, "structure_learning.TimeHillClimb.time_hillclimb": 1630598848383, "structure_learning.TimePC.time_pc_orig": 1630599305115, "structure_learning.TimePC.time_pc_stable": 1630599379122}, "ended_at": {"factor.TimeDiscreteFactor.time_factor_marginalize": 1630598997670, "factor.TimeDiscreteFactor.time_factor_multiply_large": 1630598997877, "factor.TimeDiscreteFactor.time_factor_reduce": 1630598998084, "import.TimeImport.time_import": 1630598998291, "inference.TimeVariableElimination.time_query_alarm": 1630599018452, "inference.TimeVariableElimination.time_query_munin": 1630599039415, "readwrite.TimeRead.time_asia_read": 1630599066044,