{"results": {"factor.TimeDiscreteFactor.time_factor_compare": {"result": [3.820767516218539e-05], "stats": [{"ci_99": [3.7982440618280736e-05, 3.892809359563721e-05], "q_25": 3.8067203503386634e-05, "q_75": 3.862538061285805e-05, "min": 3.7982440618280736e-05, "max": 3.892809359563721e-05, "mean": 3.8332647171854564e-05, "std": 3.3655751906870474e-07, "repeat": 10, "number": 288}]}, "factor.TimeDiscreteFactor.time_factor_marginalize": {"result": [3.699841991674604e-05], "stats": [{"ci_99": [3.682952935655489e-05, 3.7252815466717625e-05], "q_25": 3.6905047810695906e-05, "q_75": 3.7118539062216346e-05, "min": 3.682952935655489e-05, "max": 3.7252815466717625e-05, "mean": 3.7025745647648964e-05, "std": 1.4428458732209202e-07, "repeat": 10, "number": 282}]}, "factor.TimeDiscreteFactor.time_factor_multiply_large": {"result": [1.4999920635351113e-05], "stats": [{"ci_99": [1.4838500480566706e-05, 1.5237071950520787e-05], "q_25": 1.4883422492338077e-05, "q_75": 1.5104713716677257e-05, "min": 1.4838500480566706e-05, "max": 1.5237071950520787e-05, "mean": 1.5003097709268331e-05, "std": 1.271213427065047e-07, "repeat": 10, "number": 700}]}, "factor.TimeDiscreteFactor.time_factor_reduce": {"result": [7.621819797494324e-06], "stats": [{"ci_99": [7.533974656202261e-06, 7.696047041334262e-06], "q_25": 7.585934665863688e-06, "q_75": 7.64785153280785e-06, "min": 7.533974656202261e-06, "max": 7.696047041334262e-06, "mean": 7.620035956562945e-06, "std": 4.8953080201821654e-08, "repeat": 10, "number": 1339}]}, "import.TimeImport.time_import": {"result": [1.2025491312779844e-07], "stats": [{"ci_99": [1.1851762220856257e-07, 1.2245801863846954e-07], "q_25": 1.187542726800602e-07, "q_75": 1.2110001746110303e-07, "min": 1.1851762220856257e-07, "max": 1.2245801863846954e-07, "mean": 1.202033809673639e-07, "std": 1.4111924552009468e-09, "repeat": 10, "number": 91125}]}, "inference.TimeBeliefPropagation.time_query_alarm": {"result": [48.573767957277596], "stats": [{"ci_99": [35.76649728231132, 61.38103863224386], "q_25": 48.44569525052793, "q_75": 48.70184066402726, "min": 48.31762254377827, "max": 48.82991337077692, "mean": 48.573767957277596, "std": 0.2561454134993255, "repeat": 2, "number": 1}]}, "inference.TimeVariableElimination.time_query_alarm": {"result": [0.004389930128430327], "stats": [{"ci_99": [0.004331932943724919, 0.004467858547555081], "q_25": 0.00437883788254112, "q_75": 0.004410987991529207, "min": 0.004378609359264374, "max": 0.004441113366434972, "mean": 0.00439989574564, "std": 2.5462409659404606e-05, "repeat": 4, "number": 3}]}, "inference.TimeVariableElimination.time_query_munin": {"result": [0.14774390566162765], "stats": [{"ci_99": [0.14249920743996544, 0.1540783209119524], "q_25": 0.14651543332729489, "q_75": 0.1495172365102917, "min": 0.1462388546206057, "max": 0.15142839075997472, "mean": 0.14828876417595893, "std": 0.002075776226445572, "repeat": 4, "number": 1}]}, "parameter_learning.TimeBayesianEstimator.time_alarm_bayesian_estimator": {"result": [2.2187620310578495], "stats": [{"ci_99": [1.9882143269452779, 2.4125562010638837], "q_25": 2.177251874585636, "q_75": 2.2418954204767942, "min": 2.070277183316648, "max": 2.2937398105859756, "mean": 2.2003852640045807, "std": 0.08122051040123221, "repeat": 4, "number": 1}]}, "parameter_learning.TimeBayesianEstimator.time_munin_bayesian_estimator": {"result": [35.40568706090562], "stats": [{"ci_99": [31.43622581125237, 39.37514831055887], "q_25": 35.36599244840909, "q_75": 35.44538167340215, "min": 35.326297835912555, "max": 35.485076285898685, "mean": 35.40568706090562, "std": 0.079389224993065, "repeat": 2, "number": 1}]}, "parameter_learning.TimeExpectationMaximization.time_alarm_em": {"result": [7.217917799251154], "stats": [{"ci_99": [2.142856349935755, 12.29297924856655], "q_25": 7.167167184758, "q_75": 7.268668413744308, "min": 7.116416570264846, "max": 7.319419028237462, "mean": 7.217917799251154, "std": 0.10150122898630798, "repeat": 2, "number": 1}]}, "parameter_learning.TimeExpectationMaximization.time_munin_em": {"result": [81.68344506784342], "stats": [{"ci_99": [79.28723149024881, 84.07965864543803], "q_25": 81.65948293206748, "q_75": 81.70740720361937, "min": 81.63552079629153, "max": 81.73136933939531, "mean": 81.68344506784342, "std": 0.04792427155189216, "repeat": 2, "number": 1}]}, "parameter_learning.TimeMLE.time_alarm_mle": {"result": [2.1032603934872895], "stats": [{"ci_99": [1.9813798934005338, 2.301954736209647], "q_25": 2.1015399938914925, "q_75": 2.1433877144008875, "min": 2.100583548191935, "max": 2.259564924053848, "mean": 2.1416673148050904, "std": 0.06808420197331289, "repeat": 4, "number": 1}]}, "parameter_learning.TimeMLE.time_munin_mle": {"result": [35.491446459898725], "stats": [{"ci_99": [25.30596365290694, 45.676929266890504], "q_25": 35.38959163182881, "q_75": 35.59330128796864, "min": 35.28773680375889, "max": 35.69515611603856, "mean": 35.491446459898725, "std": 0.20370965613983572, "repeat": 2, "number": 1}]}, "readwrite.TimeRead.time_asia_read": {"result": [0.009133976534940302], "stats": [{"ci_99": [0.008489728323183954, 0.009778224746696651], "q_25": 0.009127534052822739, "q_75": 0.009140419017057866, "min": 0.009121091570705175, "max": 0.00914686149917543, "mean": 0.009133976534940302, "std": 1.2884964235126972e-05, "repeat": 2, "number": 2}]}, "readwrite.TimeRead.time_asia_write": {"result": [0.0005727968263355168], "stats": [{"ci_99": [-0.015722670677033337, 0.01686826432970436], "q_25": 0.00040984215130182827, "q_75": 0.0007357515013692054, "min": 0.0002468874762681398, "max": 0.0008987061764028939, "mean": 0.0005727968263355168, "std": 0.00032590935006737704, "repeat": 2, "number": 44}]}, "readwrite.TimeRead.time_munin_read": {"result": [4.9512973059900105], "stats": [{"ci_99": [4.817970213945955, 5.084624398034066], "q_25": 4.94996403506957, "q_75": 4.952630576910451, "min": 4.948630764149129, "max": 4.953963847830892, "mean": 4.9512973059900105, "std": 0.0026665418408811092, "repeat": 2, "number": 1}]}, "readwrite.TimeRead.time_munin_write": {"result": [0.10877482779324055], "stats": [{"ci_99": [0.08080427721142769, 0.13674537837505338], "q_25": 0.10849512228742242, "q_75": 0.10905453329905868, "min": 0.10821541678160429, "max": 0.1093342388048768, "mean": 0.10877482779324055, "std": 0.0005594110116362572, "repeat": 2, "number": 1}]}, "readwrite.TimeRead.time_pathfinder_read": {"result": [5.550104499096051], "stats": [{"ci_99": [5.511891344329342, 5.5883176538627595], "q_25": 5.549722367548384, "q_75": 5.550486630643718, "min": 5.549340236000717, "max": 5.550868762191385, "mean": 5.550104499096051, "std": 0.0007642630953341722, "repeat": 2, "number": 1}]}, "readwrite.TimeRead.time_pathfinder_write": {"result": [0.1043276903219521], "stats": [{"ci_99": [0.08392176078632474, 0.12473361985757946], "q_25": 0.10412363102659583, "q_75": 0.10453174961730838, "min": 0.10391957173123956, "max": 0.10473580891266465, "mean": 0.1043276903219521, "std": 0.0004081185907125473, "repeat": 2, "number": 1}]}, "sampling.TimeSampling.time_forward_sample": {"result": [0.26087927096523345], "stats": [{"ci_99": [0.2598145888186991, 0.26404564501717687], "q_25": 0.26021838397718966, "q_75": 0.26208529504947364, "min": 0.2598145888186991, "max": 0.26404564501717687, "mean": 0.26130921323783696, "std": 0.0012938654579560693, "repeat": 10, "number": 1}]}, "sampling.TimeSampling.time_gibbs_sampling": null, "sampling.TimeSampling.time_likelihood_sample": {"result": [0.260760037926957], "stats": [{"ci_99": [0.2582195564173162, 0.2837639907374978], "q_25": 0.2593256102409214, "q_75": 0.26108004932757467, "min": 0.2582195564173162, "max": 0.2837639907374978, "mean": 0.26249089585617186, "std": 0.007168434598914212, "repeat": 10, "number": 1}]}, "sampling.TimeSampling.time_rejection_sample": {"result": [49.06591167557053], "stats": [{"ci_99": [42.65798829612322, 55.47383505501784], "q_25": 49.00183244177606, "q_75": 49.129990909365006, "min": 48.93775320798159, "max": 49.19407014315948,