{"results": {"factor.TimeDiscreteFactor.time_factor_marginalize": {"result": [6.257672365640569e-05], "stats": [{"ci_99": [6.242464382224287e-05, 6.315668622043236e-05], "q_25": 6.249072772959258e-05, "q_75": 6.267011874109689e-05, "min": 6.242464382224287e-05, "max": 6.315668622043236e-05, "mean": 6.264272414467817e-05, "std": 2.1740486536019753e-07, "repeat": 10, "number": 163}]}, "factor.TimeDiscreteFactor.time_factor_multiply_large": {"result": [5.022787520189605e-05], "stats": [{"ci_99": [4.985484709009599e-05, 5.099094477281616e-05], "q_25": 5.0012421076805404e-05, "q_75": 5.0670431668393346e-05, "min": 4.985484709009599e-05, "max": 5.099094477281616e-05, "mean": 5.033999218039536e-05, "std": 3.962028049625299e-07, "repeat": 10, "number": 209}]}, "factor.TimeDiscreteFactor.time_factor_reduce": {"result": [2.951962696440393e-05], "stats": [{"ci_99": [2.9369132520433245e-05, 2.9842447302194948e-05], "q_25": 2.941010941298647e-05, "q_75": 2.9702314472231785e-05, "min": 2.9369132520433245e-05, "max": 2.9842447302194948e-05, "mean": 2.9557197245472636e-05, "std": 1.5906279462155896e-07, "repeat": 10, "number": 358}]}, "import.TimeImport.time_import": {"result": [1.3204877590401865e-07], "stats": [{"ci_99": [1.3090254213260163e-07, 1.341049644063921e-07], "q_25": 1.312178011211814e-07, "q_75": 1.328842152778907e-07, "min": 1.3090254213260163e-07, "max": 1.341049644063921e-07, "mean": 1.3214482458338504e-07, "std": 1.0510220296920937e-09, "repeat": 10, "number": 83858}]}, "inference.TimeVariableElimination.time_query_alarm": {"result": [0.11825520824640989], "stats": [{"ci_99": [0.09318642715737026, 0.15854524982348278], "q_25": 0.11778846848756075, "q_75": 0.12633257824927568, "min": 0.11711330898106098, "max": 0.1498396284878254, "mean": 0.12586583849042654, "std": 0.013850176802928953, "repeat": 4, "number": 1}]}, "inference.TimeVariableElimination.time_query_munin": {"result": [0.2543865032494068], "stats": [{"ci_99": [0.23101901275619954, 0.2856658938010027], "q_25": 0.2521634493023157, "q_75": 0.26056550722569227, "min": 0.24806126207113266, "max": 0.2765355445444584, "mean": 0.25834245327860117, "std": 0.010833453346478098, "repeat": 4, "number": 1}]}, "readwrite.TimeRead.time_asia_read": {"result": [0.00858689658343792], "stats": [{"ci_99": [0.0067405495792627335, 0.010433243587613104], "q_25": 0.008568433113396168, "q_75": 0.008605360053479671, "min": 0.008549969643354416, "max": 0.008623823523521423, "mean": 0.00858689658343792, "std": 3.692694008350372e-05, "repeat": 2, "number": 2}]}, "readwrite.TimeRead.time_asia_write": {"result": [0.0005595636975071201], "stats": [{"ci_99": [0.000505783646176124, 0.0006133437488381163], "q_25": 0.0005590258969938102, "q_75": 0.0005601014980204301, "min": 0.0005584880964805002, "max": 0.0005606392985337401, "mean": 0.0005595636975071201, "std": 1.0756010266199244e-06, "repeat": 2, "number": 73}]}, "readwrite.TimeRead.time_munin_read": {"result": [5.1794561287388206], "stats": [{"ci_99": [5.081452355720103, 5.277459901757538], "q_25": 5.178476091008633, "q_75": 5.180436166469008, "min": 5.177496053278446, "max": 5.181416204199195, "mean": 5.1794561287388206, "std": 0.0019600754603743553, "repeat": 2, "number": 1}]}, "readwrite.TimeRead.time_munin_write": {"result": [0.04062112886458635], "stats": [{"ci_99": [0.03896332811564207, 0.042278929613530636], "q_25": 0.04060455085709691, "q_75": 0.040637706872075796, "min": 0.04058797284960747, "max": 0.04065428487956524, "mean": 0.04062112886458635, "std": 3.315601497888565e-05, "repeat": 2, "number": 1}]}, "readwrite.TimeRead.time_pathfinder_read": {"result": [5.80311687104404], "stats": [{"ci_99": [5.49646252207458, 6.109771220013499], "q_25": 5.800050327554345, "q_75": 5.806183414533734, "min": 5.7969837840646505, "max": 5.809249958023429, "mean": 5.80311687104404, "std": 0.006133086979389191, "repeat": 2, "number": 1}]}, "readwrite.TimeRead.time_pathfinder_write": {"result": [0.026156180538237095], "stats": [{"ci_99": [0.025884374044835567, 0.026427987031638622], "q_25": 0.02615346247330308, "q_75": 0.02615889860317111, "min": 0.026150744408369064, "max": 0.026161616668105125, "mean": 0.026156180538237095, "std": 5.436129868030548e-06, "repeat": 2, "number": 1}]}, "sampling.TimeSampling.time_forward_sample": {"result": [0.19855344109237194], "stats": [{"ci_99": [0.19783499650657177, 0.19906244054436684], "q_25": 0.19844990829005837, "q_75": 0.198858299292624, "min": 0.19783499650657177, "max": 0.19906244054436684, "mean": 0.19858260955661536, "std": 0.0003484271211256133, "repeat": 10, "number": 1}]}, "sampling.TimeSampling.time_gibbs_sampling": null, "sampling.TimeSampling.time_likelihood_sample": {"result": [0.20750213973224163], "stats": [{"ci_99": [0.20622186176478863, 0.23965932056307793], "q_25": 0.20684557780623436, "q_75": 0.20810290472581983, "min": 0.20622186176478863, "max": 0.23965932056307793, "mean": 0.21065702103078365, "std": 0.00970148179849313, "repeat": 10, "number": 1}]}, "sampling.TimeSampling.time_rejection_sample": {"result": [36.36565304547548], "stats": [{"ci_99": [30.371684331446886, 42.35962175950407], "q_25": 36.3057133583352, "q_75": 36.42559273261577, "min": 36.24577367119491, "max": 36.485532419756055, "mean": 36.36565304547548, "std": 0.11987937428057194, "repeat": 2, "number": 1}]}, "structure_learning.TimeHillClimb.time_hillclimb": null, "structure_learning.TimePC.time_pc_orig": {"result": [32.59739018138498], "stats": [{"ci_99": [23.556655031628907, 41.63812533114105], "q_25": 32.50698282988742, "q_75": 32.68779753288254, "min": 32.41657547838986, "max": 32.7782048843801, "mean": 32.59739018138498, "std": 0.18081470299512148, "repeat": 2, "number": 1}]}, "structure_learning.TimePC.time_pc_stable": {"result": [32.72080574929714], "stats": [{"ci_99": [29.900393307209015, 35.54121819138527], "q_25": 32.69260162487626, "q_75": 32.74900987371802, "min": 32.66439750045538, "max": 32.777213998138905, "mean": 32.72080574929714, "std": 0.05640824884176254, "repeat": 2, "number": 1}]}}, "params": {"arch": "x86_64", "cpu": "Intel(R) Core(TM) i9-9820X CPU @ 3.30GHz", "machine": "graveyard", "num_cpu": "20", "os": "Linux 4.15.0-112-generic", "ram": "131688676", "python": "3.8"}, "requirements": {}, "commit_hash": "f3eb855c6ffb1d66e25f05c76cf57af5f540202e", "date": 1623313489000, "env_name": "conda-py3.8", "python": "3.8", "profiles": {}, "started_at": {"factor.TimeDiscreteFactor.time_factor_marginalize": 1625126916655, "factor.TimeDiscreteFactor.time_factor_multiply_large": 1625126916863, "factor.TimeDiscreteFactor.time_factor_reduce": 1625126917070, "import.TimeImport.time_import": 1625126917276, "inference.TimeVariableElimination.time_query_alarm": 1625126917483, "inference.TimeVariableElimination.time_query_munin": 1625126935638, "readwrite.TimeRead.time_asia_read": 1625126954246, "readwrite.TimeRead.time_asia_write": 1625126978016, "readwrite.TimeRead.time_munin_read": 1625127001788, "readwrite.TimeRead.time_munin_write": 1625127037642, "readwrite.TimeRead.time_pathfinder_read": 1625127061414, "readwrite.TimeRead.time_pathfinder_write": 1625127097468, "sampling.TimeSampling.time_forward_sample": 1625127121139, "sampling.TimeSampling.time_gibbs_sampling": 1625126101224, "sampling.TimeSampling.time_likelihood_sample": 1625127122953, "sampling.TimeSampling.time_rejection_sample": 1625127124866, "structure_learning.TimeHillClimb.time_hillclimb": 1625126776457, "structure_learning.TimePC.time_pc_orig": 1625127198188, "structure_learning.TimePC.time_pc_stable": 1625127267432}, "ended_at": {"factor.TimeDiscreteFactor.time_factor_marginalize": 1625126916862, "factor.TimeDiscreteFactor.time_factor_multiply_large": 1625126917069, "factor.TimeDiscreteFactor.time_factor_reduce": 1625126917276, "import.TimeImport.time_import": 1625126917483, "inference.TimeVariableElimination.time_query_alarm": 1625126935638, "inference.TimeVariableElimination.time_query_munin": 1625126954245, "readwrite.TimeRead.time_asia_read": 1625126978016,