{"results": {"factor.TimeDiscreteFactor.time_factor_compare": {"result": [6.816445539395015e-05], "stats": [{"ci_99": [6.776784857114157e-05, 7.11233044664065e-05], "q_25": 6.807684277494749e-05, "q_75": 6.892765561739602e-05, "min": 6.776784857114157e-05, "max": 7.11233044664065e-05, "mean": 6.876454253991445e-05, "std": 1.0744056996382676e-06, "repeat": 10, "number": 150}]}, "factor.TimeDiscreteFactor.time_factor_marginalize": {"result": [6.375119597072431e-05], "stats": [{"ci_99": [6.338097595956904e-05, 6.500719743367483e-05], "q_25": 6.362283051278464e-05, "q_75": 6.387371448634645e-05, "min": 6.338097595956904e-05, "max": 6.500719743367483e-05, "mean": 6.387464415568572e-05, "std": 4.4075658011512683e-07, "repeat": 10, "number": 169}]}, "factor.TimeDiscreteFactor.time_factor_multiply_large": {"result": [4.682490276381574e-05], "stats": [{"ci_99": [4.5849419629092705e-05, 4.8850324723218056e-05], "q_25": 4.607511709356522e-05, "q_75": 4.831528199226867e-05, "min": 4.5849419629092705e-05, "max": 4.8850324723218056e-05, "mean": 4.711873294793971e-05, "std": 1.1643034363860122e-06, "repeat": 10, "number": 223}]}, "factor.TimeDiscreteFactor.time_factor_reduce": {"result": [2.5693248071282814e-05], "stats": [{"ci_99": [2.5454795584805962e-05, 2.585124513767298e-05], "q_25": 2.5579737481272336e-05, "q_75": 2.5731249197015485e-05, "min": 2.5454795584805962e-05, "max": 2.585124513767298e-05, "mean": 2.565720498344852e-05, "std": 1.2133867247386268e-07, "repeat": 10, "number": 412}]}, "import.TimeImport.time_import": {"result": [1.1992424177410755e-07], "stats": [{"ci_99": [1.181508172927369e-07, 1.2207834792616743e-07], "q_25": 1.194431101141158e-07, "q_75": 1.2072177427384447e-07, "min": 1.181508172927369e-07, "max": 1.2207834792616743e-07, "mean": 1.199663555664141e-07, "std": 1.166238249686327e-09, "repeat": 10, "number": 91023}]}, "inference.TimeBeliefPropagation.time_query_alarm": {"result": [63.795214666984975], "stats": [{"ci_99": [63.011196170933545, 64.5792331630364], "q_25": 63.78737448202446, "q_75": 63.80305485194549, "min": 63.77953429706395, "max": 63.810895036906004, "mean": 63.795214666984975, "std": 0.015680369921028614, "repeat": 2, "number": 1}]}, "inference.TimeVariableElimination.time_query_alarm": {"result": [0.03668736852705479], "stats": [{"ci_99": [0.034108071859689754, 0.04035483739176174], "q_25": 0.036370153073221445, "q_75": 0.03754867007955909, "min": 0.03622330352663994, "max": 0.03932777792215347, "mean": 0.037231454625725746, "std": 0.0012396503778173092, "repeat": 4, "number": 1}]}, "inference.TimeVariableElimination.time_query_munin": {"result": [0.23598051816225052], "stats": [{"ci_99": [0.23092206895990663, 0.23946541033045957], "q_25": 0.23481166176497936, "q_75": 0.23636259604245424, "min": 0.23227533139288425, "max": 0.23653859086334705, "mean": 0.2351937396451831, "std": 0.0017155876730233087, "repeat": 4, "number": 1}]}, "parameter_learning.TimeBayesianEstimator.time_alarm_bayesian_estimator": null, "parameter_learning.TimeBayesianEstimator.time_munin_bayesian_estimator": null, "parameter_learning.TimeExpectationMaximization.time_alarm_em": null, "parameter_learning.TimeExpectationMaximization.time_munin_em": null, "parameter_learning.TimeMLE.time_alarm_mle": null, "parameter_learning.TimeMLE.time_munin_mle": null, "readwrite.TimeRead.time_asia_read": {"result": [0.008848006371408701], "stats": [{"ci_99": [0.004959804471582174, 0.012736208271235224], "q_25": 0.008809124352410436, "q_75": 0.008886888390406966, "min": 0.00877024233341217, "max": 0.008925770409405231, "mean": 0.008848006371408701, "std": 7.776403799653053e-05, "repeat": 2, "number": 2}]}, "readwrite.TimeRead.time_asia_write": {"result": [0.0003486777377593053], "stats": [{"ci_99": [-0.009558723344431296, 0.010256078819949898], "q_25": 0.0002496037269373993, "q_75": 0.0004477517485812113, "min": 0.0001505297161154933, "max": 0.0005468257594031173, "mean": 0.0003486777377593053, "std": 0.00019814802164381203, "repeat": 2, "number": 77}]}, "readwrite.TimeRead.time_munin_read": {"result": [4.743708997033536], "stats": [{"ci_99": [4.33078929875046, 5.156628695316613], "q_25": 4.739579800050706, "q_75": 4.747838194016367, "min": 4.735450603067875, "max": 4.751967390999198, "mean": 4.743708997033536, "std": 0.008258393965661526, "repeat": 2, "number": 1}]}, "readwrite.TimeRead.time_munin_write": {"result": [0.03424179181456566], "stats": [{"ci_99": [0.029739778488874435, 0.03874380514025688], "q_25": 0.034196771681308746, "q_75": 0.03428681194782257, "min": 0.034151751548051834, "max": 0.03433183208107948, "mean": 0.03424179181456566, "std": 9.004026651382446e-05, "repeat": 2, "number": 1}]}, "readwrite.TimeRead.time_pathfinder_read": {"result": [5.2533008344471455], "stats": [{"ci_99": [4.919685069471598, 5.586916599422693], "q_25": 5.24996467679739, "q_75": 5.256636992096901, "min": 5.2466285191476345, "max": 5.259973149746656, "mean": 5.2533008344471455, "std": 0.006672315299510956, "repeat": 2, "number": 1}]}, "readwrite.TimeRead.time_pathfinder_write": {"result": [0.020983540453016758], "stats": [{"ci_99": [0.014364677481353283, 0.027602403424680226], "q_25": 0.020917351823300123, "q_75": 0.021049729082733393, "min": 0.02085116319358349, "max": 0.021115917712450027, "mean": 0.020983540453016758, "std": 0.0001323772594332695, "repeat": 2, "number": 1}]}, "sampling.TimeSampling.time_forward_sample": null, "sampling.TimeSampling.time_gibbs_sampling": null, "sampling.TimeSampling.time_likelihood_sample": {"result": [0.22629408352077007], "stats": [{"ci_99": [0.22512977197766304, 0.22825485467910767], "q_25": 0.22550851106643677, "q_75": 0.22678558435291052, "min": 0.22512977197766304, "max": 0.22825485467910767, "mean": 0.22639652341604233, "std": 0.0010187213769922235, "repeat": 10, "number": 1}]}, "sampling.TimeSampling.time_rejection_sample": null, "structure_learning.TimeHillClimbAlarmModel.time_hillclimb": null, "structure_learning.TimeMmhcAlarmModel.time_mmhc": null, "structure_learning.TimePCAlarmModel.time_pc_orig": null, "structure_learning.TimePCAlarmModel.time_pc_stable": null, "structure_learning.TimeTreeSearchAlarmModel.time_tan": null}, "params": {"arch": "x86_64", "cpu": "Intel(R) Core(TM) i9-9820X CPU @ 3.30GHz", "machine": "graveyard", "num_cpu": "20", "os": "Linux 4.15.0-112-generic", "ram": "131688676", "python": "3.9"}, "requirements": {}, "commit_hash": "f3eb855c6ffb1d66e25f05c76cf57af5f540202e", "date": 1623313489000, "env_name": "conda-py3.9", "python": "3.9", "profiles": {}, "started_at": {"factor.TimeDiscreteFactor.time_factor_compare": 1654073230628, "factor.TimeDiscreteFactor.time_factor_marginalize": 1654073230836, "factor.TimeDiscreteFactor.time_factor_multiply_large": 1654073231043, "factor.TimeDiscreteFactor.time_factor_reduce": 1654073231250, "import.TimeImport.time_import": 1654073231457, "inference.TimeBeliefPropagation.time_query_alarm": 1654073231664, "inference.TimeVariableElimination.time_query_alarm": 1654073359393, "inference.TimeVariableElimination.time_query_munin": 1654073376550, "parameter_learning.TimeBayesianEstimator.time_alarm_bayesian_estimator": 1654072470839, "parameter_learning.TimeBayesianEstimator.time_munin_bayesian_estimator": 1654072470896, "parameter_learning.TimeExpectationMaximization.time_alarm_em": 1654072470952, "parameter_learning.TimeExpectationMaximization.time_munin_em": 1654072471009, "parameter_learning.TimeMLE.time_alarm_mle": 1654072471065, "parameter_learning.TimeMLE.time_munin_mle": 1654072471122, "readwrite.TimeRead.time_asia_read": 1654073394211, "readwrite.TimeRead.time_asia_write": 1654073416429, "readwrite.TimeRead.time_munin_read": 1654073438598, "readwrite.TimeRead.time_munin_write": 1654073472499, "readwrite.TimeRead.time_pathfinder_read": 1654073494718, "readwrite.TimeRead.time_pathfinder_write": 1654073528318, "sampling.TimeSampling.time_forward_sample": 1654072627347, "sampling.TimeSampling.time_gibbs_sampling": 1654072627505,