{"results": {"factor.TimeDiscreteFactor.time_factor_marginalize": {"result": [6.269603007775875e-05], "stats": [{"ci_99": [6.231683894900456e-05, 6.30557719915191e-05], "q_25": 6.248835657089034e-05, "q_75": 6.28676905405302e-05, "min": 6.231683894900456e-05, "max": 6.30557719915191e-05, "mean": 6.269759332841159e-05, "std": 2.451420539980589e-07, "repeat": 10, "number": 163}]}, "factor.TimeDiscreteFactor.time_factor_multiply_large": {"result": [5.023856757658918e-05], "stats": [{"ci_99": [4.998417968433615e-05, 5.20504975770887e-05], "q_25": 5.013592347008357e-05, "q_75": 5.0485279781840994e-05, "min": 4.998417968433615e-05, "max": 5.20504975770887e-05, "mean": 5.0490556099403525e-05, "std": 6.069918264446662e-07, "repeat": 10, "number": 211}]}, "factor.TimeDiscreteFactor.time_factor_reduce": {"result": [2.9687838501889598e-05], "stats": [{"ci_99": [2.9564686966213312e-05, 3.0145800503140148e-05], "q_25": 2.958538243547082e-05, "q_75": 2.9840070055797696e-05, "min": 2.9564686966213312e-05, "max": 3.0145800503140148e-05, "mean": 2.9732783282683658e-05, "std": 1.774278913546725e-07, "repeat": 10, "number": 352}]}, "import.TimeImport.time_import": {"result": [1.392790159314268e-07], "stats": [{"ci_99": [1.369473153753801e-07, 1.406496447531001e-07], "q_25": 1.374656748339964e-07, "q_75": 1.4052895700891002e-07, "min": 1.369473153753801e-07, "max": 1.406496447531001e-07, "mean": 1.3901111152860436e-07, "std": 1.5410407727590307e-09, "repeat": 10, "number": 78202}]}, "inference.TimeVariableElimination.time_query_alarm": {"result": [0.05375228077173233], "stats": [{"ci_99": [0.05225287182448567, 0.055263033227937804], "q_25": 0.053247944451868534, "q_75": 0.054262288846075535, "min": 0.05323445796966553, "max": 0.054292790591716766, "mean": 0.05375795252621174, "std": 0.0005147437097501856, "repeat": 4, "number": 1}]}, "inference.TimeVariableElimination.time_query_munin": {"result": [0.5008601509034634], "stats": [{"ci_99": [0.4690441865231632, 0.5324862223360898], "q_25": 0.49487699661403894, "q_75": 0.5067483587190509, "min": 0.484352458268404, "max": 0.5169880576431751, "mean": 0.5007652044296265, "std": 0.011670777968207915, "repeat": 4, "number": 1}]}, "readwrite.TimeRead.time_asia_read": {"result": [0.008494822308421135], "stats": [{"ci_99": [0.007404709234833717, 0.009584935382008553], "q_25": 0.00848392117768526, "q_75": 0.008505723439157009, "min": 0.008473020046949387, "max": 0.008516624569892883, "mean": 0.008494822308421135, "std": 2.1802261471748352e-05, "repeat": 2, "number": 2}]}, "readwrite.TimeRead.time_asia_write": {"result": [0.0003857168162034618], "stats": [{"ci_99": [-0.009225808963593509, 0.009997242596000424], "q_25": 0.00028960155840549205, "q_75": 0.00048183207400143147, "min": 0.00019348630060752234, "max": 0.0005779473317994012, "mean": 0.0003857168162034618, "std": 0.00019223051559593945, "repeat": 2, "number": 72}]}, "readwrite.TimeRead.time_munin_read": {"result": [5.1108901016414165], "stats": [{"ci_99": [2.4481060542166233, 7.773674149066208], "q_25": 5.084262261167169, "q_75": 5.1375179421156645, "min": 5.057634420692921, "max": 5.164145782589912, "mean": 5.1108901016414165, "std": 0.053255680948495865, "repeat": 2, "number": 1}]}, "readwrite.TimeRead.time_munin_write": {"result": [0.040784984827041626], "stats": [{"ci_99": [0.035130180418491364, 0.04643978923559188], "q_25": 0.04072843678295612, "q_75": 0.04084153287112713, "min": 0.04067188873887062, "max": 0.04089808091521263, "mean": 0.040784984827041626, "std": 0.00011309608817100525, "repeat": 2, "number": 1}]}, "readwrite.TimeRead.time_pathfinder_read": {"result": [5.774906903505325], "stats": [{"ci_99": [5.402804046869278, 6.147009760141373], "q_25": 5.771185874938965, "q_75": 5.778627932071686, "min": 5.767464846372604, "max": 5.782348960638046, "mean": 5.774906903505325, "std": 0.007442057132720947, "repeat": 2, "number": 1}]}, "readwrite.TimeRead.time_pathfinder_write": {"result": [0.02633954957127571], "stats": [{"ci_99": [0.02511560544371605, 0.027563493698835373], "q_25": 0.026327310130000114, "q_75": 0.026351789012551308, "min": 0.026315070688724518, "max": 0.026364028453826904, "mean": 0.02633954957127571, "std": 2.4478882551193237e-05, "repeat": 2, "number": 1}]}, "sampling.TimeSampling.time_forward_sample": {"result": [0.1972904447466135], "stats": [{"ci_99": [0.1969202198088169, 0.20009728148579597], "q_25": 0.19705490302294493, "q_75": 0.1978052780032158, "min": 0.1969202198088169, "max": 0.20009728148579597, "mean": 0.197634244710207, "std": 0.0008976244032295253, "repeat": 10, "number": 1}]}, "sampling.TimeSampling.time_gibbs_sampling": null, "sampling.TimeSampling.time_likelihood_sample": {"result": [0.2056434527039528], "stats": [{"ci_99": [0.20389442145824432, 0.2330145314335823], "q_25": 0.2053392631933093, "q_75": 0.20721300411969423, "min": 0.20389442145824432, "max": 0.2330145314335823, "mean": 0.20869190245866776, "std": 0.008199964982818575, "repeat": 10, "number": 1}]}, "sampling.TimeSampling.time_rejection_sample": {"result": [36.47506370395422], "stats": [{"ci_99": [23.72008788585663, 49.2300395220518], "q_25": 36.347513945773244, "q_75": 36.602613462135196, "min": 36.21996418759227, "max": 36.73016322031617, "mean": 36.47506370395422, "std": 0.25509951636195183, "repeat": 2, "number": 1}]}, "structure_learning.TimeHillClimb.time_hillclimb": null, "structure_learning.TimePC.time_pc_orig": {"result": [46.53772301413119], "stats": [{"ci_99": [41.863448632881045, 51.21199739538133], "q_25": 46.49098027031869, "q_75": 46.58446575794369, "min": 46.444237526506186, "max": 46.63120850175619, "mean": 46.53772301413119, "std": 0.09348548762500286, "repeat": 2, "number": 1}]}, "structure_learning.TimePC.time_pc_stable": {"result": [46.4701862167567], "stats": [{"ci_99": [45.102112935855985, 47.83825949765742], "q_25": 46.456505483947694, "q_75": 46.48386694956571, "min": 46.44282475113869, "max": 46.497547682374716, "mean": 46.4701862167567, "std": 0.027361465618014336, "repeat": 2, "number": 1}]}}, "params": {"arch": "x86_64", "cpu": "Intel(R) Core(TM) i9-9820X CPU @ 3.30GHz", "machine": "graveyard", "num_cpu": "20", "os": "Linux 4.15.0-112-generic", "ram": "131688676", "python": "3.8"}, "requirements": {}, "commit_hash": "f4f6fc22fcd8cb2fdb18ab14722d7dbee35fbb6b", "date": 1627561739000, "env_name": "conda-py3.8", "python": "3.8", "profiles": {}, "started_at": {"factor.TimeDiscreteFactor.time_factor_marginalize": 1630640507724, "factor.TimeDiscreteFactor.time_factor_multiply_large": 1630640507932, "factor.TimeDiscreteFactor.time_factor_reduce": 1630640508139, "import.TimeImport.time_import": 1630640508346, "inference.TimeVariableElimination.time_query_alarm": 1630640508553, "inference.TimeVariableElimination.time_query_munin": 1630640526509, "readwrite.TimeRead.time_asia_read": 1630640545769, "readwrite.TimeRead.time_asia_write": 1630640569541, "readwrite.TimeRead.time_munin_read": 1630640593262, "readwrite.TimeRead.time_munin_write": 1630640628314, "readwrite.TimeRead.time_pathfinder_read": 1630640651873, "readwrite.TimeRead.time_pathfinder_write": 1630640687976, "sampling.TimeSampling.time_forward_sample": 1630640711648, "sampling.TimeSampling.time_gibbs_sampling": 1630639675376, "sampling.TimeSampling.time_likelihood_sample": 1630640713462, "sampling.TimeSampling.time_rejection_sample": 1630640715375, "structure_learning.TimeHillClimb.time_hillclimb": 1630640350229, "structure_learning.TimePC.time_pc_orig": 1630640788897, "structure_learning.TimePC.time_pc_stable": 1630640867365}, "ended_at": {"factor.TimeDiscreteFactor.time_factor_marginalize": 1630640507932, "factor.TimeDiscreteFactor.time_factor_multiply_large": 1630640508139, "factor.TimeDiscreteFactor.time_factor_reduce": 1630640508346, "import.TimeImport.time_import": 1630640508553, "inference.TimeVariableElimination.time_query_alarm": 1630640526508, "inference.TimeVariableElimination.time_query_munin": 1630640545768, "readwrite.TimeRead.time_asia_read": 1630640569541,