{"results": {"factor.TimeDiscreteFactor.time_factor_compare": {"result": [5.6508382421513505e-05], "stats": [{"ci_99": [5.628868781459269e-05, 5.683978697704395e-05], "q_25": 5.6314577119356675e-05, "q_75": 5.65576937576239e-05, "min": 5.628868781459269e-05, "max": 5.683978697704395e-05, "mean": 5.648310895989702e-05, "std": 1.715239508691056e-07, "repeat": 10, "number": 191}]}, "factor.TimeDiscreteFactor.time_factor_marginalize": {"result": [4.709868935684278e-05], "stats": [{"ci_99": [4.689875078815247e-05, 4.7646678760328004e-05], "q_25": 4.702685360872695e-05, "q_75": 4.7342006372919406e-05, "min": 4.689875078815247e-05, "max": 4.7646678760328004e-05, "mean": 4.7187689419979696e-05, "std": 2.392980780820778e-07, "repeat": 10, "number": 233}]}, "factor.TimeDiscreteFactor.time_factor_multiply_large": {"result": [2.569631415318294e-05], "stats": [{"ci_99": [2.5511600346450345e-05, 2.5822810200323543e-05], "q_25": 2.562800444752337e-05, "q_75": 2.573661910123136e-05, "min": 2.5511600346450345e-05, "max": 2.5822810200323543e-05, "mean": 2.5684002741991757e-05, "std": 8.343252009377937e-08, "repeat": 10, "number": 415}]}, "factor.TimeDiscreteFactor.time_factor_reduce": {"result": [1.6397593863297092e-05], "stats": [{"ci_99": [1.624874952086212e-05, 1.6620011271588514e-05], "q_25": 1.6314603382639327e-05, "q_75": 1.6535630894759656e-05, "min": 1.624874952086212e-05, "max": 1.6620011271588514e-05, "mean": 1.6418004144816635e-05, "std": 1.2642855744957664e-07, "repeat": 10, "number": 657}]}, "import.TimeImport.time_import": {"result": [1.2684164558841762e-07], "stats": [{"ci_99": [1.2588952363662646e-07, 1.2845804364065464e-07], "q_25": 1.2603907393747019e-07, "q_75": 1.2767924805061537e-07, "min": 1.2588952363662646e-07, "max": 1.2845804364065464e-07, "mean": 1.2691911204571144e-07, "std": 9.301833292133632e-10, "repeat": 10, "number": 87135}]}, "inference.TimeBeliefPropagation.time_query_alarm": null, "inference.TimeVariableElimination.time_query_alarm": null, "inference.TimeVariableElimination.time_query_munin": null, "parameter_learning.TimeBayesianEstimator.time_alarm_bayesian_estimator": null, "parameter_learning.TimeBayesianEstimator.time_munin_bayesian_estimator": null, "parameter_learning.TimeExpectationMaximization.time_alarm_em": null, "parameter_learning.TimeExpectationMaximization.time_munin_em": null, "parameter_learning.TimeMLE.time_alarm_mle": null, "parameter_learning.TimeMLE.time_munin_mle": null, "readwrite.TimeRead.time_asia_read": null, "readwrite.TimeRead.time_asia_write": null, "readwrite.TimeRead.time_munin_read": null, "readwrite.TimeRead.time_munin_write": null, "readwrite.TimeRead.time_pathfinder_read": null, "readwrite.TimeRead.time_pathfinder_write": null, "sampling.TimeSampling.time_forward_sample": null, "sampling.TimeSampling.time_gibbs_sampling": null, "sampling.TimeSampling.time_likelihood_sample": null, "sampling.TimeSampling.time_rejection_sample": null, "structure_learning.TimeHillClimbAlarmModel.time_hillclimb": null, "structure_learning.TimeMmhcAlarmModel.time_mmhc": null, "structure_learning.TimePCAlarmModel.time_pc_orig": null, "structure_learning.TimePCAlarmModel.time_pc_stable": null, "structure_learning.TimeTreeSearchAlarmModel.time_tan": null}, "params": {"arch": "x86_64", "cpu": "Intel(R) Core(TM) i9-9820X CPU @ 3.30GHz", "machine": "graveyard", "num_cpu": "20", "os": "Linux 4.15.0-112-generic", "ram": "131688676", "python": "3.7"}, "requirements": {}, "commit_hash": "f7eb2f986931ccb9bf25728be1fd2a61378b26ad", "date": 1473684040000, "env_name": "conda-py3.7", "python": "3.7", "profiles": {}, "started_at": {"factor.TimeDiscreteFactor.time_factor_compare": 1654478259852, "factor.TimeDiscreteFactor.time_factor_marginalize": 1654478260059, "factor.TimeDiscreteFactor.time_factor_multiply_large": 1654478260263, "factor.TimeDiscreteFactor.time_factor_reduce": 1654478260468, "import.TimeImport.time_import": 1654478260673, "inference.TimeBeliefPropagation.time_query_alarm": 1654478258545, "inference.TimeVariableElimination.time_query_alarm": 1654478258600, "inference.TimeVariableElimination.time_query_munin": 1654478258654, "parameter_learning.TimeBayesianEstimator.time_alarm_bayesian_estimator": 1654478258708, "parameter_learning.TimeBayesianEstimator.time_munin_bayesian_estimator": 1654478258763, "parameter_learning.TimeExpectationMaximization.time_alarm_em": 1654478258818, "parameter_learning.TimeExpectationMaximization.time_munin_em": 1654478258873, "parameter_learning.TimeMLE.time_alarm_mle": 1654478258927, "parameter_learning.TimeMLE.time_munin_mle": 1654478258981, "readwrite.TimeRead.time_asia_read": 1654478259036, "readwrite.TimeRead.time_asia_write": 1654478259090, "readwrite.TimeRead.time_munin_read": 1654478259144, "readwrite.TimeRead.time_munin_write": 1654478259199, "readwrite.TimeRead.time_pathfinder_read": 1654478259253, "readwrite.TimeRead.time_pathfinder_write": 1654478259308, "sampling.TimeSampling.time_forward_sample": 1654478259362, "sampling.TimeSampling.time_gibbs_sampling": 1654478259417, "sampling.TimeSampling.time_likelihood_sample": 1654478259471, "sampling.TimeSampling.time_rejection_sample": 1654478259525, "structure_learning.TimeHillClimbAlarmModel.time_hillclimb": 1654478259580, "structure_learning.TimeMmhcAlarmModel.time_mmhc": 1654478259634, "structure_learning.TimePCAlarmModel.time_pc_orig": 1654478259689, "structure_learning.TimePCAlarmModel.time_pc_stable": 1654478259743, "structure_learning.TimeTreeSearchAlarmModel.time_tan": 1654478259797}, "ended_at": {"factor.TimeDiscreteFactor.time_factor_compare": 1654478260058, "factor.TimeDiscreteFactor.time_factor_marginalize": 1654478260263, "factor.TimeDiscreteFactor.time_factor_multiply_large": 1654478260468, "factor.TimeDiscreteFactor.time_factor_reduce": 1654478260673, "import.TimeImport.time_import": 1654478260878, "inference.TimeBeliefPropagation.time_query_alarm": 1654478258600, "inference.TimeVariableElimination.time_query_alarm": 1654478258654, "inference.TimeVariableElimination.time_query_munin": 1654478258708, "parameter_learning.TimeBayesianEstimator.time_alarm_bayesian_estimator": 1654478258763, "parameter_learning.TimeBayesianEstimator.time_munin_bayesian_estimator": 1654478258818, "parameter_learning.TimeExpectationMaximization.time_alarm_em": 1654478258872, "parameter_learning.TimeExpectationMaximization.time_munin_em": 1654478258927, "parameter_learning.TimeMLE.time_alarm_mle": 1654478258981, "parameter_learning.TimeMLE.time_munin_mle": 1654478259036, "readwrite.TimeRead.time_asia_read": 1654478259090, "readwrite.TimeRead.time_asia_write": 1654478259144, "readwrite.TimeRead.time_munin_read": 1654478259199, "readwrite.TimeRead.time_munin_write": 1654478259253, "readwrite.TimeRead.time_pathfinder_read": 1654478259308, "readwrite.TimeRead.time_pathfinder_write": 1654478259362, "sampling.TimeSampling.time_forward_sample": 1654478259417, "sampling.TimeSampling.time_gibbs_sampling": 1654478259471, "sampling.TimeSampling.time_likelihood_sample": 1654478259525, "sampling.TimeSampling.time_rejection_sample": 1654478259580, "structure_learning.TimeHillClimbAlarmModel.time_hillclimb": 1654478259634, "structure_learning.TimeMmhcAlarmModel.time_mmhc": 1654478259689, "structure_learning.TimePCAlarmModel.time_pc_orig": 1654478259743, "structure_learning.TimePCAlarmModel.time_pc_stable": 1654478259797, "structure_learning.TimeTreeSearchAlarmModel.time_tan": 1654478259852}, "benchmark_version": {"factor.TimeDiscreteFactor.time_factor_compare": "95feb42df85ffe5cf519cf4af677309a5cdb891db99ad54b655196c3e1f2e13a", "factor.TimeDiscreteFactor.time_factor_marginalize": "a3ae79cdcf3bcd4bc49df94b3b3d5f93c4126249a9b3cf2481ac381ee836f851", "factor.TimeDiscreteFactor.time_factor_multiply_large": "cfb6b66fddb2953948ffb6566ae101535dd1e8d0fd9af855331f39ef905f4450", "factor.TimeDiscreteFactor.time_factor_reduce": "cb3858b638914f7572792153a60efb4aecbde56d5abf039791451adb0f26c263",