{"results": {"factor.TimeDiscreteFactor.time_factor_compare": {"result": [6.393968442063423e-05], "stats": [{"ci_99": [6.374352534485471e-05, 6.483896238029383e-05], "q_25": 6.379015969148108e-05, "q_75": 6.398170664431943e-05, "min": 6.374352534485471e-05, "max": 6.483896238029383e-05, "mean": 6.403419645918403e-05, "std": 3.4993040315339496e-07, "repeat": 10, "number": 157}]}, "factor.TimeDiscreteFactor.time_factor_marginalize": {"result": [6.144247291719213e-05], "stats": [{"ci_99": [6.123945555266212e-05, 6.35025803657139e-05], "q_25": 6.135529838502407e-05, "q_75": 6.160022526541177e-05, "min": 6.123945555266212e-05, "max": 6.35025803657139e-05, "mean": 6.168158177067252e-05, "std": 6.379087481638459e-07, "repeat": 10, "number": 170}]}, "factor.TimeDiscreteFactor.time_factor_multiply_large": {"result": [5.2231630044324054e-05], "stats": [{"ci_99": [5.152354992571331e-05, 5.3221404197670164e-05], "q_25": 5.204758739897183e-05, "q_75": 5.28763026176464e-05, "min": 5.152354992571331e-05, "max": 5.3221404197670164e-05, "mean": 5.2373990239132014e-05, "std": 5.339678450527582e-07, "repeat": 10, "number": 210}]}, "factor.TimeDiscreteFactor.time_factor_reduce": {"result": [3.0188978821309314e-05], "stats": [{"ci_99": [2.9974051517662326e-05, 3.053729065055213e-05], "q_25": 3.0167240458132638e-05, "q_75": 3.027331838074768e-05, "min": 2.9974051517662326e-05, "max": 3.053729065055213e-05, "mean": 3.0206153422504036e-05, "std": 1.4809822962196765e-07, "repeat": 10, "number": 331}]}, "import.TimeImport.time_import": {"result": [1.274522172124069e-07], "stats": [{"ci_99": [1.2672326605796607e-07, 1.2895870721482373e-07], "q_25": 1.2723416650393434e-07, "q_75": 1.281608622178616e-07, "min": 1.2672326605796607e-07, "max": 1.2895870721482373e-07, "mean": 1.276539958514078e-07, "std": 6.998505417169066e-10, "repeat": 10, "number": 82326}]}, "inference.TimeBeliefPropagation.time_query_alarm": null, "inference.TimeVariableElimination.time_query_alarm": null, "inference.TimeVariableElimination.time_query_munin": null, "parameter_learning.TimeBayesianEstimator.time_alarm_bayesian_estimator": {"result": [1.6541352355852723], "stats": [{"ci_99": [1.5812708765526347, 1.7410568248222542], "q_25": 1.6380245187319815, "q_75": 1.677274567540735, "min": 1.6311211846768856, "max": 1.7052637469023466, "mean": 1.6611638506874442, "std": 0.028842572249694127, "repeat": 4, "number": 1}]}, "parameter_learning.TimeBayesianEstimator.time_munin_bayesian_estimator": {"result": [18.348910694010556], "stats": [{"ci_99": [13.779155804775655, 22.918665583245453], "q_25": 18.303213145118207, "q_75": 18.394608242902905, "min": 18.257515596225858, "max": 18.440305791795254, "mean": 18.348910694010556, "std": 0.09139509778469801, "repeat": 2, "number": 1}]}, "parameter_learning.TimeExpectationMaximization.time_alarm_em": {"result": [9.821288365870714], "stats": [{"ci_99": [8.97855468466878, 10.664022047072649], "q_25": 9.812861029058695, "q_75": 9.829715702682734, "min": 9.804433692246675, "max": 9.838143039494753, "mean": 9.821288365870714, "std": 0.016854673624038696, "repeat": 2, "number": 1}]}, "parameter_learning.TimeExpectationMaximization.time_munin_em": {"result": [90.50196327641606], "stats": [{"ci_99": [90.10173084586859, 90.90219570696354], "q_25": 90.49796095211059, "q_75": 90.50596560072154, "min": 90.49395862780511, "max": 90.50996792502701, "mean": 90.50196327641606, "std": 0.008004648610949516, "repeat": 2, "number": 1}]}, "parameter_learning.TimeMLE.time_alarm_mle": {"result": [1.6369604598730803], "stats": [{"ci_99": [1.5776530783218006, 1.6972541697728771], "q_25": 1.6181889078579843, "q_75": 1.656225176062435, "min": 1.6150501519441605, "max": 1.6608434244990349, "mean": 1.637453624047339, "std": 0.020480828062730896, "repeat": 4, "number": 1}]}, "parameter_learning.TimeMLE.time_munin_mle": {"result": [18.34893013443798], "stats": [{"ci_99": [12.57932620216161, 24.11853406671434], "q_25": 18.291234095115215, "q_75": 18.406626173760742, "min": 18.23353805579245, "max": 18.464322213083506, "mean": 18.34893013443798, "std": 0.11539207864552736, "repeat": 2, "number": 1}]}, "readwrite.TimeRead.time_asia_read": {"result": [0.008623722475022078], "stats": [{"ci_99": [0.0018400386907160282, 0.01540740625932812], "q_25": 0.008555885637179017, "q_75": 0.008691559312865138, "min": 0.008488048799335957, "max": 0.008759396150708199, "mean": 0.008623722475022078, "std": 0.000135673675686121, "repeat": 2, "number": 2}]}, "readwrite.TimeRead.time_asia_write": null, "readwrite.TimeRead.time_munin_read": {"result": [5.18067769985646], "stats": [{"ci_99": [4.924062241800129, 5.437293157912791], "q_25": 5.178111545275897, "q_75": 5.183243854437023, "min": 5.1755453906953335, "max": 5.185810009017587, "mean": 5.18067769985646, "std": 0.005132309161126614, "repeat": 2, "number": 1}]}, "readwrite.TimeRead.time_munin_write": null, "readwrite.TimeRead.time_pathfinder_read": {"result": [5.764874417334795], "stats": [{"ci_99": [5.591408975422382, 5.938339859247208], "q_25": 5.763139762915671, "q_75": 5.766609071753919, "min": 5.761405108496547, "max": 5.768343726173043, "mean": 5.764874417334795, "std": 0.003469308838248253, "repeat": 2, "number": 1}]}, "readwrite.TimeRead.time_pathfinder_write": null, "sampling.TimeSampling.time_forward_sample": {"result": [0.20880035404115915], "stats": [{"ci_99": [0.20849457196891308, 0.20981229655444622], "q_25": 0.20865102484822273, "q_75": 0.2092342944815755, "min": 0.20849457196891308, "max": 0.20981229655444622, "mean": 0.20897840969264508, "std": 0.00047131384767754015, "repeat": 10, "number": 1}]}, "sampling.TimeSampling.time_gibbs_sampling": null, "sampling.TimeSampling.time_likelihood_sample": {"result": [0.21105912048369646], "stats": [{"ci_99": [0.21076456271111965, 0.21217583678662777], "q_25": 0.21080789249390364, "q_75": 0.21130632143467665, "min": 0.21076456271111965, "max": 0.21217583678662777, "mean": 0.21116247531026602, "std": 0.0004229319035505186, "repeat": 10, "number": 1}]}, "sampling.TimeSampling.time_rejection_sample": {"result": [38.77360317111015], "stats": [{"ci_99": [30.707816027104855, 46.839390315115445], "q_25": 38.6929452996701, "q_75": 38.854261042550206, "min": 38.61228742823005, "max": 38.93491891399026, "mean": 38.77360317111015, "std": 0.16131574288010597, "repeat": 2, "number": 1}]}, "structure_learning.TimeHillClimbAlarmModel.time_hillclimb": {"result": [49.39671779051423], "stats": [{"ci_99": [49.00000808760524, 49.79342749342322], "q_25": 49.39275069348514, "q_75": 49.40068488754332, "min": 49.38878359645605, "max": 49.40465198457241, "mean": 49.39671779051423, "std": 0.007934194058179855, "repeat": 2, "number": 1}]}, "structure_learning.TimeMmhcAlarmModel.time_mmhc": null, "structure_learning.TimePCAlarmModel.time_pc_orig": null, "structure_learning.TimePCAlarmModel.time_pc_stable": null, "structure_learning.TimeTreeSearchAlarmModel.time_tan": null}, "params": {"arch": "x86_64", "cpu": "Intel(R) Core(TM) i9-9820X CPU @ 3.30GHz", "machine": "graveyard", "num_cpu": "20", "os": "Linux 4.15.0-112-generic", "ram": "131688676", "python": "3.7"}, "requirements": {}, "commit_hash": "f94c426baf417045f665ba9f647f07bdcda38ada", "date": 1656572607000, "env_name": "conda-py3.7", "python": "3.7", "profiles": {}, "started_at": {"factor.TimeDiscreteFactor.time_factor_compare": 1657118312624, "factor.TimeDiscreteFactor.time_factor_marginalize": 1657118312832, "factor.TimeDiscreteFactor.time_factor_multiply_large": 1657118313039, "factor.TimeDiscreteFactor.time_factor_reduce": 1657118313246, "import.TimeImport.time_import": 1657118313452, "inference.TimeBeliefPropagation.time_query_alarm": 1657116415241, "inference.TimeVariableElimination.time_query_alarm": 1657116417102, "inference.TimeVariableElimination.time_query_munin": 1657116422475, "parameter_learning.TimeBayesianEstimator.time_alarm_bayesian_estimator": 1657118313659, "parameter_learning.TimeBayesianEstimator.time_munin_bayesian_estimator": 1657118329309,