{"results": {"factor.TimeDiscreteFactor.time_factor_marginalize": {"result": [6.242740457340823e-05], "stats": [{"ci_99": [6.14211447326477e-05, 6.34016100801317e-05], "q_25": 6.152158550455072e-05, "q_75": 6.297903430074622e-05, "min": 6.14211447326477e-05, "max": 6.34016100801317e-05, "mean": 6.232256290771193e-05, "std": 7.658236668724497e-07, "repeat": 10, "number": 177}]}, "factor.TimeDiscreteFactor.time_factor_multiply_large": {"result": [5.1798580108948475e-05], "stats": [{"ci_99": [5.086624713720016e-05, 5.2648376814037e-05], "q_25": 5.110753436555278e-05, "q_75": 5.2174164491863746e-05, "min": 5.086624713720016e-05, "max": 5.2648376814037e-05, "mean": 5.167359310501026e-05, "std": 6.194220079892999e-07, "repeat": 10, "number": 212}]}, "factor.TimeDiscreteFactor.time_factor_reduce": {"result": [3.07073667185542e-05], "stats": [{"ci_99": [3.060490973753694e-05, 3.1113009439942275e-05], "q_25": 3.064956866710642e-05, "q_75": 3.088470174712532e-05, "min": 3.060490973753694e-05, "max": 3.1113009439942275e-05, "mean": 3.077698135633528e-05, "std": 1.5914622608825455e-07, "repeat": 10, "number": 324}]}, "import.TimeImport.time_import": {"result": [1.300342594466138e-07], "stats": [{"ci_99": [1.2808207357644573e-07, 1.3246041555065713e-07], "q_25": 1.285014164271968e-07, "q_75": 1.317580618735266e-07, "min": 1.2808207357644573e-07, "max": 1.3246041555065713e-07, "mean": 1.3018583805017478e-07, "std": 1.8146465641874837e-09, "repeat": 10, "number": 82720}]}, "inference.TimeVariableElimination.time_query_alarm": {"result": [0.10511978063732386], "stats": [{"ci_99": [0.0711592413555675, 0.1449216673080035], "q_25": 0.0959212719462812, "q_75": 0.1172389630228281, "min": 0.09570381604135036, "max": 0.12621844001114368, "mean": 0.10804045433178544, "std": 0.01290601684423528, "repeat": 4, "number": 1}]}, "inference.TimeVariableElimination.time_query_munin": {"result": [0.5248107742518187], "stats": [{"ci_99": [0.4221233718131057, 0.6582477845217715], "q_25": 0.5121496543288231, "q_75": 0.5528466980904341, "min": 0.4947078637778759, "max": 0.6164129003882408, "mean": 0.5401855781674385, "std": 0.04594933178130394, "repeat": 4, "number": 1}]}, "readwrite.TimeRead.time_asia_read": {"result": [0.008646161761134863], "stats": [{"ci_99": [0.0034343176521360874, 0.013858005870133635], "q_25": 0.008594043320044875, "q_75": 0.00869828020222485, "min": 0.008541924878954887, "max": 0.008750398643314838, "mean": 0.008646161761134863, "std": 0.00010423688217997551, "repeat": 2, "number": 2}]}, "readwrite.TimeRead.time_asia_write": {"result": [0.0006063218529829208], "stats": [{"ci_99": [-0.00010247694273643536, 0.0013151206487022763], "q_25": 0.0005992338650257272, "q_75": 0.0006134098409401144, "min": 0.0005921458770685337, "max": 0.0006204978288973079, "mean": 0.0006063218529829208, "std": 1.4175975914387123e-05, "repeat": 2, "number": 68}]}, "readwrite.TimeRead.time_munin_read": {"result": [5.19771967548877], "stats": [{"ci_99": [2.676900434307754, 7.718538916669784], "q_25": 5.17251148307696, "q_75": 5.22292786790058, "min": 5.14730329066515, "max": 5.24813606031239, "mean": 5.19771967548877, "std": 0.05041638482362032, "repeat": 2, "number": 1}]}, "readwrite.TimeRead.time_munin_write": {"result": [0.040086024440824986], "stats": [{"ci_99": [0.013920377008616924, 0.06625167187303302], "q_25": 0.039824367966502905, "q_75": 0.040347680915147066, "min": 0.039562711492180824, "max": 0.04060933738946915, "mean": 0.040086024440824986, "std": 0.0005233129486441612, "repeat": 2, "number": 1}]}, "readwrite.TimeRead.time_pathfinder_read": {"result": [5.814705664291978], "stats": [{"ci_99": [2.4478350449353456, 9.181576283648607], "q_25": 5.781036958098412, "q_75": 5.848374370485544, "min": 5.747368251904845, "max": 5.8820430766791105, "mean": 5.814705664291978, "std": 0.06733741238713264, "repeat": 2, "number": 1}]}, "readwrite.TimeRead.time_pathfinder_write": {"result": [0.024668755009770393], "stats": [{"ci_99": [0.007616052404046059, 0.041721457615494714], "q_25": 0.02449822798371315, "q_75": 0.024839282035827637, "min": 0.024327700957655907, "max": 0.02500980906188488, "mean": 0.024668755009770393, "std": 0.0003410540521144867, "repeat": 2, "number": 1}]}, "sampling.TimeSampling.time_forward_sample": {"result": [0.2025438491255045], "stats": [{"ci_99": [0.20076191239058971, 0.20442917197942734], "q_25": 0.2012860788963735, "q_75": 0.20384630979970098, "min": 0.20076191239058971, "max": 0.20442917197942734, "mean": 0.20257216580212117, "std": 0.0014248086766666147, "repeat": 10, "number": 1}]}, "sampling.TimeSampling.time_gibbs_sampling": null, "sampling.TimeSampling.time_likelihood_sample": {"result": [0.2127628494054079], "stats": [{"ci_99": [0.21194452047348022, 0.24305280297994614], "q_25": 0.21225878037512302, "q_75": 0.21287681721150875, "min": 0.21194452047348022, "max": 0.24305280297994614, "mean": 0.21560274269431828, "std": 0.009157548300170796, "repeat": 10, "number": 1}]}, "sampling.TimeSampling.time_rejection_sample": {"result": [38.25076051522046], "stats": [{"ci_99": [20.27285575401038, 56.22866527643053], "q_25": 38.07098146760836, "q_75": 38.430539562832564, "min": 37.89120241999626, "max": 38.610318610444665, "mean": 38.25076051522046, "std": 0.3595580952242017, "repeat": 2, "number": 1}]}, "structure_learning.TimeHillClimb.time_hillclimb": null, "structure_learning.TimePC.time_pc_orig": {"result": [37.451925206929445], "stats": [{"ci_99": [32.925399377942085, 41.978451035916805], "q_25": 37.40665994863957, "q_75": 37.49719046521932, "min": 37.3613946903497, "max": 37.54245572350919, "mean": 37.451925206929445, "std": 0.0905305165797472, "repeat": 2, "number": 1}]}, "structure_learning.TimePC.time_pc_stable": {"result": [37.768835107795894], "stats": [{"ci_99": [24.197741922922432, 51.33992829266934], "q_25": 37.63312417594716, "q_75": 37.90454603964463, "min": 37.497413244098425, "max": 38.04025697149336, "mean": 37.768835107795894, "std": 0.27142186369746923, "repeat": 2, "number": 1}]}}, "params": {"arch": "x86_64", "cpu": "Intel(R) Core(TM) i9-9820X CPU @ 3.30GHz", "machine": "graveyard", "num_cpu": "20", "os": "Linux 4.15.0-112-generic", "ram": "131688676", "python": "3.7"}, "requirements": {}, "commit_hash": "fb1b75c873125eaacbc95032fb98013f7255cd4e", "date": 1625154122000, "env_name": "conda-py3.7", "python": "3.7", "profiles": {}, "started_at": {"factor.TimeDiscreteFactor.time_factor_marginalize": 1625706464085, "factor.TimeDiscreteFactor.time_factor_multiply_large": 1625706464293, "factor.TimeDiscreteFactor.time_factor_reduce": 1625706464500, "import.TimeImport.time_import": 1625706464707, "inference.TimeVariableElimination.time_query_alarm": 1625706464914, "inference.TimeVariableElimination.time_query_munin": 1625706483370, "readwrite.TimeRead.time_asia_read": 1625706502980, "readwrite.TimeRead.time_asia_write": 1625706527003, "readwrite.TimeRead.time_munin_read": 1625706551025, "readwrite.TimeRead.time_munin_write": 1625706587280, "readwrite.TimeRead.time_pathfinder_read": 1625706611453, "readwrite.TimeRead.time_pathfinder_write": 1625706648059, "sampling.TimeSampling.time_forward_sample": 1625706672082, "sampling.TimeSampling.time_gibbs_sampling": 1625705638236, "sampling.TimeSampling.time_likelihood_sample": 1625706673895, "sampling.TimeSampling.time_rejection_sample": 1625706675758, "structure_learning.TimeHillClimb.time_hillclimb": 1625706316668, "structure_learning.TimePC.time_pc_orig": 1625706753844, "structure_learning.TimePC.time_pc_stable": 1625706827098}, "ended_at": {"factor.TimeDiscreteFactor.time_factor_marginalize": 1625706464293, "factor.TimeDiscreteFactor.time_factor_multiply_large": 1625706464500, "factor.TimeDiscreteFactor.time_factor_reduce": 1625706464707, "import.TimeImport.time_import": 1625706464914, "inference.TimeVariableElimination.time_query_alarm": 1625706483370, "inference.TimeVariableElimination.time_query_munin": 1625706502980, "readwrite.TimeRead.time_asia_read": 1625706527002,