{"results": {"factor.TimeDiscreteFactor.time_factor_compare": {"result": [6.13619612451799e-05], "stats": [{"ci_99": [6.116564179252008e-05, 6.193685495924806e-05], "q_25": 6.127464557122328e-05, "q_75": 6.150004794140777e-05, "min": 6.116564179252008e-05, "max": 6.193685495924806e-05, "mean": 6.141259842468592e-05, "std": 2.1058873526252367e-07, "repeat": 10, "number": 167}]}, "factor.TimeDiscreteFactor.time_factor_marginalize": {"result": [6.311110675681469e-05], "stats": [{"ci_99": [6.305093898676162e-05, 6.362585740727048e-05], "q_25": 6.3083075030252e-05, "q_75": 6.317400893326416e-05, "min": 6.305093898676162e-05, "max": 6.362585740727048e-05, "mean": 6.31668409982393e-05, "std": 1.5938196868900318e-07, "repeat": 10, "number": 172}]}, "factor.TimeDiscreteFactor.time_factor_multiply_large": {"result": [4.7407348896478455e-05], "stats": [{"ci_99": [4.6676138668081126e-05, 4.9308381616808964e-05], "q_25": 4.702890047795387e-05, "q_75": 4.782824772999798e-05, "min": 4.6676138668081126e-05, "max": 4.9308381616808964e-05, "mean": 4.762700844279544e-05, "std": 8.239865668458015e-07, "repeat": 10, "number": 229}]}, "factor.TimeDiscreteFactor.time_factor_reduce": {"result": [2.587134219413879e-05], "stats": [{"ci_99": [2.5645090157494825e-05, 2.6223236037527813e-05], "q_25": 2.573188348655023e-05, "q_75": 2.5956449783681068e-05, "min": 2.5645090157494825e-05, "max": 2.6223236037527813e-05, "mean": 2.5876220680919347e-05, "std": 1.8122986516525208e-07, "repeat": 10, "number": 408}]}, "import.TimeImport.time_import": {"result": [1.1373768972313277e-07], "stats": [{"ci_99": [1.1269998217526295e-07, 1.1468730989485538e-07], "q_25": 1.1319792509970557e-07, "q_75": 1.1418607746047876e-07, "min": 1.1269998217526295e-07, "max": 1.1468730989485538e-07, "mean": 1.136959588358762e-07, "std": 6.309730914873669e-10, "repeat": 10, "number": 96402}]}, "inference.TimeBeliefPropagation.time_query_alarm": {"result": [93.71203679218888], "stats": [{"ci_99": [84.61522563919425, 102.80884794518352], "q_25": 93.62106868065894, "q_75": 93.80300490371883, "min": 93.53010056912899, "max": 93.89397301524878, "mean": 93.71203679218888, "std": 0.18193622305989265, "repeat": 2, "number": 1}]}, "inference.TimeBeliefPropagation.time_query_munin": null, "inference.TimeVariableElimination.time_query_alarm": {"result": [0.04600368067622185], "stats": [{"ci_99": [0.0449145044561011, 0.046942433399381006], "q_25": 0.04567543929442763, "q_75": 0.046256710309535265, "min": 0.04542924463748932, "max": 0.04627726972103119, "mean": 0.04592846892774105, "std": 0.0003547556321285727, "repeat": 4, "number": 1}]}, "inference.TimeVariableElimination.time_query_munin": {"result": [0.5495872274041176], "stats": [{"ci_99": [0.5129000996340781, 0.5895860236968129], "q_25": 0.545114679262042, "q_75": 0.5557156098075211, "min": 0.5325526371598244, "max": 0.5732451546937227, "mean": 0.5512430616654456, "std": 0.014483355265536773, "repeat": 4, "number": 1}]}, "parameter_learning.TimeBayesianEstimator.time_alarm_bayesian_estimator": {"result": [2.1598449740558863], "stats": [{"ci_99": [2.0045008938655653, 2.3022942450001445], "q_25": 2.1275860746391118, "q_75": 2.185656468849629, "min": 2.0711591374129057, "max": 2.2227411922067404, "mean": 2.1533975694328547, "std": 0.05481021001517746, "repeat": 4, "number": 1}]}, "parameter_learning.TimeBayesianEstimator.time_munin_bayesian_estimator": {"result": [35.33554217219353], "stats": [{"ci_99": [32.55931167304516, 38.111772671341896], "q_25": 35.30777986720204, "q_75": 35.36330447718501, "min": 35.28001756221056, "max": 35.391066782176495, "mean": 35.33554217219353, "std": 0.05552460998296738, "repeat": 2, "number": 1}]}, "parameter_learning.TimeExpectationMaximization.time_alarm_em": {"result": [16.804026233032346], "stats": [{"ci_99": [16.413976883515716, 17.194075582548976], "q_25": 16.80012573953718, "q_75": 16.807926726527512, "min": 16.796225246042013, "max": 16.81182722002268, "mean": 16.804026233032346, "std": 0.0078009869903326035, "repeat": 2, "number": 1}]}, "parameter_learning.TimeExpectationMaximization.time_munin_em": {"result": [131.91612854599953], "stats": [{"ci_99": [111.61230875179172, 152.2199483402073], "q_25": 131.71309034805745, "q_75": 132.1191667439416, "min": 131.51005215011537, "max": 132.32220494188368, "mean": 131.91612854599953, "std": 0.4060763958841562, "repeat": 2, "number": 1}]}, "parameter_learning.TimeMLE.time_alarm_mle": {"result": [2.1843820698559284], "stats": [{"ci_99": [1.9366911361542176, 2.4003197689923805], "q_25": 2.13382282666862, "q_75": 2.2190646957606077, "min": 2.033346986398101, "max": 2.27191068418324, "mean": 2.1685054525732994, "std": 0.0866706006537206, "repeat": 4, "number": 1}]}, "parameter_learning.TimeMLE.time_munin_mle": {"result": [35.939913464710116], "stats": [{"ci_99": [29.30207377113402, 42.57775315828621], "q_25": 35.873535067774355, "q_75": 36.00629186164588, "min": 35.807156670838594, "max": 36.07267025858164, "mean": 35.939913464710116, "std": 0.13275679387152195, "repeat": 2, "number": 1}]}, "readwrite.TimeRead.time_asia_read": {"result": [0.008820424787700176], "stats": [{"ci_99": [0.008082165382802486, 0.009558684192597866], "q_25": 0.0088130421936512, "q_75": 0.008827807381749153, "min": 0.008805659599602222, "max": 0.00883518997579813, "mean": 0.008820424787700176, "std": 1.4765188097953796e-05, "repeat": 2, "number": 2}]}, "readwrite.TimeRead.time_asia_write": {"result": [0.0005164493639499713], "stats": [{"ci_99": [9.138853504107782e-06, 0.0010237598743958343], "q_25": 0.0005113762588455126, "q_75": 0.0005215224690544299, "min": 0.000506303153741054, "max": 0.0005265955741588885, "mean": 0.0005164493639499713, "std": 1.014621020891727e-05, "repeat": 2, "number": 78}]}, "readwrite.TimeRead.time_munin_read": {"result": [4.727854006923735], "stats": [{"ci_99": [4.639564114622772, 4.8161438992246985], "q_25": 4.7269711080007255, "q_75": 4.728736905846745, "min": 4.726088209077716, "max": 4.729619804769754, "mean": 4.727854006923735, "std": 0.001765797846019268, "repeat": 2, "number": 1}]}, "readwrite.TimeRead.time_munin_write": {"result": [0.03462673630565405], "stats": [{"ci_99": [0.033532665111124516, 0.03572080750018358], "q_25": 0.034615795593708754, "q_75": 0.034637677017599344, "min": 0.03460485488176346, "max": 0.03464861772954464, "mean": 0.03462673630565405, "std": 2.1881423890590668e-05, "repeat": 2, "number": 1}]}, "readwrite.TimeRead.time_pathfinder_read": {"result": [5.268158123828471], "stats": [{"ci_99": [4.684076330624521, 5.852239917032421], "q_25": 5.262317305896431, "q_75": 5.27399894176051, "min": 5.256476487964392, "max": 5.27983975969255, "mean": 5.268158123828471, "std": 0.011681635864078999, "repeat": 2, "number": 1}]}, "readwrite.TimeRead.time_pathfinder_write": {"result": [0.02095944806933403], "stats": [{"ci_99": [0.018801480531692505, 0.023117415606975555], "q_25": 0.020937868393957615, "q_75": 0.020981027744710445, "min": 0.0209162887185812, "max": 0.02100260742008686, "mean": 0.02095944806933403, "std": 4.3159350752830505e-05, "repeat": 2, "number": 1}]}, "sampling.TimeSampling.time_forward_sample": {"result": [0.2298074560239911], "stats": [{"ci_99": [0.2291166838258505, 0.23118783347308636], "q_25": 0.2294666930101812, "q_75": 0.23010453023016453, "min": 0.2291166838258505, "max": 0.23118783347308636, "mean": 0.22986192498356103, "std": 0.0005610231033135543, "repeat": 10, "number": 1}]}, "sampling.TimeSampling.time_gibbs_sampling": null, "sampling.TimeSampling.time_likelihood_sample": {"result": [0.22500576451420784], "stats": [{"ci_99": [0.2244333066046238, 0.2546352446079254], "q_25": 0.2247029347345233, "q_75": 0.22522829938679934, "min": 0.2244333066046238, "max": 0.2546352446079254, "mean": 0.2279974551871419, "std": 0.008894383727492707, "repeat": 10, "number": 1}]}, "sampling.TimeSampling.time_rejection_sample": {"result": [38.56504579167813], "stats": [{"ci_99": [37.69626734871417, 39.43382423464209], "q_25": 38.55635800724849,