{"results": {"factor.TimeDiscreteFactor.time_factor_compare": {"result": [7.058744201596999e-05], "stats": [{"ci_99": [7.0177980803496e-05, 7.129810898509247e-05], "q_25": 7.056126321684446e-05, "q_75": 7.080813462765801e-05, "min": 7.0177980803496e-05, "max": 7.129810898509247e-05, "mean": 7.064251093477603e-05, "std": 3.168172869023024e-07, "repeat": 10, "number": 151}]}, "factor.TimeDiscreteFactor.time_factor_marginalize": {"result": [5.9487498802704044e-05], "stats": [{"ci_99": [5.937190674945136e-05, 5.979426410975377e-05], "q_25": 5.9457974333460155e-05, "q_75": 5.955354037864432e-05, "min": 5.937190674945136e-05, "max": 5.979426410975377e-05, "mean": 5.951270934461887e-05, "std": 1.139389014910566e-07, "repeat": 10, "number": 181}]}, "factor.TimeDiscreteFactor.time_factor_multiply_large": {"result": [4.835667709509532e-05], "stats": [{"ci_99": [4.7745986117257015e-05, 4.910094870461358e-05], "q_25": 4.8188459542062545e-05, "q_75": 4.857658098141352e-05, "min": 4.7745986117257015e-05, "max": 4.910094870461358e-05, "mean": 4.839933415253957e-05, "std": 4.232167773909255e-07, "repeat": 10, "number": 225}]}, "factor.TimeDiscreteFactor.time_factor_reduce": {"result": [2.719858153299852e-05], "stats": [{"ci_99": [2.7005413135924898e-05, 2.7956716813050307e-05], "q_25": 2.716762050018682e-05, "q_75": 2.7296014807441017e-05, "min": 2.7005413135924898e-05, "max": 2.7956716813050307e-05, "mean": 2.729460451897089e-05, "std": 2.596598587116149e-07, "repeat": 10, "number": 385}]}, "import.TimeImport.time_import": {"result": [1.2656338298028857e-07], "stats": [{"ci_99": [1.264615562629917e-07, 1.2741461230669856e-07], "q_25": 1.2651441030141593e-07, "q_75": 1.266994825313055e-07, "min": 1.264615562629917e-07, "max": 1.2741461230669856e-07, "mean": 1.2665849987767553e-07, "std": 2.6723210025018245e-10, "repeat": 10, "number": 86861}]}, "inference.TimeBeliefPropagation.time_query_alarm": null, "inference.TimeVariableElimination.time_query_alarm": null, "inference.TimeVariableElimination.time_query_munin": null, "parameter_learning.TimeBayesianEstimator.time_alarm_bayesian_estimator": null, "parameter_learning.TimeBayesianEstimator.time_munin_bayesian_estimator": null, "parameter_learning.TimeExpectationMaximization.time_alarm_em": null, "parameter_learning.TimeExpectationMaximization.time_munin_em": null, "parameter_learning.TimeMLE.time_alarm_mle": null, "parameter_learning.TimeMLE.time_munin_mle": null, "readwrite.TimeRead.time_asia_read": null, "readwrite.TimeRead.time_asia_write": null, "readwrite.TimeRead.time_munin_read": null, "readwrite.TimeRead.time_munin_write": null, "readwrite.TimeRead.time_pathfinder_read": null, "readwrite.TimeRead.time_pathfinder_write": null, "sampling.TimeSampling.time_forward_sample": null, "sampling.TimeSampling.time_gibbs_sampling": null, "sampling.TimeSampling.time_likelihood_sample": null, "sampling.TimeSampling.time_rejection_sample": null, "structure_learning.TimeHillClimbAlarmModel.time_hillclimb": null, "structure_learning.TimeMmhcAlarmModel.time_mmhc": null, "structure_learning.TimePCAlarmModel.time_pc_orig": null, "structure_learning.TimePCAlarmModel.time_pc_stable": null, "structure_learning.TimeTreeSearchAlarmModel.time_tan": null}, "params": {"arch": "x86_64", "cpu": "Intel(R) Core(TM) i9-9820X CPU @ 3.30GHz", "machine": "graveyard", "num_cpu": "20", "os": "Linux 4.15.0-112-generic", "ram": "131688676", "python": "3.8"}, "requirements": {}, "commit_hash": "fc067f51acf2ed7af325eb0726d9fcef746e410b", "date": 1579094489000, "env_name": "conda-py3.8", "python": "3.8", "profiles": {}, "started_at": {"factor.TimeDiscreteFactor.time_factor_compare": 1654471751942, "factor.TimeDiscreteFactor.time_factor_marginalize": 1654471752149, "factor.TimeDiscreteFactor.time_factor_multiply_large": 1654471752355, "factor.TimeDiscreteFactor.time_factor_reduce": 1654471752561, "import.TimeImport.time_import": 1654471752768, "inference.TimeBeliefPropagation.time_query_alarm": 1654471750602, "inference.TimeVariableElimination.time_query_alarm": 1654471750657, "inference.TimeVariableElimination.time_query_munin": 1654471750713, "parameter_learning.TimeBayesianEstimator.time_alarm_bayesian_estimator": 1654471750768, "parameter_learning.TimeBayesianEstimator.time_munin_bayesian_estimator": 1654471750824, "parameter_learning.TimeExpectationMaximization.time_alarm_em": 1654471750880, "parameter_learning.TimeExpectationMaximization.time_munin_em": 1654471750936, "parameter_learning.TimeMLE.time_alarm_mle": 1654471750992, "parameter_learning.TimeMLE.time_munin_mle": 1654471751048, "readwrite.TimeRead.time_asia_read": 1654471751104, "readwrite.TimeRead.time_asia_write": 1654471751160, "readwrite.TimeRead.time_munin_read": 1654471751216, "readwrite.TimeRead.time_munin_write": 1654471751271, "readwrite.TimeRead.time_pathfinder_read": 1654471751327, "readwrite.TimeRead.time_pathfinder_write": 1654471751383, "sampling.TimeSampling.time_forward_sample": 1654471751439, "sampling.TimeSampling.time_gibbs_sampling": 1654471751495, "sampling.TimeSampling.time_likelihood_sample": 1654471751551, "sampling.TimeSampling.time_rejection_sample": 1654471751606, "structure_learning.TimeHillClimbAlarmModel.time_hillclimb": 1654471751662, "structure_learning.TimeMmhcAlarmModel.time_mmhc": 1654471751718, "structure_learning.TimePCAlarmModel.time_pc_orig": 1654471751774, "structure_learning.TimePCAlarmModel.time_pc_stable": 1654471751830, "structure_learning.TimeTreeSearchAlarmModel.time_tan": 1654471751886}, "ended_at": {"factor.TimeDiscreteFactor.time_factor_compare": 1654471752149, "factor.TimeDiscreteFactor.time_factor_marginalize": 1654471752355, "factor.TimeDiscreteFactor.time_factor_multiply_large": 1654471752561, "factor.TimeDiscreteFactor.time_factor_reduce": 1654471752767, "import.TimeImport.time_import": 1654471752973, "inference.TimeBeliefPropagation.time_query_alarm": 1654471750657, "inference.TimeVariableElimination.time_query_alarm": 1654471750713, "inference.TimeVariableElimination.time_query_munin": 1654471750768, "parameter_learning.TimeBayesianEstimator.time_alarm_bayesian_estimator": 1654471750824, "parameter_learning.TimeBayesianEstimator.time_munin_bayesian_estimator": 1654471750880, "parameter_learning.TimeExpectationMaximization.time_alarm_em": 1654471750936, "parameter_learning.TimeExpectationMaximization.time_munin_em": 1654471750992, "parameter_learning.TimeMLE.time_alarm_mle": 1654471751048, "parameter_learning.TimeMLE.time_munin_mle": 1654471751104, "readwrite.TimeRead.time_asia_read": 1654471751160, "readwrite.TimeRead.time_asia_write": 1654471751215, "readwrite.TimeRead.time_munin_read": 1654471751271, "readwrite.TimeRead.time_munin_write": 1654471751327, "readwrite.TimeRead.time_pathfinder_read": 1654471751383, "readwrite.TimeRead.time_pathfinder_write": 1654471751439, "sampling.TimeSampling.time_forward_sample": 1654471751495, "sampling.TimeSampling.time_gibbs_sampling": 1654471751550, "sampling.TimeSampling.time_likelihood_sample": 1654471751606, "sampling.TimeSampling.time_rejection_sample": 1654471751662, "structure_learning.TimeHillClimbAlarmModel.time_hillclimb": 1654471751718, "structure_learning.TimeMmhcAlarmModel.time_mmhc": 1654471751774, "structure_learning.TimePCAlarmModel.time_pc_orig": 1654471751830, "structure_learning.TimePCAlarmModel.time_pc_stable": 1654471751886, "structure_learning.TimeTreeSearchAlarmModel.time_tan": 1654471751942}, "benchmark_version": {"factor.TimeDiscreteFactor.time_factor_compare": "95feb42df85ffe5cf519cf4af677309a5cdb891db99ad54b655196c3e1f2e13a", "factor.TimeDiscreteFactor.time_factor_marginalize": "a3ae79cdcf3bcd4bc49df94b3b3d5f93c4126249a9b3cf2481ac381ee836f851", "factor.TimeDiscreteFactor.time_factor_multiply_large": "cfb6b66fddb2953948ffb6566ae101535dd1e8d0fd9af855331f39ef905f4450", "factor.TimeDiscreteFactor.time_factor_reduce": "cb3858b638914f7572792153a60efb4aecbde56d5abf039791451adb0f26c263",