{"results": {"factor.TimeDiscreteFactor.time_factor_marginalize": {"result": [6.692298185194563e-05], "stats": [{"ci_99": [6.623867259252291e-05, 0.00013968683893512363], "q_25": 6.65094253487108e-05, "q_75": 6.803799637713316e-05, "min": 6.623867259252291e-05, "max": 0.00013968683893512363, "mean": 8.001896792714216e-05, "std": 2.6494718138055997e-05, "repeat": 10, "number": 163}]}, "factor.TimeDiscreteFactor.time_factor_multiply_large": {"result": [5.272514998721771e-05], "stats": [{"ci_99": [5.1853760408285336e-05, 5.365009300219707e-05], "q_25": 5.2068190267070745e-05, "q_75": 5.3046961935857934e-05, "min": 5.1853760408285336e-05, "max": 5.365009300219707e-05, "mean": 5.267751546433339e-05, "std": 6.402976037672831e-07, "repeat": 10, "number": 195}]}, "factor.TimeDiscreteFactor.time_factor_reduce": {"result": [3.0872892406394426e-05], "stats": [{"ci_99": [3.0423695189428742e-05, 3.1550701215178114e-05], "q_25": 3.054841547326624e-05, "q_75": 3.1043575667165996e-05, "min": 3.0423695189428742e-05, "max": 3.1550701215178114e-05, "mean": 3.084827217155661e-05, "std": 3.3795394284987023e-07, "repeat": 10, "number": 348}]}, "import.TimeImport.time_import": {"result": [1.3045236752035051e-07], "stats": [{"ci_99": [1.284783673399046e-07, 1.3139964704985566e-07], "q_25": 1.2996935032401391e-07, "q_75": 1.312902937974397e-07, "min": 1.284783673399046e-07, "max": 1.3139964704985566e-07, "mean": 1.304068867623849e-07, "std": 9.290897127160673e-10, "repeat": 10, "number": 81302}]}, "readwrite.TimeRead.time_asia_read": {"result": [0.17098556156270206], "stats": [{"ci_99": [0.03785128821618855, 0.30411983490921546], "q_25": 0.16965421882923692, "q_75": 0.1723169042961672, "min": 0.1683228760957718, "max": 0.17364824702963233, "mean": 0.17098556156270206, "std": 0.00266268546693027, "repeat": 2, "number": 1}]}, "readwrite.TimeRead.time_asia_write": {"result": [0.00046172944095098614], "stats": [{"ci_99": [-0.0014129417637983967, 0.0023364006457003675], "q_25": 0.0004429827289034923, "q_75": 0.00048047615299847996, "min": 0.00042423601685599846, "max": 0.0004992228650459738, "mean": 0.00046172944095098614, "std": 3.749342409498766e-05, "repeat": 2, "number": 66}]}, "readwrite.TimeRead.time_munin_read": {"result": [5.72520752530545], "stats": [{"ci_99": [3.8304853914305568, 7.619929659180341], "q_25": 5.706260303966701, "q_75": 5.744154746644199, "min": 5.687313082627952, "max": 5.763101967982948, "mean": 5.72520752530545, "std": 0.037894442677497864, "repeat": 2, "number": 1}]}, "readwrite.TimeRead.time_munin_write": {"result": [0.04169558687135577], "stats": [{"ci_99": [0.019319537561386824, 0.0640716361813247], "q_25": 0.04147182637825608, "q_75": 0.04191934736445546, "min": 0.04124806588515639, "max": 0.04214310785755515, "mean": 0.04169558687135577, "std": 0.00044752098619937897, "repeat": 2, "number": 1}]}, "readwrite.TimeRead.time_pathfinder_read": {"result": [6.436419125646353], "stats": [{"ci_99": [6.128898297436535, 6.74393995385617], "q_25": 6.433343917364255, "q_75": 6.439494333928451, "min": 6.430268709082156, "max": 6.442569542210549, "mean": 6.436419125646353, "std": 0.006150416564196348, "repeat": 2, "number": 1}]}, "readwrite.TimeRead.time_pathfinder_write": {"result": [0.025421711383387446], "stats": [{"ci_99": [0.019975721137598157, 0.030867701629176732], "q_25": 0.025367251480929554, "q_75": 0.02547617128584534, "min": 0.02531279157847166, "max": 0.025530631188303232, "mean": 0.025421711383387446, "std": 0.00010891980491578579, "repeat": 2, "number": 1}]}, "sampling.TimeSampling.time_forward_sample": {"result": [0.616262128110975], "stats": [{"ci_99": [0.6040925020352006, 0.6642055129632354], "q_25": 0.6107103455578908, "q_75": 0.6475897148484364, "min": 0.6040925020352006, "max": 0.6642055129632354, "mean": 0.6269266680814326, "std": 0.022802824232008582, "repeat": 10, "number": 1}]}, "sampling.TimeSampling.time_gibbs_sampling": null, "sampling.TimeSampling.time_likelihood_sample": {"result": [0.6897984175011516], "stats": [{"ci_99": [0.6379749560728669, 0.6968851797282696], "q_25": 0.6420989357866347, "q_75": 0.6948963302420452, "min": 0.6379749560728669, "max": 0.6968851797282696, "mean": 0.6725242522545158, "std": 0.025872877258417165, "repeat": 10, "number": 1}]}, "sampling.TimeSampling.time_rejection_sample": {"result": [99.11584061058238], "stats": [{"ci_99": [79.84222479583696, 118.3894564253278], "q_25": 98.92310445243493, "q_75": 99.30857676872984, "min": 98.73036829428747, "max": 99.50131292687729, "mean": 99.11584061058238, "std": 0.3854723162949085, "repeat": 2, "number": 1}]}, "structure_learning.TimeHillClimb.time_hillclimb": null, "structure_learning.TimePC.time_pc_orig": {"result": [42.0899140376132], "stats": [{"ci_99": [39.30212416057475, 44.87770391465165], "q_25": 42.062036138842814, "q_75": 42.11779193638358, "min": 42.03415824007243, "max": 42.14566983515397, "mean": 42.0899140376132, "std": 0.05575579754076898, "repeat": 2, "number": 1}]}, "structure_learning.TimePC.time_pc_stable": {"result": [49.68264402076602], "stats": [{"ci_99": [39.6771785216406, 59.688109519891434], "q_25": 49.582589365774766, "q_75": 49.782698675757274, "min": 49.48253471078351, "max": 49.88275333074853, "mean": 49.68264402076602, "std": 0.20010930998250842, "repeat": 2, "number": 1}]}, "inference.TimeVariableElimination.time_query_alarm": {"result": [0.4214494423940778], "stats": [{"ci_99": [0.41212631757954366, 0.43467100108390433], "q_25": 0.4201059597544372, "q_75": 0.4247421419713646, "min": 0.4199043344706297, "max": 0.43079141806811094, "mean": 0.42339865933172405, "std": 0.004407942633367241, "repeat": 4, "number": 1}]}, "inference.TimeVariableElimination.time_query_munin": null}, "params": {"arch": "x86_64", "cpu": "Intel(R) Core(TM) i9-9820X CPU @ 3.30GHz", "machine": "graveyard", "num_cpu": "20", "os": "Linux 4.15.0-112-generic", "ram": "131688676", "python": "3.7"}, "requirements": {}, "commit_hash": "fd657ed91778459280bcdf103acf9282c876c1af", "date": 1607510616000, "env_name": "conda-py3.7", "python": "3.7", "profiles": {}, "started_at": {"factor.TimeDiscreteFactor.time_factor_marginalize": 1610311718520, "factor.TimeDiscreteFactor.time_factor_multiply_large": 1610311718727, "factor.TimeDiscreteFactor.time_factor_reduce": 1610311718932, "import.TimeImport.time_import": 1610311719139, "readwrite.TimeRead.time_asia_read": 1610311719346, "readwrite.TimeRead.time_asia_write": 1610311745919, "readwrite.TimeRead.time_munin_read": 1610311772286, "readwrite.TimeRead.time_munin_write": 1610311811693, "readwrite.TimeRead.time_pathfinder_read": 1610311838022, "readwrite.TimeRead.time_pathfinder_write": 1610311877976, "sampling.TimeSampling.time_forward_sample": 1610311904196, "sampling.TimeSampling.time_gibbs_sampling": 1610310729160, "sampling.TimeSampling.time_likelihood_sample": 1610311909314, "sampling.TimeSampling.time_rejection_sample": 1610311914685, "structure_learning.TimeHillClimb.time_hillclimb": 1610311534045, "structure_learning.TimePC.time_pc_orig": 1610312113985, "structure_learning.TimePC.time_pc_stable": 1610312195539, "inference.TimeVariableElimination.time_query_alarm": 1618081955162, "inference.TimeVariableElimination.time_query_munin": 1618081895092}, "ended_at": {"factor.TimeDiscreteFactor.time_factor_marginalize": 1610311718727, "factor.TimeDiscreteFactor.time_factor_multiply_large": 1610311718932, "factor.TimeDiscreteFactor.time_factor_reduce": 1610311719138, "import.TimeImport.time_import": 1610311719345, "readwrite.TimeRead.time_asia_read": 1610311745918, "readwrite.TimeRead.time_asia_write": 1610311772286, "readwrite.TimeRead.time_munin_read": 1610311811693, "readwrite.TimeRead.time_munin_write": 1610311838021, "readwrite.TimeRead.time_pathfinder_read": 1610311877976, "readwrite.TimeRead.time_pathfinder_write": 1610311904196, "sampling.TimeSampling.time_forward_sample": 1610311909314, "sampling.TimeSampling.time_gibbs_sampling": 1610311329384, "sampling.TimeSampling.time_likelihood_sample": 1610311914685,