{"results": {"factor.TimeDiscreteFactor.time_factor_compare": {"result": [6.816181801743321e-05], "stats": [{"ci_99": [6.791969833822993e-05, 6.866507087047998e-05], "q_25": 6.805874963665938e-05, "q_75": 6.841298483021848e-05, "min": 6.791969833822993e-05, "max": 6.866507087047998e-05, "mean": 6.822370500727134e-05, "std": 2.3826902483010363e-07, "repeat": 10, "number": 154}]}, "factor.TimeDiscreteFactor.time_factor_marginalize": {"result": [6.345592417000305e-05], "stats": [{"ci_99": [6.312353625184013e-05, 6.36027017164798e-05], "q_25": 6.327916967815587e-05, "q_75": 6.356674878458892e-05, "min": 6.312353625184013e-05, "max": 6.36027017164798e-05, "mean": 6.341684299210709e-05, "std": 1.636395285483283e-07, "repeat": 10, "number": 168}]}, "factor.TimeDiscreteFactor.time_factor_multiply_large": {"result": [4.682697162225649e-05], "stats": [{"ci_99": [4.6192083781931826e-05, 4.785609516230497e-05], "q_25": 4.639878094970406e-05, "q_75": 4.7072602911687e-05, "min": 4.6192083781931826e-05, "max": 4.785609516230497e-05, "mean": 4.6865400975142723e-05, "std": 5.48746054458456e-07, "repeat": 10, "number": 231}]}, "factor.TimeDiscreteFactor.time_factor_reduce": {"result": [2.574328747060564e-05], "stats": [{"ci_99": [2.5492087926393674e-05, 2.6234703851334844e-05], "q_25": 2.5547384341925752e-05, "q_75": 2.6107686399309725e-05, "min": 2.5492087926393674e-05, "max": 2.6234703851334844e-05, "mean": 2.5811830512535423e-05, "std": 2.861168505497012e-07, "repeat": 10, "number": 405}]}, "import.TimeImport.time_import": {"result": [1.2504242872352975e-07], "stats": [{"ci_99": [1.2413676001140794e-07, 1.266655432707687e-07], "q_25": 1.2422649179890514e-07, "q_75": 1.2624987921702058e-07, "min": 1.2413676001140794e-07, "max": 1.266655432707687e-07, "mean": 1.252274837286157e-07, "std": 1.0462704882785084e-09, "repeat": 10, "number": 82082}]}, "inference.TimeBeliefPropagation.time_query_alarm": null, "inference.TimeVariableElimination.time_query_alarm": {"result": [0.11666074208915234], "stats": [{"ci_99": [0.11442581273876533, 0.11899290710426465], "q_25": 0.11593261733651161, "q_75": 0.11743748467415571, "min": 0.11592797935009003, "max": 0.11758797615766525, "mean": 0.11670935992151499, "std": 0.0007815182108893605, "repeat": 4, "number": 1}]}, "inference.TimeVariableElimination.time_query_munin": null, "parameter_learning.TimeBayesianEstimator.time_alarm_bayesian_estimator": null, "parameter_learning.TimeBayesianEstimator.time_munin_bayesian_estimator": null, "parameter_learning.TimeExpectationMaximization.time_alarm_em": null, "parameter_learning.TimeExpectationMaximization.time_munin_em": null, "parameter_learning.TimeMLE.time_alarm_mle": null, "parameter_learning.TimeMLE.time_munin_mle": null, "readwrite.TimeRead.time_asia_read": {"result": [0.1489086365327239], "stats": [{"ci_99": [-0.21828787308186293, 0.5161051461473104], "q_25": 0.14523667143657804, "q_75": 0.15258060162886977, "min": 0.14156470634043217, "max": 0.15625256672501564, "mean": 0.1489086365327239, "std": 0.007343930192291737, "repeat": 2, "number": 1}]}, "readwrite.TimeRead.time_asia_write": {"result": [0.0005221773082247147], "stats": [{"ci_99": [-0.00030064738045136065, 0.0013450019969007895], "q_25": 0.0005139490613379539, "q_75": 0.0005304055551114755, "min": 0.0005057208144511932, "max": 0.0005386338019982362, "mean": 0.0005221773082247147, "std": 1.6456493773521507e-05, "repeat": 2, "number": 78}]}, "readwrite.TimeRead.time_munin_read": {"result": [4.9488221583887935], "stats": [{"ci_99": [4.858509154058993, 5.039135162718594], "q_25": 4.9479190283454955, "q_75": 4.9497252884320915, "min": 4.9470158983021975, "max": 4.9506284184753895, "mean": 4.9488221583887935, "std": 0.0018062600865960121, "repeat": 2, "number": 1}]}, "readwrite.TimeRead.time_munin_write": {"result": [0.0436168797314167], "stats": [{"ci_99": [-0.2671833448112011, 0.3544171042740342], "q_25": 0.040508877485990524, "q_75": 0.04672488197684288, "min": 0.037400875240564346, "max": 0.04983288422226906, "mean": 0.0436168797314167, "std": 0.006216004490852356, "repeat": 2, "number": 1}]}, "readwrite.TimeRead.time_pathfinder_read": {"result": [5.475790182128549], "stats": [{"ci_99": [5.332902202382684, 5.6186781618744135], "q_25": 5.47436130233109, "q_75": 5.477219061926007, "min": 5.472932422533631, "max": 5.478647941723466, "mean": 5.475790182128549, "std": 0.0028577595949172974, "repeat": 2, "number": 1}]}, "readwrite.TimeRead.time_pathfinder_write": {"result": [0.020918099209666252], "stats": [{"ci_99": [0.02042887546122074, 0.021407322958111763], "q_25": 0.020913206972181797, "q_75": 0.020922991447150707, "min": 0.020908314734697342, "max": 0.020927883684635162, "mean": 0.020918099209666252, "std": 9.784474968910217e-06, "repeat": 2, "number": 1}]}, "sampling.TimeSampling.time_forward_sample": null, "sampling.TimeSampling.time_gibbs_sampling": null, "sampling.TimeSampling.time_likelihood_sample": {"result": [0.5484328279271722], "stats": [{"ci_99": [0.5466311760246754, 0.5521781481802464], "q_25": 0.548087780829519, "q_75": 0.549407206941396, "min": 0.5466311760246754, "max": 0.5521781481802464, "mean": 0.5487721400335431, "std": 0.0014307551805224242, "repeat": 10, "number": 1}]}, "sampling.TimeSampling.time_rejection_sample": null, "structure_learning.TimeHillClimbAlarmModel.time_hillclimb": null, "structure_learning.TimeMmhcAlarmModel.time_mmhc": null, "structure_learning.TimePCAlarmModel.time_pc_orig": null, "structure_learning.TimePCAlarmModel.time_pc_stable": null, "structure_learning.TimeTreeSearchAlarmModel.time_tan": null}, "params": {"arch": "x86_64", "cpu": "Intel(R) Core(TM) i9-9820X CPU @ 3.30GHz", "machine": "graveyard", "num_cpu": "20", "os": "Linux 4.15.0-112-generic", "ram": "131688676", "python": "3.9"}, "requirements": {}, "commit_hash": "fd657ed91778459280bcdf103acf9282c876c1af", "date": 1607510616000, "env_name": "conda-py3.9", "python": "3.9", "profiles": {}, "started_at": {"factor.TimeDiscreteFactor.time_factor_compare": 1654250638964, "factor.TimeDiscreteFactor.time_factor_marginalize": 1654250639172, "factor.TimeDiscreteFactor.time_factor_multiply_large": 1654250639379, "factor.TimeDiscreteFactor.time_factor_reduce": 1654250639586, "import.TimeImport.time_import": 1654250639793, "inference.TimeBeliefPropagation.time_query_alarm": 1654249189592, "inference.TimeVariableElimination.time_query_alarm": 1654250640001, "inference.TimeVariableElimination.time_query_munin": 1654249808107, "parameter_learning.TimeBayesianEstimator.time_alarm_bayesian_estimator": 1654249868239, "parameter_learning.TimeBayesianEstimator.time_munin_bayesian_estimator": 1654249868297, "parameter_learning.TimeExpectationMaximization.time_alarm_em": 1654249868353, "parameter_learning.TimeExpectationMaximization.time_munin_em": 1654249868410, "parameter_learning.TimeMLE.time_alarm_mle": 1654249868466, "parameter_learning.TimeMLE.time_munin_mle": 1654249868523, "readwrite.TimeRead.time_asia_read": 1654250658375, "readwrite.TimeRead.time_asia_write": 1654250681797, "readwrite.TimeRead.time_munin_read": 1654250705066, "readwrite.TimeRead.time_munin_write": 1654250740472, "readwrite.TimeRead.time_pathfinder_read": 1654250763794, "readwrite.TimeRead.time_pathfinder_write": 1654250798899, "sampling.TimeSampling.time_forward_sample": 1654250032226, "sampling.TimeSampling.time_gibbs_sampling": 1654250032484, "sampling.TimeSampling.time_likelihood_sample": 1654250822171, "sampling.TimeSampling.time_rejection_sample": 1654250637419, "structure_learning.TimeHillClimbAlarmModel.time_hillclimb": 1654250637676, "structure_learning.TimeMmhcAlarmModel.time_mmhc": 1654250637934, "structure_learning.TimePCAlarmModel.time_pc_orig": 1654250638191, "structure_learning.TimePCAlarmModel.time_pc_stable": 1654250638449, "structure_learning.TimeTreeSearchAlarmModel.time_tan": 1654250638706}, "ended_at": {"factor.TimeDiscreteFactor.time_factor_compare": 1654250639171, "factor.TimeDiscreteFactor.time_factor_marginalize": 1654250639379,