{"results": {"factor.TimeDiscreteFactor.time_factor_compare": {"result": [7.090474920053231e-05], "stats": [{"ci_99": [7.064987317119773e-05, 7.147981638186856e-05], "q_25": 7.069457665477929e-05, "q_75": 7.12781513452922e-05, "min": 7.064987317119773e-05, "max": 7.147981638186856e-05, "mean": 7.098078556162747e-05, "std": 3.1680935734781866e-07, "repeat": 10, "number": 152}]}, "factor.TimeDiscreteFactor.time_factor_marginalize": {"result": [6.111184219745073e-05], "stats": [{"ci_99": [6.0898082500154324e-05, 6.222420118071817e-05], "q_25": 6.107651543888178e-05, "q_75": 6.134399286979301e-05, "min": 6.0898082500154324e-05, "max": 6.222420118071817e-05, "mean": 6.125870224257762e-05, "std": 3.710063686009207e-07, "repeat": 10, "number": 176}]}, "factor.TimeDiscreteFactor.time_factor_multiply_large": {"result": [4.963497719112432e-05], "stats": [{"ci_99": [4.932999540612383e-05, 4.993327278292404e-05], "q_25": 4.95392925826446e-05, "q_75": 4.9818458720901104e-05, "min": 4.932999540612383e-05, "max": 4.993327278292404e-05, "mean": 4.966082842141952e-05, "std": 1.876693436768658e-07, "repeat": 10, "number": 212}]}, "factor.TimeDiscreteFactor.time_factor_reduce": {"result": [2.9156472239839403e-05], "stats": [{"ci_99": [2.894385864860133e-05, 2.933150451434286e-05], "q_25": 2.9090176777620063e-05, "q_75": 2.918598291121031e-05, "min": 2.894385864860133e-05, "max": 2.933150451434286e-05, "mean": 2.9139609419201555e-05, "std": 1.0679860492653318e-07, "repeat": 10, "number": 380}]}, "import.TimeImport.time_import": {"result": [1.276413596566673e-07], "stats": [{"ci_99": [1.271009115674719e-07, 1.2856361749493964e-07], "q_25": 1.273151000517871e-07, "q_75": 1.2773485952136682e-07, "min": 1.271009115674719e-07, "max": 1.2856361749493964e-07, "mean": 1.2761065299865772e-07, "std": 3.8532687963545707e-10, "repeat": 10, "number": 85378}]}, "inference.TimeBeliefPropagation.time_query_alarm": null, "inference.TimeVariableElimination.time_query_alarm": null, "inference.TimeVariableElimination.time_query_munin": null, "parameter_learning.TimeBayesianEstimator.time_alarm_bayesian_estimator": null, "parameter_learning.TimeBayesianEstimator.time_munin_bayesian_estimator": null, "parameter_learning.TimeExpectationMaximization.time_alarm_em": null, "parameter_learning.TimeExpectationMaximization.time_munin_em": null, "parameter_learning.TimeMLE.time_alarm_mle": null, "parameter_learning.TimeMLE.time_munin_mle": null, "readwrite.TimeRead.time_asia_read": null, "readwrite.TimeRead.time_asia_write": null, "readwrite.TimeRead.time_munin_read": null, "readwrite.TimeRead.time_munin_write": null, "readwrite.TimeRead.time_pathfinder_read": null, "readwrite.TimeRead.time_pathfinder_write": null, "sampling.TimeSampling.time_forward_sample": null, "sampling.TimeSampling.time_gibbs_sampling": null, "sampling.TimeSampling.time_likelihood_sample": null, "sampling.TimeSampling.time_rejection_sample": null, "structure_learning.TimeHillClimbAlarmModel.time_hillclimb": null, "structure_learning.TimeMmhcAlarmModel.time_mmhc": null, "structure_learning.TimePCAlarmModel.time_pc_orig": null, "structure_learning.TimePCAlarmModel.time_pc_stable": null, "structure_learning.TimeTreeSearchAlarmModel.time_tan": null}, "params": {"arch": "x86_64", "cpu": "Intel(R) Core(TM) i9-9820X CPU @ 3.30GHz", "machine": "graveyard", "num_cpu": "20", "os": "Linux 4.15.0-112-generic", "ram": "131688676", "python": "3.8"}, "requirements": {}, "commit_hash": "fdaeca971143d2d8ff2423765accf34a0801795d", "date": 1593252065000, "env_name": "conda-py3.8", "python": "3.8", "profiles": {}, "started_at": {"factor.TimeDiscreteFactor.time_factor_compare": 1654470533489, "factor.TimeDiscreteFactor.time_factor_marginalize": 1654470533696, "factor.TimeDiscreteFactor.time_factor_multiply_large": 1654470533902, "factor.TimeDiscreteFactor.time_factor_reduce": 1654470534108, "import.TimeImport.time_import": 1654470534314, "inference.TimeBeliefPropagation.time_query_alarm": 1654470532151, "inference.TimeVariableElimination.time_query_alarm": 1654470532206, "inference.TimeVariableElimination.time_query_munin": 1654470532261, "parameter_learning.TimeBayesianEstimator.time_alarm_bayesian_estimator": 1654470532317, "parameter_learning.TimeBayesianEstimator.time_munin_bayesian_estimator": 1654470532373, "parameter_learning.TimeExpectationMaximization.time_alarm_em": 1654470532428, "parameter_learning.TimeExpectationMaximization.time_munin_em": 1654470532484, "parameter_learning.TimeMLE.time_alarm_mle": 1654470532540, "parameter_learning.TimeMLE.time_munin_mle": 1654470532596, "readwrite.TimeRead.time_asia_read": 1654470532652, "readwrite.TimeRead.time_asia_write": 1654470532708, "readwrite.TimeRead.time_munin_read": 1654470532764, "readwrite.TimeRead.time_munin_write": 1654470532819, "readwrite.TimeRead.time_pathfinder_read": 1654470532875, "readwrite.TimeRead.time_pathfinder_write": 1654470532931, "sampling.TimeSampling.time_forward_sample": 1654470532987, "sampling.TimeSampling.time_gibbs_sampling": 1654470533042, "sampling.TimeSampling.time_likelihood_sample": 1654470533098, "sampling.TimeSampling.time_rejection_sample": 1654470533154, "structure_learning.TimeHillClimbAlarmModel.time_hillclimb": 1654470533210, "structure_learning.TimeMmhcAlarmModel.time_mmhc": 1654470533266, "structure_learning.TimePCAlarmModel.time_pc_orig": 1654470533322, "structure_learning.TimePCAlarmModel.time_pc_stable": 1654470533377, "structure_learning.TimeTreeSearchAlarmModel.time_tan": 1654470533433}, "ended_at": {"factor.TimeDiscreteFactor.time_factor_compare": 1654470533695, "factor.TimeDiscreteFactor.time_factor_marginalize": 1654470533902, "factor.TimeDiscreteFactor.time_factor_multiply_large": 1654470534108, "factor.TimeDiscreteFactor.time_factor_reduce": 1654470534314, "import.TimeImport.time_import": 1654470534520, "inference.TimeBeliefPropagation.time_query_alarm": 1654470532206, "inference.TimeVariableElimination.time_query_alarm": 1654470532261, "inference.TimeVariableElimination.time_query_munin": 1654470532317, "parameter_learning.TimeBayesianEstimator.time_alarm_bayesian_estimator": 1654470532372, "parameter_learning.TimeBayesianEstimator.time_munin_bayesian_estimator": 1654470532428, "parameter_learning.TimeExpectationMaximization.time_alarm_em": 1654470532484, "parameter_learning.TimeExpectationMaximization.time_munin_em": 1654470532540, "parameter_learning.TimeMLE.time_alarm_mle": 1654470532596, "parameter_learning.TimeMLE.time_munin_mle": 1654470532652, "readwrite.TimeRead.time_asia_read": 1654470532708, "readwrite.TimeRead.time_asia_write": 1654470532763, "readwrite.TimeRead.time_munin_read": 1654470532819, "readwrite.TimeRead.time_munin_write": 1654470532875, "readwrite.TimeRead.time_pathfinder_read": 1654470532931, "readwrite.TimeRead.time_pathfinder_write": 1654470532987, "sampling.TimeSampling.time_forward_sample": 1654470533042, "sampling.TimeSampling.time_gibbs_sampling": 1654470533098, "sampling.TimeSampling.time_likelihood_sample": 1654470533154, "sampling.TimeSampling.time_rejection_sample": 1654470533210, "structure_learning.TimeHillClimbAlarmModel.time_hillclimb": 1654470533266, "structure_learning.TimeMmhcAlarmModel.time_mmhc": 1654470533321, "structure_learning.TimePCAlarmModel.time_pc_orig": 1654470533377, "structure_learning.TimePCAlarmModel.time_pc_stable": 1654470533433, "structure_learning.TimeTreeSearchAlarmModel.time_tan": 1654470533489}, "benchmark_version": {"factor.TimeDiscreteFactor.time_factor_compare": "95feb42df85ffe5cf519cf4af677309a5cdb891db99ad54b655196c3e1f2e13a", "factor.TimeDiscreteFactor.time_factor_marginalize": "a3ae79cdcf3bcd4bc49df94b3b3d5f93c4126249a9b3cf2481ac381ee836f851", "factor.TimeDiscreteFactor.time_factor_multiply_large": "cfb6b66fddb2953948ffb6566ae101535dd1e8d0fd9af855331f39ef905f4450", "factor.TimeDiscreteFactor.time_factor_reduce": "cb3858b638914f7572792153a60efb4aecbde56d5abf039791451adb0f26c263",