{"results": {"factor.TimeDiscreteFactor.time_factor_compare": {"result": [6.569095568943628e-05], "stats": [{"ci_99": [6.553470569698117e-05, 6.66694102596633e-05], "q_25": 6.56065236352667e-05, "q_75": 6.620831422130519e-05, "min": 6.553470569698117e-05, "max": 6.66694102596633e-05, "mean": 6.59001507808136e-05, "std": 3.8765406182895654e-07, "repeat": 10, "number": 158}]}, "factor.TimeDiscreteFactor.time_factor_marginalize": {"result": [6.090462051644297e-05], "stats": [{"ci_99": [5.996053268809519e-05, 6.184312040934306e-05], "q_25": 6.0354571365667675e-05, "q_75": 6.108574045007814e-05, "min": 5.996053268809519e-05, "max": 6.184312040934306e-05, "mean": 6.076046405081264e-05, "std": 5.572964425836448e-07, "repeat": 10, "number": 167}]}, "factor.TimeDiscreteFactor.time_factor_multiply_large": {"result": [4.349015114351737e-05], "stats": [{"ci_99": [4.2111266496752905e-05, 4.4136662190118114e-05], "q_25": 4.2306276592464486e-05, "q_75": 4.3814497699668585e-05, "min": 4.2111266496752905e-05, "max": 4.4136662190118114e-05, "mean": 4.3182065017706104e-05, "std": 7.8863127141397e-07, "repeat": 10, "number": 242}]}, "factor.TimeDiscreteFactor.time_factor_reduce": {"result": [2.2279177057115654e-05], "stats": [{"ci_99": [2.207510565456591e-05, 2.2523661977366397e-05], "q_25": 2.2147622351583683e-05, "q_75": 2.236384800390193e-05, "min": 2.207510565456591e-05, "max": 2.2523661977366397e-05, "mean": 2.226903916973817e-05, "std": 1.4250874547335862e-07, "repeat": 10, "number": 475}]}, "import.TimeImport.time_import": {"result": [1.1428572532341952e-07], "stats": [{"ci_99": [1.1346314461414475e-07, 1.15527669811627e-07], "q_25": 1.14194730177906e-07, "q_75": 1.1464039307475738e-07, "min": 1.1346314461414475e-07, "max": 1.15527669811627e-07, "mean": 1.1441299409270893e-07, "std": 6.500519532064895e-10, "repeat": 10, "number": 94304}]}, "inference.TimeBeliefPropagation.time_query_alarm": null, "inference.TimeVariableElimination.time_query_alarm": null, "inference.TimeVariableElimination.time_query_munin": null, "parameter_learning.TimeBayesianEstimator.time_alarm_bayesian_estimator": null, "parameter_learning.TimeBayesianEstimator.time_munin_bayesian_estimator": null, "parameter_learning.TimeExpectationMaximization.time_alarm_em": null, "parameter_learning.TimeExpectationMaximization.time_munin_em": null, "parameter_learning.TimeMLE.time_alarm_mle": null, "parameter_learning.TimeMLE.time_munin_mle": null, "readwrite.TimeRead.time_asia_read": null, "readwrite.TimeRead.time_asia_write": null, "readwrite.TimeRead.time_munin_read": null, "readwrite.TimeRead.time_munin_write": null, "readwrite.TimeRead.time_pathfinder_read": null, "readwrite.TimeRead.time_pathfinder_write": null, "sampling.TimeSampling.time_forward_sample": null, "sampling.TimeSampling.time_gibbs_sampling": null, "sampling.TimeSampling.time_likelihood_sample": null, "sampling.TimeSampling.time_rejection_sample": null, "structure_learning.TimeHillClimbAlarmModel.time_hillclimb": null, "structure_learning.TimeMmhcAlarmModel.time_mmhc": null, "structure_learning.TimePCAlarmModel.time_pc_orig": null, "structure_learning.TimePCAlarmModel.time_pc_stable": null, "structure_learning.TimeTreeSearchAlarmModel.time_tan": null}, "params": {"arch": "x86_64", "cpu": "Intel(R) Core(TM) i9-9820X CPU @ 3.30GHz", "machine": "graveyard", "num_cpu": "20", "os": "Linux 4.15.0-112-generic", "ram": "131688676", "python": "3.9"}, "requirements": {}, "commit_hash": "ffc79784bb0b5e71ef90c8e32f17203ba4cd9749", "date": 1566389919000, "env_name": "conda-py3.9", "python": "3.9", "profiles": {}, "started_at": {"factor.TimeDiscreteFactor.time_factor_compare": 1654473502444, "factor.TimeDiscreteFactor.time_factor_marginalize": 1654473502651, "factor.TimeDiscreteFactor.time_factor_multiply_large": 1654473502858, "factor.TimeDiscreteFactor.time_factor_reduce": 1654473503064, "import.TimeImport.time_import": 1654473503271, "inference.TimeBeliefPropagation.time_query_alarm": 1654473501094, "inference.TimeVariableElimination.time_query_alarm": 1654473501150, "inference.TimeVariableElimination.time_query_munin": 1654473501206, "parameter_learning.TimeBayesianEstimator.time_alarm_bayesian_estimator": 1654473501262, "parameter_learning.TimeBayesianEstimator.time_munin_bayesian_estimator": 1654473501318, "parameter_learning.TimeExpectationMaximization.time_alarm_em": 1654473501374, "parameter_learning.TimeExpectationMaximization.time_munin_em": 1654473501431, "parameter_learning.TimeMLE.time_alarm_mle": 1654473501487, "parameter_learning.TimeMLE.time_munin_mle": 1654473501543, "readwrite.TimeRead.time_asia_read": 1654473501600, "readwrite.TimeRead.time_asia_write": 1654473501656, "readwrite.TimeRead.time_munin_read": 1654473501712, "readwrite.TimeRead.time_munin_write": 1654473501769, "readwrite.TimeRead.time_pathfinder_read": 1654473501825, "readwrite.TimeRead.time_pathfinder_write": 1654473501881, "sampling.TimeSampling.time_forward_sample": 1654473501937, "sampling.TimeSampling.time_gibbs_sampling": 1654473501993, "sampling.TimeSampling.time_likelihood_sample": 1654473502050, "sampling.TimeSampling.time_rejection_sample": 1654473502106, "structure_learning.TimeHillClimbAlarmModel.time_hillclimb": 1654473502162, "structure_learning.TimeMmhcAlarmModel.time_mmhc": 1654473502219, "structure_learning.TimePCAlarmModel.time_pc_orig": 1654473502275, "structure_learning.TimePCAlarmModel.time_pc_stable": 1654473502331, "structure_learning.TimeTreeSearchAlarmModel.time_tan": 1654473502387}, "ended_at": {"factor.TimeDiscreteFactor.time_factor_compare": 1654473502651, "factor.TimeDiscreteFactor.time_factor_marginalize": 1654473502857, "factor.TimeDiscreteFactor.time_factor_multiply_large": 1654473503064, "factor.TimeDiscreteFactor.time_factor_reduce": 1654473503271, "import.TimeImport.time_import": 1654473503478, "inference.TimeBeliefPropagation.time_query_alarm": 1654473501150, "inference.TimeVariableElimination.time_query_alarm": 1654473501205, "inference.TimeVariableElimination.time_query_munin": 1654473501262, "parameter_learning.TimeBayesianEstimator.time_alarm_bayesian_estimator": 1654473501318, "parameter_learning.TimeBayesianEstimator.time_munin_bayesian_estimator": 1654473501374, "parameter_learning.TimeExpectationMaximization.time_alarm_em": 1654473501430, "parameter_learning.TimeExpectationMaximization.time_munin_em": 1654473501487, "parameter_learning.TimeMLE.time_alarm_mle": 1654473501543, "parameter_learning.TimeMLE.time_munin_mle": 1654473501600, "readwrite.TimeRead.time_asia_read": 1654473501656, "readwrite.TimeRead.time_asia_write": 1654473501712, "readwrite.TimeRead.time_munin_read": 1654473501768, "readwrite.TimeRead.time_munin_write": 1654473501825, "readwrite.TimeRead.time_pathfinder_read": 1654473501881, "readwrite.TimeRead.time_pathfinder_write": 1654473501937, "sampling.TimeSampling.time_forward_sample": 1654473501993, "sampling.TimeSampling.time_gibbs_sampling": 1654473502050, "sampling.TimeSampling.time_likelihood_sample": 1654473502106, "sampling.TimeSampling.time_rejection_sample": 1654473502162, "structure_learning.TimeHillClimbAlarmModel.time_hillclimb": 1654473502219, "structure_learning.TimeMmhcAlarmModel.time_mmhc": 1654473502275, "structure_learning.TimePCAlarmModel.time_pc_orig": 1654473502331, "structure_learning.TimePCAlarmModel.time_pc_stable": 1654473502387, "structure_learning.TimeTreeSearchAlarmModel.time_tan": 1654473502443}, "benchmark_version": {"factor.TimeDiscreteFactor.time_factor_compare": "95feb42df85ffe5cf519cf4af677309a5cdb891db99ad54b655196c3e1f2e13a", "factor.TimeDiscreteFactor.time_factor_marginalize": "a3ae79cdcf3bcd4bc49df94b3b3d5f93c4126249a9b3cf2481ac381ee836f851", "factor.TimeDiscreteFactor.time_factor_multiply_large": "cfb6b66fddb2953948ffb6566ae101535dd1e8d0fd9af855331f39ef905f4450", "factor.TimeDiscreteFactor.time_factor_reduce": "cb3858b638914f7572792153a60efb4aecbde56d5abf039791451adb0f26c263",